Date,SPY,QQQ,EEM,VNQ,TLT,IEF,LQD,GLD,DBC
2007-01-03,98.86952209472656,37.03887939453125,25.692628860473633,34.29820251464844,48.232452392578125,50.14033889770508,49.30422592163086,62.279998779296875,19.330032348632812
2007-01-04,99.07930755615234,37.74129104614258,25.337825775146484,34.34265899658203,48.52495193481445,50.32231903076172,49.674766540527344,61.650001525878906,18.82647705078125
2007-01-05,98.28903198242188,37.561405181884766,24.596988677978516,33.70667266845703,48.313751220703125,50.158538818359375,49.64237594604492,60.16999816894531,18.76150131225586
2007-01-08,98.74362182617188,37.587100982666016,24.77550506591797,33.755592346191406,48.4003791809082,50.194915771484375,49.62849426269531,60.47999954223633,18.858964920043945
2007-01-09,98.65968322753906,37.77555847167969,24.222118377685547,34.182559967041016,48.4003791809082,50.18283462524414,49.63774490356445,60.849998474121094,18.69652557373047
2007-01-10,98.9883804321289,38.22096252441406,24.166330337524414,34.62284469604492,48.18372344970703,50.097877502441406,49.57289505004883,60.59000015258789,18.420381546020508
2007-01-11,99.42200469970703,38.61499786376953,24.472030639648438,35.07202911376953,47.90211486816406,49.96449661254883,49.42005157470703,60.630001068115234,18.396015167236328
2007-01-12,100.17737579345703,38.81203842163086,24.96963882446289,35.183204650878906,47.68009567260742,49.86140823364258,49.36906814575195,62.16999816894531,18.82647705078125
2007-01-16,99.98149108886719,38.78630828857422,25.058895111083984,35.68132019042969,47.78302001953125,49.958396911621094,49.424644470214844,61.970001220703125,18.396015167236328
2007-01-17,100.02348327636719,38.46937942504883,24.95402717590332,35.66797637939453,47.63675308227539,49.86140823364258,49.355194091796875,62.63999938964844,18.558454513549805
2007-01-18,99.68775939941406,37.75840759277344,24.690715789794922,35.6235237121582,47.78302001953125,49.92810821533203,49.49878692626953,62.2599983215332,18.363529205322266
2007-01-19,99.88360595703125,37.835514068603516,25.134775161743164,35.97928237915039,47.65304183959961,49.84926986694336,49.47099685668945,63.0,18.63967514038086
2007-01-22,99.57586669921875,37.42434310913086,25.105754852294922,35.67687225341797,47.766719818115234,49.94025421142578,49.50341796875,62.720001220703125,18.655916213989258
2007-01-23,99.8696060180664,37.33012390136719,25.677003860473633,35.84587478637695,47.452632904052734,49.79469680786133,49.36906814575195,64.2300033569336,19.24881362915039
2007-01-24,100.6738510131836,37.94685363769531,25.9001407623291,36.312843322753906,47.44721603393555,49.800777435302734,49.39226150512695,64.33000183105469,19.086374282836914
2007-01-25,99.4919204711914,37.45859909057617,25.103530883789062,36.53522872924805,47.10600662231445,49.60670852661133,49.234764099121094,64.05999755859375,18.915815353393555
2007-01-26,99.40100860595703,37.32157897949219,25.257495880126953,36.6552848815918,47.06812286376953,49.60063934326172,49.20232009887695,64.16999816894531,19.151351928710938
2007-01-29,99.34507751464844,37.35580062866211,24.92279052734375,36.77537536621094,46.9651985168457,49.56425857543945,49.1792106628418,63.77000045776367,18.76150131225586
2007-01-30,99.86257934570312,37.37295150756836,25.308828353881836,36.95774459838867,47.01939392089844,49.61279296875,49.248661041259766,64.22000122070312,19.281299591064453
2007-01-31,100.53397369384766,37.74985122680664,25.505191802978516,37.251251220703125,47.41471481323242,49.79469680786133,49.45707702636719,64.83000183105469,19.484346389770508
2007-02-01,101.13542175292969,37.68988037109375,25.817584991455078,37.39800262451172,47.357627868652344,49.75880432128906,49.43709945678711,65.22000122070312,19.411252975463867
2007-02-02,101.27529907226562,37.826942443847656,25.739490509033203,37.46471405029297,47.41742706298828,49.80141067504883,49.48359298706055,64.27999877929688,19.663026809692383
2007-02-05,101.3033218383789,37.79267501831055,25.7640323638916,37.46471405029297,47.482696533203125,49.856197357177734,49.548728942871094,64.30999755859375,19.598052978515625
2007-02-06,101.33126068115234,37.74129104614258,26.018415451049805,38.016212463378906,47.743736267089844,49.99619674682617,49.67897415161133,64.79000091552734,19.500587463378906
2007-02-07,101.5550765991211,38.08390808105469,25.917999267578125,38.81226348876953,47.88507080078125,50.10578918457031,49.748741149902344,64.62999725341797,19.265056610107422
2007-02-08,101.42214965820312,38.075347900390625,25.779645919799805,38.51430130004883,47.92315673828125,50.117916107177734,49.80457305908203,65.5199966430664,19.71175765991211
2007-02-09,100.66683197021484,37.587100982666016,25.471715927124023,38.06956481933594,47.65122985839844,49.965721130371094,49.595272064208984,66.12000274658203,19.833585739135742
2007-02-12,100.32418060302734,37.44148254394531,25.297666549682617,37.380226135253906,47.54249954223633,49.89882278442383,49.60454559326172,65.66999816894531,19.45998191833496
2007-02-13,101.17044067382812,37.56997299194336,25.69931983947754,38.105133056640625,47.43918991088867,49.86228942871094,49.57196807861328,65.83999633789062,19.81734275817871
2007-02-14,101.83480834960938,38.203853607177734,26.25271987915039,37.833858489990234,47.89052200317383,50.14834213256836,49.8557243347168,66.37000274658203,19.5493221282959
2007-02-15,101.9676742553711,38.42654800415039,26.268329620361328,38.11404037475586,48.031917572021484,50.22753143310547,49.948768615722656,66.41000366210938,19.5493221282959
2007-02-16,101.91871643066406,38.29805374145508,26.32857894897461,38.016212463378906,48.20048522949219,50.282318115234375,49.99989318847656,66.36000061035156,19.89043617248535
2007-02-20,102.13556671142578,38.589298248291016,26.397756576538086,38.30972671508789,48.30923080444336,50.34321212768555,50.07900619506836,65.30999755859375,19.6711483001709
2007-02-21,102.09359741210938,38.7092170715332,26.475854873657227,38.18519973754883,48.2276725769043,50.33711624145508,50.046470642089844,67.3499984741211,20.093486785888672
2007-02-22,102.01665496826172,38.90624237060547,26.408920288085938,37.98060989379883,47.96666717529297,50.20927429199219,49.97667694091797,67.1500015258789,20.36962890625
2007-02-23,101.61802673339844,38.769187927246094,26.219247817993164,37.31796646118164,48.30923080444336,50.41008758544922,50.13945770263672,67.72000122070312,20.49958038330078
2007-02-26,101.52709197998047,38.58073043823242,26.208080291748047,37.13115692138672,48.630062103271484,50.56844711303711,50.34415817260742,68.0999984741211,20.556432723999023
2007-02-27,97.56169891357422,36.99604034423828,24.07707405090332,35.97928237915039,49.24452209472656,50.99453353881836,50.539493560791016,65.41000366210938,20.16658592224121
2007-02-28,98.56175994873047,37.11595916748047,24.6795654296875,36.24615478515625,49.02159118652344,50.8180046081543,50.44646453857422,66.4800033569336,20.47521209716797
2007-03-01,98.26802825927734,36.944664001464844,24.32476043701172,35.881446838378906,48.9904670715332,50.86381530761719,50.456275939941406,65.81999969482422,20.329021453857422
2007-03-02,96.98120880126953,36.387847900390625,24.09939193725586,35.31220245361328,49.2360954284668,51.028682708740234,50.59642791748047,63.709999084472656,20.1422176361084
2007-03-05,96.05799865722656,36.10520553588867,23.481281280517578,33.93794631958008,49.3179817199707,51.05925750732422,50.521697998046875,62.93000030517578,19.841707229614258
2007-03-06,97.70158386230469,36.70481872558594,24.512203216552734,35.183204650878906,49.17060852050781,50.992069244384766,50.3301887512207,64.1500015258789,20.02850914001465
2007-03-07,97.60363006591797,36.55918502807617,24.36269187927246,34.689571380615234,49.36166000366211,51.083656311035156,50.376888275146484,64.30000305175781,20.304655075073242
2007-03-08,98.42890167236328,36.80760192871094,24.991947174072266,35.2454719543457,49.3179817199707,51.07761001586914,50.44232177734375,64.4800033569336,20.337142944335938
2007-03-09,98.45687103271484,36.77334213256836,25.03658676147461,35.71245193481445,48.79940414428711,50.79051208496094,50.311492919921875,64.25,20.069120407104492
2007-03-12,98.6037826538086,37.01316833496094,25.15930938720703,35.890342712402344,48.9904670715332,50.930946350097656,50.41889953613281,64.37000274658203,19.882320404052734
2007-03-13,96.6875228881836,36.29364776611328,24.42740821838379,35.045345306396484,49.28523254394531,51.1569709777832,50.446964263916016,63.720001220703125,19.728004455566406
2007-03-14,97.4078369140625,36.82473373413086,24.62822914123535,35.21434783935547,49.06144714355469,51.08976745605469,50.40025329589844,63.939998626708984,19.768611907958984
2007-03-15,97.54072570800781,36.739070892333984,24.82906150817871,35.53011703491211,49.05594253540039,51.034812927246094,50.409568786621094,63.97999954223633,19.64678382873535
2007-03-16,97.2675552368164,36.710777282714844,24.61707878112793,35.13427734375,49.04507827758789,51.028682708740234,50.21342086791992,64.62000274658203,19.695514678955078
2007-03-19,98.44013977050781,37.087928771972656,25.157085418701172,35.485633850097656,48.94135284423828,50.96152877807617,50.12001037597656,64.73999786376953,19.792978286743164
2007-03-20,98.98076629638672,37.35363006591797,25.322216033935547,35.62794876098633,48.968631744384766,51.034812927246094,50.25545883178711,65.2699966430664,19.81734275817871
2007-03-21,100.60973358154297,38.0736198425293,26.08089828491211,36.059356689453125,48.9904670715332,51.10811233520508,50.4049072265625,65.81999969482422,19.849830627441406
2007-03-22,100.53251647949219,37.93646240234375,25.96932601928711,36.094940185546875,48.60291290283203,50.937068939208984,50.2647705078125,65.76000213623047,20.174707412719727
2007-03-23,100.68001556396484,37.81650924682617,26.08982276916504,36.11716079711914,48.46644973754883,50.857696533203125,50.13400650024414,65.1500015258789,20.18282699584961
2007-03-26,100.54654693603516,37.970767974853516,26.074203491210938,35.53879165649414,48.526493072509766,50.90045928955078,50.22743225097656,65.83999633789062,20.27216911315918
2007-03-27,100.3078384399414,37.7050666809082,25.958166122436523,35.16752624511719,48.444602966308594,50.88824462890625,50.21807098388672,65.69999694824219,20.329021453857422
2007-03-28,99.57763671875,37.30220031738281,25.49403190612793,34.934932708740234,48.346336364746094,50.88212585449219,50.18537521362305,66.05000305175781,20.52394676208496
2007-03-29,99.68293762207031,37.34505844116211,26.000560760498047,34.99308776855469,48.28086471557617,50.80881881713867,50.12462615966797,65.6500015258789,20.921916961669922
2007-03-30,99.70397186279297,37.31078338623047,25.996105194091797,35.494056701660156,48.18804168701172,50.74775314331055,50.10595703125,65.73999786376953,20.613283157348633
2007-04-02,99.81634521484375,37.3621940612793,26.17460823059082,35.71772003173828,48.268028259277344,50.80415344238281,50.135040283203125,65.8499984741211,20.41023826599121
2007-04-03,100.89061737060547,37.85076904296875,26.603042602539062,36.03083038330078,48.20777130126953,50.761253356933594,50.10693359375,65.83000183105469,20.329021453857422
2007-04-04,101.00296020507812,38.00507736206055,26.770408630371094,35.85190963745117,48.25709915161133,50.84096145629883,50.14914321899414,66.80999755859375,20.556432723999023
2007-04-05,101.27677917480469,38.19363021850586,26.79495620727539,35.81612777709961,48.0762825012207,50.71223068237305,50.045875549316406,66.86000061035156,20.597042083740234
2007-04-09,101.41722869873047,38.099342346191406,26.94892692565918,35.883209228515625,47.75851821899414,50.47917175292969,49.88167953491211,66.52999877929688,20.385875701904297
2007-04-10,101.53655242919922,38.296470642089844,27.07609748840332,36.03083038330078,47.900970458984375,50.58344268798828,49.98489761352539,67.16000366210938,20.670141220092773
2007-04-11,101.12230682373047,37.89362716674805,26.826187133789062,35.494056701660156,47.86809539794922,50.52212142944336,49.89101791381836,67.08000183105469,20.637653350830078
2007-04-12,101.57170867919922,38.19363021850586,27.274702072143555,35.25251388549805,47.8790397644043,50.57121658325195,49.96611404418945,66.98999786376953,20.759477615356445
2007-04-13,102.03510284423828,38.27075958251953,27.408588409423828,35.65061950683594,47.731136322021484,50.485321044921875,49.88167953491211,67.83999633789062,20.873186111450195
2007-04-16,103.00405883789062,38.62217330932617,27.734376907348633,35.69536590576172,47.994102478027344,50.540523529052734,49.92387008666992,68.4000015258789,20.71074676513672
2007-04-17,103.27792358398438,38.70789337158203,27.584871292114258,36.16055679321289,48.2625732421875,50.75513458251953,50.19606018066406,68.0,20.49958038330078
2007-04-18,103.40428161621094,38.57932662963867,27.37957763671875,35.936893463134766,48.503631591796875,50.8715934753418,50.210166931152344,68.37999725341797,20.507699966430664
2007-04-19,103.37620544433594,38.699337005615234,27.158672332763672,35.69536590576172,48.42146682739258,50.865478515625,50.24299621582031,67.52999877929688,20.450849533081055
2007-04-20,104.3521728515625,38.913604736328125,27.48223876953125,35.96373748779297,48.29546356201172,50.810302734375,50.22893142700195,68.69999694824219,20.7351131439209
2007-04-23,103.95893096923828,38.973602294921875,27.372896194458008,36.366310119628906,48.47077560424805,50.91453170776367,50.37437438964844,68.26000213623047,20.873186111450195
2007-04-24,104.00108337402344,39.17075729370117,27.368419647216797,36.12030029296875,48.65153884887695,51.01265335083008,50.50110626220703,67.7300033569336,20.58892059326172
2007-04-25,104.95600891113281,39.69358444213867,27.707597732543945,36.09793472290039,48.48169708251953,50.98199462890625,50.430686950683594,67.88999938964844,20.995014190673828
2007-04-26,105.07534790039062,39.899314880371094,27.633962631225586,36.12030029296875,48.131072998046875,50.83485412597656,50.32274627685547,66.87000274658203,20.848819732666016
2007-04-27,104.99112701416016,39.91645050048828,27.495615005493164,36.03083038330078,48.1201171875,50.83485412597656,50.3087043762207,67.55999755859375,20.954402923583984
2007-04-30,104.1204833984375,39.393585205078125,26.964536666870117,35.449337005615234,48.624176025390625,51.05555725097656,50.55270767211914,67.08999633789062,20.767597198486328
2007-05-01,104.38726043701172,39.35929870605469,27.071643829345703,35.14068603515625,48.659324645996094,51.05801010131836,50.52440643310547,66.69000244140625,20.808210372924805
2007-05-02,104.99813842773438,39.787879943847656,27.60941505432129,35.41801452636719,48.631874084472656,50.9964485168457,50.51028060913086,66.66000366210938,20.64577293395996
2007-05-03,105.56687927246094,39.93357849121094,27.84148406982422,35.511959075927734,48.521873474121094,50.94108963012695,50.439598083496094,67.48999786376953,20.743236541748047
2007-05-04,105.96710968017578,39.96786880493164,27.832565307617188,35.20332336425781,48.719852447509766,51.0703239440918,50.56211471557617,68.19000244140625,20.70262908935547
2007-05-07,105.98818969726562,39.96786880493164,28.013303756713867,35.30171203613281,48.85181427001953,51.11341857910156,50.623390197753906,68.25,20.60516357421875
2007-05-08,105.84773254394531,40.0535774230957,27.649581909179688,35.06912612915039,48.74186706542969,51.11341857910156,50.59511184692383,67.87999725341797,20.47521209716797
2007-05-09,106.13557434082031,40.139312744140625,28.095874786376953,35.449337005615234,48.549415588378906,50.94723892211914,50.51500701904297,67.44999694824219,20.36962890625
2007-05-10,105.02620697021484,39.59074783325195,27.408588409423828,34.975189208984375,48.66484451293945,51.07645034790039,50.538551330566406,66.0,20.288410186767578
2007-05-11,105.92494201660156,40.096431732177734,28.10480308532715,35.449337005615234,48.494361877441406,50.97188949584961,50.48672103881836,66.44999694824219,20.58892059326172
2007-05-14,105.69329071044922,39.822166442871094,27.825870513916016,35.248043060302734,48.36791229248047,50.897979736328125,50.43488693237305,66.27999877929688,20.515823364257812
2007-05-15,105.72136688232422,39.51359558105469,27.85933494567871,34.71125793457031,48.351436614990234,50.8918571472168,50.321739196777344,66.54000091552734,20.718870162963867
2007-05-16,106.4445571899414,39.899314880371094,28.26323127746582,34.28185272216797,48.31843948364258,50.8610725402832,50.439598083496094,65.5999984741211,20.515823364257812
2007-05-17,106.23391723632812,39.710731506347656,28.160581588745117,33.68693161010742,48.120487213134766,50.725643157958984,50.28875732421875,65.05999755859375,20.686382293701172
2007-05-18,107.16072845458984,40.03644561767578,28.305625915527344,33.346981048583984,47.80154800415039,50.5779914855957,50.147315979003906,65.5199966430664,20.653894424438477
2007-05-21,107.10449981689453,40.293582916259766,28.356958389282227,33.481178283691406,47.94449996948242,50.64560317993164,50.21330261230469,65.66999816894531,20.856943130493164
2007-05-22,107.02030944824219,40.327857971191406,28.36141014099121,33.9776725769043,47.69709014892578,50.50411605834961,50.05307388305664,65.19999694824219,20.556432723999023
2007-05-23,107.03435516357422,40.139312744140625,28.316776275634766,33.718238830566406,47.559566497802734,50.40565872192383,50.00590896606445,65.54000091552734,20.653894424438477
2007-05-24,106.0654067993164,39.56502151489258,27.636192321777344,33.154632568359375,47.60356140136719,50.473323822021484,50.067195892333984,64.75,20.540189743041992
2007-05-25,106.5077133178711,39.81359100341797,28.060163497924805,33.342491149902344,47.49362564086914,50.41793441772461,50.03416442871094,64.94000244140625,20.791967391967773
2007-05-29,106.8939208984375,40.12216567993164,27.964210510253906,34.532344818115234,47.48810958862305,50.31325149536133,49.935218811035156,65.06999969482422,20.337142944335938
2007-05-30,107.76456451416016,40.4478645324707,28.249835968017578,35.458274841308594,47.58707809448242,50.362586975097656,49.97294998168945,64.72000122070312,20.532068252563477
2007-05-31,107.65221405029297,40.63644027709961,28.33016586303711,35.31512451171875,47.49908447265625,50.344085693359375,49.93048858642578,65.54000091552734,20.718870162963867
2007-06-01,108.18588256835938,40.662147521972656,29.03753089904785,35.364349365234375,47.24959182739258,50.12718200683594,49.739227294921875,66.44000244140625,20.873186111450195
2007-06-04,108.19990539550781,40.782135009765625,28.908100128173828,35.50749206542969,47.46492385864258,50.20753479003906,49.81969451904297,66.54000091552734,21.059988021850586
2007-06-05,107.77159881591797,40.782135009765625,28.807695388793945,34.94386291503906,47.166778564453125,50.046878814697266,49.65868377685547,66.37000274658203,20.978769302368164
2007-06-06,106.613037109375,40.34501647949219,28.082481384277344,34.706787109375,47.14472961425781,50.07157897949219,49.70131301879883,66.41000366210938,20.97064781188965
2007-06-07,104.68922424316406,39.71930694580078,27.649581909179688,33.61536407470703,46.30007553100586,49.57103729248047,49.170894622802734,65.26000213623047,21.07623291015625
2007-06-08,106.05130767822266,40.20785140991211,28.138263702392578,34.01795196533203,46.26140594482422,49.66372299194336,49.194549560546875,64.22000122070312,20.70262908935547
2007-06-11,106.23391723632812,40.13072967529297,28.379255294799805,33.50800323486328,46.12892532348633,49.533992767333984,49.04304122924805,64.69999694824219,21.100595474243164
2007-06-12,105.07534790039062,39.890750885009766,27.8861141204834,32.926513671875,45.4609375,49.18175506591797,48.77784729003906,64.0999984741211,21.043745040893555
2007-06-13,106.64812469482422,40.327857971191406,28.443973541259766,33.65562438964844,46.00196838378906,49.3424186706543,48.990928649902344,64.52999877929688,21.311765670776367
2007-06-14,107.32925415039062,40.59357452392578,28.8902530670166,33.29329299926758,45.88603973388672,49.354774475097656,48.97674560546875,64.5999984741211,21.514812469482422
2007-06-15,107.93988800048828,40.96843338012695,29.548519134521484,33.660091400146484,46.20068359375,49.57103729248047,49.170894622802734,64.8499984741211,21.64476203918457
2007-06-18,107.8129653930664,40.97700500488281,29.575300216674805,33.14120101928711,46.1068229675293,49.546348571777344,49.166160583496094,64.94999694824219,21.64476203918457
2007-06-19,108.0809555053711,40.96843338012695,29.60877227783203,33.203826904296875,46.53743362426758,49.7873420715332,49.483482360839844,65.4800033569336,21.43359375
2007-06-20,106.5789566040039,40.58243179321289,29.356624603271484,32.206336975097656,46.16204833984375,49.626670837402344,49.246681213378906,64.70999908447266,21.45796012878418
2007-06-21,107.17131042480469,40.951271057128906,29.72256851196289,32.3852424621582,45.941226959228516,49.564857482910156,49.11880874633789,64.55999755859375,21.360496520996094
2007-06-22,106.1629409790039,40.56526184082031,29.329835891723633,32.26448059082031,46.23936462402344,49.71318054199219,49.251399993896484,64.77999877929688,21.311765670776367
2007-06-25,105.65524291992188,40.393707275390625,29.106704711914062,31.735490798950195,46.493309020996094,49.87382888793945,49.30823516845703,64.43000030517578,21.230548858642578
2007-06-26,104.56922912597656,40.162105560302734,28.852319717407227,31.613201141357422,46.504310607910156,49.88620376586914,49.29874801635742,63.619998931884766,20.986892700195312
2007-06-27,106.05711364746094,40.779701232910156,29.26290512084961,32.42390060424805,46.548492431640625,49.88002395629883,49.29874801635742,63.66999816894531,20.954402923583984
2007-06-28,106.04300689697266,40.76258087158203,29.269596099853516,32.25632858276367,46.53743362426758,49.849090576171875,49.246681213378906,64.26000213623047,20.889429092407227
2007-06-29,106.07829284667969,40.83119201660156,29.372236251831055,32.134037017822266,47.01774978637695,50.10865783691406,49.52608871459961,64.2699966430664,20.873186111450195
2007-07-02,107.03732299804688,41.20002365112305,29.96803855895996,32.87682342529297,47.26492691040039,50.1849479675293,49.40335464477539,65.0199966430664,21.003135681152344
2007-07-03,107.4251480102539,41.44022750854492,30.206798553466797,32.786231994628906,46.97669982910156,50.036075592041016,49.41289138793945,64.73999786376953,21.027498245239258
2007-07-05,107.31232452392578,41.74046325683594,30.340696334838867,33.27989959716797,46.45026779174805,49.75690460205078,49.094154357910156,64.41999816894531,21.22242546081543
2007-07-06,107.8764419555664,41.91200637817383,30.8606014251709,33.23912811279297,46.26181411743164,49.639041900634766,48.99897766113281,64.95999908447266,21.401107788085938
2007-07-09,107.96111297607422,41.937740325927734,31.159616470336914,33.21650695800781,46.4281005859375,49.8189697265625,49.098899841308594,65.37999725341797,21.352373123168945
2007-07-10,106.42381286621094,41.5860595703125,30.545988082885742,32.37408447265625,47.21500778198242,50.16013717651367,49.436641693115234,65.61000061035156,21.50669288635254
2007-07-11,107.17838287353516,41.8691291809082,30.79811668395996,32.310672760009766,46.72734069824219,49.98645782470703,49.213096618652344,65.44000244140625,21.555421829223633
2007-07-12,108.87078094482422,42.512481689453125,31.47423553466797,32.72735595703125,46.566650390625,49.84375762939453,49.01801300048828,66.0199966430664,21.61227798461914
2007-07-13,109.19512939453125,42.804134368896484,31.864742279052734,33.039859771728516,46.69409942626953,49.95541763305664,49.23206329345703,66.02999877929688,21.64476203918457
2007-07-16,109.18098449707031,42.761234283447266,31.552337646484375,32.76358413696289,47.14296340942383,50.153934478759766,49.360557556152344,65.81999969482422,21.26303482055664
2007-07-17,109.12459564208984,43.087188720703125,31.527786254882812,32.64584732055664,47.04319381713867,50.04849624633789,49.25586700439453,65.75,21.133081436157227
2007-07-18,108.9271240234375,43.03572082519531,31.141754150390625,32.57337188720703,47.220550537109375,50.22837448120117,49.398590087890625,66.62000274658203,21.376739501953125
2007-07-19,109.35027313232422,43.164398193359375,31.451921463012695,32.695655822753906,47.20948028564453,50.22218322753906,49.29392623901367,67.01000213623047,21.449838638305664
2007-07-20,108.24313354492188,42.93280029296875,31.235485076904297,32.1249885559082,47.63615798950195,50.470314025878906,49.4318962097168,67.58000183105469,21.441715240478516
2007-07-23,108.57459259033203,42.949951171875,32.13921356201172,31.56791114807129,47.55860900878906,50.451698303222656,49.37478256225586,67.47000122070312,21.344253540039062
2007-07-24,106.69178771972656,42.315181732177734,31.039112091064453,30.929296493530273,47.73592758178711,50.58818435668945,49.31294631958008,67.47000122070312,21.181814193725586
2007-07-25,106.91039276123047,42.375221252441406,31.217634201049805,30.59413719177246,47.83012008666992,50.65637969970703,49.351043701171875,66.9000015258789,21.36861801147461
2007-07-26,104.37883758544922,42.014949798583984,29.626632690429688,30.032533645629883,48.22911834716797,51.059627532958984,49.246360778808594,65.6500015258789,21.14120864868164
2007-07-27,102.3268051147461,41.16572570800781,29.24281883239746,29.03615379333496,48.36768341064453,51.158851623535156,49.065582275390625,65.41000366210938,21.344253540039062
2007-07-30,103.9275131225586,41.64608383178711,30.20010757446289,29.59774398803711,48.22911834716797,51.028594970703125,49.1417121887207,65.7699966430664,21.100595474243164
2007-07-31,102.75695037841797,40.771148681640625,29.58199119567871,29.4799747467041,48.578243255615234,51.239505767822266,49.11796188354492,65.79000091552734,21.271156311035156
2007-08-01,103.25761413574219,41.08853530883789,29.465957641601562,29.869497299194336,48.47308349609375,51.0975341796875,49.276607513427734,65.93000030517578,21.238666534423828
2007-08-02,104.0826644897461,41.46595764160156,29.7917537689209,30.363149642944336,48.595497131347656,51.134891510009766,49.20969009399414,65.88999938964844,21.271156311035156
2007-08-03,101.40298461914062,40.676780700683594,28.506439208984375,29.19013023376465,48.91818618774414,51.4649658203125,49.45347213745117,66.69000244140625,21.03562355041504
2007-08-06,103.10248565673828,41.14856719970703,29.015216827392578,30.209163665771484,48.56211853027344,51.25946044921875,49.281402587890625,66.5199966430664,20.743236541748047
2007-08-07,104.20255279541016,41.44022750854492,29.231651306152344,30.376745223999023,48.52315902709961,51.253257751464844,49.415225982666016,66.4800033569336,20.856943130493164
2007-08-08,105.65524291992188,41.894859313964844,30.21349334716797,31.57695770263672,47.9334602355957,50.89826965332031,49.467796325683594,66.7699966430664,20.824451446533203
2007-08-09,102.52422332763672,40.9255485534668,28.96388816833496,31.228219985961914,48.00023651123047,51.18471908569336,49.424774169921875,65.45999908447266,20.662015914916992
2007-08-10,102.04473876953125,40.55669403076172,28.461828231811523,30.28616714477539,47.888938903808594,51.11002731323242,49.204933166503906,66.56999969482422,20.7351131439209
2007-08-13,102.4113998413086,40.83119201660156,28.742990493774414,30.1412353515625,48.02801513671875,51.190940856933594,49.37700271606445,66.26000213623047,20.58892059326172
2007-08-14,100.84596252441406,40.13636016845703,27.999914169311523,29.276174545288086,48.156009674072266,51.3777961730957,49.687679290771484,66.29000091552734,20.653894424438477
2007-08-15,99.45672607421875,39.37291717529297,26.89983367919922,28.782506942749023,47.983524322509766,51.471187591552734,49.55384063720703,66.12999725341797,20.808210372924805
2007-08-16,100.20426177978516,38.986907958984375,26.4423885345459,29.93741226196289,48.47866439819336,51.67045593261719,49.07105255126953,64.68000030517578,20.450849533081055
2007-08-17,102.04473876953125,39.724639892578125,27.279163360595703,30.616790771484375,48.28398895263672,51.70783996582031,49.15713119506836,65.01000213623047,20.43460464477539
2007-08-20,101.99532318115234,39.9133415222168,27.334949493408203,31.178396224975586,48.31175994873047,51.819908142089844,49.510860443115234,65.12000274658203,20.491458892822266
2007-08-21,102.19978332519531,40.333656311035156,27.234540939331055,31.323320388793945,48.54542922973633,52.04411315917969,49.61119842529297,65.06999969482422,20.45897102355957
2007-08-22,103.41276550292969,40.88265609741211,28.406034469604492,31.703771591186523,48.4675407409668,51.87599563598633,49.71159744262695,65.4000015258789,20.507699966430664
2007-08-23,103.32110595703125,40.771148681640625,28.551084518432617,31.160287857055664,48.63447189331055,51.894683837890625,49.735504150390625,65.30999755859375,20.572677612304688
2007-08-24,104.59742736816406,41.345863342285156,29.231651306152344,31.32786750793457,48.87364959716797,51.913360595703125,49.84544372558594,66.11000061035156,20.816329956054688
2007-08-27,103.62428283691406,41.07136917114258,29.365554809570312,30.648483276367188,49.12958526611328,52.05658721923828,49.71159744262695,65.9800033569336,20.840696334838867
2007-08-28,101.34661865234375,40.09347915649414,28.171737670898438,29.710969924926758,49.21303939819336,52.324371337890625,50.137027740478516,65.58999633789062,20.62140655517578
2007-08-29,103.33516693115234,41.24293518066406,29.287445068359375,30.79795265197754,49.07950973510742,52.12511444091797,49.90756607055664,66.06999969482422,20.816329956054688
2007-08-30,103.06015014648438,41.45738220214844,29.137948989868164,30.95646858215332,49.40774917602539,52.386627197265625,50.0557746887207,65.80000305175781,20.856943130493164
2007-08-31,104.07563018798828,41.92061996459961,29.88993263244629,31.46826171875,49.44671630859375,52.399105072021484,50.28995895385742,66.5199966430664,20.86506462097168
2007-09-04,105.12628173828125,42.61541748046875,30.39423370361328,31.88495445251465,49.470157623291016,52.30158996582031,50.17856216430664,67.44000244140625,21.100595474243164
2007-09-05,104.21664428710938,42.18650436401367,29.934566497802734,31.119524002075195,49.866737365722656,52.62668991088867,50.375457763671875,67.55999755859375,21.14120864868164
2007-09-06,104.45641326904297,42.152191162109375,30.168861389160156,31.39580535888672,49.73827362060547,52.51412582397461,50.260196685791016,68.86000061035156,21.059988021850586
2007-09-07,103.0037612915039,41.37160110473633,29.488279342651367,30.63944435119629,50.44212341308594,53.07686233520508,50.53390121459961,69.38999938964844,21.198060989379883
2007-09-10,102.80630493164062,41.345863342285156,29.51059913635254,30.322397232055664,50.83312225341797,53.19570541381836,50.68278884887695,69.62000274658203,21.344253540039062
2007-09-11,104.00511932373047,41.972068786621094,30.10637855529785,30.951940536499023,50.794063568115234,53.08313751220703,50.389854431152344,70.5199966430664,21.392986297607422
2007-09-12,104.2730484008789,41.98064041137695,30.21349334716797,30.77077865600586,50.604129791259766,52.95183181762695,50.18337631225586,70.45999908447266,21.620397567749023
2007-09-13,105.00638580322266,42.18650436401367,30.548202514648438,31.463741302490234,50.1516227722168,52.639198303222656,50.11133575439453,70.08000183105469,21.45796012878418
2007-09-14,104.99935913085938,42.22080993652344,30.60845184326172,31.667551040649414,50.224273681640625,52.70795440673828,50.25056457519531,69.98999786376953,21.47420310974121
2007-09-17,104.43522644042969,41.8691291809082,30.414318084716797,31.43657875061035,50.46445083618164,52.739219665527344,50.23139190673828,70.97000122070312,21.725982666015625
2007-09-18,107.50975799560547,42.92420959472656,31.887042999267578,32.55524826049805,50.08461380004883,52.6829948425293,50.351402282714844,71.69999694824219,21.807201385498047
2007-09-19,108.1444320678711,43.03572082519531,32.03209686279297,33.16667175292969,49.62095642089844,52.49540328979492,50.072898864746094,71.43000030517578,21.994003295898438
2007-09-20,107.38282775878906,42.91564178466797,31.93168830871582,32.30615234375,48.68252944946289,51.901405334472656,49.981658935546875,72.72000122070312,22.335121154785156
2007-09-21,107.67259216308594,43.22116470336914,32.35565185546875,32.537132263183594,49.09590530395508,52.164024353027344,50.21698760986328,72.33999633789062,22.489439010620117
2007-09-24,107.47422790527344,43.41856384277344,32.75731658935547,33.153995513916016,49.23556900024414,52.23280715942383,50.4666862487793,72.27999877929688,22.44882583618164
2007-09-25,107.26164245605469,43.83051300048828,32.634586334228516,32.330299377441406,49.06236267089844,52.23904800415039,50.4378547668457,72.33000183105469,22.286388397216797
2007-09-26,107.82852172851562,44.045082092285156,33.06971740722656,32.80164337158203,49.1070556640625,52.25777816772461,50.56269836425781,72.0,22.318878173828125
2007-09-27,108.4661865234375,44.26823043823242,33.56062316894531,33.05332565307617,49.447845458984375,52.426605224609375,50.69237518310547,72.69999694824219,22.903654098510742
2007-09-28,108.10482788085938,44.12232208251953,33.3486442565918,32.70095443725586,49.55953598022461,52.44536209106445,50.658775329589844,73.51000213623047,22.83055305480957
2007-10-01,109.32345581054688,44.628692626953125,34.397403717041016,33.49720001220703,49.84274673461914,52.50810241699219,50.3321647644043,73.9000015258789,22.595020294189453
2007-10-02,109.17469024658203,44.637264251708984,34.631717681884766,34.105831146240234,49.99977111816406,52.6210823059082,50.28396224975586,72.3499984741211,22.140193939208984
2007-10-03,108.95499420166016,44.32830047607422,33.58294677734375,33.94108581542969,49.853946685791016,52.58346176147461,50.510684967041016,71.9000015258789,22.16456413269043
2007-10-04,109.12508392333984,44.43130111694336,33.91765213012695,34.28889465332031,50.044620513916016,52.677589416503906,50.91109085083008,72.87000274658203,22.473190307617188
2007-10-05,110.42167663574219,45.33245849609375,35.04898452758789,35.094261169433594,49.50625228881836,52.21316909790039,50.703609466552734,73.4000015258789,22.53816795349121
2007-10-08,109.83362579345703,45.61567306518555,34.676334381103516,34.430747985839844,49.46702575683594,52.401432037353516,50.88213348388672,72.52999877929688,22.06709861755371
2007-10-09,110.86802673339844,45.813072204589844,35.21635437011719,34.815128326416016,49.40530014038086,52.238285064697266,50.66026306152344,73.08999633789062,22.22141456604004
2007-10-10,110.68378448486328,45.92462921142578,35.26320266723633,34.57258987426758,49.43335723876953,52.288429260253906,50.838714599609375,73.36000061035156,22.481313705444336
2007-10-11,110.1524658203125,45.19513702392578,34.953041076660156,34.435306549072266,49.38287353515625,52.294761657714844,50.944854736328125,73.91000366210938,22.73309326171875
2007-10-12,110.76174926757812,45.94181823730469,35.59122848510742,34.11039733886719,49.141727447509766,52.119041442871094,50.66505432128906,74.58999633789062,22.83867645263672
2007-10-15,109.82646942138672,45.589927673339844,35.156089782714844,33.469749450683594,49.15296936035156,52.16924285888672,50.824241638183594,75.13999938964844,23.228525161743164
2007-10-16,108.95499420166016,45.375362396240234,34.504520416259766,33.06247329711914,49.1697883605957,52.31352615356445,50.91109085083008,75.12000274658203,23.252893447875977
2007-10-17,109.28803253173828,45.9589729309082,35.30113983154297,33.01211929321289,49.70812225341797,52.63364791870117,51.15229415893555,74.5,23.131061553955078
2007-10-18,108.89122772216797,46.1563606262207,35.47965621948242,33.02128219604492,49.98291778564453,52.83445739746094,51.15716552734375,76.0,23.545278549194336
2007-10-19,106.04301452636719,45.00632095336914,33.96228790283203,31.616409301757812,50.728763580322266,53.28631591796875,51.4900016784668,75.69999694824219,23.480300903320312
2007-10-22,106.65945434570312,45.547027587890625,34.20774841308594,32.444705963134766,50.734405517578125,53.18588638305664,51.4900016784668,74.5999984741211,23.415327072143555
2007-10-23,107.52384185791016,46.499656677246094,35.156089782714844,32.78791809082031,50.66706085205078,53.173316955566406,51.18608474731445,75.2300033569336,23.252893447875977
2007-10-24,107.32542419433594,46.14778518676758,34.92625427246094,32.23875427246094,51.04281997680664,53.443199157714844,51.499691009521484,75.5199966430664,23.334108352661133
2007-10-25,107.58049774169922,45.52983474731445,35.37031555175781,32.30741500854492,50.868927001953125,53.399234771728516,51.37904739379883,76.02999877929688,23.878273010253906
2007-10-26,108.84165954589844,46.28511047363281,36.37221908569336,32.797054290771484,50.751220703125,53.2674446105957,51.297088623046875,77.69000244140625,24.243759155273438
2007-10-29,109.2030258178711,46.47391891479492,37.209014892578125,32.261653900146484,50.94748306274414,53.31141662597656,51.41766357421875,78.12000274658203,24.6417293548584
2007-10-30,108.44485473632812,46.568321228027344,36.5061149597168,32.70553207397461,50.91943359375,53.367855072021484,51.41282272338867,77.3499984741211,24.089441299438477
2007-10-31,109.5714340209961,47.22917556762695,37.30718231201172,33.38738250732422,50.45957565307617,53.010189056396484,51.14750289916992,78.62000274658203,24.771678924560547
2007-11-01,107.0066146850586,46.34517288208008,35.800987243652344,31.826934814453125,51.115196228027344,53.44282150268555,51.538063049316406,77.93000030517578,24.454925537109375
2007-11-02,107.12703704833984,46.705650329589844,36.00404739379883,31.37388038635254,51.2785758972168,53.5876579284668,51.218257904052734,79.83000183105469,24.982847213745117
2007-11-05,106.31226348876953,46.40524673461914,34.75221252441406,30.92085075378418,51.256019592285156,53.524757385253906,51.344207763671875,79.75,24.82040786743164
2007-11-06,107.74349975585938,46.92877960205078,36.070987701416016,31.309814453125,51.0081901550293,53.430198669433594,51.02920913696289,81.43000030517578,25.47016143798828
2007-11-07,104.79605102539062,45.78733444213867,34.92180252075195,30.335119247436523,51.09833526611328,53.62544631958008,50.99531936645508,82.23999786376953,25.340208053588867
2007-11-08,104.26470947265625,44.396949768066406,35.100303649902344,30.426639556884766,51.0081901550293,53.74514389038086,51.07770919799805,82.2300033569336,25.275236129760742
2007-11-09,102.8334732055664,42.91221237182617,34.27467346191406,30.17952537536621,51.4419059753418,54.06634521484375,51.30547332763672,82.18000030517578,25.267114639282227
2007-11-12,101.81318664550781,41.822227478027344,32.37795639038086,30.52730369567871,51.627784729003906,54.1607666015625,51.286075592041016,78.30000305175781,24.714826583862305
2007-11-13,104.91651916503906,43.54730224609375,34.66518783569336,31.53862190246582,51.43627166748047,53.88365936279297,51.02920913696289,79.12000274658203,24.243759155273438
2007-11-14,104.62605285644531,42.98944854736328,34.698646545410156,30.897966384887695,51.49258041381836,53.92144775390625,50.8111457824707,80.27999877929688,24.787921905517578
2007-11-15,103.11682891845703,42.75771713256836,33.899803161621094,30.843050003051758,51.97697448730469,54.223777770996094,51.00502014160156,77.94999694824219,24.544265747070312
2007-11-16,103.29401397705078,43.152523040771484,34.31930923461914,30.266460418701172,52.05020523071289,54.223777770996094,51.00985336303711,77.75,24.6254825592041
2007-11-19,101.8557357788086,42.65473175048828,32.73723602294922,29.607500076293945,52.38818359375,54.614234924316406,51.40237045288086,77.23999786376953,24.812286376953125
2007-11-20,102.47918701171875,42.82638168334961,33.63650131225586,29.03548240661621,52.331825256347656,54.46932601928711,51.07770919799805,79.47000122070312,25.42955207824707
2007-11-21,100.38199615478516,42.32001495361328,31.942840576171875,28.83414649963379,52.63600540161133,54.89760971069336,51.436309814453125,79.36000061035156,25.4620361328125
2007-11-23,102.11791229248047,42.7748908996582,32.886741638183594,29.401582717895508,52.79371643066406,54.7338981628418,51.17945861816406,81.25,25.697568893432617
2007-11-26,99.86481475830078,42.036808013916016,31.581356048583984,27.992122650146484,53.83574295043945,55.483314514160156,52.02751541137695,81.30000305175781,25.38081932067871
2007-11-27,101.0125732421875,42.87788391113281,32.79079055786133,28.64650535583496,53.32314682006836,54.966854095458984,51.581703186035156,80.0999984741211,25.177772521972656
2007-11-28,104.24341583251953,44.18240737915039,34.58708953857422,29.904949188232422,52.96271896362305,54.771671295166016,51.22306442260742,79.56999969482422,24.869142532348633
2007-11-29,104.27882385253906,44.3712043762207,34.16312789916992,29.424457550048828,53.418907165527344,55.08027267456055,51.41693115234375,78.27999877929688,24.925994873046875
2007-11-30,105.32744598388672,44.03651428222656,34.45319366455078,30.22528076171875,53.15983581542969,55.15583038330078,51.668949127197266,77.31999969482422,24.61736488342285
2007-12-03,104.6330795288086,43.667449951171875,34.15418243408203,29.900371551513672,53.581703186035156,55.37383270263672,51.68693923950195,78.27999877929688,24.796045303344727
2007-12-04,103.69790649414062,43.48721694946289,34.06492614746094,29.094989776611328,53.576053619384766,55.424373626708984,51.71128845214844,79.4000015258789,24.909751892089844
2007-12-05,105.4337158203125,44.26823043823242,35.57783508300781,30.07428550720215,52.937015533447266,55.21583938598633,51.516571044921875,78.62999725341797,24.722949981689453
2007-12-06,106.94286346435547,44.9033317565918,36.13792419433594,31.030675888061523,52.473304748535156,54.92515563964844,51.1369514465332,79.37000274658203,25.16965103149414
2007-12-07,106.92159271240234,44.91191864013672,35.70949172973633,30.92085075378418,51.88515090942383,54.57129669189453,50.69892883300781,78.5999984741211,25.08843231201172
2007-12-10,107.75054931640625,45.09214401245117,35.72064971923828,31.584386825561523,51.57411575317383,54.44492721557617,50.73301696777344,80.0,25.072189331054688
2007-12-11,104.79605102539062,44.045082092285156,34.20774841308594,29.918668746948242,52.586402893066406,55.19062042236328,51.22456741333008,78.83999633789062,25.291479110717773
2007-12-12,105.83050537109375,44.439876556396484,35.23420333862305,29.818008422851562,52.04350280761719,54.729286193847656,51.06394958496094,80.48999786376953,25.981836318969727
2007-12-13,105.61082458496094,44.19957733154297,34.26576614379883,29.479351043701172,51.47806167602539,54.32487106323242,50.771942138671875,78.5,25.705692291259766
2007-12-14,104.27175903320312,43.744712829589844,33.449058532714844,28.738035202026367,51.240501403808594,54.16691970825195,50.197635650634766,78.5199966430664,25.527009963989258
2007-12-17,102.7838363647461,42.680484771728516,32.02317810058594,27.85026741027832,51.69853973388672,54.48922348022461,50.68435287475586,78.12999725341797,25.40216636657715
2007-12-18,103.35778045654297,42.81779479980469,32.9023551940918,28.280412673950195,52.03221130371094,54.59659194946289,50.8400993347168,79.25,25.293964385986328
2007-12-19,103.35778045654297,42.809207916259766,33.1165771484375,28.56871795654297,52.72210693359375,55.0325927734375,51.2391471862793,79.23999786376953,25.535335540771484
2007-12-20,104.00962829589844,43.68463134765625,33.29732894897461,28.44964027404785,52.60898971557617,54.94414138793945,50.990962982177734,78.66999816894531,25.427135467529297
2007-12-21,105.50894165039062,44.54633331298828,34.30146026611328,29.007835388183594,51.83994674682617,54.5460319519043,50.93742370605469,80.0999984741211,25.72676658630371
2007-12-24,106.2924575805664,44.88140106201172,34.881622314453125,29.947486877441406,51.596763610839844,54.38804626464844,50.67946243286133,80.13999938964844,25.918197631835938
2007-12-26,106.52035522460938,45.104774475097656,35.06242370605469,29.449745178222656,51.14438247680664,54.12896728515625,50.694053649902344,81.5199966430664,26.226152420043945
2007-12-27,105.18131256103516,44.563514709472656,34.253318786621094,28.86363410949707,51.701927185058594,54.49237060546875,50.994720458984375,81.55999755859375,26.31770896911621
2007-12-28,104.91775512695312,44.52055358886719,34.38214874267578,28.356603622436523,52.50814437866211,54.929996490478516,51.156063079833984,83.0,26.234477996826172
2007-12-31,104.14140319824219,44.005088806152344,33.96854782104492,28.589197158813477,52.826148986816406,55.18367385864258,51.25384521484375,82.45999908447266,26.267770767211914
2008-01-02,103.2296371459961,43.30917739868164,33.40806579589844,28.50080108642578,53.58695602416992,55.576904296875,51.85999298095703,84.86000061035156,26.99188232421875
2008-01-03,103.17984008789062,43.489601135253906,33.708656311035156,27.612335205078125,53.51310729980469,55.691078186035156,51.68894577026367,85.56999969482422,27.199960708618164
2008-01-04,100.65122985839844,41.58230209350586,32.696136474609375,26.49127960205078,53.52449417114258,55.836952209472656,52.11423110961914,85.12999725341797,27.04182243347168
2008-01-07,100.56578063964844,41.38469696044922,32.93571090698242,26.73781967163086,53.757301330566406,55.938392639160156,52.050689697265625,84.7699966430664,26.550756454467773
2008-01-08,98.94178771972656,40.31078338623047,32.680328369140625,25.812129974365234,53.6948356628418,56.05891036987305,51.95293045043945,86.77999877929688,26.792125701904297
2008-01-09,99.981689453125,41.16991424560547,33.7515983581543,26.26800537109375,53.797027587890625,55.97011184692383,51.8453483581543,86.55000305175781,26.525787353515625
2008-01-10,100.63697052001953,41.23005676269531,34.149356842041016,26.672706604003906,53.07023620605469,55.817893981933594,51.69382858276367,88.25,26.40093994140625
2008-01-11,99.82504272460938,40.4224739074707,33.18883514404297,26.677349090576172,53.48476028442383,56.17304992675781,52.070247650146484,88.58000183105469,26.642309188842773
2008-01-14,100.62989044189453,41.126991271972656,33.6770133972168,26.565710067749023,53.68346405029297,56.19843673706055,51.85517501831055,89.54000091552734,26.975234985351562
2008-01-15,98.41470336914062,39.9929084777832,32.15373611450195,26.02611541748047,54.28530502319336,56.56631851196289,52.13376235961914,87.98999786376953,26.642309188842773
2008-01-16,97.5671157836914,39.56334686279297,30.815776824951172,26.32383155822754,53.89354705810547,56.45846939086914,52.05559158325195,86.69999694824219,26.392616271972656
2008-01-17,95.03853607177734,39.01349639892578,29.91854476928711,25.965639114379883,54.5919189453125,56.91510772705078,52.300052642822266,86.5,26.051368713378906
2008-01-18,94.06269836425781,38.961936950683594,30.601078033447266,25.621414184570312,54.217166900634766,56.832698822021484,52.21202850341797,87.41999816894531,26.1512451171875
2008-01-22,93.10829162597656,37.95674514770508,29.832653045654297,26.23543357849121,54.79628372192383,57.46684265136719,52.324485778808594,88.16999816894531,26.0596923828125
2008-01-23,95.34481048583984,37.81069564819336,30.022497177124023,28.72408676147461,54.67137908935547,57.20050048828125,52.39288330078125,87.88999938964844,25.568628311157227
2008-01-24,96.1496810913086,38.583919525146484,30.605600357055664,28.049589157104492,53.57559585571289,56.68043518066406,51.94805145263672,90.08000183105469,26.20118522644043
2008-01-25,94.76075744628906,37.79352951049805,30.140039443969727,27.886791229248047,54.47836685180664,57.206886291503906,52.510223388671875,90.30000305175781,26.783803939819336
2008-01-28,96.32775115966797,38.085628509521484,30.88584327697754,28.831079483032227,54.27400588989258,56.99759292602539,52.495574951171875,91.75,26.90865135192871
2008-01-29,96.80496978759766,38.154361724853516,30.734418869018555,28.570571899414062,53.904937744140625,56.76926040649414,52.40755844116211,91.1500015258789,27.133371353149414
2008-01-30,96.09274291992188,38.1199951171875,30.329872131347656,27.807706832885742,53.55286407470703,56.74386215209961,52.397823333740234,92.05999755859375,26.900325775146484
2008-01-31,97.84490203857422,38.772926330566406,30.937824249267578,28.365909576416016,53.933258056640625,57.03563690185547,52.56889724731445,91.4000015258789,27.033496856689453
2008-02-01,99.4190673828125,39.16813278198242,31.554828643798828,29.552080154418945,54.25748062133789,57.22079086303711,52.79189682006836,89.3499984741211,26.559078216552734
2008-02-04,98.16544342041016,38.61827850341797,31.65201187133789,29.245079040527344,53.69913101196289,56.90269088745117,52.64946365356445,89.0999984741211,27.025175094604492
2008-02-05,95.53712463378906,37.51859664916992,29.94793128967285,28.212406158447266,54.10932922363281,57.3034553527832,52.83116149902344,87.68000030517578,26.800451278686523
2008-02-06,94.7678451538086,36.779720306396484,29.45749855041504,27.751890182495117,53.94413375854492,57.201663970947266,52.54631423950195,88.94999694824219,26.675600051879883
2008-02-07,95.39466857910156,37.03748321533203,29.95695686340332,28.407785415649414,52.78181076049805,56.559112548828125,51.94227600097656,89.8499984741211,27.00020408630371
2008-02-08,94.7821273803711,37.458431243896484,29.900461196899414,27.500688552856445,53.38574981689453,57.03628921508789,52.13865661621094,91.0,27.807546615600586
2008-02-11,95.26646423339844,37.86223602294922,30.27110481262207,26.942502975463867,53.607948303222656,57.16349792480469,52.29582214355469,91.33000183105469,27.99065399169922
2008-02-12,96.1496810913086,37.64745330810547,30.759275436401367,27.71002769470215,53.28890609741211,57.0426025390625,52.22218704223633,89.33000183105469,27.424684524536133
2008-02-13,97.13262176513672,38.472225189208984,31.450857162475586,27.928661346435547,52.724788665771484,56.800865173339844,51.696659088134766,89.44000244140625,27.6494083404541
2008-02-14,96.27786254882812,37.77632522583008,31.046308517456055,27.407670974731445,51.950016021728516,56.48908996582031,51.58368682861328,89.70999908447266,28.207054138183594
2008-02-15,96.25652313232422,37.64745330810547,31.26779556274414,27.630945205688477,52.348785400390625,56.61002731323242,51.750709533691406,89.1500015258789,28.07388687133789
2008-02-19,96.52721405029297,37.578739166259766,31.67686653137207,27.56116485595703,51.8189811706543,56.20283889770508,51.23990249633789,91.58000183105469,28.989431381225586
2008-02-20,96.81211853027344,37.75053787231445,31.941287994384766,27.733291625976562,52.17790603637695,56.151920318603516,51.35283279418945,93.23999786376953,29.139245986938477
2008-02-21,96.00723266601562,37.389713287353516,31.49380111694336,26.979700088500977,52.730552673339844,56.73085021972656,51.70648956298828,93.25,28.981107711791992
2008-02-22,96.59840393066406,37.52715301513672,31.916433334350586,27.74259376525879,52.4285774230957,56.57185363769531,51.50511932373047,93.38999938964844,29.380617141723633
2008-02-25,97.8163833618164,37.716182708740234,32.510826110839844,28.589197158813477,51.89303970336914,56.196449279785156,51.17605209350586,92.73999786376953,29.663599014282227
2008-02-26,98.55003356933594,37.86223602294922,32.94023895263672,28.584535598754883,51.91010284423828,56.33644104003906,51.54441452026367,93.70999908447266,30.296161651611328
2008-02-27,98.45032501220703,38.051265716552734,33.21821975708008,28.44964027404785,51.9556770324707,56.47001647949219,51.495269775390625,94.77999877929688,30.254541397094727
2008-02-28,97.48873901367188,37.90519332885742,32.86113357543945,27.8635311126709,52.878719329833984,57.13167190551758,51.8685417175293,95.98999786376953,30.54585075378418
2008-02-29,95.31632995605469,36.89999771118164,31.554828643798828,27.463476181030273,53.687660217285156,57.74249267578125,52.197608947753906,96.18000030517578,30.046466827392578
2008-03-03,95.08839416503906,36.65944290161133,31.72658920288086,27.654197692871094,53.54934310913086,57.59563446044922,52.1966438293457,97.23999786376953,30.487592697143555
2008-03-04,94.72513580322266,36.86562728881836,30.98981475830078,27.393705368041992,53.02895736694336,57.37871551513672,51.890869140625,95.18000030517578,30.379390716552734
2008-03-05,95.32344818115234,37.04605484008789,31.640701293945312,27.770498275756836,52.394161224365234,57.12980651855469,51.525882720947266,97.72000122070312,31.04524040222168
2008-03-06,93.3504638671875,36.22988510131836,30.55588150024414,26.50524139404297,52.67439270019531,57.58929443359375,51.45681381225586,96.5,31.278289794921875
2008-03-07,92.38887786865234,36.14394760131836,30.133255004882812,26.937833786010742,52.74298095703125,57.787132263183594,51.348289489746094,96.08999633789062,30.96200942993164
2008-03-10,91.17090606689453,35.44806671142578,29.604400634765625,26.556406021118164,53.52079391479492,58.2018928527832,51.33842849731445,95.87000274658203,31.544626235961914
2008-03-11,94.44734954833984,36.79690933227539,31.59550666809082,28.282180786132812,53.06324005126953,57.570125579833984,50.751502990722656,95.98999786376953,32.03569030761719
2008-03-12,93.56415557861328,36.69381332397461,31.010147094726562,27.68675994873047,54.08683776855469,58.23385238647461,51.36312484741211,97.01000213623047,32.38526153564453
2008-03-13,93.77069091796875,36.977325439453125,30.727645874023438,28.01236915588379,53.66368865966797,57.92753982543945,50.805755615234375,98.33999633789062,32.41856002807617
2008-03-14,92.31768035888672,36.2985954284668,29.638294219970703,27.44487762451172,54.32704544067383,58.527408599853516,50.77616882324219,98.70999908447266,32.3769416809082
2008-03-17,91.38459014892578,35.63706970214844,28.90604019165039,27.612335205078125,54.74455642700195,58.82096481323242,51.19050216674805,99.16999816894531,31.078536987304688
2008-03-18,95.18096923828125,37.226470947265625,30.408973693847656,28.826433181762695,54.53293228149414,58.4189453125,51.096763610839844,96.5,31.769350051879883
2008-03-19,92.8233871459961,36.30718231201172,28.58285140991211,28.607791900634766,55.43650436401367,58.92311477661133,51.318721771240234,93.04000091552734,30.396038055419922
2008-03-20,94.542724609375,37.04921340942383,29.064245223999023,29.5613956451416,55.573692321777344,59.05073547363281,51.589969635009766,89.91000366210938,29.17253875732422
2008-03-24,96.43242645263672,38.33032989501953,30.17845916748047,30.226577758789062,54.4986457824707,58.01049041748047,51.49132537841797,90.0999984741211,29.705217361450195
2008-03-25,96.52547454833984,38.545284271240234,30.64176368713379,30.303918838500977,54.72734832763672,58.21468734741211,51.723140716552734,92.7300033569336,30.004852294921875
2008-03-26,95.34439849853516,38.43349838256836,30.393165588378906,29.72269058227539,54.4986457824707,58.25939178466797,51.78730392456055,93.80000305175781,30.903751373291016
2008-03-27,95.04383087158203,37.58229064941406,30.246257781982422,29.478946685791016,54.1154899597168,58.18276596069336,51.471656799316406,93.45999908447266,31.244993209838867
2008-03-28,94.13472747802734,37.39314651489258,30.191999435424805,29.132081985473633,54.641563415527344,58.41254806518555,51.747802734375,91.87999725341797,30.504241943359375
2008-03-31,94.46392822265625,37.59090042114258,30.370546340942383,29.24457550048828,54.83601379394531,58.51459884643555,51.885921478271484,90.41000366210938,29.771800994873047
2008-04-01,97.78524017333984,39.19873809814453,31.536733627319336,30.908580780029297,53.94358825683594,58.002986907958984,51.8031120300293,86.86000061035156,29.60533905029297
2008-04-02,97.84967803955078,39.11276626586914,31.55933380126953,30.758583068847656,54.05841064453125,57.810935974121094,51.892356872558594,89.2699966430664,30.487592697143555
2008-04-03,98.09307098388672,39.19873809814453,31.94355010986328,31.461713790893555,54.17904281616211,57.810935974121094,51.917118072509766,89.41999816894531,30.654052734375
2008-04-04,97.98572540283203,39.43090057373047,31.814720153808594,30.964832305908203,54.672908782958984,58.25273895263672,52.546592712402344,90.25,30.870454788208008
2008-04-07,98.03580474853516,39.34489440917969,32.23735046386719,30.67890739440918,54.38578796386719,57.868534088134766,52.606048583984375,91.16999816894531,31.203386306762695
2008-04-08,97.93563079833984,39.043968200683594,32.06106948852539,30.6367244720459,54.1962776184082,57.87492752075195,52.4177131652832,90.3499984741211,31.328227996826172
2008-04-09,97.22698211669922,38.60546875,31.561607360839844,29.867990493774414,54.759071350097656,58.22075653076172,52.264076232910156,92.29000091552734,31.852584838867188
2008-04-10,97.36295318603516,39.15574264526367,32.01361846923828,30.15861701965332,54.57530212402344,57.99020767211914,52.31367111206055,91.7699966430664,31.711088180541992
2008-04-11,95.47323608398438,38.072391510009766,31.491548538208008,29.788314819335938,54.94285583496094,58.23989486694336,52.36320495605469,91.30000305175781,31.586240768432617
2008-04-14,95.15113830566406,37.90043640136719,31.416955947875977,29.614885330200195,54.62126159667969,58.09269332885742,52.04106521606445,91.11000061035156,31.80264663696289
2008-04-15,95.373046875,37.952022552490234,31.785350799560547,29.914859771728516,53.94358825683594,57.830078125,51.93194580078125,91.66000366210938,32.18550109863281
2008-04-16,97.95709228515625,39.009586334228516,32.725528717041016,31.12889862060547,53.41519546508789,57.439517974853516,51.63460922241211,93.2699966430664,32.493465423583984
2008-04-17,98.10025024414062,38.923614501953125,32.48822021484375,31.241395950317383,53.32333755493164,57.30498504638672,51.768463134765625,92.55999755859375,32.343650817871094
2008-04-18,99.1238021850586,40.16172790527344,32.97864532470703,31.06328010559082,53.277408599853516,57.24738311767578,51.996421813964844,90.62000274658203,32.360294342041016
2008-04-21,99.1739273071289,40.44546127319336,33.14589309692383,30.833587646484375,53.4898796081543,57.25379943847656,51.827911376953125,90.25,32.40190505981445
2008-04-22,98.73727416992188,39.843589782714844,32.83854293823242,30.758583068847656,53.67363357543945,57.29857635498047,51.71390914916992,90.2699966430664,32.60166549682617
2008-04-23,98.57980346679688,40.282100677490234,33.310882568359375,31.142959594726562,53.49565505981445,57.241004943847656,51.872535705566406,89.22000122070312,32.29370880126953
2008-04-24,99.00929260253906,40.64321517944336,32.88373565673828,31.761701583862305,53.04187774658203,56.792728424072266,51.8031120300293,87.22000122070312,31.752708435058594
2008-04-25,99.92552947998047,40.540077209472656,33.12554931640625,31.939809799194336,52.731815338134766,56.715919494628906,51.827911376953125,87.2699966430664,32.335323333740234
2008-04-28,99.94700622558594,40.617435455322266,33.06227111816406,31.89763641357422,52.89262008666992,56.81834411621094,52.075714111328125,87.69000244140625,32.41022872924805
2008-04-29,99.55329895019531,40.926963806152344,32.4769287109375,31.550750732421875,53.093597412109375,56.92082595825195,52.2392692565918,85.80999755859375,31.62786102294922
2008-04-30,98.96636962890625,40.59164810180664,33.14589309692383,31.11015510559082,53.47263717651367,57.10011291503906,52.53168487548828,86.6500015258789,31.569599151611328
2008-05-01,101.01354217529297,41.87274169921875,33.49845886230469,31.78044891357422,53.476104736328125,57.093658447265625,52.841835021972656,83.98999786376953,30.837160110473633
2008-05-02,101.2927017211914,41.93293762207031,33.81940460205078,31.75233268737793,52.801753997802734,56.631187438964844,52.53317642211914,84.58000183105469,31.619539260864258
2008-05-05,100.80596160888672,41.812564849853516,33.794532775878906,31.663251876831055,52.801753997802734,56.71467590332031,52.60785675048828,86.2699966430664,32.277061462402344
2008-05-06,101.67925262451172,42.07051086425781,34.17196273803711,31.88356590270996,52.421348571777344,56.53483581542969,52.26939392089844,86.62999725341797,32.701541900634766
2008-05-07,99.86827850341797,41.305274963378906,33.15494155883789,31.016386032104492,52.646121978759766,56.7596549987793,52.40874099731445,85.81999969482422,32.75979995727539
2008-05-08,99.6106185913086,41.61480712890625,33.49620819091797,30.828903198242188,53.11878204345703,57.125823974609375,52.6427116394043,87.23999786376953,33.29248046875
2008-05-09,99.4244613647461,41.45143127441406,33.22274398803711,30.6601505279541,53.314735412597656,57.190040588378906,52.6427116394043,87.41999816894531,33.80851745605469
2008-05-12,100.54113006591797,42.20808792114258,33.64988708496094,31.39608383178711,53.23396682739258,57.093658447265625,52.59294891357422,86.98999786376953,33.234222412109375
2008-05-13,100.55543518066406,42.31984329223633,33.81035232543945,31.522642135620117,52.6518669128418,56.6182975769043,52.29425048828125,85.38999938964844,33.417327880859375
2008-05-14,100.76302337646484,42.22526168823242,33.891719818115234,31.71950340270996,52.67496109008789,56.599082946777344,52.324134826660156,85.19999694824219,32.8763313293457
2008-05-15,102.02281951904297,42.96471405029297,34.6126708984375,32.103878021240234,53.153324127197266,56.913848876953125,52.67259979248047,87.0,33.25086975097656
2008-05-16,102.1158676147461,42.99908447265625,35.053382873535156,31.935134887695312,52.934326171875,56.817481994628906,52.602909088134766,89.0999984741211,33.733612060546875
2008-05-19,102.3950424194336,42.689579010009766,35.06015396118164,31.986684799194336,53.003448486328125,56.945919036865234,52.61288070678711,89.38999938964844,33.78355026245117
2008-05-20,101.56468963623047,42.36284637451172,34.45220947265625,31.555452346801758,53.280128479003906,57.11943054199219,52.632789611816406,90.9000015258789,34.2496452331543
2008-05-21,99.84678649902344,41.4256477355957,34.10189437866211,30.796092987060547,53.29167175292969,56.9844970703125,52.403770446777344,91.95999908447266,35.2484130859375
2008-05-22,99.86111450195312,41.571815490722656,34.20133972167969,30.533592224121094,52.66341781616211,56.61191940307617,51.82632064819336,90.9800033569336,34.74070739746094
2008-05-23,98.52257537841797,41.442840576171875,33.604679107666016,30.388294219970703,52.89396667480469,56.862396240234375,52.06524658203125,91.2300033569336,34.80729293823242
2008-05-27,99.25267791748047,42.173683166503906,33.550445556640625,30.805490493774414,52.5366325378418,56.58622360229492,51.75164031982422,89.36000061035156,34.2496452331543
2008-05-28,99.71080017089844,42.34564971923828,34.00244903564453,30.857040405273438,52.069705963134766,56.16229248046875,51.41814041137695,89.13999938964844,34.46603775024414
2008-05-29,100.21185302734375,42.72396469116211,34.07704544067383,31.18982696533203,51.69511795043945,55.89889144897461,51.16923141479492,86.51000213623047,33.52553176879883
2008-05-30,100.46234893798828,42.99908447265625,34.194549560546875,31.044530868530273,52.03517150878906,56.085166931152344,51.373313903808594,87.44999694824219,33.75025177001953
2008-06-02,99.4244613647461,42.4746208190918,33.787750244140625,30.52422523498535,52.23591232299805,56.418434143066406,51.54986572265625,87.95999908447266,34.199703216552734
2008-06-03,98.84463500976562,42.242454528808594,33.177547454833984,30.72577476501465,52.61191177368164,56.71494674682617,51.7498893737793,86.87999725341797,33.392356872558594
2008-06-04,98.79457092285156,42.78414535522461,32.88825607299805,30.885147094726562,52.143314361572266,56.50869369506836,51.58985137939453,86.6500015258789,32.892974853515625
2008-06-05,100.77018737792969,43.46339416503906,33.934661865234375,31.59295082092285,51.83097457885742,56.212120056152344,51.31480407714844,86.44999694824219,34.141441345214844
2008-06-06,97.55623626708984,42.15648651123047,32.705177307128906,30.271099090576172,52.501983642578125,56.702091217041016,51.56986618041992,89.05999755859375,35.01537322998047
2008-06-09,97.79242706298828,41.93293762207031,32.62156677246094,29.671133041381836,52.501983642578125,56.295955657958984,51.52484130859375,87.98999786376953,35.37326431274414
2008-06-10,97.30571746826172,41.735191345214844,31.86895751953125,29.6851863861084,52.16071701049805,55.96078872680664,51.22983932495117,85.55000305175781,35.23177719116211
2008-06-11,95.87409210205078,40.72920608520508,31.392099380493164,29.235191345214844,52.039222717285156,56.018795013427734,51.20977020263672,87.0199966430664,36.53017807006836
2008-06-12,96.23917388916016,40.772193908691406,31.575164794921875,29.53519630432129,51.518577575683594,55.528846740722656,50.77471923828125,85.5999984741211,36.52185821533203
2008-06-13,97.45604705810547,41.58900833129883,31.916433334350586,30.02735710144043,51.408668518066406,55.39992141723633,50.509681701660156,85.83000183105469,36.2888069152832
2008-06-16,97.51327514648438,41.95873260498047,32.024906158447266,30.42580795288086,51.42022705078125,55.4063606262207,50.689697265625,87.01000213623047,36.255516052246094
2008-06-17,97.04087829589844,41.735191345214844,32.16050720214844,29.563316345214844,51.524375915527344,55.59335708618164,50.85470962524414,87.25,36.62173080444336
2008-06-18,96.09600067138672,41.2880859375,32.004573822021484,29.127382278442383,51.958229064941406,55.896278381347656,51.10978317260742,88.27999877929688,37.12112045288086
2008-06-19,96.21768951416016,41.93293762207031,32.05431365966797,29.802383422851562,51.65165328979492,55.5739860534668,50.844749450683594,88.41999816894531,36.255516052246094
2008-06-20,94.65592956542969,40.80062484741211,31.007890701293945,29.132081985473633,51.95246887207031,55.831790924072266,50.874752044677734,88.94999694824219,36.50520706176758
2008-06-23,94.56242370605469,40.48228454589844,31.098291397094727,28.41022491455078,52.06234359741211,55.80603790283203,50.85470962524414,87.08999633789062,36.763221740722656
2008-06-24,94.37535858154297,40.275787353515625,30.960432052612305,28.42826271057129,52.40944290161133,56.102577209472656,50.824737548828125,87.47000122070312,36.771549224853516
2008-06-25,94.82133483886719,40.9296875,31.580371856689453,28.893760681152344,52.43257141113281,56.096134185791016,50.864715576171875,87.41999816894531,36.63005065917969
2008-06-26,92.24601745605469,39.2777099609375,30.49683380126953,27.929523468017578,52.785423278808594,56.41200256347656,50.90473175048828,90.61000061035156,37.84523391723633
2008-06-27,91.742431640625,39.2777099609375,30.791715621948242,27.711021423339844,53.40440368652344,56.689205169677734,50.85470962524414,91.47000122070312,37.94511032104492
2008-06-30,92.0661392211914,38.86470031738281,31.024887084960938,27.7490291595459,53.41593933105469,56.7278938293457,50.7097053527832,91.4000015258789,37.27093505859375
2008-07-01,92.35388946533203,39.415374755859375,30.471696853637695,27.725282669067383,53.28943634033203,56.573936462402344,50.68658447265625,92.66000366210938,37.928462982177734
2008-07-02,90.77125549316406,38.46890640258789,29.60302734375,27.38328742980957,53.56809997558594,56.70976257324219,50.651432037353516,93.16999816894531,38.65257263183594
2008-07-03,90.86478424072266,38.400089263916016,29.518434524536133,27.103036880493164,53.451961517333984,56.72914505004883,50.58612823486328,92.05999755859375,38.63592529296875
2008-07-07,89.93675994873047,38.63240051269531,29.413293838500977,26.495046615600586,53.69580078125,56.99435043334961,50.82221221923828,91.2300033569336,38.111572265625
2008-07-08,91.53378295898438,39.55303955078125,29.77448081970215,28.471019744873047,54.044124603271484,57.136634826660156,51.098445892333984,90.86000061035156,36.72993850708008
2008-07-09,89.77132415771484,38.50334548950195,29.17327117919922,26.52830696105957,54.28216552734375,57.40829086303711,51.13359832763672,91.5,36.7049674987793
2008-07-10,90.13819885253906,38.95935821533203,29.701330184936523,27.041301727294922,54.27639389038086,57.42771911621094,50.84231948852539,93.52999877929688,37.703739166259766
2008-07-11,89.08792114257812,38.33987045288086,29.50245475769043,26.908294677734375,53.50424575805664,56.890872955322266,50.45054626464844,95.16000366210938,38.22809600830078
2008-07-14,88.28221130371094,38.05592346191406,29.465883255004883,25.972562789916992,53.97446823120117,57.19488525390625,50.475650787353516,95.91000366210938,38.2447395324707
2008-07-15,87.03766632080078,38.064552307128906,28.974393844604492,25.720823287963867,53.957088470458984,57.40180206298828,50.465641021728516,96.16999816894531,37.029563903808594
2008-07-16,89.17422485351562,39.01097869873047,29.81105613708496,27.597036361694336,52.98168182373047,56.877952575683594,50.068851470947266,94.44000244140625,36.46359634399414
2008-07-17,90.06627655029297,39.269107818603516,29.950504302978516,27.929523468017578,52.70885467529297,56.60626983642578,49.898067474365234,94.22000122070312,35.6063117980957
2008-07-18,90.62739562988281,38.365684509277344,29.692182540893555,27.977027893066406,52.511451721191406,56.41224670410156,49.80769729614258,94.16999816894531,34.998722076416016
2008-07-21,90.677734375,38.529151916503906,30.06022071838379,28.18600845336914,52.71465301513672,56.54163360595703,49.8629035949707,95.12000274658203,35.42320251464844
2008-07-22,91.70645904541016,38.529151916503906,30.078508377075195,28.941253662109375,52.45336151123047,56.34758377075195,50.18434524536133,93.05999755859375,34.6491584777832
2008-07-23,92.20282745361328,39.03678894042969,30.12194061279297,29.75824546813965,52.34889602661133,56.25699234008789,50.00857925415039,90.56999969482422,33.86677932739258
2008-07-24,90.28927612304688,38.451717376708984,29.008678436279297,27.787023544311523,52.859798431396484,56.742088317871094,50.45054626464844,91.33000183105469,33.89175033569336
2008-07-25,90.26773071289062,38.950775146484375,29.207565307617188,28.243019104003906,52.33149719238281,56.41224670410156,50.18434524536133,91.69000244140625,33.46726989746094
2008-07-28,88.94402313232422,38.21940612792969,28.71380615234375,27.782283782958984,52.859798431396484,56.73556137084961,50.475650787353516,91.7300033569336,33.63372802734375
2008-07-29,90.84320068359375,39.01097869873047,30.3048095703125,29.074247360229492,52.644954681396484,56.573936462402344,50.350067138671875,90.58999633789062,33.25086975097656
2008-07-30,92.46179962158203,39.20886993408203,29.989355087280273,28.974519729614258,52.697227478027344,56.68392562866211,50.591163635253906,89.5199966430664,33.90839767456055
2008-07-31,91.23886108398438,39.11423873901367,29.317289352416992,28.61351776123047,53.21976089477539,57.136634826660156,50.907588958740234,90.08000183105469,33.62541198730469
2008-08-01,90.75689697265625,38.61518859863281,29.118419647216797,28.63726234436035,53.337440490722656,57.16522216796875,50.72388458251953,89.56999969482422,33.25086975097656
2008-08-04,89.91520690917969,38.22801971435547,28.226886749267578,28.219263076782227,53.21503448486328,57.126258850097656,50.72895431518555,88.13999938964844,32.1522216796875
2008-08-05,92.33948516845703,39.518619537353516,28.590354919433594,29.487506866455078,52.81888198852539,56.83420181274414,50.506961822509766,86.08000183105469,31.927494049072266
2008-08-06,92.74952697753906,40.12092971801758,29.159557342529297,29.345008850097656,52.60324478149414,56.85364532470703,50.5826301574707,86.63999938964844,31.586240768432617
2008-08-07,91.36834716796875,39.8111686706543,28.15831184387207,28.57076644897461,53.459774017333984,57.385860443115234,51.00144577026367,86.08999633789062,31.761030197143555
2008-08-08,93.06610107421875,40.71458053588867,28.226886749267578,29.402000427246094,53.6054573059082,57.359901428222656,51.051876068115234,84.43000030517578,30.870454788208008
2008-08-11,94.03009033203125,41.084571838378906,27.932004928588867,30.35198402404785,53.092735290527344,57.080833435058594,50.81976318359375,81.12999725341797,30.837160110473633
2008-08-12,93.05171203613281,41.1275749206543,27.69883918762207,29.672740936279297,53.588008880615234,57.47673034667969,51.12760925292969,80.5199966430664,30.57082176208496
2008-08-13,92.49059295654297,41.04153823852539,27.69198226928711,29.240501403808594,53.401512145996094,57.35340118408203,50.86016845703125,81.55999755859375,31.594568252563477
2008-08-14,93.18838500976562,41.514774322509766,28.055448532104492,29.71074676513672,53.74531555175781,57.528629302978516,51.006473541259766,79.3499984741211,31.319904327392578
2008-08-15,93.6415786743164,41.43733215332031,27.616539001464844,29.667993545532227,54.211463928222656,57.74283981323242,51.12256622314453,77.62999725341797,30.895423889160156
2008-08-18,92.3611068725586,40.95551681518555,27.15021324157715,29.25950813293457,54.42701721191406,57.88561248779297,51.14271545410156,78.80000305175781,31.07021141052246
2008-08-19,91.35394287109375,40.4478759765625,26.92389488220215,28.53750991821289,54.217254638671875,57.80123519897461,51.0620002746582,80.43000030517578,31.552949905395508
2008-08-20,91.7784423828125,40.516700744628906,27.60968017578125,28.580257415771484,54.36869812011719,57.969993591308594,51.06702423095703,80.05999755859375,31.80264663696289
2008-08-21,91.9366226196289,40.327388763427734,27.568538665771484,28.07201385498047,54.26972579956055,57.846656799316406,50.76430130004883,82.30000305175781,33.16763687133789
2008-08-22,93.26751708984375,40.860862731933594,27.54796028137207,29.026744842529297,54.234737396240234,57.67789840698242,50.78444290161133,81.08000183105469,32.04401779174805
2008-08-25,91.37554168701172,40.00045394897461,26.978757858276367,28.148027420043945,54.776634216308594,58.060874938964844,51.11244201660156,80.93000030517578,31.86090660095215
2008-08-26,91.6417236328125,39.9488410949707,27.026775360107422,28.48052215576172,54.82325744628906,58.08030319213867,51.172977447509766,81.2300033569336,31.877552032470703
2008-08-27,92.53372192382812,40.20695495605469,27.60283660888672,28.765518188476562,54.916446685791016,58.1646614074707,51.092247009277344,81.36000061035156,32.177188873291016
2008-08-28,93.65596771240234,40.53390121459961,27.794841766357422,29.496992111206055,54.92228317260742,58.08030319213867,51.08216094970703,82.18000030517578,31.544626235961914
2008-08-29,92.64884185791016,39.68210220336914,27.465665817260742,29.292753219604492,54.67759323120117,58.00895690917969,50.98122787475586,81.70999908447266,31.428102493286133
2008-09-02,92.0733642578125,39.191673278808594,26.63587188720703,29.482746124267578,55.18636703491211,58.32470703125,51.18247985839844,79.19999694824219,30.61244010925293
2008-09-03,91.99420928955078,38.82168960571289,26.196969985961914,29.948246002197266,55.420284271240234,58.46798324584961,51.28387451171875,78.88999938964844,30.437652587890625
2008-09-04,89.22459411621094,37.56550216674805,24.989986419677734,29.107513427734375,55.86465072631836,58.76102828979492,51.299041748046875,78.38999938964844,30.004852294921875
2008-09-05,89.50517272949219,37.38480758666992,25.346588134765625,29.11225128173828,55.835445404052734,58.63081359863281,51.24835968017578,78.9800033569336,29.705217361450195
2008-09-08,91.35394287109375,37.31597137451172,25.66206169128418,30.37097930908203,56.069419860839844,58.637306213378906,51.334537506103516,78.86000061035156,29.638633728027344
2008-09-09,88.64192199707031,36.524391174316406,24.221906661987305,29.23575782775879,56.62493133544922,58.9042854309082,51.51192855834961,76.48999786376953,28.55662727355957
2008-09-10,89.00157928466797,36.82554626464844,24.61280632019043,29.288007736206055,56.27406311035156,58.75447463989258,51.49165344238281,74.22000122070312,28.598243713378906
2008-09-11,90.28927612304688,37.51386260986328,24.249343872070312,29.734485626220703,56.24483871459961,58.65029525756836,51.091251373291016,73.08000183105469,28.356874465942383
2008-09-12,90.70652770996094,37.367610931396484,25.058563232421875,29.639484405517578,55.51969909667969,58.357261657714844,50.700923919677734,75.55000305175781,28.548301696777344
2008-09-15,86.39025115966797,36.20604705810547,23.090360641479492,27.929523468017578,57.3207893371582,59.477298736572266,50.325897216796875,77.55999755859375,27.424684524536133
2008-09-16,87.83621215820312,36.48998260498047,23.28924560546875,29.307008743286133,57.30912780761719,59.30801773071289,47.13270568847656,76.79000091552734,26.867033004760742
2008-09-17,83.88682556152344,34.597076416015625,21.63650131225586,27.620779037475586,57.5956916809082,59.84195327758789,44.97346496582031,85.45999908447266,27.67437744140625
2008-09-18,86.37586975097656,35.76722717285156,23.460691452026367,29.96723747253418,56.75356674194336,59.138710021972656,45.58678436279297,82.80000305175781,27.724315643310547
2008-09-19,89.80615234375,36.936458587646484,26.38212776184082,30.8602294921875,54.95243453979492,58.08378982543945,47.01102828979492,85.9800033569336,28.639860153198242
2008-09-22,87.77304077148438,35.197269439697266,24.660816192626953,28.266780853271484,54.946556091308594,57.9600830078125,47.28983688354492,89.18000030517578,29.630308151245117
2008-09-23,85.77603912353516,34.93034744262695,23.892730712890625,28.456768035888672,54.736053466796875,57.9600830078125,46.8032112121582,88.31999969482422,29.33900260925293
2008-09-24,86.05098724365234,35.17143249511719,24.167051315307617,28.260438919067383,54.975852966308594,58.109806060791016,46.68156433105469,86.70999908447266,29.097631454467773
2008-09-25,87.39675903320312,35.73108673095703,25.40831756591797,28.611703872680664,54.86471176147461,57.934059143066406,46.88431930541992,86.44999694824219,29.60533905029297
2008-09-26,87.4402084350586,35.369468688964844,24.54422378540039,29.497119903564453,55.262428283691406,57.89495849609375,45.61716079711914,86.63999938964844,29.255769729614258
2008-09-29,80.58824157714844,32.562625885009766,21.677644729614258,27.29324722290039,56.87057113647461,58.70238494873047,41.460960388183594,89.56999969482422,27.44133186340332
2008-09-30,83.92378997802734,33.50111770629883,23.43325424194336,29.256502151489258,55.48460388183594,57.9275016784668,45.5107421875,85.06999969482422,28.207054138183594
2008-10-01,83.97439575195312,33.14810562133789,23.714431762695312,28.549161911010742,56.18263244628906,58.335906982421875,45.9307746887207,85.97000122070312,27.549530029296875
2008-10-02,80.92831420898438,31.641366958618164,21.63650131225586,26.706186294555664,56.634273529052734,58.662574768066406,45.263790130615234,82.33000183105469,26.026399612426758
2008-10-03,79.83576965332031,31.15060806274414,21.067298889160156,25.55132293701172,57.132877349853516,58.884761810302734,45.243438720703125,82.58999633789062,25.41880989074707
2008-10-06,75.76945495605469,30.014108657836914,19.48314094543457,24.78622817993164,58.171165466308594,59.361698150634766,44.718997955322266,84.27999877929688,24.336801528930664
2008-10-07,72.3759994506836,28.111326217651367,17.96755599975586,22.65936279296875,57.995174407958984,59.31598663330078,45.55400085449219,87.2699966430664,24.636438369750977
2008-10-08,70.55268859863281,27.887460708618164,17.96755599975586,22.346582412719727,57.16220474243164,58.55803298950195,45.22817611694336,89.41999816894531,24.99433135986328
2008-10-09,65.62535858154297,27.138395309448242,16.64398765563965,20.575790405273438,56.681209564208984,57.96997833251953,44.02146911621094,89.9000015258789,23.8290958404541
2008-10-10,64.03358459472656,26.96619987487793,16.836008071899414,22.543874740600586,56.282371520996094,57.290443420410156,41.59789276123047,83.22000122070312,22.77206039428711
2008-10-13,73.33113098144531,30.2465763092041,20.669546127319336,23.977834701538086,55.56085205078125,56.89844512939453,43.88905334472656,81.98999786376953,24.037174224853516
2008-10-14,72.24579620361328,28.93787384033203,19.640869140625,22.346582412719727,55.202999114990234,56.63053512573242,43.20176315307617,82.19999694824219,23.596046447753906
2008-10-15,65.1333236694336,26.346288681030273,16.46569061279297,19.478670120239258,55.730953216552734,57.09440231323242,43.20176315307617,83.30999755859375,22.522363662719727
2008-10-16,67.84661865234375,27.775524139404297,17.27491569519043,20.6094913482666,55.44353103637695,57.10747528076172,43.65487289428711,79.29000091552734,22.097885131835938
2008-10-17,67.44143676757812,27.809972763061523,16.733144760131836,20.388126373291016,55.06226348876953,57.4669075012207,43.283172607421875,77.20999908447266,22.347579956054688
2008-10-20,71.49327850341797,28.584857940673828,17.905838012695312,20.53729820251465,55.502220153808594,57.52568435668945,44.601898193359375,78.5,22.797027587890625
2008-10-21,69.35887908935547,27.103960037231445,16.479408264160156,19.83476448059082,55.795467376708984,58.133358001708984,45.044857025146484,76.02999877929688,21.98136329650879
2008-10-22,65.58196258544922,26.35489845275879,14.744365692138672,18.434484481811523,56.92757797241211,58.5776481628418,44.52552795410156,71.70999908447266,20.94097137451172
2008-10-23,66.34169006347656,26.25157928466797,15.155832290649414,17.953296661376953,57.34990692138672,58.65605545043945,44.805564880371094,70.6500015258789,21.024202346801758
2008-10-24,62.97720718383789,25.407808303833008,13.592248916625977,16.933162689208984,56.73984909057617,58.40779113769531,44.98373794555664,72.20999908447266,20.18356704711914
2008-10-27,60.74146270751953,24.70179557800293,13.235640525817871,15.970781326293945,56.78094482421875,58.3751220703125,44.693565368652344,72.18000030517578,20.033754348754883
2008-10-28,67.83942413330078,27.431129455566406,16.006210327148438,18.468168258666992,55.95389938354492,57.904632568359375,44.398231506347656,73.79000091552734,20.583078384399414
2008-10-29,67.3473892211914,27.362260818481445,15.498733520507812,17.81374740600586,55.6722526550293,57.98954772949219,45.14672088623047,74.0,21.798254013061523
2008-10-30,69.67723846435547,28.274913787841797,17.590373992919922,18.766515731811523,55.16781997680664,57.5452995300293,44.8106689453125,72.70999908447266,20.89935874938965
2008-10-31,70.0606918334961,28.317949295043945,17.43950080871582,19.97430419921875,54.45220947265625,57.42765808105469,44.62736129760742,71.33999633789062,21.132404327392578
2008-11-03,70.26329803466797,28.257686614990234,17.281770706176758,19.319883346557617,54.599422454833984,57.51946258544922,44.993202209472656,71.0999984741211,20.89935874938965
2008-11-04,72.6509780883789,29.05840301513672,18.859071731567383,20.40256690979004,55.62413787841797,58.20806121826172,45.30024719238281,75.4800033569336,21.84819221496582
2008-11-05,69.59764099121094,27.543066024780273,16.458826065063477,18.395992279052734,56.2838020324707,58.51629638671875,46.18034362792969,72.80000305175781,21.2822208404541
2008-11-06,65.74112701416016,26.311845779418945,15.629034042358398,17.534658432006836,55.8774299621582,58.33920669555664,46.49761962890625,72.22000122070312,20.350032806396484
2008-11-07,67.91177368164062,26.854270935058594,16.897733688354492,18.646215438842773,55.51226043701172,58.129364013671875,46.17009735107422,72.5,20.375
2008-11-10,67.02176666259766,26.492658615112305,17.05546760559082,16.97647476196289,55.78318405151367,58.188377380371094,46.19057846069336,73.58000183105469,20.508169174194336
2008-11-11,64.95247650146484,25.915800094604492,15.9924955368042,16.740694046020508,55.94810485839844,58.4047737121582,46.3389892578125,72.05000305175781,20.11698341369629
2008-11-12,62.09449005126953,24.719018936157227,14.806085586547852,15.542520523071289,56.30736541748047,58.765480041503906,46.328731536865234,70.0,19.526042938232422
2008-11-13,65.96543884277344,26.22575569152832,16.856582641601562,17.250749588012695,54.958641052246094,58.33920669555664,46.0114860534668,72.1500015258789,19.892257690429688
2008-11-14,62.67331314086914,24.951486587524414,15.23813247680664,15.306734085083008,56.04818344116211,58.91627502441406,46.00126266479492,73.30000305175781,19.767412185668945
2008-11-17,61.84123229980469,24.426286697387695,14.984394073486328,14.753365516662598,56.295562744140625,59.165496826171875,46.333858489990234,72.6500015258789,19.317962646484375
2008-11-18,63.00611877441406,24.40044403076172,14.764941215515137,14.613822937011719,57.01991653442383,59.624542236328125,46.390174865722656,72.51000213623047,19.026655197143555
2008-11-19,58.96876907348633,23.126188278198242,13.489378929138184,12.65054988861084,58.4804801940918,60.26725387573242,46.461788177490234,72.26000213623047,18.810253143310547
2008-11-20,54.59132766723633,22.00689697265625,12.522424697875977,11.649669647216797,61.501644134521484,61.480499267578125,45.955177307128906,73.44999694824219,17.85309600830078
2008-11-21,57.53611755371094,22.962596893310547,14.326042175292969,12.506197929382324,60.61239242553711,60.91643142700195,46.487388610839844,78.8499984741211,18.161048889160156
2008-11-24,61.52287673950195,24.36602210998535,15.196986198425293,14.633066177368164,59.66423034667969,60.345916748046875,46.2827262878418,80.91000366210938,19.409517288208008
2008-11-25,61.978729248046875,24.25408363342285,14.908953666687012,14.864036560058594,61.419227600097656,61.38213348388672,46.50271224975586,80.87000274658203,18.76031494140625
2008-11-26,64.37361907958984,25.270055770874023,16.047353744506836,15.667632102966309,61.501644134521484,61.75587844848633,46.25710678100586,80.37999725341797,19.35957908630371
2008-11-28,65.18399810791016,25.072031021118164,15.738752365112305,15.436657905578613,62.26142501831055,61.88050842285156,46.124061584472656,80.30999755859375,18.51894187927246
2008-12-01,59.410152435302734,23.18645477294922,14.223170280456543,12.424396514892578,64.64570617675781,62.71807098388672,46.84507751464844,75.6500015258789,17.94464683532715
2008-12-02,61.69651412963867,23.961347579956055,15.121553421020508,14.074883460998535,64.89390563964844,63.04708480834961,47.199913024902344,76.94999694824219,17.952970504760742
2008-12-03,63.17977523803711,24.641529083251953,15.2449951171875,14.864036560058594,65.07707977294922,63.145782470703125,47.5290412902832,76.18000030517578,17.744892120361328
2008-12-04,61.71821212768555,23.944120407104492,14.59349250793457,14.455022811889648,66.35936737060547,63.540550231933594,47.57536315917969,75.5,16.812705993652344
2008-12-05,63.62115478515625,24.917043685913086,15.457585334777832,15.985218048095703,65.28392028808594,62.869388580322266,47.25132751464844,74.5199966430664,16.396547317504883
2008-12-08,65.84241485595703,25.898576736450195,16.445117950439453,17.476919174194336,65.1420669555664,62.632530212402344,47.739898681640625,76.19999694824219,17.153953552246094
2008-12-09,64.75709533691406,25.838308334350586,16.21880340576172,15.961153030395508,66.4302978515625,63.16550827026367,48.063899993896484,76.33000183105469,16.77941131591797
2008-12-10,65.19847106933594,25.75221061706543,17.185760498046875,17.332561492919922,66.27073669433594,63.10624313354492,48.17705154418945,79.75,17.287120819091797
2008-12-11,63.628395080566406,25.046199798583984,16.746854782104492,14.859228134155273,66.40072631835938,63.4879264831543,48.341609954833984,80.6500015258789,17.836450576782227
2008-12-12,64.38811492919922,25.55417823791504,16.980026245117188,16.413476943969727,66.40072631835938,63.665550231933594,48.6038818359375,80.80999755859375,18.227632522583008
2008-12-15,63.49091339111328,25.106460571289062,16.75371551513672,15.840859413146973,67.15705871582031,63.803733825683594,48.588462829589844,82.5999984741211,17.711917877197266
2008-12-16,66.47914123535156,26.311845779418945,18.09099578857422,17.78006935119629,68.81755065917969,64.81710052490234,49.58612823486328,84.45999908447266,17.965551376342773
2008-12-17,65.83518981933594,25.9932804107666,17.77553367614746,18.107280731201172,70.68480682373047,65.25788879394531,50.32155990600586,85.43000030517578,17.72037124633789
2008-12-18,64.60515594482422,25.536964416503906,17.384639739990234,16.60113525390625,72.1679916381836,65.69869232177734,51.54034423828125,83.87000274658203,17.449832916259766
2008-12-19,64.32726287841797,25.746477127075195,17.44635772705078,17.76563262939453,72.24481201171875,65.48155212402344,50.77411651611328,82.62999725341797,17.331472396850586
2008-12-22,63.50300598144531,25.18602752685547,16.794862747192383,17.096771240234375,71.68942260742188,65.31050109863281,51.386051177978516,83.45999908447266,16.84111785888672
2008-12-23,62.8465461730957,25.05668830871582,16.655773162841797,17.000539779663086,71.59483337402344,65.27759552001953,51.5557975769043,82.62999725341797,16.908750534057617
2008-12-24,63.21125030517578,25.125667572021484,16.77399444580078,17.200714111328125,71.44120788574219,65.21179962158203,51.684349060058594,83.45999908447266,16.64666748046875
2008-12-26,63.5759391784668,25.117050170898438,16.718364715576172,17.44784927368164,71.6775894165039,65.56053161621094,51.782100677490234,85.5999984741211,16.908750534057617
2008-12-29,63.39359664916992,24.910106658935547,16.69054412841797,16.444475173950195,71.59161376953125,65.70520782470703,51.94320297241211,86.3499984741211,17.094749450683594
2008-12-30,64.89620971679688,25.427452087402344,17.13562774658203,17.10186004638672,72.27345275878906,65.79763793945312,52.39766311645508,85.9000015258789,17.19620132446289
2008-12-31,65.82257843017578,25.64301300048828,17.365127563476562,18.016260147094727,70.76152801513672,65.07122802734375,52.495792388916016,86.5199966430664,17.914823532104492
2009-01-02,67.80660247802734,26.755298614501953,18.192691802978516,17.44290542602539,68.98287963867188,64.13996124267578,51.95868682861328,86.2300033569336,18.54044532775879
2009-01-05,67.72635650634766,26.746679306030273,18.429141998291016,17.121633529663086,67.20416259765625,64.02772521972656,52.31508255004883,84.4800033569336,18.734899520874023
2009-01-06,68.17858123779297,27.013975143432617,18.846410751342773,17.976722717285156,66.52828979492188,63.98811721801758,52.40283203125,85.12999725341797,19.225250244140625
2009-01-07,66.13619995117188,26.2465763092041,17.761520385742188,17.373706817626953,66.78914642333984,64.00133514404297,51.96388244628906,82.75,18.244543075561523
2009-01-08,66.40611267089844,26.522493362426758,17.685028076171875,17.245187759399414,66.73577117919922,64.17298126220703,52.335693359375,84.45999908447266,18.312179565429688
2009-01-09,64.9837417602539,25.927549362182617,17.302536010742188,16.360454559326172,66.83663940429688,64.47013854980469,52.986392974853516,83.91999816894531,18.100820541381836
2009-01-12,63.42280197143555,25.453317642211914,16.572328567504883,15.401556968688965,67.53028106689453,64.87307739257812,52.71269226074219,80.76000213623047,17.280746459960938
2009-01-13,63.53948974609375,25.461952209472656,16.62100601196289,15.866175651550293,67.60138702392578,64.91928100585938,52.599063873291016,80.87999725341797,17.56819725036621
2009-01-14,61.54087829589844,24.68592643737793,15.81429386138916,15.035798072814941,68.71611785888672,65.28253936767578,52.36669921875,79.79000091552734,17.323015213012695
2009-01-15,61.56276321411133,25.0911865234375,15.99510669708252,15.530070304870605,68.82872009277344,65.22969818115234,52.469970703125,80.38999938964844,17.306106567382812
2009-01-16,62.044189453125,25.367095947265625,16.168968200683594,16.11825942993164,67.76744079589844,64.6286849975586,52.469970703125,82.70999908447266,17.38219451904297
2009-01-20,58.769100189208984,24.10822868347168,14.965856552124023,14.31416130065918,67.75562286376953,64.52967834472656,51.69530487060547,84.5199966430664,16.84111785888672
2009-01-21,61.3074836730957,25.134292602539062,15.779522895812988,15.811802864074707,65.61524200439453,63.95505905151367,51.43714141845703,84.1500015258789,16.908750534057617
2009-01-22,60.359249114990234,24.798019409179688,15.257943153381348,14.94682788848877,64.3523941040039,63.532405853271484,51.24599075317383,84.58000183105469,16.688936233520508
2009-01-23,60.621822357177734,24.91873550415039,15.452665328979492,15.401556968688965,63.84846115112305,63.545589447021484,50.90515899658203,88.52999877929688,17.46674156188965
2009-01-26,61.03758239746094,25.09979820251465,15.633479118347168,15.312593460083008,63.2911262512207,63.38710403442383,50.450748443603516,88.94999694824219,17.500558853149414
2009-01-27,61.65760040283203,25.28086280822754,15.911654472351074,15.530070304870605,64.77933502197266,63.80311584472656,51.40095138549805,88.37999725341797,17.02711296081543
2009-01-28,63.74372863769531,26.16898536682129,16.718364715576172,16.874496459960938,63.16065216064453,63.39369201660156,51.808921813964844,87.41999816894531,17.432924270629883
2009-01-29,61.67218017578125,25.50505256652832,15.869924545288086,15.495466232299805,61.70811080932617,62.56819152832031,51.189208984375,89.5,17.2215633392334
2009-01-30,60.41761779785156,25.05668830871582,15.751703262329102,14.857860565185547,61.51241683959961,62.54174041748047,51.550743103027344,91.30999755859375,17.1201114654541
2009-02-02,60.23523712158203,25.358478546142578,15.591754913330078,15.218681335449219,62.65688705444336,63.04905700683594,51.3021354675293,88.83999633789062,16.790390014648438
2009-02-03,61.081363677978516,25.75510025024414,16.057695388793945,15.065451622009277,61.16468048095703,62.50597381591797,51.130863189697266,88.47000122070312,16.59593963623047
2009-02-04,60.78227615356445,25.789600372314453,16.175918579101562,14.699691772460938,60.95063400268555,62.1881103515625,51.15163040161133,89.18000030517578,16.688936233520508
2009-02-05,61.68679428100586,26.358675003051758,16.51668930053711,14.388297080993652,61.004150390625,62.33385467529297,50.70528030395508,90.12000274658203,17.060930252075195
2009-02-06,63.444664001464844,27.048458099365234,17.344261169433594,15.386731147766113,60.81386184692383,61.956336975097656,51.00629425048828,89.58999633789062,17.187746047973633
2009-02-09,63.53219223022461,27.16055679321289,17.253854751586914,15.614100456237793,61.01007843017578,61.83052444458008,51.099769592285156,88.31999969482422,17.094749450683594
2009-02-10,60.621822357177734,26.160362243652344,16.210691452026367,14.225191116333008,62.335872650146484,62.65828323364258,51.348838806152344,90.20999908447266,16.87493324279785
2009-02-11,60.979251861572266,26.03964614868164,16.697507858276367,14.497041702270508,63.14440155029297,63.14176940917969,51.52531433105469,92.29000091552734,16.773483276367188
2009-02-12,61.022987365722656,26.358675003051758,16.593181610107422,14.249899864196777,62.54987335205078,63.12190628051758,51.566810607910156,93.16999816894531,16.798847198486328
2009-02-13,60.36652374267578,26.23796272277832,16.6766414642334,13.375039100646973,60.88523864746094,62.62517166137695,51.172359466552734,92.55000305175781,16.494487762451172
2009-02-17,57.78437423706055,25.194644927978516,15.612610816955566,12.426030158996582,62.78175354003906,63.67828369140625,51.45265579223633,95.44999694824219,15.572959899902344
2009-02-18,57.645809173583984,25.21189308166504,15.501343727111816,12.603971481323242,62.24665832519531,63.21460723876953,51.198326110839844,96.91000366210938,15.479961395263672
2009-02-19,57.02581024169922,24.823888778686523,15.355301856994629,12.060273170471191,61.18846130371094,62.863651275634766,50.77796936035156,95.7699966430664,15.860407829284668
2009-02-20,56.4714469909668,24.892864227294922,14.965856552124023,12.821455001831055,61.782962799072266,63.04244613647461,50.565208435058594,97.80000305175781,15.682868003845215
2009-02-23,54.45096206665039,24.022008895874023,14.59727668762207,11.857619285583496,62.353694915771484,63.1020393371582,50.39388656616211,97.7300033569336,15.53069019317627
2009-02-24,56.51521682739258,24.815261840820312,15.397026062011719,12.86099624633789,62.28829574584961,62.863651275634766,50.212242126464844,94.7300033569336,15.826593399047852
2009-02-25,56.07027053833008,24.65143394470215,15.13276481628418,12.613858222961426,61.56894302368164,62.2940673828125,49.52714157104492,93.1500015258789,16.01258659362793
2009-02-26,55.15849685668945,23.961647033691406,15.000629425048828,11.96635627746582,60.9208869934082,62.13512420654297,49.21058654785156,93.05999755859375,16.35076332092285
2009-02-27,53.92578125,23.737464904785156,14.764183044433594,11.808191299438477,60.570125579833984,62.082149505615234,48.86806869506836,92.62999725341797,16.15631103515625
2009-03-02,51.49683380126953,22.970069885253906,13.867063522338867,11.071728706359863,61.57288360595703,62.70502471923828,48.87436294555664,90.93000030517578,15.344693183898926
2009-03-03,51.110233306884766,22.95282554626465,14.061785697937012,11.116211891174316,61.16154098510742,62.62528610229492,48.608280181884766,90.04000091552734,15.446144104003906
2009-03-04,52.32106018066406,23.56501579284668,15.049306869506836,11.294143676757812,60.88134765625,62.30659484863281,48.59260940551758,88.98999786376953,15.987224578857422
2009-03-05,50.18385696411133,22.85797882080078,14.43037223815918,10.597222328186035,62.57445526123047,63.03702163696289,48.462223052978516,91.98999786376953,15.85195541381836
2009-03-06,50.271385192871094,22.67691421508789,14.673772811889648,10.453885078430176,62.15717315673828,62.73826217651367,48.56658172607422,92.29000091552734,16.232402801513672
2009-03-09,49.680572509765625,22.19405174255371,14.38864517211914,10.686189651489258,61.79349899291992,62.76477813720703,47.2310676574707,90.56999969482422,16.139406204223633
2009-03-10,52.64200973510742,23.56501579284668,15.556977272033691,12.173954010009766,60.6070671081543,62.30659484863281,47.91447067260742,88.13999938964844,16.097131729125977
2009-03-11,52.98483657836914,23.927160263061523,15.556977272033691,11.976244926452637,61.262855529785156,62.751495361328125,47.930118560791016,89.22000122070312,15.589869499206543
2009-03-12,55.07096481323242,24.720415115356445,16.155052185058594,12.954907417297363,61.554988861083984,62.9307861328125,47.888389587402344,91.0999984741211,16.316944122314453
2009-03-13,55.501304626464844,24.780765533447266,16.245464324951172,12.678112030029297,61.2449836730957,62.88429260253906,48.33183670043945,91.30000305175781,16.173219680786133
2009-03-16,55.333560943603516,24.36690330505371,16.259376525878906,11.679678916931152,60.27919387817383,62.52573013305664,48.39960479736328,90.80000305175781,16.528305053710938
2009-03-17,57.02581024169922,25.28949737548828,16.614046096801758,12.564435005187988,59.95128631591797,62.406185150146484,48.26919937133789,90.04000091552734,16.883390426635742
2009-03-18,58.30225372314453,25.608530044555664,16.961769104003906,13.25147533416748,62.22274398803711,64.54439544677734,49.296871185302734,93.08999633789062,17.094749450683594
2009-03-19,57.580162048339844,25.591279983520508,16.850502014160156,12.440861701965332,62.300235748291016,64.32525634765625,49.40122604370117,94.3499984741211,17.449832916259766
2009-03-20,56.35405349731445,25.201766967773438,16.62100601196289,11.36828899383545,61.95444869995117,64.32525634765625,48.90039825439453,93.58999633789062,17.686555862426758
2009-03-23,60.40190887451172,26.687271118164062,18.157928466796875,13.206978797912598,61.41787338256836,64.10612487792969,49.05169677734375,92.08000183105469,18.058547973632812
2009-03-24,59.21181106567383,26.194982528686523,17.594614028930664,12.188785552978516,62.00212860107422,64.01312255859375,48.56658172607422,90.94999694824219,17.762643814086914
2009-03-25,59.83621597290039,26.31589126586914,17.858884811401367,12.38939094543457,61.167484283447266,63.62800979614258,48.33183670043945,91.9800033569336,17.492103576660156
2009-03-26,61.055728912353516,27.12774085998535,18.345693588256836,12.666606903076172,61.87691116333008,63.79402160644531,48.58217239379883,91.93000030517578,17.796459197998047
2009-03-27,59.95378112792969,26.61817741394043,17.803245544433594,12.102089881896973,62.33602523803711,63.75419616699219,48.73347854614258,90.69000244140625,17.46674156188965
2009-03-30,57.88209533691406,25.961782455444336,16.88526725769043,11.441791534423828,62.57445526123047,64.02641296386719,48.69697952270508,89.9800033569336,16.832664489746094
2009-03-31,58.41836166381836,26.186342239379883,17.253854751586914,12.238179206848145,63.02157211303711,64.13928985595703,49.09862518310547,90.27999877929688,16.908750534057617
2009-04-01,59.549713134765625,26.574993133544922,17.824113845825195,12.172650337219238,63.59677505493164,64.2965316772461,49.02468490600586,91.02999877929688,16.86648178100586
2009-04-02,61.29084396362305,27.43001937866211,18.7907772064209,13.054727554321289,62.819515228271484,63.876953125,49.04043960571289,88.80000305175781,17.517467498779297
2009-04-03,61.900569915771484,27.93958282470703,19.020275115966797,14.178747177124023,61.53407287597656,63.14438247680664,48.73617172241211,87.58999633789062,17.788007736206055
2009-04-06,61.41570281982422,27.87049674987793,18.7838191986084,14.017450332641602,61.270965576171875,62.9979133605957,48.70994567871094,85.2699966430664,17.56819725036621
2009-04-07,59.98316192626953,27.136381149291992,18.35264015197754,12.969046592712402,61.42646789550781,63.15776062011719,48.6889533996582,86.73999786376953,17.255380630493164
2009-04-08,60.62963104248047,27.594120025634766,18.623868942260742,13.160579681396484,61.970516204833984,63.47077178955078,49.17681121826172,86.61000061035156,17.38219451904297
2009-04-09,63.03927230834961,28.44915199279785,19.437532424926758,14.924737930297852,61.19321823120117,63.09775161743164,49.507266998291016,86.30999755859375,17.635828018188477
2009-04-13,63.053951263427734,28.405961990356445,19.555755615234375,14.970099449157715,61.75528335571289,63.47077178955078,49.984622955322266,87.87999725341797,17.711917877197266
2009-04-14,61.966644287109375,28.060495376586914,19.24281120300293,13.699905395507812,62.07815170288086,63.797035217285156,50.115745544433594,87.37000274658203,17.39065170288086
2009-04-15,62.627838134765625,27.982765197753906,19.5209903717041,14.88945198059082,61.970516204833984,63.85696792602539,50.503929138183594,87.5,17.280746459960938
2009-04-16,63.54616165161133,28.708251953125,19.687891006469727,15.38845443725586,61.48024368286133,63.603912353515625,50.718997955322266,85.80999755859375,17.204654693603516
2009-04-17,63.97220993041992,28.768707275390625,19.54880714416504,15.665664672851562,60.804664611816406,63.09115219116211,50.65607833862305,85.22000122070312,17.07784080505371
2009-04-20,61.29084396362305,27.844585418701172,18.59604835510254,14.052739143371582,61.72536087036133,63.530677795410156,50.378021240234375,86.94999694824219,16.4353084564209
2009-04-21,62.48827362060547,28.23324203491211,18.992454528808594,15.297718048095703,61.1155891418457,63.28425216674805,50.53540802001953,86.88999938964844,16.494487762451172
2009-04-22,62.106258392333984,28.319597244262695,18.832500457763672,14.763432502746582,60.74481201171875,63.131046295166016,50.40950012207031,87.37999725341797,16.519853591918945
2009-04-23,62.71602249145508,28.595972061157227,19.124582290649414,15.428773880004883,60.738861083984375,63.11778259277344,50.36754608154297,88.80000305175781,16.73966407775879
2009-04-24,63.6636848449707,29.096899032592773,19.486215591430664,16.159639358520508,60.1290283203125,62.87131118774414,50.477691650390625,89.72000122070312,16.993295669555664
2009-04-27,63.0612907409668,29.131446838378906,18.832500457763672,15.191872596740723,60.386104583740234,63.131046295166016,50.414756774902344,89.01000213623047,16.57057762145996
2009-04-28,62.86293411254883,28.91552734375,18.769912719726562,15.393492698669434,59.399620056152344,62.824764251708984,50.252113342285156,87.75,16.452213287353516
2009-04-29,64.19998168945312,29.312808990478516,19.757434844970703,16.063867568969727,58.87351989746094,62.48514938354492,50.49342727661133,88.33000183105469,16.832664489746094
2009-04-30,64.22201538085938,29.606468200683594,19.938249588012695,15.993306159973145,58.64037322998047,62.378562927246094,50.46197509765625,87.2699966430664,16.891843795776367
2009-05-01,64.56729125976562,29.684179306030273,20.230335235595703,15.469095230102539,58.23670959472656,62.178199768066406,50.5873908996582,86.94999694824219,17.399105072021484
2009-05-04,66.76385498046875,30.2714786529541,21.6281681060791,16.74433135986328,58.42861557006836,62.238311767578125,50.70864486694336,88.63999938964844,17.737279891967773
2009-05-05,66.5361328125,30.24557876586914,21.433446884155273,16.11931037902832,58.35664749145508,62.22496795654297,50.872032165527344,88.25,17.4836483001709
2009-05-06,67.68946838378906,30.25420570373535,21.802024841308594,16.734251022338867,58.21875762939453,62.251686096191406,51.09871292114258,89.54000091552734,17.948638916015625
2009-05-07,66.74916076660156,29.545997619628906,21.259580612182617,15.776565551757812,56.79745101928711,61.730690002441406,50.60851287841797,89.44000244140625,17.982458114624023
2009-05-08,68.30658721923828,29.56327247619629,21.968936920166016,16.83001708984375,56.93538284301758,61.80413818359375,50.93003463745117,89.9800033569336,18.430540084838867
2009-05-11,67.0283203125,29.666912078857422,21.454309463500977,16.189878463745117,57.74495315551758,62.38529586791992,51.08289337158203,89.69000244140625,18.278362274169922
2009-05-12,66.8299560546875,29.304170608520508,21.60730743408203,16.14451789855957,57.95486831665039,62.34515380859375,51.22520065307617,90.69999694824219,18.464357376098633
2009-05-13,65.14763641357422,28.51824951171875,20.81450080871582,15.086024284362793,58.5845832824707,62.632423400878906,51.130332946777344,91.08999633789062,18.25299644470215
2009-05-14,65.70596313476562,28.837806701660156,21.113542556762695,15.443892478942871,58.812408447265625,62.63909912109375,51.2463493347168,91.02999877929688,18.371356964111328
2009-05-15,65.1697006225586,28.820520401000977,20.918819427490234,14.924737930297852,58.79446029663086,62.48544692993164,51.235740661621094,91.55000305175781,17.906368255615234
2009-05-18,67.02104949951172,29.57191276550293,22.0802059173584,16.124351501464844,57.882896423339844,62.11806106567383,51.16196060180664,90.36000061035156,18.379812240600586
2009-05-19,66.9402084350586,29.710098266601562,22.330564498901367,15.816889762878418,57.57704162597656,62.0312385559082,51.36756896972656,90.95999908447266,18.379812240600586
2009-05-20,66.49203491210938,29.606468200683594,22.400102615356445,15.690876960754395,58.182708740234375,62.22496795654297,51.66274642944336,92.25,18.675716400146484
2009-05-21,65.53701782226562,29.062349319458008,21.98283576965332,15.736242294311523,56.71946716308594,61.54364013671875,51.1356086730957,93.8499984741211,18.523536682128906
2009-05-22,65.39741516113281,28.96734046936035,22.0802059173584,15.348132133483887,56.089813232421875,61.18297576904297,51.06708526611328,94.1500015258789,18.794078826904297
2009-05-26,67.07240295410156,30.046945571899414,22.344467163085938,16.26044273376465,55.24420928955078,60.77553939819336,51.04599380493164,93.76000213623047,18.836349487304688
2009-05-27,65.87493133544922,29.839658737182617,22.087158203125,15.670709609985352,54.266719818115234,60.08754348754883,50.692813873291016,93.44999694824219,18.9208927154541
2009-05-28,66.79327392578125,30.185121536254883,22.768688201904297,15.887456893920898,55.05232238769531,60.40148162841797,50.8825569152832,94.23999786376953,19.26752281188965
2009-05-29,67.97602081298828,30.556482315063477,23.11640739440918,16.411663055419922,56.473548889160156,61.08279800415039,51.63105392456055,96.19999694824219,19.639514923095703
2009-06-01,69.6215591430664,31.42879295349121,24.09002113342285,17.253416061401367,54.80403137207031,60.08592987060547,51.614158630371094,95.7300033569336,20.180599212646484
2009-06-02,69.68037414550781,31.471973419189453,23.742298126220703,16.895538330078125,55.098846435546875,60.28690719604492,51.99555587768555,96.36000061035156,20.265140533447266
2009-06-03,68.7988052368164,31.37697982788086,22.900819778442383,16.86529541015625,55.616249084472656,60.655418395996094,52.26044845581055,94.41000366210938,19.588788986206055
2009-06-04,69.44526672363281,31.73105812072754,23.325037002563477,17.404619216918945,54.467071533203125,59.95193099975586,52.03261947631836,96.2300033569336,20.307411193847656
2009-06-05,69.45996856689453,31.7656307220459,23.373720169067383,17.359262466430664,54.0519905090332,59.35567092895508,51.75711441040039,93.70999908447266,20.19750213623047
2009-06-08,69.17347717285156,31.670621871948242,23.0120906829834,17.041717529296875,53.9135856628418,59.054195404052734,51.651222229003906,93.55999755859375,20.14677619934082
2009-06-09,69.52611541748047,31.912464141845703,23.05381965637207,17.041717529296875,53.90755844116211,59.308860778808594,52.04323959350586,93.83000183105469,20.341230392456055
2009-06-10,69.34977722167969,31.800193786621094,23.345897674560547,16.74433135986328,53.05924606323242,58.95372009277344,51.889583587646484,93.86000061035156,20.265140533447266
2009-06-11,69.65830993652344,31.800193786621094,23.84662628173828,16.401575088500977,53.64886474609375,59.35567092895508,52.06974792480469,93.69999694824219,20.451135635375977
2009-06-12,69.84933471679688,31.653352737426758,23.464128494262695,16.99635887145996,54.13017654418945,59.67060470581055,52.45645523071289,92.16999816894531,20.163686752319336
2009-06-15,68.2478256225586,31.005603790283203,22.622648239135742,16.189878463745117,54.617530822753906,59.93853759765625,52.47233581542969,91.0999984741211,19.774784088134766
2009-06-16,67.32218170166016,30.703311920166016,22.281888961791992,15.892498970031738,55.568115234375,60.27348327636719,52.440582275390625,91.93000030517578,19.698692321777344
2009-06-17,67.25607299804688,30.996976852416992,22.031522750854492,15.59006118774414,55.25529098510742,60.112754821777344,52.50415802001953,92.3499984741211,19.757877349853516
2009-06-18,67.74829864501953,30.936506271362305,21.968936920166016,15.695911407470703,54.41896057128906,59.3825569152832,51.83663558959961,91.61000061035156,19.783239364624023
2009-06-19,67.99799346923828,31.268573760986328,22.0802059173584,15.852176666259766,55.1650276184082,59.657135009765625,52.228633880615234,91.9000015258789,19.614152908325195
2009-06-22,65.95895385742188,30.334653854370117,21.28044891357422,15.025540351867676,55.700496673583984,59.978729248046875,52.41938018798828,90.54000091552734,18.954710006713867
2009-06-23,66.01067352294922,30.26546859741211,21.41856575012207,15.13642406463623,56.356266021728516,60.17302322387695,52.843162536621094,90.91999816894531,19.284427642822266
2009-06-24,66.57947540283203,30.775678634643555,21.8882999420166,15.466878890991211,55.79073715209961,59.94524383544922,52.75840377807617,91.44999694824219,19.275976181030273
2009-06-25,68.02752685546875,31.380979537963867,22.540328979492188,15.671805381774902,56.813533782958984,60.69552993774414,53.17166519165039,92.30999755859375,19.4450626373291
2009-06-26,67.8502426147461,31.450149536132812,22.65950584411621,15.805004119873047,56.90979766845703,60.77598571777344,53.19809341430664,92.29000091552734,19.284427642822266
2009-06-29,68.4855728149414,31.519346237182617,22.827777862548828,15.794760704040527,56.99403381347656,60.90324020385742,53.139862060546875,92.04000091552734,19.470430374145508
2009-06-30,67.93150329589844,31.458818435668945,22.59640884399414,15.886979103088379,56.89779281616211,60.74246597290039,53.12395477294922,91.18000030517578,19.12380027770996
2009-07-01,68.21223449707031,31.476089477539062,23.010061264038086,16.163625717163086,56.784908294677734,60.70349884033203,53.05211639404297,92.38999938964844,19.04770851135254
2009-07-02,66.3504867553711,30.784320831298828,22.379070281982422,15.30805492401123,56.917686462402344,60.9050178527832,53.057437896728516,91.25,18.624990463256836
2009-07-06,66.34312438964844,30.620014190673828,22.329992294311523,15.692291259765625,56.80901336669922,60.945350646972656,53.18510055541992,90.76000213623047,18.066999435424805
2009-07-07,65.0575942993164,29.859050750732422,21.804170608520508,15.082640647888184,57.189292907714844,61.18720245361328,52.97234344482422,90.70999908447266,17.779552459716797
2009-07-08,65.0132827758789,30.014699935913086,21.551767349243164,14.939187049865723,58.24557113647461,61.892539978027344,53.45652770996094,89.2699966430664,17.559738159179688
2009-07-09,65.13890075683594,30.06658172607422,21.9373779296875,14.657415390014648,57.551456451416016,61.529815673828125,53.47776794433594,89.51000213623047,17.669645309448242
2009-07-10,64.98372650146484,30.196298599243164,21.6779727935791,14.63691520690918,58.08258056640625,61.91273498535156,53.690670013427734,89.58000183105469,17.534374237060547
2009-07-13,66.56473541259766,30.775678634643555,21.83220863342285,15.190226554870605,57.75667190551758,61.6910285949707,53.65875244140625,90.19000244140625,17.62737464904785
2009-07-14,66.94152069091797,30.88808250427246,22.070585250854492,15.374664306640625,56.79695510864258,61.28125,53.541629791259766,90.80999755859375,17.62737464904785
2009-07-15,68.89929962158203,31.925765991210938,23.25543975830078,15.943324089050293,55.336280822753906,60.48855972290039,53.04677200317383,92.23999786376953,18.092363357543945
2009-07-16,68.78849792480469,32.30622482299805,23.297504425048828,16.127761840820312,55.933868408203125,60.851318359375,53.41397476196289,91.9800033569336,18.13463592529297
2009-07-17,69.54203796386719,32.47917938232422,23.53588104248047,15.697419166564941,55.070709228515625,60.44148254394531,53.248985290527344,91.93000030517578,18.40517807006836
2009-07-20,70.28085327148438,32.79049301147461,24.377206802368164,16.250717163085938,55.36045455932617,60.6631965637207,53.46714782714844,93.27999877929688,18.70953369140625
2009-07-21,70.60591125488281,33.015316009521484,24.30708885192871,16.204614639282227,56.464988708496094,61.34170150756836,54.2227668762207,93.12999725341797,18.64190101623535
2009-07-22,70.59114837646484,33.29201126098633,24.251001358032227,16.225109100341797,55.95796203613281,60.978939056396484,54.079097747802734,93.44000244140625,18.74335289001465
2009-07-23,72.14997100830078,34.02704620361328,24.938085556030273,16.870624542236328,54.93185806274414,60.387733459472656,53.98862075805664,93.26000213623047,19.132251739501953
2009-07-24,72.44548034667969,33.76762390136719,24.818893432617188,16.98846435546875,55.19744873046875,60.51536560058594,54.13766098022461,93.41000366210938,19.149160385131836
2009-07-27,72.65972137451172,34.02704620361328,25.03623390197754,17.234371185302734,54.563697814941406,60.23321533203125,54.015254974365234,93.70999908447266,19.225250244140625
2009-07-28,72.31990051269531,33.79356384277344,24.924057006835938,17.21900177001953,55.046573638916016,60.35414123535156,54.2227668762207,92.11000061035156,19.013891220092773
2009-07-29,72.142578125,34.01839065551758,24.36318016052246,17.003828048706055,55.34835433959961,60.39448547363281,54.56332015991211,91.19999694824219,18.523536682128906
2009-07-30,72.8961410522461,34.21728515625,24.96611976623535,17.613487243652344,56.133018493652344,60.636314392089844,54.86127471923828,91.62000274658203,19.098434448242188
2009-07-31,72.99956512451172,34.113521575927734,25.085309982299805,17.598112106323242,57.22552490234375,61.24763107299805,55.584991455078125,93.3499984741211,19.478883743286133
2009-08-03,74.20381164550781,34.623714447021484,26.0247802734375,17.91575813293457,56.35826110839844,60.596797943115234,55.067420959472656,93.87000274658203,20.02841567993164
2009-08-04,74.3958969116211,34.623714447021484,25.786407470703125,18.894283294677734,55.910091400146484,60.42158508300781,54.78944778442383,94.68000030517578,20.03687286376953
2009-08-05,74.18164825439453,34.35563278198242,25.569067001342773,19.616649627685547,55.07435989379883,60.07801055908203,54.80012893676758,94.77999877929688,20.248233795166016
2009-08-06,73.79745483398438,34.05299758911133,25.358734130859375,19.46807861328125,55.26211929321289,60.07801055908203,54.65045166015625,94.5999984741211,19.783239364624023
2009-08-07,74.76528930664062,34.48534393310547,25.611135482788086,20.554189682006836,54.80186080932617,59.68048095703125,54.639739990234375,93.75,19.690242767333984
2009-08-10,74.6101303100586,34.24323272705078,25.323680877685547,20.113597869873047,55.486202239990234,60.06459045410156,54.810848236083984,92.93000030517578,19.681787490844727
2009-08-11,73.67925262451172,33.94921875,24.846935272216797,19.52955436706543,56.128116607666016,60.48229217529297,55.09416580200195,92.79000091552734,19.38588523864746
2009-08-12,74.46975708007812,34.4766960144043,25.071285247802734,19.672998428344727,55.52855682373047,60.31381607055664,54.61302947998047,92.94999694824219,19.487337112426758
2009-08-13,75.03861236572266,34.666954040527344,25.50597381591797,19.775470733642578,56.31586837768555,60.78549575805664,55.14230728149414,93.72000122070312,19.749422073364258
2009-08-14,74.46237182617188,34.269161224365234,25.04324722290039,19.611520767211914,56.533935546875,60.97410583496094,55.13160705566406,93.0,19.191434860229492
2009-08-17,72.63017272949219,33.27473068237305,24.061708450317383,18.56639862060547,57.36958694458008,61.39183807373047,55.2225227355957,91.61000061035156,18.90398406982422
2009-08-18,73.2064208984375,33.75033187866211,24.5875301361084,18.750829696655273,57.03654479980469,61.17625045776367,55.0834846496582,92.05999755859375,19.275976181030273
2009-08-19,73.84915161132812,33.98380661010742,24.650630950927734,18.602262496948242,57.50894546508789,61.40531539916992,55.25999450683594,92.52999877929688,19.41124725341797
2009-08-20,74.6101303100586,34.38158416748047,25.078296661376953,19.345117568969727,57.9813117980957,61.56698989868164,55.52186965942383,92.2699966430664,19.2506160736084
2009-08-21,76.07292938232422,34.839881896972656,25.456893920898438,19.85232162475586,56.788238525390625,60.940406799316406,55.27061080932617,93.6500015258789,19.394336700439453
2009-08-24,76.0655288696289,34.805274963378906,25.569067001342773,19.78571319580078,57.817779541015625,61.317726135253906,55.55396270751953,92.33999633789062,19.42815589904785
2009-08-25,76.21332550048828,34.90904998779297,25.512977600097656,20.006010055541992,58.144832611083984,61.479427337646484,55.650203704833984,92.76000213623047,19.149160385131836
2009-08-26,76.22065734863281,34.848533630371094,25.435861587524414,20.067493438720703,58.411312103271484,61.56024169921875,56.019168853759766,92.79000091552734,19.098434448242188
2009-08-27,76.3906021118164,34.93500518798828,25.38677978515625,20.26216697692871,58.18115997314453,61.39183807373047,55.762516021728516,93.19000244140625,19.25906753540039
2009-08-28,76.3758316040039,34.9695930480957,25.253572463989258,20.44148063659668,58.447635650634766,61.533348083496094,56.04050827026367,93.87000274658203,19.216796875
2009-08-31,75.69613647460938,34.61507797241211,24.755788803100586,20.11872673034668,58.50210189819336,61.715213775634766,56.31319046020508,93.4000015258789,18.692623138427734
2009-09-01,74.0264892578125,33.966522216796875,24.286056518554688,19.0428524017334,58.36056137084961,61.875335693359375,56.030616760253906,93.9000015258789,18.40517807006836
2009-09-02,73.74578094482422,33.94057083129883,24.54545783996582,18.65860939025879,59.21115493774414,62.213199615478516,56.19713592529297,96.19000244140625,18.447446823120117
2009-09-03,74.35895538330078,34.165401458740234,25.03623390197754,19.032615661621094,58.84660339355469,61.99020767211914,56.29381561279297,97.45999908447266,18.354450225830078
2009-09-04,75.40060424804688,34.900428771972656,25.51999282836914,19.25290298461914,57.84418487548828,61.618621826171875,56.33141326904297,97.52999877929688,18.278362274169922
2009-09-08,76.05078125,35.229034423828125,26.04581069946289,19.92403793334961,57.43711853027344,61.47669982910156,56.18638610839844,97.43000030517578,18.61653709411621
2009-09-09,76.63442993164062,35.531654357910156,26.186031341552734,20.31340217590332,57.370277404785156,61.53080368041992,56.17031478881836,97.08000183105469,18.692623138427734
2009-09-10,77.41751861572266,35.86891174316406,26.529571533203125,20.615665435791016,58.427398681640625,61.99020767211914,56.54093933105469,97.69999694824219,18.794078826904297
2009-09-11,77.4027328491211,35.903499603271484,26.543590545654297,20.579805374145508,58.749412536621094,62.17268371582031,57.05119323730469,98.77999877929688,18.54890251159668
2009-09-14,77.779541015625,36.04186248779297,26.44544219970703,21.189462661743164,58.166168212890625,61.80778121948242,56.76115417480469,97.95999908447266,18.447446823120117
2009-09-15,78.10458374023438,36.15427017211914,26.760936737060547,21.527599334716797,57.86848831176758,61.679439544677734,56.728904724121094,98.9000015258789,18.87862205505371
2009-09-16,79.28665161132812,36.6817512512207,27.433988571166992,22.403654098510742,57.97175598144531,61.63215637207031,56.90618133544922,99.91000366210938,19.12380027770996
2009-09-17,79.16845703125,36.67311477661133,27.286767959594727,22.30631446838379,58.700801849365234,61.936180114746094,57.18546676635742,99.33999633789062,19.132251739501953
2009-09-18,79.21893310546875,36.73456573486328,27.363882064819336,22.337055206298828,58.17829895019531,61.6050910949707,56.82557678222656,98.66999816894531,18.963167190551758
2009-09-21,79.01848602294922,36.84708786010742,27.12550926208496,21.988679885864258,58.31195068359375,61.56455993652344,56.959877014160156,98.36000061035156,18.54890251159668
2009-09-22,79.4787368774414,36.91632080078125,27.539154052734375,22.685436248779297,58.43350601196289,61.72671127319336,57.09419250488281,99.66999816894531,18.853260040283203
2009-09-23,78.81808471679688,36.743221282958984,27.12550926208496,21.865720748901367,58.609657287597656,61.86186218261719,57.121036529541016,98.83000183105469,18.430540084838867
2009-09-24,77.9495849609375,36.41432189941406,26.59267807006836,21.067415237426758,58.7797737121582,62.03076934814453,57.21234893798828,97.55000305175781,18.193819046020508
2009-09-25,77.53389739990234,36.09404373168945,26.704845428466797,21.134675979614258,59.52706527709961,62.280765533447266,57.43264389038086,97.0,18.050094604492188
2009-09-28,78.92201232910156,36.70861053466797,27.048385620117188,22.009033203125,60.04954147338867,62.388816833496094,57.57765579223633,97.05000305175781,18.210725784301758
2009-09-29,78.68447875976562,36.54413986206055,27.111488342285156,21.652053833007812,59.994850158691406,62.36180877685547,57.3520393371582,97.43000030517578,18.143089294433594
2009-09-30,78.3801040649414,36.57011032104492,27.279747009277344,21.445096969604492,59.94021987915039,62.40908432006836,57.30369567871094,98.8499984741211,18.650352478027344
2009-10-01,76.4352798461914,35.48814010620117,26.53658676147461,20.482786178588867,60.761146545410156,62.87863540649414,56.71665954589844,97.88999938964844,18.53199005126953
2009-10-02,76.07898712158203,35.384281158447266,26.543590545654297,20.337926864624023,60.340579986572266,62.85152816772461,56.349815368652344,98.37000274658203,18.345998764038086
2009-10-05,77.21469116210938,35.6699333190918,27.160560607910156,20.89668846130371,60.346683502197266,62.84477615356445,56.65196228027344,99.81999969482422,18.937803268432617
2009-10-06,78.32073974609375,36.30177688598633,27.60926628112793,20.83977508544922,59.749427795410156,62.641517639160156,56.53317642211914,102.27999877929688,18.70953369140625
2009-10-07,78.53602600097656,36.40564727783203,27.581212997436523,20.824249267578125,60.45029067993164,63.04122543334961,56.894683837890625,102.36000061035156,18.74335289001465
2009-10-08,79.13726043701172,36.56145477294922,27.917747497558594,21.222627639770508,59.8165283203125,62.81089401245117,56.57636642456055,103.63999938964844,19.115345001220703
2009-10-09,79.6197509765625,36.76917266845703,27.938779830932617,21.403705596923828,58.445247650146484,62.20793151855469,56.08002853393555,102.83999633789062,19.191434860229492
2009-10-12,79.9315185546875,36.84708786010742,28.170143127441406,21.372676849365234,58.53666305541992,62.390811920166016,56.27425003051758,103.55999755859375,19.580333709716797
2009-10-13,79.76824188232422,36.85575485229492,28.219228744506836,21.07259178161621,58.84135818481445,62.5330696105957,56.382137298583984,104.26000213623047,19.80014991760254
2009-10-14,81.14151000976562,37.35776138305664,29.130640029907227,21.843473434448242,57.969886779785156,62.10628128051758,56.11234664916992,104.18000030517578,19.952329635620117
2009-10-15,81.43841552734375,37.27121353149414,28.969379425048828,21.657217025756836,57.70174789428711,61.90305709838867,56.10155487060547,102.86000061035156,20.155231475830078
2009-10-16,80.82972717285156,37.02885818481445,28.56977081298828,21.088106155395508,58.1710090637207,62.18756103515625,56.144710540771484,103.18000030517578,20.205957412719727
2009-10-19,81.49781036376953,37.40103530883789,29.11663055419922,21.543405532836914,58.62810516357422,62.28245162963867,56.430694580078125,104.2300033569336,20.493406295776367
2009-10-20,81.06726837158203,37.40971755981445,28.73101806640625,21.145015716552734,58.94495391845703,62.42466354370117,56.792205810546875,103.41999816894531,20.366592407226562
2009-10-21,80.33981323242188,37.3404541015625,28.576784133911133,20.875993728637695,58.591487884521484,62.28245162963867,56.55479049682617,103.75,20.797765731811523
2009-10-22,81.15634155273438,37.487613677978516,28.815160751342773,21.42439842224121,58.30503463745117,62.09950637817383,56.889320373535156,103.91999816894531,20.96685028076172
2009-10-23,80.22846984863281,37.33180618286133,28.576784133911133,21.170894622802734,57.86626052856445,61.79463577270508,56.57636642456055,103.48999786376953,20.890758514404297
2009-10-26,79.35994720458984,37.21063232421875,28.219228744506836,21.119159698486328,57.116661071777344,61.44234085083008,56.33897018432617,101.86000061035156,20.510316848754883
2009-10-27,78.99625396728516,36.64802169799805,27.728456497192383,20.813907623291016,57.89675521850586,61.970760345458984,56.82457733154297,101.8499984741211,20.366592407226562
2009-10-28,77.50419616699219,35.825714111328125,26.4594669342041,19.939550399780273,58.1710090637207,62.16045379638672,56.44145965576172,100.7300033569336,19.842418670654297
2009-10-29,79.16698455810547,36.43162536621094,27.630306243896484,20.850116729736328,57.53718948364258,61.86238098144531,56.511619567871094,102.69000244140625,20.459590911865234
2009-10-30,76.87322998046875,35.45353698730469,26.340274810791016,20.487953186035156,58.37209701538086,62.323089599609375,57.018802642822266,102.52999877929688,19.943876266479492
2009-11-02,77.4373779296875,35.600677490234375,26.73289680480957,20.482786178588867,58.11404800415039,62.15909194946289,56.93424606323242,103.94999694824219,20.29050064086914
2009-11-03,77.68235778808594,35.71318817138672,26.77495765686035,20.78286361694336,57.53326416015625,62.01564025878906,56.67405700683594,106.45999908447266,20.577951431274414
2009-11-04,77.8827896118164,35.77381134033203,27.27273941040039,20.337926864624023,57.007450103759766,61.84482955932617,56.89628982543945,107.0999984741211,20.56104278564453
2009-11-05,79.31546783447266,36.65665054321289,27.83361053466797,20.79838752746582,57.007450103759766,61.858558654785156,56.93424606323242,106.9800033569336,20.451135635375977
2009-11-06,79.52326965332031,36.87303924560547,27.798568725585938,20.45691680908203,57.062461853027344,62.04297637939453,57.086036682128906,107.43000030517578,20.08759880065918
2009-11-09,81.33451080322266,37.66073226928711,28.822172164916992,21.46579933166504,57.129722595214844,62.07030487060547,57.118492126464844,108.19000244140625,20.417320251464844
2009-11-10,81.34934997558594,37.75593566894531,28.688961029052734,21.3054141998291,57.025794982910156,62.11810302734375,57.08059310913086,108.38999938964844,20.31586456298828
2009-11-11,81.76506805419922,37.998291015625,28.934341430664062,21.70379066467285,57.264244079589844,62.29573059082031,57.2919921875,109.5999984741211,20.451135635375977
2009-11-12,80.93365478515625,37.78189468383789,28.289335250854492,21.4813232421875,57.16030502319336,62.316246032714844,57.2919921875,108.20999908447266,20.14677619934082
2009-11-13,81.3716049194336,38.09349822998047,28.773090362548828,21.77104377746582,57.4232063293457,62.36407470703125,57.46000671386719,109.73999786376953,20.12986946105957
2009-11-16,82.55191040039062,38.48300552368164,29.495222091674805,22.298763275146484,58.09572982788086,62.69883346557617,57.73103332519531,111.62999725341797,20.713220596313477
2009-11-17,82.64836883544922,38.604183197021484,29.390056610107422,21.910730361938477,58.40758514404297,62.8354606628418,57.81772994995117,111.97000122070312,20.81467628479004
2009-11-18,82.5964126586914,38.38779830932617,29.1586971282959,22.30911636352539,58.06517028808594,62.67831802368164,57.62800598144531,112.25,20.831581115722656
2009-11-19,81.52007293701172,37.790531158447266,28.618839263916016,21.796907424926758,58.16912841796875,62.75352096557617,57.698516845703125,112.30000305175781,20.53567886352539
2009-11-20,81.23059844970703,37.60012435913086,28.49966812133789,21.641698837280273,58.15686798095703,62.74662399291992,57.427486419677734,112.94000244140625,20.510316848754883
2009-11-23,82.26239013671875,38.20603561401367,29.095600128173828,21.915908813476562,58.0835075378418,62.657859802246094,57.427486419677734,114.29000091552734,20.603315353393555
2009-11-24,82.38858032226562,38.07619094848633,28.934341430664062,21.589967727661133,58.45035934448242,62.978965759277344,57.64971923828125,114.7300033569336,20.366592407226562
2009-11-25,82.6780776977539,38.24064636230469,29.270872116088867,21.677919387817383,58.719390869140625,63.19072341918945,57.86110305786133,116.62000274658203,20.85694694519043
2009-11-27,81.33451080322266,37.66073226928711,28.135093688964844,21.046724319458008,58.93950271606445,63.47772216796875,57.84485626220703,115.05999755859375,20.620222091674805
2009-11-30,81.609130859375,37.70399856567383,28.40852928161621,21.833126068115234,59.0800666809082,63.5801887512207,58.1320915222168,115.63999938964844,20.848491668701172
2009-12-01,82.61869049072266,38.09349822998047,29.221797943115234,22.15389060974121,58.42196273803711,63.22959518432617,57.8414421081543,117.37999725341797,21.00067138671875
2009-12-02,82.58155059814453,38.14543533325195,29.34097671508789,22.516067504882812,58.4710578918457,63.09957504272461,57.85230255126953,119.18000030517578,20.85694694519043
2009-12-03,81.93575286865234,37.98963928222656,29.067548751831055,22.262542724609375,57.86383819580078,62.8050537109375,57.83600616455078,118.69999694824219,20.840036392211914
2009-12-04,82.4034652709961,38.18871307373047,29.333965301513672,22.919612884521484,57.250492095947266,62.339393615722656,57.596435546875,113.75,20.670949935913086
2009-12-07,82.27721405029297,38.00694274902344,29.08156967163086,22.438453674316406,57.324073791503906,62.510562896728516,57.569278717041016,113.11000061035156,20.484954833984375
2009-12-08,81.36418151855469,37.77323532104492,28.541719436645508,22.30911636352539,57.409969329833984,62.72975540161133,57.81422424316406,110.94999694824219,20.282045364379883
2009-12-09,81.6685791015625,38.154083251953125,28.717008590698242,22.262542724609375,57.14622497558594,62.60646057128906,57.48215103149414,110.83999633789062,20.02841567993164
2009-12-10,82.1287841796875,38.34453201293945,28.88526153564453,22.174591064453125,56.48988342285156,62.39422607421875,57.531166076660156,110.81999969482422,19.918508529663086
2009-12-11,82.47763061523438,38.19737243652344,28.99042320251465,22.531578063964844,56.483726501464844,62.08608627319336,57.25899124145508,109.31999969482422,20.019962310791016
2009-12-14,83.04180908203125,38.560916900634766,29.186735153198242,22.9403133392334,56.551239013671875,62.08608627319336,57.57468032836914,110.23999786376953,20.12986946105957
2009-12-15,82.65581512451172,38.34453201293945,28.88526153564453,22.71265983581543,56.299808502197266,61.88751220703125,57.16099548339844,110.20999908447266,20.03687286376953
2009-12-16,82.78199768066406,38.396427154541016,29.05352783203125,22.878225326538086,56.23231506347656,61.88751220703125,57.378761291503906,111.58999633789062,20.383501052856445
2009-12-17,81.78734588623047,37.929046630859375,28.219228744506836,22.7385196685791,57.15846633911133,62.43524932861328,57.623756408691406,107.33999633789062,20.070688247680664
2009-12-18,82.25000762939453,38.54722595214844,28.296342849731445,22.888568878173828,56.91313552856445,62.1271858215332,57.531166076660156,108.94999694824219,20.155231475830078
2009-12-21,83.08586120605469,38.98072052001953,28.261287689208984,23.198997497558594,55.90109634399414,61.4903450012207,57.253578186035156,106.94999694824219,19.960783004760742
2009-12-22,83.3844223022461,39.21482467651367,28.546113967895508,23.44215965270996,55.58829879760742,61.21646499633789,57.014068603515625,106.16999816894531,20.104509353637695
2009-12-23,83.54859924316406,39.50093460083008,28.828815460205078,23.721546173095703,55.60057067871094,61.1890754699707,57.193668365478516,106.55000305175781,20.459590911865234
2009-12-24,83.94414520263672,39.865074157714844,29.11858558654785,24.06426429748535,55.02398681640625,60.96995544433594,56.92696762084961,108.36000061035156,20.577951431274414
2009-12-28,84.12324523925781,40.07314682006836,29.21753692626953,24.179561614990234,54.87065887451172,60.805580139160156,56.7745246887207,108.55000305175781,20.941490173339844
2009-12-29,84.00381469726562,39.90842056274414,29.112899780273438,23.817960739135742,55.23258972167969,60.966094970703125,56.946746826171875,107.47000122070312,20.89921760559082
2009-12-30,83.97396850585938,40.029815673828125,29.24015998840332,23.854644775390625,55.595760345458984,61.075897216796875,57.012332916259766,106.93000030517578,20.873855590820312
2009-12-31,83.16795349121094,39.66565704345703,29.33913803100586,23.445890426635742,55.33109664916992,60.780887603759766,56.93034362792969,107.30999755859375,20.81467628479004
2010-01-04,84.57849884033203,40.24656295776367,30.194564819335938,23.3463134765625,55.281829833984375,60.93185806274414,57.23093795776367,109.80000305175781,21.33884620666504
2010-01-05,84.8023681640625,40.24656295776367,30.413719177246094,23.320117950439453,55.63885498046875,61.19939041137695,57.504276275634766,109.69999694824219,21.364206314086914
2010-01-06,84.86206817626953,40.003807067871094,30.477354049682617,23.2781925201416,54.89402389526367,60.952423095703125,57.33481979370117,111.51000213623047,21.744653701782227
2010-01-07,85.22029876708984,40.029815673828125,30.30061912536621,23.52973747253418,54.986412048339844,60.952423095703125,57.405887603759766,110.81999969482422,21.47411346435547
2010-01-08,85.50390625,40.35926818847656,30.540985107421875,23.3568058013916,54.96177673339844,61.02790069580078,57.531612396240234,111.37000274658203,21.45720672607422
2010-01-11,85.62329864501953,40.19453048706055,30.477354049682617,23.49306297302246,54.6601448059082,61.069087982177734,57.59171676635742,112.8499984741211,21.389572143554688
2010-01-12,84.82476806640625,39.691673278808594,29.98954200744629,23.10000991821289,55.595760345458984,61.508079528808594,57.70106887817383,110.48999786376953,20.93303680419922
2010-01-13,85.54121398925781,40.18585968017578,30.08144760131836,23.566425323486328,54.949459075927734,61.21306228637695,57.46051788330078,111.54000091552734,20.94994354248047
2010-01-14,85.77253723144531,40.22055435180664,30.003684997558594,23.545459747314453,55.71885299682617,61.501243591308594,57.66825866699219,112.02999877929688,20.840036392211914
2010-01-15,84.80982971191406,39.752342224121094,29.657276153564453,23.36728286743164,56.06358337402344,61.775611877441406,57.64639663696289,110.86000061035156,20.603315353393555
2010-01-19,85.86958312988281,40.39394760131836,30.258190155029297,23.844165802001953,55.90352249145508,61.665870666503906,57.695640563964844,111.5199966430664,20.738584518432617
2010-01-20,84.99641418457031,39.813053131103516,29.530014038085938,23.576906204223633,56.469844818115234,61.87849426269531,57.65729904174805,108.94000244140625,20.349681854248047
2010-01-21,83.36202239990234,39.44024658203125,28.63924217224121,22.90088653564453,56.72832107543945,62.10491180419922,57.81037902832031,107.37000274658203,20.096052169799805
2010-01-22,81.50370025634766,38.2871208190918,28.002967834472656,22.32442855834961,56.629913330078125,62.15974807739258,57.7229118347168,107.16999816894531,19.884693145751953
2010-01-25,81.92163848876953,38.41719055175781,28.207992553710938,22.48164939880371,56.371368408203125,62.0225830078125,57.71744155883789,107.4800033569336,19.977689743041992
2010-01-26,81.57835388183594,38.451847076416016,27.621206283569336,22.272022247314453,56.389835357666016,62.14608383178711,57.56441116333008,107.55999755859375,19.757877349853516
2010-01-27,81.96643829345703,38.755306243896484,27.550512313842773,22.471158981323242,56.35905075073242,62.00202178955078,57.35667419433594,106.52999877929688,19.470430374145508
2010-01-28,81.02608489990234,37.75825881958008,27.359634399414062,22.277263641357422,56.32829284667969,61.98142623901367,57.274688720703125,106.4800033569336,19.40279197692871
2010-01-29,80.14544677734375,37.09931945800781,27.062698364257812,22.151491165161133,56.820682525634766,62.221527099609375,57.640926361083984,105.95999908447266,19.182979583740234
2010-02-01,81.39176177978516,37.50680923461914,27.790874481201172,22.55501365661621,56.30491256713867,62.00815200805664,57.38404083251953,108.3499984741211,19.647972106933594
2010-02-02,82.37689208984375,37.844940185546875,28.017101287841797,22.86420249938965,56.465511322021484,62.111385345458984,57.56515884399414,109.12999725341797,20.070688247680664
2010-02-03,81.96643829345703,38.05302810668945,27.85450553894043,22.492128372192383,55.810726165771484,61.81545639038086,57.50480651855469,108.69999694824219,19.82551383972168
2010-02-04,79.43647003173828,36.95193099975586,26.596101760864258,21.658878326416016,56.69405746459961,62.32477569580078,57.499298095703125,104.37000274658203,19.16606903076172
2010-02-05,79.60065460205078,37.264034271240234,26.299184799194336,22.057167053222656,56.8176155090332,62.524391174316406,57.32362365722656,104.68000030517578,18.9208927154541
2010-02-08,79.02600860595703,36.99528503417969,26.037599563598633,21.575044631958008,56.8917236328125,62.469337463378906,57.37852096557617,104.04000091552734,18.929346084594727
2010-02-09,80.0185546875,37.376766204833984,26.885963439941406,21.50691032409668,56.323455810546875,62.13204574584961,57.24675369262695,105.41000366210938,19.26752281188965
2010-02-10,79.8618392944336,37.29872131347656,26.81525421142578,21.54883575439453,55.78605270385742,61.9599609375,56.80208969116211,105.12000274658203,19.343612670898438
2010-02-11,80.69770812988281,37.8622932434082,27.522228240966797,21.753217697143555,55.483360290527344,61.88423156738281,56.933841705322266,107.12999725341797,19.571880340576172
2010-02-12,80.63054656982422,37.94032287597656,27.175811767578125,22.01000213623047,55.71189498901367,62.02884292602539,56.999717712402344,107.04000091552734,19.461973190307617
2010-02-16,81.89924621582031,38.42583465576172,27.87571144104004,22.63361358642578,55.816917419433594,62.166473388671875,57.22480392456055,109.62000274658203,20.05377769470215
2010-02-17,82.2873764038086,38.64259338378906,27.97468376159668,22.837993621826172,55.180694580078125,61.83610153198242,57.032684326171875,109.25,19.952329635620117
2010-02-18,82.77239990234375,38.88535690307617,28.080739974975586,23.17862892150879,54.95826721191406,61.6158332824707,56.9942626953125,109.9800033569336,20.12986946105957
2010-02-19,82.94405364990234,38.86798858642578,27.84036636352539,23.194351196289062,55.254791259765625,61.65030288696289,57.19734191894531,109.47000122070312,20.248233795166016
2010-02-22,82.95901489257812,38.78998565673828,27.87571144104004,23.25199317932129,55.02620315551758,61.60209655761719,57.23030090332031,109.06999969482422,20.138322830200195
2010-02-23,81.95148468017578,38.2871208190918,27.23236846923828,23.073820114135742,55.88483428955078,62.07011032104492,57.36756134033203,107.88999938964844,19.808605194091797
2010-02-24,82.70526123046875,38.67728805541992,27.493947982788086,23.309640884399414,56.02073669433594,62.10453796386719,57.614566802978516,107.36000061035156,19.969236373901367
2010-02-25,82.59330749511719,38.66860580444336,27.267711639404297,23.398733139038086,56.335784912109375,62.3316650390625,57.55421447753906,108.30999755859375,19.631061553955078
2010-02-26,82.64556884765625,38.80732345581055,27.54343605041504,23.388254165649414,56.626136779785156,62.428077697753906,57.93300247192383,109.43000030517578,19.977689743041992
2010-03-01,83.50379943847656,39.37088394165039,28.010040283203125,23.587385177612305,56.60137176513672,62.4929084777832,58.00741195678711,109.43000030517578,19.774784088134766
2010-03-02,83.73516845703125,39.49226760864258,28.32816505432129,23.59786605834961,56.526954650878906,62.52743148803711,58.128700256347656,111.0199966430664,19.986143112182617
2010-03-03,83.80978393554688,39.53560256958008,28.363521575927734,23.53497886657715,56.38440704345703,62.46529006958008,58.24995040893555,111.62999725341797,20.180599212646484
2010-03-04,84.06352233886719,39.66565704345703,28.215070724487305,23.681718826293945,56.681888580322266,62.57570266723633,58.27750015258789,110.83000183105469,20.003053665161133
2010-03-05,85.26507568359375,40.263893127441406,28.950302124023438,24.326297760009766,55.938270568847656,62.278926849365234,58.20588302612305,110.80999755859375,20.239778518676758
2010-03-08,85.280029296875,40.341922760009766,28.97150230407715,24.572599411010742,55.647029876708984,62.11332321166992,58.29960632324219,109.87999725341797,20.214412689208984
2010-03-09,85.42179870605469,40.56735610961914,29.134109497070312,24.630239486694336,55.659393310546875,62.27206039428711,58.244468688964844,109.72000122070312,19.994598388671875
2010-03-10,85.80241394042969,40.89682388305664,29.33913803100586,24.8503360748291,55.51691818237305,62.16851806640625,58.29960632324219,108.47000122070312,20.05377769470215
2010-03-11,86.16062927246094,41.05288314819336,29.34619903564453,24.9970760345459,55.72140121459961,62.11332321166992,58.27750015258789,108.5999984741211,20.003053665161133
2010-03-12,86.1680908203125,41.06154251098633,29.247230529785156,25.19620704650879,56.06840896606445,62.20991516113281,58.39883041381836,107.94999694824219,19.884693145751953
2010-03-15,86.19052124023438,40.95751953125,29.035144805908203,25.13857078552246,55.994049072265625,62.20991516113281,58.387786865234375,108.36000061035156,19.647972106933594
2010-03-16,86.87709045410156,41.21760177612305,29.409826278686523,25.746463775634766,56.440223693847656,62.451480865478516,58.657936096191406,110.4000015258789,19.910053253173828
2010-03-17,87.39202117919922,41.3303108215332,29.727964401245117,26.12901496887207,56.681888580322266,62.52743148803711,58.87293243408203,109.58999633789062,20.08759880065918
2010-03-18,87.34725952148438,41.46902847290039,29.50172996520996,25.987537384033203,56.496028900146484,62.36177062988281,58.75716781616211,110.33999633789062,20.045324325561523
2010-03-19,86.9051284790039,41.218223571777344,29.119977951049805,25.704524993896484,56.551734924316406,62.278926849365234,58.713096618652344,108.27999877929688,19.80014991760254
2010-03-22,87.36973571777344,41.5914306640625,29.226015090942383,26.029438018798828,56.61374282836914,62.48601531982422,58.8067626953125,107.75,19.80014991760254
2010-03-23,87.98422241210938,41.877845764160156,29.43104362487793,25.95607566833496,56.34723663330078,62.35487365722656,58.76820755004883,108.31999969482422,19.715604782104492
2010-03-24,87.55706787109375,41.678226470947266,28.992717742919922,26.097578048706055,55.31862258911133,61.73374557495117,58.33264923095703,106.30000305175781,19.495792388916016
2010-03-25,87.41471099853516,41.6174430847168,28.91495132446289,26.16145896911621,54.96535873413086,61.5059928894043,58.12321090698242,106.77999877929688,19.38588523864746
2010-03-26,87.36225891113281,41.660858154296875,29.056352615356445,26.024188995361328,55.120330810546875,61.6508903503418,58.29960632324219,108.58999633789062,19.419700622558594
2010-03-29,87.91677856445312,41.8604736328125,29.579500198364258,26.103382110595703,54.90961837768555,61.56122970581055,58.24995040893555,108.75,19.85932731628418
2010-03-30,87.97674560546875,41.99936294555664,29.692617416381836,26.0664119720459,55.08311080932617,61.623313903808594,58.283023834228516,107.97000122070312,19.901599884033203
2010-03-31,87.67698669433594,41.799720764160156,29.777454376220703,25.770753860473633,55.46113586425781,61.768272399902344,58.310611724853516,108.94999694824219,19.884693145751953
2010-04-01,88.27649688720703,41.799720764160156,30.55512046813965,25.902753829956055,55.32554626464844,61.64021682739258,58.437435150146484,110.26000213623047,20.27359390258789
2010-04-05,88.99588775634766,42.19029998779297,30.830835342407227,26.472972869873047,54.40504837036133,61.08651351928711,57.90027618408203,110.88999938964844,20.594858169555664
2010-04-06,89.2057113647461,42.31180191040039,30.92273712158203,27.080141067504883,54.49208068847656,61.26645278930664,58.03874206542969,111.02999877929688,20.577951431274414
2010-04-07,88.6961441040039,42.20764923095703,30.654094696044922,26.483531951904297,55.18869400024414,61.64712905883789,58.33222198486328,112.48999786376953,20.501861572265625
2010-04-08,89.00337982177734,42.303138732910156,30.760128021240234,26.51520538330078,55.213558197021484,61.577880859375,58.22148895263672,112.6500015258789,20.468042373657227
2010-04-09,89.587890625,42.5548210144043,30.951007843017578,26.890066146850586,55.344215393066406,61.64712905883789,58.26028060913086,113.63999938964844,20.510316848754883
2010-04-12,89.73027038574219,42.589542388916016,30.703588485717773,26.721118927001953,55.636539459228516,61.81324005126953,58.42631530761719,113.01000213623047,20.493406295776367
2010-04-13,89.79772186279297,42.806541442871094,30.639949798583984,27.375816345214844,55.8169059753418,61.93088150024414,58.63678741455078,112.69000244140625,20.56949806213379
2010-04-14,90.81686401367188,43.31861114501953,31.0924072265625,27.418054580688477,55.4250373840332,61.76477813720703,58.58692169189453,113.02999877929688,20.80621910095215
2010-04-15,90.89179992675781,43.509559631347656,30.92273712158203,26.668319702148438,55.487205505371094,61.86860275268555,58.68659973144531,113.6500015258789,20.882308959960938
2010-04-16,89.44552612304688,42.98878479003906,30.017820358276367,26.05586051940918,55.89155578613281,62.242332458496094,58.82505798339844,111.23999786376953,20.501861572265625
2010-04-19,89.78273010253906,42.962764739990234,29.89763641357422,26.172021865844727,55.75470733642578,62.09007263183594,58.675559997558594,111.1500015258789,20.239778518676758
2010-04-20,90.58455657958984,43.179752349853516,30.251108169555664,26.615522384643555,55.95375061035156,62.117740631103516,58.80290603637695,111.45999908447266,20.400409698486328
2010-04-21,90.41971588134766,43.42277145385742,30.15215301513672,27.080141067504883,56.41400146484375,62.31849670410156,59.00779342651367,112.30999755859375,20.501861572265625
2010-04-22,90.68948364257812,43.665775299072266,30.279401779174805,27.497257232666016,56.24606704711914,62.17311477661133,58.8748779296875,111.83999633789062,20.552587509155273
2010-04-23,91.28147888183594,43.84806823730469,30.442001342773438,27.861570358276367,56.04704284667969,62.0001220703125,58.86376953125,113.19000244140625,20.68785858154297
2010-04-26,90.93677520751953,43.752593994140625,30.442001342773438,28.083309173583984,56.109214782714844,62.04161834716797,58.891510009765625,112.75,20.586402893066406
2010-04-27,88.78604888916016,42.823890686035156,29.353271484375,27.185752868652344,56.89915466308594,62.62299346923828,58.93024826049805,114.62999725341797,20.27359390258789
2010-04-28,89.46045684814453,42.849910736083984,29.600711822509766,27.270204544067383,56.41400146484375,62.30458450317383,59.02995300292969,114.30999755859375,20.341230392456055
2010-04-29,90.56957244873047,43.596343994140625,30.088525772094727,28.500404357910156,56.6503791809082,62.40841293334961,59.179481506347656,114.27999877929688,20.501861572265625
2010-04-30,89.03336334228516,42.73709487915039,29.727964401245117,27.613399505615234,57.30345153808594,62.78910446166992,59.423099517822266,115.36000061035156,20.662494659423828
2010-05-03,90.18737030029297,43.33597183227539,29.890567779541016,28.532089233398438,57.22853469848633,62.62460708618164,59.44092559814453,115.7300033569336,20.763946533203125
2010-05-04,88.066650390625,42.03406524658203,28.519052505493164,27.88266944885254,58.25837707519531,63.04805374145508,59.513145446777344,114.87000274658203,20.205957412719727
2010-05-05,87.54210662841797,41.81709289550781,28.002967834472656,27.50780487060547,58.6016731262207,63.29100799560547,59.25736618041992,115.08999633789062,19.749422073364258
2010-05-06,84.63452911376953,40.419708251953125,26.85767364501953,26.3779239654541,60.41170120239258,63.98524856567383,58.27866744995117,118.48999786376953,19.36052131652832
2010-05-07,83.37555694580078,39.412906646728516,26.999080657958984,25.93443489074707,59.656494140625,63.81168746948242,58.467742919921875,118.2699966430664,19.25906753540039
2010-05-10,87.04752349853516,41.461219787597656,28.943235397338867,27.64508056640625,58.4206428527832,63.32572937011719,58.83477020263672,117.56999969482422,19.631061553955078
2010-05-11,86.80021667480469,41.41783905029297,28.420074462890625,27.80875587463379,58.270870208740234,63.40211486816406,58.895904541015625,120.66000366210938,19.597244262695312
2010-05-12,88.01419067382812,42.198970794677734,28.773571014404297,28.257553100585938,57.827735900878906,63.24245834350586,58.87371063232422,121.4000015258789,19.757877349853516
2010-05-13,86.92012023925781,41.530662536621094,28.504901885986328,27.79819107055664,58.20848083496094,63.41596984863281,59.04607391357422,120.55999755859375,19.588788986206055
2010-05-14,85.34642791748047,40.73215866088867,27.918127059936523,26.916479110717773,59.21954345703125,63.82558059692383,59.02938461303711,120.37000274658203,19.089982986450195
2010-05-17,85.39137268066406,40.86235427856445,27.748455047607422,26.95342254638672,59.001136779785156,63.686744689941406,59.129486083984375,119.36000061035156,18.54890251159668
2010-05-18,84.22987365722656,40.298187255859375,27.168745040893555,26.2723331451416,59.9061393737793,64.15184783935547,59.31852722167969,119.48999786376953,18.523536682128906
2010-05-19,83.75025939941406,39.97707748413086,26.90716552734375,26.029462814331055,60.10589599609375,64.2073745727539,59.3519401550293,116.62999725341797,18.354450225830078
2010-05-20,80.587890625,38.49289321899414,25.570999145507812,24.693668365478516,61.372920989990234,64.83216857910156,59.218421936035156,115.83999633789062,17.974002838134766
2010-05-21,81.76438903808594,38.91817855834961,26.398149490356445,25.522598266601562,61.43534851074219,64.86685943603516,59.118370056152344,115.22000122070312,18.15999984741211
2010-05-24,80.71529388427734,38.76195526123047,26.122434616088867,24.95237922668457,61.223140716552734,64.86685943603516,59.27410125732422,116.83999633789062,18.143089294433594
2010-05-25,80.79772186279297,38.79667663574219,25.839649200439453,25.153013229370117,61.52273941040039,65.08902740478516,58.99045181274414,117.36000061035156,17.999364852905273
2010-05-26,80.31061553955078,38.362709045410156,25.825504302978516,25.100215911865234,61.347930908203125,64.95711517333984,59.02938461303711,118.47000122070312,18.193819046020508
2010-05-27,83.00086975097656,39.812156677246094,27.387910842895508,26.478246688842773,59.95606994628906,64.33930206298828,58.7235107421875,118.69000244140625,18.726444244384766
2010-05-28,81.9592514038086,39.57780075073242,26.935443878173828,26.14034652709961,60.230712890625,64.63085174560547,58.64566421508789,118.87999725341797,18.56580924987793
2010-06-01,80.58039093017578,39.21328353881836,26.440570831298828,25.59651756286621,60.65406036376953,64.71439361572266,58.59707260131836,119.91000366210938,18.219181060791016
2010-06-02,82.67866516113281,40.141971588134766,27.36669158935547,26.098098754882812,60.07789993286133,64.34544372558594,58.803741455078125,119.77999877929688,18.438993453979492
2010-06-03,82.96340942382812,40.523868560791016,27.267711639404297,26.024188995361328,59.6395378112793,64.2549057006836,58.6138801574707,117.95999908447266,18.54044532775879
2010-06-04,80.04833984375,39.135162353515625,26.299184799194336,24.551116943359375,61.242759704589844,65.14607238769531,58.97121810913086,119.19000244140625,17.965551376342773
2010-06-07,79.0516586303711,38.42344665527344,25.889135360717773,24.419111251831055,61.71244812011719,65.41053771972656,59.21695327758789,121.48999786376953,17.999364852905273
2010-06-08,79.89849090576172,38.35402297973633,26.482982635498047,24.85733985900879,61.405574798583984,65.2086410522461,59.21695327758789,121.0,18.143089294433594
2010-06-09,79.47132110595703,38.03289031982422,26.341594696044922,25.005176544189453,61.33668518066406,65.21564483642578,59.23927688598633,120.55999755859375,18.227632522583008
2010-06-10,81.79438018798828,39.1177978515625,27.260656356811523,26.08753776550293,60.24076843261719,64.60994720458984,58.99358367919922,118.97000122070312,18.53199005126953
2010-06-11,82.19158172607422,39.49101638793945,27.40204429626465,26.399057388305664,61.00481033325195,65.02066802978516,59.211368560791016,120.01000213623047,18.557355880737305
2010-06-14,82.06417846679688,39.48233413696289,27.409120559692383,26.726404190063477,60.691650390625,64.96501922607422,59.09971237182617,119.5999984741211,18.608081817626953
2010-06-15,83.9300765991211,40.541221618652344,28.236268997192383,27.323022842407227,60.441162109375,64.76309967041016,59.027095794677734,120.98999786376953,18.9208927154541
2010-06-16,83.90013122558594,40.70613098144531,28.236268997192383,27.07486915588379,60.785606384277344,64.94409942626953,59.08855056762695,120.33000183105469,18.963167190551758
2010-06-17,84.03501892089844,40.83631896972656,28.094863891601562,27.1329402923584,61.280303955078125,65.25045013427734,59.47943878173828,121.9000015258789,18.971622467041016
2010-06-18,84.1261215209961,40.87022018432617,28.222126007080078,27.0484676361084,61.18011474609375,65.11815643310547,59.47384262084961,122.83000183105469,18.937803268432617
2010-06-21,83.88521575927734,40.522403717041016,28.709938049316406,26.837278366088867,61.00481033325195,65.0694580078125,59.62458801269531,120.38999938964844,18.861711502075195
2010-06-22,82.49979400634766,40.2093620300293,28.158498764038086,26.040027618408203,61.73123550415039,65.45928192138672,59.915000915527344,121.44999694824219,18.819442749023438
2010-06-23,82.24378204345703,40.04412841796875,28.231090545654297,26.108659744262695,62.1508903503418,65.7029800415039,60.16630935668945,120.94999694824219,18.506628036499023
2010-06-24,80.88092041015625,39.43541717529297,27.732938766479492,25.555971145629883,61.7813606262207,65.6472396850586,59.9261589050293,121.30000305175781,18.54890251159668
2010-06-25,81.21978759765625,39.44326400756836,28.06028938293457,26.20086669921875,62.031883239746094,65.75167846679688,60.02670669555664,122.76000213623047,18.887075424194336
2010-06-28,80.96379089355469,39.30386734008789,27.868148803710938,25.891740798950195,62.6142463684082,66.21806335449219,60.356178283691406,121.08999633789062,18.68416976928711
2010-06-29,78.46400451660156,37.78781509399414,26.736623764038086,25.0443172454834,63.296939849853516,66.50345611572266,60.32828903198242,121.2699966430664,18.168455123901367
2010-06-30,77.71861267089844,37.21275329589844,26.5587100982666,24.77783203125,63.72277069091797,66.60095977783203,60.56837844848633,121.68000030517578,18.236087799072266
2010-07-01,77.37223052978516,37.10822677612305,26.75086212158203,24.692550659179688,63.823326110839844,66.57168579101562,60.63565444946289,117.04000091552734,17.957094192504883
2010-07-02,76.9505844116211,37.003658294677734,26.86471939086914,24.21820640563965,63.3144645690918,66.45298767089844,60.46183776855469,118.48999786376953,17.923276901245117
2010-07-06,77.45504760742188,37.116912841796875,27.36288070678711,23.679916381835938,63.83589172363281,66.61358642578125,60.71415328979492,116.51000213623047,17.974002838134766
2010-07-07,79.89459228515625,38.301883697509766,27.967771530151367,24.831130981445312,63.088314056396484,66.40413665771484,60.753440856933594,117.7300033569336,18.379812240600586
2010-07-08,80.6851806640625,38.51100158691406,28.102989196777344,25.140243530273438,62.68631362915039,66.24360656738281,60.60203552246094,117.20999908447266,18.54890251159668
2010-07-09,81.28752899169922,38.8769416809082,28.4445858001709,25.46003532409668,62.328224182128906,66.06912231445312,60.5291633605957,118.36000061035156,18.582719802856445
2010-07-12,81.34025573730469,38.990196228027344,28.21686553955078,25.539981842041016,62.303096771240234,66.18079376220703,60.60203552246094,117.33999633789062,18.371356964111328
2010-07-13,82.56753540039062,39.495540618896484,28.544212341308594,26.168880462646484,61.769134521484375,65.85271453857422,60.63565444946289,118.36000061035156,18.66726303100586
2010-07-14,82.5600357055664,39.69594955444336,28.487279891967773,26.014326095581055,62.391021728515625,66.18079376220703,60.90483093261719,118.30000305175781,18.63344383239746
2010-07-15,82.58261108398438,39.73078918457031,28.352060317993164,25.929044723510742,63.012943267822266,66.52279663085938,61.01136016845703,118.2300033569336,18.810983657836914
2010-07-16,80.3087158203125,38.632965087890625,27.505210876464844,25.08695411682129,63.32075881958008,66.90670776367188,61.117897033691406,116.66999816894531,18.574262619018555
2010-07-19,80.78304290771484,38.96405792236328,27.868148803710938,25.396095275878906,62.93129348754883,66.73219299316406,61.106689453125,115.7300033569336,18.557355880737305
2010-07-20,81.67903137207031,39.4345588684082,28.52286720275879,25.87042236328125,63.025516510009766,66.8020248413086,61.17395782470703,116.6500015258789,18.70953369140625
2010-07-21,80.61740112304688,38.894351959228516,28.231090545654297,25.332128524780273,64.09339141845703,67.22772979736328,61.471160888671875,115.8499984741211,18.6588077545166
2010-07-22,82.41693878173828,39.87892150878906,29.08506202697754,26.280811309814453,63.35213088989258,66.85784912109375,61.392669677734375,116.86000061035156,19.03080177307129
2010-07-23,83.13226318359375,40.13157272338867,29.28433609008789,26.6165771484375,62.67997741699219,66.64146423339844,61.471160888671875,116.08999633789062,18.971622467041016
2010-07-26,83.99811553955078,40.46268081665039,29.483591079711914,27.282793045043945,62.57321548461914,66.6204605102539,61.527217864990234,115.5199966430664,18.954710006713867
2010-07-27,83.99061584472656,40.44525146484375,29.433780670166016,27.277469635009766,61.97018051147461,66.39020538330078,61.319793701171875,113.51000213623047,18.75180435180664
2010-07-28,83.44845581054688,40.12287139892578,29.27009391784668,27.224164962768555,62.17119598388672,66.67633056640625,61.53841018676758,113.77999877929688,18.82789421081543
2010-07-29,83.04188537597656,39.82663345336914,29.319913864135742,26.994998931884766,62.15226745605469,66.81595611572266,61.560882568359375,114.29000091552734,19.098434448242188
2010-07-30,83.02679443359375,39.913753509521484,29.462242126464844,27.154884338378906,63.11970520019531,67.20685577392578,61.84683609008789,115.48999786376953,19.352067947387695
2010-08-02,84.90165710449219,40.66307830810547,30.223712921142578,28.066268920898438,62.233680725097656,66.99896240234375,61.715667724609375,115.54000091552734,19.72406005859375
2010-08-03,84.49506378173828,40.48882293701172,30.081377029418945,27.794443130493164,62.59286880493164,67.31385803222656,61.867645263671875,115.98999786376953,19.79169273376465
2010-08-04,85.05979919433594,40.898311614990234,30.124074935913086,27.99164390563965,62.11393356323242,67.03397369384766,61.67627716064453,116.72000122070312,19.960783004760742
2010-08-05,84.96941375732422,40.802486419677734,29.988859176635742,27.63987922668457,62.40379333496094,67.35589599609375,61.78887176513672,116.9800033569336,19.86778450012207
2010-08-06,84.6230697631836,40.74150085449219,29.946163177490234,27.511978149414062,63.084449768066406,67.79670715332031,62.14348602294922,117.83999633789062,19.690242767333984
2010-08-09,85.07483673095703,41.02030944824219,30.102725982666016,27.826427459716797,62.85127258300781,67.78278350830078,62.3461799621582,117.4000015258789,19.757877349853516
2010-08-10,84.61553955078125,40.66307830810547,29.689966201782227,27.554615020751953,62.98360061645508,68.12567901611328,62.26736068725586,117.7300033569336,19.546518325805664
2010-08-11,82.2964859008789,39.55653762817383,28.74347686767578,26.867076873779297,63.82806396484375,68.51055908203125,62.261688232421875,117.33999633789062,19.106889724731445
2010-08-12,81.79202270507812,39.242881774902344,28.793285369873047,26.531299591064453,63.670528411865234,68.33555603027344,62.04212951660156,118.7699966430664,18.963167190551758
2010-08-13,81.55108642578125,38.96405792236328,28.949851989746094,26.531299591064453,64.4646224975586,68.62947082519531,62.28419494628906,118.73999786376953,18.946258544921875
2010-08-16,81.51342010498047,39.03377151489258,29.22028160095215,26.509992599487305,66.07798767089844,69.12640380859375,62.97102355957031,119.7300033569336,18.887075424194336
2010-08-17,82.51480865478516,39.5303840637207,29.52628517150879,27.117565155029297,65.6998291015625,68.77642059326172,62.86968231201172,119.75,19.157615661621094
2010-08-18,82.66544342041016,39.687217712402344,29.50493812561035,27.14422035217285,65.87628936767578,68.7065200805664,62.925941467285156,120.22000122070312,19.081527709960938
2010-08-19,81.22734069824219,39.086055755615234,29.2772159576416,26.45136260986328,66.9035415649414,69.01441955566406,62.993534088134766,120.38999938964844,18.887075424194336
2010-08-20,80.96379089355469,39.1383171081543,29.19181251525879,26.366079330444336,66.82789611816406,68.79051208496094,63.10615539550781,119.97000122070312,18.768714904785156
2010-08-23,80.65506744384766,38.754940032958984,28.928504943847656,26.227516174316406,66.84051513671875,68.88143157958984,63.241207122802734,119.77999877929688,18.64190101623535
2010-08-24,79.4579086303711,38.031776428222656,28.558452606201172,26.12091636657715,67.91184997558594,69.42724609375,63.38762664794922,120.36000061035156,18.430540084838867
2010-08-25,79.7666015625,38.39773178100586,28.373414993286133,26.536636352539062,67.69129943847656,69.11231231689453,63.50582504272461,121.36000061035156,18.523536682128906
2010-08-26,79.23201751708984,37.935943603515625,28.19550323486328,26.376741409301758,68.32781982421875,69.42724609375,63.56214141845703,120.95999908447266,18.734899520874023
2010-08-27,80.45930480957031,38.39773178100586,28.814645767211914,26.81378746032715,66.39308166503906,68.62947082519531,62.98788833618164,121.01000213623047,19.05616569519043
2010-08-30,79.29224395751953,37.99692916870117,28.337839126586914,26.605928421020508,67.66612243652344,69.15432739257812,63.398887634277344,120.91000366210938,19.02234649658203
2010-08-31,79.29224395751953,37.866233825683594,28.508630752563477,26.808452606201172,68.41604614257812,69.46231842041016,63.612754821777344,122.08000183105469,18.768714904785156
2010-09-01,81.66401672363281,38.9989128112793,29.512062072753906,27.682531356811523,67.00142669677734,68.96208190917969,63.134765625,121.69000244140625,19.140705108642578
2010-09-02,82.42448425292969,39.4345588684082,29.561872482299805,28.03428077697754,66.2934799194336,68.67439270019531,63.055606842041016,122.29000091552734,19.275976181030273
2010-09-03,83.49368286132812,40.0880241394043,29.91057777404785,28.444665908813477,65.47178649902344,68.28158569335938,62.58098220825195,121.86000061035156,19.377429962158203
2010-09-07,82.552490234375,39.81792449951172,29.47647476196289,28.00762939453125,66.8117904663086,68.82176208496094,63.04436492919922,122.69999694824219,19.478883743286133
2010-09-08,83.13226318359375,40.2971305847168,29.796714782714844,28.066268920898438,66.28084564208984,68.63236999511719,62.92006301879883,122.70999908447266,19.52115249633789
2010-09-09,83.51624298095703,40.4539794921875,29.96750831604004,27.74115753173828,64.97242736816406,68.09211730957031,62.59221267700195,121.55999755859375,19.41124725341797
2010-09-10,83.93791198730469,40.60208511352539,30.074254989624023,27.890380859375,64.67535400390625,67.89573669433594,62.637474060058594,121.7300033569336,19.614152908325195
2010-09-13,84.8715591430664,41.168426513671875,30.793012619018555,28.348739624023438,64.99139404296875,68.21839141845703,62.722251892089844,121.62000274658203,19.757877349853516
2010-09-14,84.81881713867188,41.34267807006836,30.77878761291504,28.242130279541016,65.61717224121094,68.56217193603516,63.0161018371582,124.0199966430664,19.81705665588379
2010-09-15,85.1426010131836,41.604068756103516,30.821483612060547,28.487302780151367,64.64370727539062,68.32363891601562,62.914398193359375,123.94000244140625,19.783239364624023
2010-09-16,85.12001037597656,41.76959228515625,30.66492462158203,28.33807945251465,64.0053482055664,68.08515167236328,62.71657180786133,124.62999725341797,19.681787490844727
2010-09-17,85.15180969238281,41.911094665527344,30.6151123046875,28.423358917236328,64.26449584960938,68.23943328857422,62.92006301879883,124.54000091552734,19.749422073364258
2010-09-20,86.45380401611328,42.64469528198242,31.09904670715332,29.1162166595459,64.63737487792969,68.44991302490234,62.99913787841797,124.87000274658203,19.910053253173828
2010-09-21,86.27969360351562,42.635955810546875,31.006515502929688,28.689847946166992,65.53499603271484,69.08836364746094,63.479408264160156,126.01000213623047,19.698692321777344
2010-09-22,85.85579681396484,42.522430419921875,31.027862548828125,28.300758361816406,66.12284088134766,69.19357299804688,63.439857482910156,126.19999694824219,19.81705665588379
2010-09-23,85.15939331054688,42.50492858886719,30.8286075592041,27.60257911682129,66.31245422363281,69.29177856445312,63.485107421875,126.30000305175781,19.833967208862305
2010-09-24,86.91553497314453,43.36955642700195,31.397924423217773,28.3834171295166,65.42121124267578,68.947998046875,63.34379196166992,126.69000244140625,20.138322830200195
2010-09-27,86.49921417236328,43.13376235961914,31.340986251831055,28.033870697021484,66.55895233154297,69.481201171875,63.671546936035156,126.72000122070312,20.003053665161133
2010-09-28,86.80200958251953,43.11628341674805,31.568723678588867,28.14680290222168,67.01404571533203,69.71272277832031,63.78459548950195,127.8499984741211,20.003053665161133
2010-09-29,86.6506118774414,43.046417236328125,31.675464630126953,27.92631721496582,66.73592376708984,69.54429626464844,63.72239303588867,127.94999694824219,20.265140533447266
2010-09-30,86.39324951171875,42.85429763793945,31.860485076904297,28.006969451904297,66.69171142578125,69.46018981933594,63.90318298339844,127.91000366210938,20.383501052856445
2010-10-01,86.75660705566406,42.80188751220703,32.33018493652344,28.14680290222168,66.36943054199219,69.49747467041016,63.59356689453125,128.91000366210938,20.425769805908203
2010-10-04,86.10559844970703,42.33903503417969,32.23054885864258,28.40492820739746,66.5407485961914,69.7435302734375,63.69565963745117,128.4600067138672,20.358139038085938
2010-10-05,87.83903503417969,43.36955642700195,32.814109802246094,28.85665512084961,66.14100646972656,69.75762939453125,63.82608413696289,130.99000549316406,20.77239990234375
2010-10-06,87.83145904541016,42.99402618408203,32.79986572265625,28.700706481933594,66.97211456298828,70.20767974853516,64.24021911621094,131.80999755859375,20.78085708618164
2010-10-07,87.72550964355469,43.15122604370117,32.508094787597656,28.781373977661133,66.41378784179688,70.27799224853516,64.22315979003906,130.3699951171875,20.56949806213379
2010-10-08,88.217529296875,43.448158264160156,32.89950180053711,28.862035751342773,66.12196350097656,70.3061294555664,64.16075897216797,131.66000366210938,21.254302978515625
2010-10-11,88.30084228515625,43.46561050415039,32.87814712524414,28.85665512084961,66.1346664428711,70.37643432617188,64.21749114990234,132.2899932861328,21.152849197387695
2010-10-12,88.57333374023438,43.7625617980957,32.7429313659668,29.061006546020508,65.481201171875,70.17250061035156,64.12104797363281,131.9600067138672,21.254302978515625
2010-10-13,89.26213073730469,44.1206169128418,33.34783935546875,29.362154006958008,65.37965393066406,70.17250061035156,64.08700561523438,134.07000732421875,21.35575294494629
2010-10-14,88.91394805908203,44.03327941894531,33.290916442871094,29.286867141723633,64.4026107788086,69.77165222167969,63.570796966552734,134.75,21.321935653686523
2010-10-15,89.09562683105469,44.967742919921875,33.248207092285156,29.24923324584961,63.615970611572266,69.46930694580078,63.16807174682617,133.67999267578125,21.085214614868164
2010-10-18,89.5346908569336,44.801815032958984,33.262447357177734,29.625661849975586,64.12981414794922,69.79985809326172,63.604888916015625,134.27999877929688,21.296573638916016
2010-10-19,88.36133575439453,44.382606506347656,32.209190368652344,29.259981155395508,64.51683807373047,70.03885650634766,63.610530853271484,130.11000061035156,20.670949935913086
2010-10-20,89.22431182861328,44.70573806762695,32.72159957885742,29.89992332458496,64.65640258789062,69.99671936035156,63.72396469116211,131.32000732421875,21.161304473876953
2010-10-21,89.4211196899414,44.7930908203125,32.72159957885742,29.867660522460938,63.88873291015625,69.60993194580078,63.55379104614258,129.47000122070312,20.89921760559082
2010-10-22,89.5876693725586,45.09874725341797,32.757164001464844,29.883792877197266,64.3201675415039,69.63106536865234,63.63323974609375,129.72999572753906,21.076759338378906
2010-10-25,89.85260772705078,45.31708908081055,33.11299133300781,29.93756866455078,64.50411987304688,69.60993194580078,63.860107421875,130.85000610351562,21.186664581298828
2010-10-26,89.86772918701172,45.439353942871094,33.08452606201172,29.722463607788086,63.50809097290039,69.14583587646484,63.51971435546875,130.8800048828125,21.296573638916016
2010-10-27,89.61039733886719,45.57908248901367,32.52232360839844,29.51273536682129,62.9497184753418,68.7449951171875,63.35528564453125,129.52000427246094,21.228939056396484
2010-10-28,89.62551879882812,45.675140380859375,32.728702545166016,29.32988929748535,63.12108612060547,69.14583587646484,63.610530853271484,131.24000549316406,21.33884620666504
2010-10-29,89.69361877441406,45.570335388183594,32.82121276855469,29.335268020629883,63.711151123046875,69.45528411865234,63.735321044921875,132.6199951171875,21.288118362426758
2010-11-01,89.7238998413086,45.605255126953125,33.18415832519531,29.588016510009766,63.4367561340332,69.33890533447266,63.71366882324219,131.9199981689453,21.42338752746582
2010-11-02,90.43547821044922,46.094337463378906,33.59690856933594,29.792369842529297,64.27057647705078,69.57154083251953,64.00980377197266,132.49000549316406,21.61783790588379
2010-11-03,90.7988052368164,46.303932189941406,33.80329132080078,29.792369842529297,62.95936584472656,69.797119140625,63.7990837097168,131.57000732421875,21.71929359436035
2010-11-04,92.54743194580078,46.8715934753418,34.571868896484375,30.480722427368164,63.44951248168945,70.361083984375,64.4027328491211,136.02999877929688,22.235008239746094
2010-11-05,92.89564514160156,46.8715934753418,34.5078239440918,30.808752059936523,62.36117172241211,70.06497192382812,64.19769287109375,136.3800048828125,22.3280086517334
2010-11-08,92.72152709960938,46.932743072509766,34.36549758911133,30.64203643798828,62.64118957519531,70.08602142333984,64.23188781738281,137.77999877929688,22.387187957763672
2010-11-09,92.05538177490234,46.679473876953125,33.931396484375,29.399799346923828,61.26005172729492,69.49400329589844,63.753562927246094,135.58999633789062,22.235008239746094
2010-11-10,92.42631530761719,46.9152717590332,34.18046188354492,29.765493392944336,61.34275817871094,69.75480651855469,63.61692428588867,137.24000549316406,22.47173309326172
2010-11-11,92.07808685302734,46.61835479736328,33.84600067138672,29.52886390686035,61.31093978881836,69.67724609375,63.3379020690918,137.66000366210938,22.285736083984375
2010-11-12,90.98805236816406,45.85853958129883,33.02760696411133,29.254608154296875,60.980037689208984,69.09921264648438,62.89369201660156,133.69000244140625,21.35575294494629
2010-11-15,90.85936737060547,45.68389129638672,33.01336669921875,28.974960327148438,59.7070426940918,68.21110534667969,62.20470428466797,132.4199981689453,21.389572143554688
2010-11-16,89.44384765625,44.93281936645508,32.14514923095703,27.980087280273438,61.190093994140625,68.71859741210938,62.534969329833984,130.97000122070312,20.7554931640625
2010-11-17,89.48924255371094,45.063812255859375,32.308834075927734,28.195192337036133,60.852691650390625,68.52127838134766,62.534969329833984,130.3800048828125,20.594858169555664
2010-11-18,90.80642700195312,45.78866195678711,33.077415466308594,28.447952270507812,61.10091781616211,68.35913848876953,62.580528259277344,132.08999633789062,21.152849197387695
2010-11-19,91.05620574951172,45.8236198425293,33.098758697509766,28.598526000976562,61.47640609741211,68.5001220703125,62.79689025878906,132.1999969482422,20.848491668701172
2010-11-22,90.9804916381836,46.2078857421875,32.99912643432617,28.673812866210938,61.73739242553711,68.8666763305664,63.144290924072266,133.47999572753906,20.91612434387207
2010-11-23,89.66333770751953,45.474273681640625,31.953012466430664,28.447952270507812,62.04290008544922,69.00767517089844,63.17839813232422,134.41000366210938,20.865400314331055
2010-11-24,90.98805236816406,46.39126205444336,32.693111419677734,28.996479034423828,60.93543243408203,68.26750946044922,62.66024398803711,134.17999267578125,21.254302978515625
2010-11-26,89.92829895019531,46.08561706542969,31.881834030151367,28.937326431274414,61.781944274902344,68.5635757446289,62.73995590209961,133.11000061035156,21.35575294494629
2010-11-29,90.2008056640625,46.05067443847656,32.13092041015625,28.92118263244629,62.310264587402344,68.71156311035156,62.80260467529297,133.50999450683594,21.398027420043945
2010-11-30,89.69361877441406,45.49174118041992,31.867616653442383,28.79212188720703,62.63481140136719,68.83137512207031,62.705814361572266,135.4199981689453,21.195119857788086
2010-12-01,91.60120391845703,46.4524040222168,32.77851867675781,28.958833694458008,61.242488861083984,67.92619323730469,62.566307067871094,135.3800048828125,21.820741653442383
2010-12-02,92.77452850341797,46.92399978637695,33.42611312866211,29.40516471862793,61.08287048339844,67.7566146850586,62.42915344238281,135.1999969482422,22.006744384765625
2010-12-03,93.0243148803711,47.0462760925293,33.54710388183594,29.399799346923828,60.603816986083984,67.76374053955078,62.251930236816406,138.07000732421875,22.285736083984375
2010-12-06,92.92591857910156,47.02880859375,33.49016571044922,29.458953857421875,61.45964050292969,68.18769073486328,62.686363220214844,139.11000061035156,22.260374069213867
2010-12-07,92.9789047241211,47.054996490478516,33.333614349365234,29.52347755432129,60.14400863647461,67.05711364746094,62.103355407714844,136.5,22.108190536499023
2010-12-08,93.31952667236328,47.229679107666016,33.1201171875,29.087890625,59.562843322753906,66.4847412109375,61.703102111816406,134.7899932861328,22.277280807495117
2010-12-09,93.68287658691406,47.27336502075195,33.006248474121094,28.829761505126953,59.85658264160156,66.62610626220703,61.85177993774414,135.3699951171875,22.218097686767578
2010-12-10,94.22789764404297,47.58772659301758,33.15569305419922,29.017980575561523,59.49251937866211,66.0608139038086,61.56595993041992,135.41000366210938,22.184282302856445
2010-12-13,94.2884521484375,47.42179870605469,33.36918258666992,29.066394805908203,59.71611022949219,66.27277374267578,61.79460144042969,136.0500030517578,22.404098510742188
2010-12-14,94.37171936035156,47.509132385253906,33.41899490356445,28.781373977661133,58.847442626953125,65.57329559326172,61.41730880737305,136.17999267578125,22.344913482666016
2010-12-15,93.94023132324219,47.29955291748047,32.87814712524414,28.507097244262695,58.0810661315918,65.3046875,61.034332275390625,134.6999969482422,22.285736083984375
2010-12-16,94.48527526855469,47.66633987426758,32.97066879272461,28.55550193786621,58.48347091674805,65.6933822631836,61.33157730102539,133.80999755859375,22.209646224975586
2010-12-17,94.58647918701172,47.70833206176758,33.020477294921875,28.79212188720703,59.55003356933594,66.2586441040039,61.891788482666016,134.1999969482422,22.378732681274414
2010-12-20,94.81477355957031,47.74333190917969,32.87103271484375,29.136295318603516,59.486106872558594,66.2515640258789,61.85177993774414,135.11000061035156,22.581636428833008
2010-12-21,95.41594696044922,48.0321044921875,33.35085678100586,29.442834854125977,59.901302337646484,66.39291381835938,61.98324966430664,135.32000732421875,22.725360870361328
2010-12-22,95.71270751953125,48.02336120605469,33.46561813354492,29.668678283691406,59.47338104248047,66.2092056274414,61.93177795410156,135.0500030517578,22.843725204467773
2010-12-23,95.57571411132812,47.90085220336914,33.42974853515625,29.534225463867188,59.35199737548828,65.97601318359375,61.960357666015625,134.66000366210938,22.928268432617188
2010-12-27,95.61376190185547,47.92709732055664,33.32215881347656,29.901203155517578,59.882144927978516,66.2303695678711,62.0804328918457,135.02000427246094,22.885995864868164
2010-12-28,95.75074005126953,47.83959197998047,33.35085678100586,30.020814895629883,58.709320068359375,65.53466033935547,61.585716247558594,137.22000122070312,23.13117218017578
2010-12-29,95.81922149658203,47.94460678100586,33.77783203125,30.080623626708984,59.70267868041992,66.27146911621094,62.050594329833984,137.7100067138672,23.13962745666504
2010-12-30,95.66706085205078,47.830833435058594,33.9500732421875,30.162179946899414,59.65782928466797,66.13684844970703,62.07927703857422,137.02999877929688,22.86063575744629
2010-12-31,95.68987274169922,47.65583801269531,34.18687057495117,30.102354049682617,60.3178596496582,66.46988677978516,62.23420333862305,138.72000122070312,23.291805267333984
2011-01-03,96.67909240722656,48.399627685546875,34.51697540283203,30.66233253479004,59.862918853759766,66.26441955566406,62.47528839111328,138.0,23.393259048461914
2011-01-04,96.62586212158203,48.364646911621094,34.67485427856445,30.075183868408203,59.93339920043945,66.4202880859375,62.555660247802734,134.75,23.080448150634766
2011-01-05,97.1280517578125,48.77592086791992,34.5887336730957,30.183917999267578,58.613189697265625,65.70470428466797,62.09646987915039,134.3699951171875,23.325620651245117
2011-01-06,96.93782806396484,48.933414459228516,34.22275161743164,29.901203155517578,58.86956024169922,66.04478454589844,62.18828201293945,133.8300018310547,23.0128116607666
2011-01-07,96.74757385253906,48.8896598815918,33.90700149536133,29.91208839416504,59.183555603027344,66.48402404785156,62.503990173339844,133.5800018310547,22.928268432617188
2011-01-10,96.62586212158203,49.07343673706055,33.55537414550781,29.90665054321289,59.50401306152344,66.71073913574219,62.61298370361328,134.1199951171875,23.198806762695312
2011-01-11,96.96824645996094,49.14344024658203,33.914180755615234,29.841413497924805,59.1707649230957,66.44860076904297,62.584312438964844,134.91000366210938,23.460893630981445
2011-01-12,97.84336853027344,49.49345779418945,34.595909118652344,29.96645164489746,58.709320068359375,66.25729370117188,62.544124603271484,135.4600067138672,23.613073348999023
2011-01-13,97.68353271484375,49.51096725463867,34.294517517089844,30.06430435180664,59.234867095947266,66.70368957519531,62.813899993896484,134.0500030517578,23.579252243041992
2011-01-14,98.3912582397461,49.87849426269531,34.39497756958008,30.265457153320312,58.85671615600586,66.5194320678711,62.51542282104492,132.69000244140625,23.68916130065918
2011-01-18,98.55863952636719,50.01849365234375,34.34474563598633,30.526411056518555,58.581172943115234,66.35648345947266,62.48101806640625,133.42999267578125,23.663799285888672
2011-01-19,97.59222412109375,49.44972229003906,34.07923126220703,30.124114990234375,59.004146575927734,66.52656555175781,62.43509292602539,133.72000122070312,23.63843536376953
2011-01-20,97.46286010742188,49.09968566894531,33.70606994628906,30.129558563232422,58.19026184082031,66.00934600830078,62.16529846191406,131.1999969482422,23.40171241760254
2011-01-21,97.68353271484375,48.72340774536133,33.35444259643555,30.15129280090332,58.65166091918945,66.22901153564453,62.25716781616211,131.02999877929688,23.63843536376953
2011-01-24,98.23905181884766,49.39720153808594,33.612789154052734,30.303529739379883,58.67732238769531,66.2360610961914,62.285865783691406,130.36000061035156,23.435529708862305
2011-01-25,98.29231262207031,49.46720504760742,33.411861419677734,30.656888961791992,59.234867095947266,66.56901550292969,62.595794677734375,130.10000610351562,23.13962745666504
2011-01-26,98.67276763916016,49.72972106933594,33.70606994628906,30.705827713012695,58.337615966796875,66.16519165039062,62.245723724365234,131.16000366210938,23.655345916748047
2011-01-27,98.91633605957031,50.036006927490234,33.59125900268555,31.189678192138672,58.600425720214844,66.41315460205078,62.34901428222656,127.93000030517578,23.45244026184082
2011-01-28,97.1889419555664,48.767154693603516,32.529205322265625,30.67321014404297,58.90798568725586,66.71780395507812,62.429386138916016,130.27999877929688,23.74834442138672
2011-01-31,97.91942596435547,49.00343704223633,32.87364959716797,31.08095359802246,58.45944595336914,66.45571899414062,62.25716781616211,129.8699951171875,24.120332717895508
2011-02-01,99.4870376586914,49.922237396240234,33.67019271850586,31.15705680847168,58.169986724853516,66.1467056274414,62.17476272583008,130.8000030517578,24.297874450683594
2011-02-02,99.29679107666016,49.84349060058594,33.41903305053711,31.15705680847168,58.18289566040039,65.99046325683594,62.05381774902344,130.4499969482422,24.53459930419922
2011-02-03,99.51744079589844,49.930992126464844,33.375972747802734,31.244056701660156,57.70054244995117,65.61402893066406,61.90401077270508,132.1999969482422,24.373966217041016
2011-02-04,99.79898834228516,50.21100997924805,33.36880111694336,31.01572608947754,57.115299224853516,65.20917510986328,61.71382141113281,131.66000366210938,24.238697052001953
2011-02-07,100.42300415039062,50.447288513183594,33.411861419677734,31.320158004760742,57.41108703613281,65.18080139160156,61.78299331665039,131.67999267578125,24.17106056213379
2011-02-08,100.87957000732422,50.779815673828125,33.42620086669922,31.456085205078125,56.883785247802734,64.73328399658203,61.558311462402344,133.13999938964844,24.331693649291992
2011-02-09,100.6512680053711,50.692291259765625,32.65835952758789,31.47782325744629,57.378963470458984,65.10265350341797,61.95588684082031,133.07000732421875,24.450056076049805
2011-02-10,100.68931579589844,50.77104949951172,32.34980010986328,31.608312606811523,56.716548919677734,64.88957214355469,61.65046691894531,132.85000610351562,24.306331634521484
2011-02-11,101.29048156738281,51.138572692871094,32.744483947753906,31.814897537231445,57.5333251953125,65.18787384033203,61.99043273925781,132.32000732421875,24.221790313720703
2011-02-14,101.53398132324219,51.2610969543457,32.57942199707031,31.82032585144043,57.5718879699707,65.20917510986328,62.030765533447266,132.9499969482422,24.34014892578125
2011-02-15,101.21439361572266,51.19109344482422,32.64401626586914,31.700716018676758,57.82913589477539,65.35833740234375,62.169044494628906,133.97000122070312,24.02733612060547
2011-02-16,101.8536148071289,51.52360534667969,32.91669464111328,31.771385192871094,57.642669677734375,65.2659912109375,62.094154357910156,134.10000610351562,24.204877853393555
2011-02-17,102.1579818725586,51.506099700927734,33.03152084350586,31.804019927978516,57.732669830322266,65.50749969482422,62.20936965942383,135.0399932861328,24.280967712402344
2011-02-18,102.37104797363281,51.39235305786133,33.232452392578125,31.92906379699707,57.55265426635742,65.49324798583984,62.30154800415039,135.41000366210938,24.255605697631836
2011-02-22,100.31645965576172,49.90473937988281,32.17039489746094,31.651790618896484,58.4144172668457,66.12540435791016,62.474395751953125,136.2899932861328,24.221790313720703
2011-02-23,99.7000961303711,49.49345779418945,32.199092864990234,31.38539695739746,58.626617431640625,65.9620590209961,62.39948272705078,137.50999450683594,24.762868881225586
2011-02-24,99.63162231445312,49.75597381591797,32.27803421020508,31.146188735961914,58.999671936035156,66.13251495361328,62.46860885620117,136.47999572753906,24.54305648803711
2011-02-25,100.69694519042969,50.447288513183594,32.66553497314453,31.755084991455078,59.3469123840332,66.34563446044922,62.762516021728516,137.3800048828125,25.08413314819336
2011-02-28,101.32087707519531,50.55228042602539,32.859291076660156,32.543392181396484,59.42405700683594,66.31720733642578,62.92954635620117,137.66000366210938,25.126405715942383
2011-03-01,99.63162231445312,49.73847961425781,32.52202224731445,31.575679779052734,59.59634017944336,66.3926773071289,62.93077850341797,140.02999877929688,25.506853103637695
2011-03-02,99.84468078613281,50.000999450683594,32.96693420410156,31.287534713745117,58.680171966552734,66.0438003540039,62.59524154663086,139.9199981689453,25.608304977416992
2011-03-03,101.56440734863281,50.98981475830078,33.619956970214844,31.738798141479492,58.10594940185547,65.59528350830078,62.3291130065918,138.08999633789062,25.599851608276367
2011-03-04,100.80349731445312,50.72730255126953,33.655845642089844,31.4343318939209,58.589847564697266,66.06520080566406,62.56629180908203,139.35000610351562,25.726665496826172
2011-03-07,100.01210021972656,50.044761657714844,33.182212829589844,31.205997467041016,58.21564865112305,65.9014663696289,62.41010665893555,139.72000122070312,25.608304977416992
2011-03-08,100.88713836669922,50.246009826660156,33.627140045166016,31.64636993408203,57.860836029052734,65.74486541748047,62.3291130065918,139.36000061035156,25.388490676879883
2011-03-09,100.74259948730469,49.90473937988281,33.69171142578125,31.613733291625977,58.42213439941406,66.12926483154297,62.653072357177734,139.41000366210938,25.48994255065918
2011-03-10,98.8782730102539,49.12594223022461,32.69424819946289,31.129871368408203,59.4028434753418,66.69166564941406,62.90760040283203,137.77000427246094,25.075679779052734
2011-03-11,99.56310272216797,49.43220138549805,33.03152084350586,31.44520378112793,59.067264556884766,66.53502655029297,62.84977340698242,138.22000122070312,24.93195343017578
2011-03-14,98.96195220947266,49.2571907043457,33.22526931762695,31.129871368408203,59.041507720947266,66.68450927734375,62.91914367675781,138.86000061035156,24.999589920043945
2011-03-15,97.8281478881836,48.5571403503418,32.67271041870117,30.966777801513672,59.9254264831543,66.9265365600586,62.913368225097656,136.27000427246094,24.086517333984375
2011-03-16,96.01705169677734,47.384552001953125,32.005348205566406,30.510099411010742,60.602848052978516,67.49610137939453,63.28938293457031,136.24000549316406,24.230241775512695
2011-03-17,97.28785705566406,47.822086334228516,32.400028228759766,30.743886947631836,60.1383056640625,67.28964233398438,63.24888229370117,136.97000122070312,24.982681274414062
2011-03-18,97.64173126220703,47.714317321777344,32.457427978515625,31.053762435913086,60.299598693847656,67.24693298339844,63.28938293457031,138.3699951171875,25.126405715942383
2011-03-21,99.15495300292969,48.634422302246094,33.081756591796875,31.390830993652344,59.94478225708008,66.89810943603516,63.086891174316406,139.13999938964844,25.244766235351562
2011-03-22,98.8110580444336,48.54680633544922,33.182212829589844,31.189678192138672,60.14472579956055,66.93370056152344,63.202632904052734,139.0500030517578,25.43076515197754
2011-03-23,99.09381103515625,48.81842803955078,33.619956970214844,30.847177505493164,60.06734848022461,66.8482666015625,63.162109375,140.33999633789062,25.481487274169922
2011-03-24,100.04148864746094,49.68597412109375,34.00746536254883,30.9776554107666,59.61567687988281,66.50655364990234,62.95389938354492,139.22000122070312,25.56603240966797
2011-03-25,100.34719848632812,49.80864715576172,33.97159957885742,31.219696044921875,59.46730041503906,66.32853698730469,62.86129379272461,139.25999450683594,25.6336669921875
2011-03-28,100.1026382446289,49.537017822265625,33.79935836791992,31.181364059448242,59.55125045776367,66.34991455078125,62.884422302246094,138.5399932861328,25.28704071044922
2011-03-29,100.77516174316406,50.01897430419922,34.18687057495117,31.307313919067383,59.093135833740234,66.15772247314453,62.577850341796875,138.2100067138672,25.43076515197754
2011-03-30,101.47066497802734,50.255577087402344,34.62461471557617,31.7618350982666,59.5640983581543,66.38552856445312,62.79187774658203,138.6699981689453,25.39694595336914
2011-03-31,101.33304595947266,50.325660705566406,34.92600631713867,32.01921463012695,59.4415283203125,66.21466064453125,62.589439392089844,139.86000061035156,25.794301986694336
2011-04-01,101.76102447509766,50.35197067260742,35.485740661621094,32.068504333496094,59.73049545288086,66.3559799194336,62.88505172729492,139.1999969482422,25.971843719482422
2011-04-04,101.84514617919922,50.18545913696289,35.787147521972656,32.04660415649414,59.7952880859375,66.50586700439453,63.03025436401367,139.83999633789062,26.208568572998047
2011-04-05,101.82984924316406,50.05402374267578,35.71538162231445,32.07946014404297,59.555538177490234,66.17041015625,63.06508255004883,142.0500030517578,26.23392677307129
2011-04-06,102.15083312988281,50.17669677734375,35.90912628173828,32.09588623046875,58.661434173583984,65.88488006591797,62.861820220947266,142.3800048828125,26.31001853942871
2011-04-07,101.89102935791016,50.14164352416992,35.87324905395508,31.73993492126465,58.544837951660156,65.89202880859375,62.76886749267578,142.50999450683594,26.36074447631836
2011-04-08,101.5394515991211,49.90504837036133,35.90912628173828,31.509946823120117,58.23383712768555,65.69931030273438,62.73402786254883,143.66000366210938,26.98636817932129
2011-04-11,101.2337417602539,49.738555908203125,35.485740661621094,31.531845092773438,58.2856330871582,65.78498840332031,62.739845275878906,142.63999938964844,26.487560272216797
2011-04-12,100.47711181640625,49.39679718017578,34.81836700439453,31.47707748413086,58.9140625,66.1561050415039,62.96051788330078,141.61000061035156,25.946481704711914
2011-04-13,100.46946716308594,49.817413330078125,35.10540008544922,31.42780303955078,59.28340148925781,66.4130630493164,63.070899963378906,141.89999389648438,26.14938735961914
2011-04-14,100.5458984375,49.729793548583984,35.213050842285156,31.8823184967041,59.238067626953125,66.19182586669922,62.914085388183594,143.80999755859375,26.21702003479004
2011-04-15,100.91273498535156,49.64216995239258,35.25611114501953,32.293033599853516,60.04145431518555,66.6772232055664,63.245147705078125,145.0500030517578,26.3522891998291
2011-04-18,99.78164672851562,49.29164123535156,34.37343978881836,32.0027961730957,60.17755126953125,66.84140014648438,63.33219909667969,145.92999267578125,26.1916561126709
2011-04-19,100.3548583984375,49.59834289550781,34.86859130859375,32.254695892333984,60.43666458129883,66.92705535888672,63.46580123901367,145.92999267578125,26.200109481811523
2011-04-20,101.72289276123047,50.72000503540039,35.693851470947266,32.63254928588867,60.04792785644531,66.66294860839844,63.494873046875,146.5,26.6143741607666
2011-04-21,102.24254608154297,51.12310791015625,36.00959777832031,32.85160446166992,59.99608612060547,66.712890625,63.552894592285156,146.74000549316406,26.808826446533203
2011-04-25,102.13558197021484,51.25454330444336,35.71538162231445,33.07065200805664,60.222900390625,66.94851684570312,63.6168098449707,146.8699951171875,26.732736587524414
2011-04-26,103.01445770263672,51.54372787475586,36.02394485473633,33.36088180541992,60.80598068237305,67.23397827148438,63.91300582885742,146.3800048828125,26.72428321838379
2011-04-27,103.68701171875,51.894256591796875,35.95936965942383,33.60731887817383,60.18402099609375,67.0412826538086,63.83171081542969,149.1999969482422,26.884916305541992
2011-04-28,104.0232925415039,51.81537628173828,35.66514205932617,34.056365966796875,60.64402389526367,67.2982406616211,64.03495025634766,149.82000732421875,26.69046401977539
2011-04-29,104.26782989501953,51.771583557128906,35.88042068481445,33.859222412109375,60.83190155029297,67.43383026123047,64.1569595336914,152.3699951171875,26.969459533691406
2011-05-02,104.10734558105469,51.67517852783203,35.88760757446289,33.908504486083984,60.929527282714844,67.41307067871094,64.30673217773438,150.41000366210938,26.69892120361328
2011-05-03,103.73284149169922,51.4298095703125,35.09105682373047,33.61826705932617,61.2744140625,67.5920181274414,64.27757263183594,149.8800048828125,26.419925689697266
2011-05-04,103.04501342773438,51.350948333740234,34.509796142578125,33.426597595214844,61.54766845703125,67.76376342773438,64.37091064453125,147.72999572753906,25.997207641601562
2011-05-05,102.11263275146484,51.07054138183594,34.17969512939453,33.40468978881836,62.133270263671875,68.10009765625,64.5924301147461,143.47000122070312,24.255605697631836
2011-05-06,102.56354522705078,51.237022399902344,34.62461471557617,33.108985900878906,61.86000442504883,68.13590240478516,64.5924301147461,145.3000030517578,24.179513931274414
2011-05-09,102.9609603881836,51.4298095703125,34.689186096191406,33.278743743896484,61.794921875,68.23609161376953,64.65654754638672,147.3800048828125,25.067224502563477
2011-05-10,103.83984375,51.867950439453125,35.098236083984375,33.804443359375,61.35249328613281,67.90691375732422,64.39422607421875,147.89999389648438,25.295494079589844
2011-05-11,102.74696350097656,51.491146087646484,34.32322311401367,33.448509216308594,61.703834533691406,68.15022277832031,64.49916076660156,146.5399932861328,24.483869552612305
2011-05-12,103.2360610961914,51.797855377197266,34.42367935180664,33.50328063964844,61.31344985961914,67.9998779296875,64.34756469726562,146.58999633789062,24.509235382080078
2011-05-13,102.4412612915039,51.1844482421875,33.67019271850586,33.147308349609375,61.86649703979492,68.26470947265625,64.53995513916016,145.6300048828125,24.5515079498291
2011-05-16,101.79165649414062,50.29939270019531,33.619956970214844,33.19660949707031,62.21134948730469,68.42935943603516,64.72652435302734,145.3699951171875,24.230241775512695
2011-05-17,101.77637481689453,50.439598083496094,33.72759246826172,33.185646057128906,62.84903335571289,68.62968444824219,64.81402587890625,144.74000549316406,24.2894229888916
2011-05-18,102.68582153320312,50.86021041870117,34.272979736328125,33.50873565673828,62.01613235473633,68.23609161376953,64.65071868896484,145.60000610351562,24.779775619506836
2011-05-19,102.93040466308594,51.009185791015625,34.05052947998047,33.651123046875,61.9901123046875,68.30764770507812,64.76152801513672,145.64999389648438,24.585325241088867
2011-05-20,102.11263275146484,50.623619079589844,33.77783203125,33.24040222167969,62.0226936340332,68.47221374511719,64.7148666381836,147.49000549316406,24.813594818115234
2011-05-23,100.92803192138672,49.87876892089844,33.07457733154297,32.90087890625,62.32197952270508,68.56526947021484,64.67404174804688,147.8300018310547,24.416234970092773
2011-05-24,100.84396362304688,49.57207489013672,33.4046745300293,32.99945831298828,62.55623245239258,68.63685607910156,64.75568389892578,148.58999633789062,24.74595832824707
2011-05-25,101.18022155761719,49.764854431152344,33.4764404296875,33.15280532836914,62.263404846191406,68.64400482177734,64.6274185180664,148.5800018310547,25.194040298461914
2011-05-26,101.64642333984375,50.0715446472168,33.90700149536133,33.59635925292969,62.797035217285156,69.0232925415039,64.90727233886719,148.22000122070312,25.28704071044922
2011-05-27,102.03618621826172,50.325660705566406,34.26580047607422,33.78802490234375,62.77095031738281,69.01615142822266,64.97720336914062,149.6999969482422,25.43076515197754
2011-05-31,103.0985336303711,51.14063262939453,34.82554244995117,34.32470703125,62.91407775878906,69.12350463867188,64.97142791748047,149.63999938964844,25.57448959350586
2011-06-01,100.78280639648438,50.0277214050293,34.20122146606445,33.338985443115234,63.764347076416016,69.69314575195312,65.29618835449219,149.91000366210938,25.25322151184082
2011-06-02,100.67581939697266,50.13288879394531,34.524147033691406,33.09803009033203,62.54965591430664,69.27699279785156,64.70509338378906,149.5,25.473033905029297
2011-06-03,99.67462921142578,49.3792610168457,34.351905822753906,33.229461669921875,62.90885543823242,69.54964447021484,64.84555053710938,150.22000122070312,25.57448959350586
2011-06-06,98.61998748779297,48.976173400878906,33.79935836791992,32.74208068847656,62.43212127685547,69.5066146850586,64.734375,150.47999572753906,25.278583526611328
2011-06-07,98.55885314941406,48.888553619384766,34.06486892700195,33.08706283569336,62.71945571899414,69.63568878173828,64.95677185058594,150.4199981689453,25.51530647277832
2011-06-08,98.14610290527344,48.53803253173828,33.82089614868164,32.99400329589844,63.209285736083984,69.78643035888672,64.99771881103516,149.80999755859375,25.726665496826172
2011-06-09,98.89509582519531,48.62567138671875,34.086402893066406,32.63803482055664,62.954593658447266,69.5066146850586,64.82213592529297,150.55999755859375,25.870391845703125
2011-06-10,97.51947021484375,47.88081359863281,33.34726333618164,31.816608428955078,63.43778610229492,69.72901153564453,64.7460708618164,149.24000549316406,25.599851608276367
2011-06-13,97.5958480834961,47.88081359863281,33.28986358642578,31.94803237915039,63.11782455444336,69.578369140625,64.81632232666016,147.77000427246094,25.43076515197754
2011-06-14,98.83396911621094,48.49421691894531,33.79219436645508,32.424461364746094,62.16434860229492,69.02593231201172,64.62318420410156,148.6699981689453,25.608304977416992
2011-06-15,97.07615661621094,47.57411575317383,33.06740951538086,31.90422248840332,63.294185638427734,69.7720947265625,64.98017883300781,149.1199951171875,24.92350196838379
2011-06-16,97.2901611328125,47.39008712768555,32.81623458862305,32.156131744384766,63.58152770996094,69.9658203125,64.85729217529297,148.97000122070312,24.822050094604492
2011-06-17,97.58049011230469,47.241661071777344,32.859291076660156,32.46280288696289,63.28116989135742,69.91551971435547,64.88068389892578,149.94000244140625,24.712139129638672
2011-06-20,98.07969665527344,47.48755645751953,32.809051513671875,32.85708236694336,63.35944366455078,69.80792999267578,64.89241027832031,150.02999877929688,24.576868057250977
2011-06-21,99.42382049560547,48.506351470947266,33.411861419677734,33.114463806152344,63.07868957519531,69.71461486816406,64.87481689453125,150.75999450683594,24.593778610229492
2011-06-22,98.82470703125,48.1550407409668,33.07917785644531,33.01587677001953,63.11782455444336,69.68592834472656,64.96260833740234,150.99000549316406,24.703685760498047
2011-06-23,98.54055786132812,48.602962493896484,33.03569030761719,32.34779357910156,63.60110855102539,70.05184936523438,65.13235473632812,148.33999633789062,24.179513931274414
2011-06-24,97.3961410522461,47.75981521606445,32.97770690917969,32.352760314941406,63.33336639404297,70.34601593017578,65.16746520996094,146.25999450683594,23.89206886291504
2011-06-27,98.26407623291016,48.523921966552734,33.36183166503906,32.49083709716797,62.464744567871094,70.0733871459961,64.95677185058594,145.72999572753906,23.883609771728516
2011-06-28,99.54666900634766,49.24409484863281,33.81846618652344,32.76145935058594,61.96196746826172,69.42766571044922,64.5061264038086,146.24000549316406,24.306331634521484
2011-06-29,100.39924621582031,49.44609451293945,34.1301155090332,33.1038818359375,61.55051803588867,69.01153564453125,64.35985565185547,147.17999267578125,24.74595832824707
2011-06-30,101.35928344726562,50.10477828979492,34.499759674072266,33.192222595214844,61.452579498291016,68.7747802734375,64.45343017578125,146.0,24.483869552612305
2011-07-01,102.85697937011719,50.86008834838867,34.905635833740234,33.76108169555664,61.354244232177734,68.6029052734375,64.45699310302734,144.92999267578125,24.517690658569336
2011-07-05,102.77251434326172,51.11478805541992,34.891136169433594,34.02066421508789,61.49187469482422,69.0344467163086,64.68606567382812,147.6300048828125,24.847412109375
2011-07-06,102.89533996582031,51.28166961669922,34.65921401977539,34.27470397949219,61.8064079284668,69.15668487548828,64.8212890625,148.91000366210938,24.838956832885742
2011-07-07,103.96292877197266,51.98426055908203,35.137550354003906,34.70549774169922,61.62293243408203,68.89065551757812,64.83887481689453,149.14999389648438,25.363128662109375
2011-07-08,103.22563171386719,51.84375,34.73893737792969,34.66130828857422,62.49448013305664,69.6241455078125,65.2559814453125,150.25,25.337764739990234
2011-07-11,101.35928344726562,50.90401840209961,33.76772689819336,34.0593147277832,63.43147659301758,70.15635681152344,65.473388671875,151.58999633789062,25.1433162689209
2011-07-12,100.92149353027344,50.5175895690918,33.42708206176758,34.17530822753906,63.647769927978516,70.2570571899414,65.52628326416016,152.77000427246094,25.363128662109375
2011-07-13,101.25943756103516,50.72835159301758,33.970664978027344,33.838401794433594,63.82465362548828,70.37212371826172,65.69072723388672,154.13999938964844,25.709758758544922
2011-07-14,100.56049346923828,50.13991165161133,33.608280181884766,33.52360534667969,62.913848876953125,69.9693603515625,65.28543090820312,154.5399932861328,25.56603240966797
2011-07-15,101.14421844482422,50.80739974975586,33.81846618652344,33.89363479614258,63.0186767578125,70.2570571899414,65.43226623535156,155.1999969482422,25.794301986694336
2011-07-18,100.31474304199219,50.535125732421875,33.42708206176758,33.65614318847656,62.409244537353516,70.21394348144531,65.17961120605469,156.57000732421875,25.650577545166016
2011-07-19,101.94300079345703,51.68566131591797,33.912681579589844,34.197391510009766,63.706729888916016,70.48001098632812,65.49687957763672,154.66000366210938,25.828121185302734
2011-07-20,101.88155364990234,51.466102600097656,34.014156341552734,34.44591522216797,62.953121185302734,70.13475799560547,65.34413146972656,156.02000427246094,25.912662506103516
2011-07-21,103.2947769165039,51.80862045288086,34.557743072509766,34.72206115722656,62.46820831298828,69.74640655517578,65.24429321289062,154.8300018310547,25.785844802856445
2011-07-22,103.36388397216797,52.3443489074707,34.5360107421875,34.89326477050781,62.94004821777344,70.01254272460938,65.50859069824219,156.1199951171875,25.997207641601562
2011-07-25,102.787841796875,52.23896408081055,34.4635124206543,34.56742858886719,62.252017974853516,69.78958892822266,65.19722747802734,157.33999633789062,25.870391845703125
2011-07-26,102.40384674072266,52.370704650878906,34.57948684692383,34.644744873046875,62.67790222167969,70.08448028564453,65.48517608642578,157.77000427246094,26.07329559326172
2011-07-27,100.3070297241211,51.01816940307617,33.970664978027344,33.672725677490234,62.68446350097656,69.9693603515625,65.29129791259766,157.19000244140625,25.895751953125
2011-07-28,100.01518249511719,51.10599899291992,33.999656677246094,33.70586013793945,62.92038345336914,70.10600280761719,65.43226623535156,157.32000732421875,25.81121253967285
2011-07-29,99.33165740966797,50.939144134521484,34.144615173339844,33.71138381958008,64.16541290283203,70.95463562011719,66.01978302001953,158.2899932861328,25.599851608276367
2011-08-01,98.90918731689453,50.70199966430664,34.115604400634766,33.20328140258789,64.81299591064453,71.21275329589844,66.21499633789062,157.72000122070312,25.599851608276367
2011-08-02,96.38228607177734,49.41972732543945,33.064674377441406,32.14289474487305,66.7591323852539,71.86874389648438,66.76937866210938,161.52000427246094,25.599851608276367
2011-08-03,96.90459442138672,49.89400100708008,32.94872283935547,31.877803802490234,66.89064025878906,71.92646789550781,66.74573516845703,161.49000549316406,25.219404220581055
2011-08-04,92.36546325683594,47.57539367675781,31.064279556274414,30.320350646972656,69.27068328857422,72.87806701660156,67.2292709350586,160.63999938964844,24.26405906677246
2011-08-05,92.2271957397461,47.276771545410156,30.861343383789062,29.56373405456543,67.2719955444336,72.03459930419922,66.39781188964844,161.75,24.36551284790039
2011-08-08,86.2210464477539,44.43122863769531,28.288349151611328,26.99561309814453,69.39556884765625,73.18083190917969,65.76681518554688,167.1199951171875,23.460893630981445
2011-08-09,90.23027801513672,46.57417678833008,29.948108673095703,29.45328712463379,69.60591888427734,73.60619354248047,66.35652160644531,168.61000061035156,23.68916130065918
2011-08-10,86.24408721923828,44.66834259033203,28.360828399658203,28.773969650268555,71.677001953125,74.57946014404297,66.9521255493164,174.5800018310547,23.790613174438477
2011-08-11,90.11502838134766,46.63565444946289,29.92636489868164,30.265127182006836,68.0609130859375,73.4836654663086,65.57806396484375,170.75,24.306331634521484
2011-08-12,90.7218246459961,47.04843521118164,29.91187286376953,30.25960922241211,69.40874481201172,73.99555206298828,66.32701110839844,169.97000122070312,24.272512435913086
2011-08-15,92.64192962646484,47.74227523803711,30.607667922973633,31.364171981811523,68.70523071289062,73.7215347290039,66.45082092285156,171.8000030517578,24.56841468811035
2011-08-16,91.850830078125,47.338260650634766,30.346738815307617,31.270280838012695,69.84266662597656,74.06037902832031,66.69265747070312,173.9199981689453,24.56841468811035
2011-08-17,91.91228485107422,47.05721664428711,30.56416893005371,31.35866355895996,71.06550598144531,74.57946014404297,66.87549591064453,174.4199981689453,24.779775619506836
2011-08-18,87.94916534423828,44.74738693237305,29.121849060058594,29.961376190185547,72.52515411376953,74.9687271118164,66.96391296386719,177.72000122070312,24.17106056213379
2011-08-19,86.51292419433594,43.939388275146484,28.75946044921875,29.387004852294922,73.11029815673828,75.04803466796875,66.88137817382812,179.9499969482422,24.60223388671875
2011-08-22,86.58204650878906,44.097476959228516,28.73046875,29.420135498046875,72.92617797851562,74.91107177734375,66.63368225097656,184.58999633789062,24.644506454467773
2011-08-23,89.43148803710938,45.91548156738281,29.7379150390625,30.14363670349121,71.9202651977539,74.60829162597656,65.87287902832031,177.6699981689453,24.89813804626465
2011-08-24,90.69107818603516,46.27557373046875,29.448009490966797,30.54126739501953,69.87548065185547,73.80804443359375,65.09445190429688,171.64999389648438,24.644506454467773
2011-08-25,89.3086166381836,45.5202751159668,28.87542724609375,29.972429275512695,70.63163757324219,74.2622299194336,65.45425415039062,172.36000061035156,24.754413604736328
2011-08-26,90.60657501220703,46.662010192871094,29.368282318115234,30.336925506591797,71.32853698730469,74.50012969970703,65.48367309570312,177.47000122070312,25.03340721130371
2011-08-29,93.21026611328125,47.96182632446289,30.31774139404297,31.375225067138672,70.34228515625,74.00987243652344,65.6960220336914,173.88999938964844,25.117950439453125
2011-08-30,93.45610809326172,48.27799987792969,30.361236572265625,31.463581085205078,71.47322845458984,74.52176666259766,66.04398345947266,179.10000610351562,25.456127166748047
2011-08-31,93.8708267211914,48.35704040527344,30.984560012817383,31.817054748535156,70.36859893798828,74.25506591796875,66.24446105957031,177.72000122070312,25.498397827148438
2011-09-01,92.8877182006836,47.91791915893555,30.817861557006836,31.35866355895996,71.86029815673828,74.8467788696289,66.29362487792969,177.8699951171875,25.320858001708984
2011-09-02,90.51443481445312,46.79373550415039,30.12205696105957,30.618595123291016,74.19476318359375,75.53315734863281,66.70201110839844,183.24000549316406,25.185585021972656
2011-09-06,89.8539047241211,46.80253982543945,29.81039810180664,30.486047744750977,74.96630859375,75.63435363769531,67.09259033203125,182.89999389648438,25.101041793823242
2011-09-07,92.38849639892578,47.98817825317383,30.69463348388672,31.634790420532227,73.53528594970703,75.22972869873047,67.22286224365234,177.0800018310547,25.329307556152344
2011-09-08,91.4284439086914,47.76860809326172,30.013338088989258,31.391786575317383,74.19476318359375,75.5982437133789,67.1636962890625,181.80999755859375,25.160221099853516
2011-09-09,89.03211975097656,46.705928802490234,28.998645782470703,30.408721923828125,74.98611450195312,75.96669006347656,67.2347412109375,180.6999969482422,24.762868881225586
2011-09-12,89.608154296875,47.303131103515625,28.940656661987305,30.508132934570312,75.06523895263672,75.73551940917969,66.82632446289062,176.6699981689453,24.703685760498047
2011-09-13,90.429931640625,47.93547821044922,28.984146118164062,30.579927444458008,73.99691772460938,75.5114974975586,66.81448364257812,178.5399932861328,24.627593994140625
2011-09-14,91.681884765625,48.62053298950195,28.904422760009766,30.77875328063965,74.6234359741211,75.55489349365234,66.78483581542969,177.2100067138672,24.509235382080078
2011-09-15,93.2640380859375,49.34069061279297,29.324785232543945,31.286865234375,73.48253631591797,74.99132537841797,66.55406188964844,174.39999389648438,24.610689163208008
2011-09-16,93.81604766845703,49.792972564697266,29.37552261352539,31.59061622619629,74.01669311523438,75.13579559326172,66.55406188964844,176.02999877929688,24.500782012939453
2011-09-19,92.88188171386719,49.81056594848633,28.505781173706055,30.90025520324707,75.42789459228516,75.74993133544922,66.92105865478516,173.30999755859375,24.086517333984375
2011-09-20,92.7738037109375,49.59058380126953,28.29559898376465,30.88368034362793,75.74447631835938,75.85112762451172,66.95062255859375,175.77999877929688,24.044246673583984
2011-09-21,90.04084777832031,48.72829055786133,27.244659423828125,29.25446128845215,78.25037384033203,76.17622375488281,67.10453033447266,173.58999633789062,23.68916130065918
2011-09-22,87.1303482055664,47.144508361816406,25.33122444152832,28.54199981689453,81.19156646728516,76.88429260253906,67.2347412109375,169.0500030517578,22.852176666259766
2011-09-23,87.65531921386719,47.646034240722656,26.005281448364258,28.75223731994629,79.68138885498047,76.24842834472656,66.82042694091797,159.8000030517578,22.446369171142578
2011-09-26,89.73975372314453,48.20035171508789,26.39665985107422,29.153745651245117,78.40200805664062,75.9305648803711,66.69603729248047,157.5800018310547,22.5224552154541
2011-09-27,90.74339294433594,48.701908111572266,27.237417221069336,29.443729400634766,77.20183563232422,75.4248046875,66.48300170898438,160.6300048828125,22.902904510498047
2011-09-28,88.89054870605469,47.98040008544922,26.418405532836914,28.696487426757812,77.17546081542969,75.43927764892578,66.21659851074219,156.22000122070312,22.285736083984375
2011-09-29,89.59310150146484,47.408477783203125,26.78079605102539,29.14260482788086,77.70960235595703,75.43927764892578,66.14566040039062,157.6999969482422,22.547821044921875
2011-09-30,87.35420989990234,46.18540954589844,25.43994140625,28.36745834350586,79.66160583496094,75.9161376953125,66.47703552246094,158.05999755859375,21.77001953125
2011-10-03,84.86832427978516,44.997562408447266,24.903608322143555,27.029117584228516,81.85391235351562,76.6191177368164,66.60063934326172,160.9600067138672,21.660110473632812
2011-10-04,86.72886657714844,45.92146301269531,25.287738800048828,28.094221115112305,80.81588745117188,76.2281265258789,66.0184555053711,157.63999938964844,21.61783790588379
2011-10-05,88.3346939086914,47.10051345825195,25.87482261657715,27.854427337646484,80.23409271240234,75.90959167480469,66.291748046875,159.4600067138672,21.922195434570312
2011-10-06,89.93277740478516,47.89240646362305,26.730066299438477,28.618406295776367,78.75321197509766,75.38109588623047,66.02433776855469,160.49000549316406,22.378732681274414
2011-10-07,89.33059692382812,47.57563018798828,26.411157608032227,27.82097053527832,78.17144012451172,74.99016571044922,65.96493530273438,159.17999267578125,22.277280807495117
2011-10-10,92.31832885742188,49.22101593017578,27.59255599975586,29.209503173828125,77.06733703613281,74.20103454589844,66.0897216796875,163.27000427246094,22.776092529296875
2011-10-11,92.41097259521484,49.55540084838867,27.607053756713867,28.62956428527832,76.80951690673828,74.4471664428711,66.26795196533203,162.10000610351562,22.945173263549805
2011-10-12,93.2215805053711,49.80175018310547,28.382577896118164,29.097986221313477,75.69219970703125,74.19377136230469,66.36893463134766,163.25999450683594,22.987449645996094
2011-10-13,93.03630828857422,50.259307861328125,28.1289005279541,28.908382415771484,76.4458999633789,74.4906234741211,66.4283676147461,162.3000030517578,23.038175582885742
2011-10-14,94.62667846679688,51.19198989868164,28.69422721862793,29.577564239501953,75.33525848388672,74.12135314941406,66.38679504394531,163.39999389648438,23.56234359741211
2011-10-17,92.82012939453125,50.40009307861328,27.723018646240234,28.936269760131836,76.63766479492188,74.6064682006836,66.33926391601562,162.6199951171875,23.224170684814453
2011-10-18,94.63438415527344,51.024803161621094,28.462295532226562,29.956768035888672,76.16159057617188,74.52680206298828,66.57098388671875,161.83999633789062,23.350988388061523
2011-10-19,93.51495361328125,50.03934097290039,27.918704986572266,29.611024856567383,76.13514709472656,74.64260864257812,66.74324798583984,159.8699951171875,22.894451141357422
2011-10-20,93.92412567138672,49.792972564697266,27.38237190246582,29.778305053710938,75.59304809570312,74.4906234741211,66.89176177978516,157.77000427246094,22.86063575744629
2011-10-21,95.7074966430664,50.41768264770508,28.16513442993164,30.759763717651367,74.79306030273438,74.35303497314453,67.11161041259766,159.52000427246094,22.978994369506836
2011-10-24,96.88093566894531,51.46475601196289,29.26681137084961,31.52373504638672,74.91868591308594,74.31681060791016,67.45620727539062,161.02000427246094,23.342531204223633
2011-10-25,94.99723052978516,50.452880859375,28.68697738647461,31.01070213317871,76.82271575927734,74.95396423339844,67.7889175415039,165.58999633789062,23.418622970581055
2011-10-26,95.96224975585938,50.39128875732422,29.216081619262695,31.239351272583008,75.48064422607422,74.40371704101562,67.74134063720703,167.39999389648438,23.28335189819336
2011-10-27,99.30511474609375,51.78152084350586,30.991790771484375,32.72268295288086,72.92207336425781,73.5060043334961,67.72943878173828,169.5500030517578,23.90052032470703
2011-10-28,99.28196716308594,51.8607177734375,30.73086929321289,32.78959274291992,73.68898010253906,73.9476089477539,67.99091339111328,169.6199951171875,23.799068450927734
2011-10-31,96.888671875,50.98961639404297,29.57846450805664,32.421546936035156,76.61119079589844,74.93941497802734,68.14537811279297,167.33999633789062,23.435529708862305
2011-11-01,94.18661499023438,49.66095733642578,28.86092758178711,31.37874984741211,79.1756820678711,75.83830261230469,68.48638153076172,167.3800048828125,23.156536102294922
2011-11-02,95.72293090820312,50.08333206176758,29.74517059326172,31.981014251708984,78.1880111694336,75.6569595336914,68.7368392944336,169.05999755859375,23.300260543823242
2011-11-03,97.46772003173828,51.121604919433594,30.049575805664062,32.421546936035156,77.11424255371094,75.30143737792969,68.77255249023438,171.72000122070312,23.587709426879883
2011-11-04,96.87325286865234,50.857643127441406,29.8538875579834,32.159461975097656,77.20704650878906,75.52637481689453,68.9096908569336,170.85000610351562,23.663799285888672
2011-11-07,97.47544860839844,51.218387603759766,30.10756492614746,32.1650276184082,77.69756317138672,75.61344146728516,68.63548278808594,174.97999572753906,24.01042938232422
2011-11-08,98.72610473632812,51.80790710449219,30.46271514892578,32.58327102661133,76.70331573486328,75.27246856689453,68.21220397949219,173.52999877929688,24.1287899017334
2011-11-09,95.0821533203125,49.98653793334961,28.679729461669922,31.09435272216797,78.2940902709961,75.93987274169922,68.03330993652344,172.07000732421875,23.596162796020508
2011-11-10,95.97769927978516,49.960147857666016,28.868179321289062,31.088773727416992,77.12750244140625,75.56989288330078,67.69342041015625,171.13999938964844,23.57080078125
2011-11-11,97.78424072265625,50.90163040161133,29.563966751098633,31.925235748291016,76.65690612792969,75.2216796875,67.57420349121094,173.9600067138672,23.799068450927734
2011-11-14,96.85780334472656,50.584861755371094,29.158096313476562,31.33414077758789,77.88977813720703,75.6932144165039,67.56822204589844,173.1999969482422,23.545438766479492
2011-11-15,97.33647918701172,51.14798355102539,29.33928680419922,31.568349838256836,77.78374481201172,75.59162139892578,67.50270080566406,173.36000061035156,23.714523315429688
2011-11-16,95.79241180419922,50.303314208984375,28.549266815185547,31.267227172851562,78.49290466308594,75.86735534667969,67.28799438476562,171.50999450683594,23.655345916748047
2011-11-17,94.27152252197266,49.12424850463867,27.824493408203125,30.692852020263672,79.12266540527344,76.0196762084961,66.75740814208984,167.10000610351562,23.105806350708008
2011-11-18,94.17121887207031,48.74589920043945,27.933212280273438,30.888015747070312,79.10274505615234,75.73677062988281,66.86466979980469,167.6199951171875,23.071992874145508
2011-11-21,92.38008117675781,47.81321716308594,27.03447723388672,30.10732078552246,79.57337188720703,75.94712829589844,66.59048461914062,163.5,22.902904510498047
2011-11-22,92.0172348022461,47.971588134765625,27.128698348999023,29.967912673950195,80.4615478515625,76.1792984008789,66.41756439208984,165.30999755859375,23.055084228515625
2011-11-23,89.98680114746094,46.889339447021484,26.251705169677734,29.06451416015625,81.2503433227539,76.4404296875,66.0777587890625,164.8300018310547,22.708454132080078
2011-11-25,89.81697082519531,46.528560638427734,26.164730072021484,29.19278907775879,80.07051849365234,75.95439910888672,65.8154296875,163.39999389648438,22.5224552154541
2011-11-28,92.41867065429688,48.14756393432617,27.418607711791992,29.845226287841797,80.03076171875,75.96160888671875,65.84517669677734,166.6300048828125,22.801450729370117
2011-11-29,92.68116760253906,47.8484001159668,27.295394897460938,29.80061912536621,79.3745346069336,75.8165283203125,65.69613647460938,166.8800048828125,23.097354888916016
2011-11-30,96.49497985839844,49.61698532104492,28.998645782470703,31.189151763916016,78.1350326538086,75.37400817871094,65.9942626953125,170.1300048828125,23.367895126342773
2011-12-01,96.47952270507812,49.960147857666016,28.911664962768555,30.932636260986328,77.74292755126953,75.35218811035156,66.14736938476562,169.6300048828125,23.28335189819336
2011-12-02,96.39458465576172,49.819366455078125,28.82469367980957,30.904752731323242,78.83271026611328,75.68658447265625,66.70980072021484,169.82000732421875,23.486255645751953
2011-12-05,97.44454956054688,50.36491012573242,29.29580307006836,31.16684913635254,78.67323303222656,75.64297485351562,67.20637512207031,167.32000732421875,23.35944175720215
2011-12-06,97.47544860839844,50.224117279052734,28.897167205810547,31.116662979125977,77.92243957519531,75.44666290283203,66.84739685058594,168.17999267578125,23.486255645751953
2011-12-07,97.83828735351562,50.224117279052734,29.013134002685547,31.456829071044922,78.20147705078125,75.78827667236328,67.26622009277344,169.39999389648438,23.28335189819336
2011-12-08,95.6920394897461,49.379417419433594,27.969436645507812,30.743030548095703,79.17825317382812,76.173583984375,67.03894805908203,165.97999572753906,22.987449645996094
2011-12-09,97.31332397460938,50.17131423950195,28.5347843170166,31.417808532714844,77.55024719238281,75.65019226074219,66.7815933227539,166.39999389648438,23.071992874145508
2011-12-12,95.89280700683594,49.608184814453125,27.462095260620117,30.86014175415039,78.41407775878906,75.91191101074219,66.78755950927734,161.99000549316406,22.776092529296875
2011-12-13,94.99723052978516,49.062652587890625,27.208425521850586,30.49766731262207,79.14501953125,76.26077270507812,67.01490783691406,158.4499969482422,22.86908531188965
2011-12-14,93.98589324951172,48.297142028808594,26.81703758239746,30.676118850708008,80.64002990722656,76.58059692382812,67.12858581542969,152.88999938964844,22.057464599609375
2011-12-15,94.32556915283203,48.16516876220703,26.990978240966797,31.189151763916016,80.34100341796875,76.51514434814453,67.23628997802734,152.3300018310547,21.947559356689453
2011-12-16,94.4654541015625,48.41313934326172,27.193920135498047,31.534896850585938,81.2779312133789,76.88583374023438,67.61324310302734,155.22999572753906,22.12510108947754
2011-12-19,93.45545196533203,47.93659210205078,26.490886688232422,31.261648178100586,82.3078842163086,77.14755249023438,67.85258483886719,154.8699951171875,22.023653030395508
2011-12-20,96.28340911865234,49.35738754272461,27.600914001464844,32.20965576171875,80.2546615600586,76.44975280761719,67.80464935302734,156.97999572753906,22.530912399291992
2011-12-21,96.46987915039062,48.65141296386719,27.688732147216797,32.198490142822266,79.13835906982422,76.20264434814453,67.51753234863281,157.16000366210938,22.691543579101562
2011-12-22,97.32447052001953,49.066184997558594,28.054594039916992,32.66133499145508,79.47064971923828,76.29712677001953,67.8705062866211,156.0399932861328,22.716909408569336
2011-12-23,98.19464111328125,49.48979187011719,28.164356231689453,32.80343246459961,78.58686065673828,75.98456573486328,67.6611099243164,156.30999755859375,22.826814651489258
2011-12-27,98.27232360839844,49.674381256103516,27.893613815307617,32.95001983642578,78.96017456054688,76.02755737304688,67.91802215576172,154.91000366210938,22.928268432617188
2011-12-28,96.98265075683594,49.100242614746094,27.42530059814453,32.55533981323242,80.42007446289062,76.50816345214844,68.04411315917969,151.02999877929688,22.65772819519043
2011-12-29,97.98487854003906,49.45356369018555,27.73995018005371,32.84287643432617,80.56673431396484,76.60277557373047,68.00811004638672,150.33999633789062,22.725360870361328
2011-12-30,97.50316619873047,49.31224060058594,27.76189613342285,32.70193862915039,80.8266830444336,76.87218475341797,68.29625701904297,151.99000549316406,22.691543579101562
2012-01-03,99.05702209472656,50.25732421875,28.61071014404297,32.978214263916016,79.61341857910156,76.38433074951172,68.24230194091797,155.9199981689453,23.367895126342773
2012-01-04,99.21237182617188,50.469303131103516,28.449726104736328,32.414405822753906,78.66683959960938,76.14405822753906,68.29625701904297,156.7100067138672,23.545438766479492
2012-01-05,99.47655487060547,50.884437561035156,28.32533073425293,32.71885681152344,78.52690124511719,76.1585922241211,68.00209045410156,157.77999877929688,23.224170684814453
2012-01-06,99.22013092041016,51.06109619140625,27.966785430908203,32.61172866821289,79.14682006835938,76.45711517333984,68.26625061035156,157.1999969482422,23.325620651245117
2012-01-09,99.46100616455078,50.89329147338867,28.259469985961914,32.498966217041016,79.00682067871094,76.4717025756836,68.16419219970703,156.5,23.350988388061523
2012-01-10,100.32334899902344,51.26424789428711,28.874134063720703,32.85982131958008,78.87348175048828,76.31879425048828,68.35633850097656,158.63999938964844,23.52007484436035
2012-01-11,100.37777709960938,51.37023162841797,28.896093368530273,33.09097671508789,79.90010833740234,76.76303100585938,68.34429168701172,159.6699981689453,23.45244026184082
2012-01-12,100.6186294555664,51.573394775390625,29.013166427612305,32.84852981567383,79.78678131103516,76.60277557373047,68.50043487548828,160.3800048828125,23.122718811035156
2012-01-13,100.09806060791016,51.38789749145508,28.749736785888672,32.92182540893555,80.58000946044922,76.94503784179688,68.74651336669922,159.25999450683594,23.071992874145508
2012-01-17,100.48651885986328,51.856040954589844,29.298542022705078,33.19246292114258,80.9533462524414,77.01785278320312,68.95669555664062,160.5,23.232624053955078
2012-01-18,101.59754180908203,52.54496765136719,30.03759002685547,33.42362976074219,79.9733657836914,76.77751922607422,68.8185806274414,161.60000610351562,23.24108123779297
2012-01-19,102.13359069824219,52.87178421020508,30.301010131835938,33.55331039428711,78.87348175048828,76.31879425048828,68.80064392089844,161.22000122070312,23.342531204223633
2012-01-20,102.5143051147461,52.79226303100586,30.279064178466797,33.761924743652344,77.98026275634766,76.05664825439453,68.62647247314453,162.07000732421875,23.173444747924805
2012-01-23,102.25016021728516,52.80995178222656,30.57175064086914,33.925445556640625,77.48694610595703,75.8891830444336,68.52445983886719,163.16000366210938,23.44398307800293
2012-01-24,102.13359069824219,52.712791442871094,30.615650177001953,34.1848030090332,77.62699127197266,75.97655487060547,68.77054595947266,162.00999450683594,23.486255645751953
2012-01-25,102.98820495605469,53.37523651123047,30.95957374572754,34.62459182739258,77.4403076171875,76.34066009521484,69.00470733642578,166.4199981689453,23.680706024169922
2012-01-26,102.45990753173828,53.18974685668945,30.835168838500977,34.86703109741211,78.46683502197266,76.7484130859375,69.54501342773438,167.27000427246094,23.74834442138672
2012-01-27,102.41332244873047,53.34872817993164,30.996152877807617,34.87831115722656,78.71354675292969,76.98139953613281,69.64707946777344,168.97000122070312,23.8328857421875
2012-01-30,102.06366729736328,53.39289474487305,30.5497989654541,34.61894989013672,79.64007568359375,77.24356842041016,69.5570068359375,168.02999877929688,23.587709426879883
2012-01-31,102.02483367919922,53.46356201171875,30.813228607177734,34.78809356689453,80.56000518798828,77.53484344482422,69.76115417480469,169.30999755859375,23.528528213500977
2012-02-01,102.91829681396484,53.89635467529297,31.493743896484375,35.13202667236328,79.63725280761719,77.2656021118164,70.03885650634766,169.55999755859375,23.604618072509766
2012-02-02,103.0814208984375,54.06416320800781,31.581541061401367,35.210968017578125,79.60382843017578,77.37510681152344,70.1833724975586,171.0500030517578,23.663799285888672
2012-02-03,104.5265121459961,54.80610275268555,32.1083869934082,35.70148849487305,77.89324951171875,76.7623062133789,70.08103942871094,167.63999938964844,23.942790985107422
2012-02-06,104.45662689208984,54.76195526123047,31.83765411376953,35.588722229003906,78.6683349609375,76.97390747070312,70.26171875,167.17999267578125,24.061153411865234
2012-02-07,104.72073364257812,54.876766204833984,31.903491973876953,35.49851989746094,77.6927490234375,76.47782897949219,70.12921142578125,169.6999969482422,24.044246673583984
2012-02-08,105.03147888183594,55.168243408203125,32.13032913208008,35.56053924560547,77.75289916992188,76.5143051147461,70.20149230957031,168.5,24.154151916503906
2012-02-09,105.16355895996094,55.56570816040039,32.11570358276367,35.301177978515625,77.17156219482422,76.33919525146484,69.97863006591797,168.02000427246094,24.280967712402344
2012-02-10,104.38665771484375,55.177093505859375,31.405916213989258,34.97416305541992,78.17385864257812,76.76960754394531,69.9123306274414,167.13999938964844,24.052701950073242
2012-02-13,105.16355895996094,55.689353942871094,31.91813850402832,35.32936096191406,78.27406311035156,76.71855926513672,70.15326690673828,167.50999450683594,24.111879348754883
2012-02-14,105.03147888183594,55.830684661865234,31.654705047607422,34.96851348876953,78.68840789794922,76.87902069091797,70.2074966430664,167.1199951171875,24.10342788696289
2012-02-15,104.54203796386719,55.442054748535156,31.742521286010742,34.759891510009766,78.54802703857422,76.93738555908203,70.11115264892578,168.11000061035156,24.187969207763672
2012-02-16,105.69966125488281,56.2016487121582,32.0864372253418,35.12639236450195,77.91995239257812,76.58726501464844,69.99068450927734,168.0,24.297874450683594
2012-02-17,105.97933197021484,56.02500915527344,32.14497756958008,35.15458679199219,77.89988708496094,76.50701141357422,69.88219451904297,167.35000610351562,24.255605697631836
2012-02-21,106.02597045898438,56.183982849121094,32.01325988769531,34.607669830322266,77.03792572021484,76.22976684570312,69.76776123046875,171.02000427246094,24.636051177978516
2012-02-22,105.68408966064453,55.927833557128906,32.07180404663086,34.314483642578125,78.00676727294922,76.52890014648438,70.20149230957031,172.94000244140625,24.864316940307617
2012-02-23,106.1502914428711,56.29880142211914,32.01325988769531,34.742977142333984,78.00676727294922,76.6382827758789,70.29782104492188,173.02000427246094,24.940410614013672
2012-02-24,106.38333129882812,56.49312973022461,32.33522415161133,34.78809356689453,78.5146484375,76.6966781616211,70.3520736694336,172.22999572753906,25.092586517333984
2012-02-27,106.56201934814453,56.5726203918457,32.01325988769531,34.73170852661133,79.20955657958984,76.95196533203125,70.61112213134766,171.6999969482422,24.88968276977539
2012-02-28,106.87276458740234,57.146732330322266,32.459617614746094,34.52873992919922,78.94895935058594,76.98849487304688,70.83394622802734,173.49000549316406,24.881227493286133
2012-02-29,106.45327758789062,56.89059066772461,32.43766403198242,34.38777160644531,78.4678726196289,76.68206787109375,70.90023803710938,164.2899932861328,24.78822898864746
2012-03-01,107.00489044189453,57.34104537963867,32.744998931884766,34.596405029296875,77.72914123535156,76.43365478515625,70.7327880859375,166.61000061035156,25.177133560180664
2012-03-02,106.67859649658203,57.29689025878906,32.66450881958008,34.5456428527832,78.45918273925781,76.74050903320312,70.7569808959961,166.33999633789062,24.92350196838379
2012-03-05,106.24347686767578,56.70512008666992,32.10107421875,34.89522171020508,77.83631134033203,76.58711242675781,70.62999725341797,165.64999389648438,24.805139541625977
2012-03-06,104.68968200683594,56.14865493774414,31.025423049926758,34.43288803100586,78.78059387207031,76.90857696533203,70.52128601074219,162.6999969482422,24.399330139160156
2012-03-07,105.41995239257812,56.58144760131836,31.39860725402832,34.61894989013672,78.2984390258789,76.76242065429688,70.49103546142578,163.6300048828125,24.509235382080078
2012-03-08,106.46878814697266,57.190895080566406,32.05717849731445,34.438514709472656,77.51480865478516,76.53593444824219,70.50312042236328,165.27999877929688,24.712139129638672
2012-03-09,106.8805923461914,57.42937469482422,32.04254150390625,34.607669830322266,77.66889190673828,76.4775161743164,70.46684265136719,166.3800048828125,24.779775619506836
2012-03-12,106.88834381103516,57.455867767333984,31.691295623779297,34.86139678955078,77.65550231933594,76.45565032958984,70.32783508300781,165.07000732421875,24.74595832824707
2012-03-13,108.81507110595703,58.52461624145508,32.554752349853516,35.56618118286133,76.28921508789062,75.90754699707031,70.1343994140625,162.3000030517578,24.855865478515625
2012-03-14,108.69859313964844,58.72776794433594,32.04254150390625,35.4703254699707,74.36708068847656,75.03810119628906,69.30023956298828,159.57000732421875,24.68678092956543
2012-03-15,109.327880859375,58.895599365234375,32.29863357543945,35.419586181640625,74.48090362548828,75.01622009277344,69.1491470336914,161.0800018310547,24.703685760498047
2012-03-16,109.47924041748047,58.85397720336914,32.262046813964844,35.622562408447266,74.6282730102539,74.99433135986328,69.25188446044922,161.3000030517578,25.008041381835938
2012-03-19,109.90846252441406,59.26982498168945,32.13765335083008,35.87064743041992,73.73756408691406,74.53398132324219,69.15521240234375,161.58999633789062,24.965774536132812
2012-03-20,109.5884780883789,59.376007080078125,31.581541061401367,35.81989288330078,74.03221893310547,74.57048797607422,69.11288452148438,160.1300048828125,24.661415100097656
2012-03-21,109.40901184082031,59.38484191894531,31.64008140563965,35.7691535949707,74.8694076538086,74.95043182373047,69.42723846435547,160.2100067138672,24.60223388671875
2012-03-22,108.62088775634766,59.261009216308594,31.157140731811523,35.278629302978516,75.11048126220703,75.04540252685547,69.3123779296875,159.57000732421875,24.40778350830078
2012-03-23,108.97200012207031,59.225582122802734,31.391277313232422,35.49851989746094,75.82048797607422,75.32303619384766,69.36676788330078,161.52999877929688,24.644506454467773
2012-03-26,110.50147247314453,60.260765075683594,31.94009017944336,35.914546966552734,75.43197631835938,75.2353744506836,69.517822265625,164.39999389648438,24.754413604736328
2012-03-27,110.15813446044922,60.34922790527344,31.77179527282715,35.920249938964844,75.97445678710938,75.65185546875,70.05589294433594,163.24000549316406,24.6529598236084
2012-03-28,109.61190795898438,60.11036682128906,31.237627029418945,35.86339569091797,75.86726379394531,75.52031707763672,69.92283630371094,161.50999450683594,24.416234970092773
2012-03-29,109.42462921142578,59.880306243896484,31.201040267944336,35.88045120239258,76.43658447265625,75.83454132080078,70.06188201904297,161.27999877929688,24.07806396484375
2012-03-30,109.87721252441406,59.765289306640625,31.427875518798828,36.17601013183594,75.14398956298828,75.4618911743164,69.89259338378906,162.1199951171875,24.348602294921875
2012-04-02,110.68096923828125,60.384639739990234,31.85960578918457,36.4317741394043,75.56027221679688,75.6426773071289,70.07275390625,162.94000244140625,24.661415100097656
2012-04-03,110.22834777832031,60.3669548034668,31.676671981811523,36.28965759277344,74.25093078613281,75.0864486694336,69.40557861328125,159.88999938964844,24.5515079498291
2012-04-04,109.13594055175781,59.544132232666016,31.10591697692871,35.89181900024414,75.2715835571289,75.46701049804688,69.53898620605469,157.2100067138672,24.17106056213379
2012-04-05,109.0812759399414,59.91572570800781,31.274211883544922,35.75541305541992,75.81544494628906,75.80369567871094,69.65425872802734,158.30999755859375,24.26405906677246
2012-04-09,107.85617065429688,59.4644775390625,30.813228607177734,35.37461853027344,77.5881576538086,76.57950592041016,70.10914611816406,159.3699951171875,24.154151916503906
2012-04-10,106.04581451416016,58.50893783569336,30.21320343017578,34.61302185058594,78.46775817871094,76.9381103515625,70.06670379638672,161.10000610351562,23.8328857421875
2012-04-11,106.9041976928711,58.79206848144531,30.542482376098633,35.056331634521484,77.52770233154297,76.63801574707031,69.99388122558594,161.07000732421875,23.89206886291504
2012-04-12,108.3010025024414,59.4644775390625,31.325435638427734,35.539432525634766,77.20541381835938,76.48436737060547,70.02423095703125,162.6999969482422,24.204877853393555
2012-04-13,107.0134048461914,58.56203842163086,30.849803924560547,35.391666412353516,78.45433807373047,76.94546508789062,70.35781860351562,160.85000610351562,23.959701538085938
2012-04-16,106.9432144165039,57.90732192993164,30.696144104003906,35.874755859375,78.34020233154297,76.92351531982422,70.35781860351562,160.4600067138672,23.722976684570312
2012-04-17,108.52725219726562,59.08403778076172,31.047367095947266,36.18168258666992,78.29315948486328,76.84296417236328,70.4488296508789,160.25,23.8328857421875
2012-04-18,108.1605453491211,58.93364715576172,30.90103530883789,35.937278747558594,78.52156829833984,76.99671936035156,70.43669128417969,159.30999755859375,23.604618072509766
2012-04-19,107.46600341796875,58.27006912231445,30.762008666992188,35.937278747558594,78.5953598022461,77.08454132080078,70.4852066040039,159.42999267578125,23.613073348999023
2012-04-20,107.64546203613281,58.11079788208008,30.974205017089844,36.37492752075195,78.60874938964844,77.09183502197266,70.46700286865234,159.5399932861328,23.706069946289062
2012-04-23,106.74030303955078,57.57994842529297,30.381505966186523,35.99980545043945,79.17951202392578,77.24557495117188,70.4791259765625,159.07000732421875,23.663799285888672
2012-04-24,107.1461181640625,57.270301818847656,30.44736099243164,36.53975296020508,78.62223052978516,77.04792785644531,70.35176086425781,159.3000030517578,23.663799285888672
2012-04-25,108.61307525634766,58.79206848144531,30.725425720214844,36.9603271484375,78.2193374633789,76.9527359008789,70.47309112548828,159.6199951171875,23.799068450927734
2012-04-26,109.37000274658203,59.13713836669922,30.915666580200195,37.051265716552734,78.6893539428711,77.20892333984375,70.58831787109375,161.02999877929688,23.849794387817383
2012-04-27,109.54949951171875,59.491024017333984,30.95957374572754,37.30704116821289,78.75647735595703,77.28947448730469,70.69137573242188,161.3800048828125,23.925886154174805
2012-04-30,109.14371490478516,59.06632614135742,30.893712997436523,37.21040725708008,78.77664184570312,77.35535430908203,70.64895629882812,161.8800048828125,24.01888084411621
2012-05-01,109.82254791259766,59.16365051269531,31.098588943481445,37.61395263671875,78.36805725097656,77.21458435058594,70.51448822021484,161.32000732421875,24.01888084411621
2012-05-02,109.49488830566406,59.331764221191406,31.040061950683594,37.557106018066406,78.92001342773438,77.3611831665039,70.7457504272461,160.58999633789062,23.706069946289062
2012-05-03,108.65985870361328,58.70358657836914,30.805906295776367,37.4263801574707,78.8998031616211,77.35389709472656,70.78831481933594,158.97000122070312,23.44398307800293
2012-05-04,106.9041976928711,57.24374008178711,30.264419555664062,37.096736907958984,79.51905059814453,77.6617660522461,70.86746215820312,159.47000122070312,23.02971839904785
2012-05-07,106.98220825195312,57.29682922363281,30.374181747436523,37.35819625854492,79.53255462646484,77.63981628417969,70.98918151855469,159.0800018310547,22.978994369506836
2012-05-08,106.55303192138672,57.084495544433594,29.891246795654297,37.28998947143555,79.95655059814453,77.81571197509766,71.16565704345703,156.0,22.894451141357422
2012-05-09,105.92098236083984,56.90753936767578,29.503433227539062,37.17062759399414,80.01040649414062,77.88168334960938,71.04390716552734,154.47000122070312,22.716909408569336
2012-05-10,106.13945770263672,56.792518615722656,29.627817153930664,37.19904327392578,79.77481842041016,77.77165222167969,70.89791870117188,154.77000427246094,22.725360870361328
2012-05-11,105.81954193115234,56.78366470336914,29.2473201751709,37.27861022949219,80.43443298339844,78.02831268310547,71.1108627319336,153.55999755859375,22.556276321411133
2012-05-14,104.64903259277344,56.252811431884766,28.58144187927246,36.80687713623047,81.55855560302734,78.37281036376953,71.12911987304688,151.3300018310547,22.260374069213867
2012-05-15,104.04818725585938,56.06700897216797,28.332656860351562,36.61362838745117,81.88835906982422,78.39482879638672,71.0378646850586,149.74000549316406,22.302644729614258
2012-05-16,103.6502456665039,55.686580657958984,27.93020248413086,36.21010971069336,82.12393188476562,78.45349884033203,71.07437896728516,149.4600067138672,22.277280807495117
2012-05-17,102.11300659179688,54.50983428955078,27.549694061279297,35.15296173095703,83.57778930664062,78.7467041015625,70.5448989868164,152.8000030517578,22.22655487060547
2012-05-18,101.2390365600586,53.80205535888672,27.286273956298828,34.7266845703125,83.59800720214844,78.69535064697266,70.27105712890625,154.5500030517578,22.209646224975586
2012-05-21,102.97918701171875,55.306129455566406,27.937515258789062,35.48259735107422,83.42298126220703,78.49011993408203,70.35015869140625,154.64999389648438,22.50554847717285
2012-05-22,103.15866088867188,55.24417495727539,27.644824981689453,35.55080032348633,82.49408721923828,78.32154846191406,70.16156005859375,152.0800018310547,22.184282302856445
2012-05-23,103.21324157714844,55.35035705566406,27.45456886291504,35.601951599121094,83.06626892089844,78.52677154541016,70.33195495605469,151.6199951171875,21.939105987548828
2012-05-24,103.4161605834961,54.987606048583984,27.3155517578125,35.7610969543457,82.74990844726562,78.35818481445312,70.34406280517578,151.41000366210938,21.947559356689453
2012-05-25,103.08062744140625,54.91682815551758,27.183835983276367,35.618995666503906,83.05952453613281,78.5854263305664,70.52056884765625,152.67999267578125,22.023653030395508
2012-05-29,104.32910919189453,55.615806579589844,27.952159881591797,36.12485885620117,82.80377960205078,78.51946258544922,70.6240234375,151.02000427246094,21.93065071105957
2012-05-30,102.81529235839844,55.146873474121094,27.469215393066406,35.26662063598633,84.90380859375,79.26715850830078,70.68490600585938,151.91000366210938,21.524839401245117
2012-05-31,102.58899688720703,54.90800094604492,27.586286544799805,35.533748626708984,85.88648986816406,79.57505798339844,71.18390655517578,151.6199951171875,21.33884620666504
2012-06-01,100.00614929199219,53.44813537597656,26.847238540649414,34.66416931152344,87.9254379272461,80.25862121582031,71.6211166381836,157.5,20.89921760559082
2012-06-04,99.9593276977539,53.85512161254883,26.964305877685547,34.42545700073242,87.2307357788086,79.79608917236328,71.07763671875,157.32000732421875,21.017580032348633
2012-06-05,100.71620178222656,54.07632827758789,27.037487030029297,35.13591003417969,86.06383514404297,79.53175354003906,70.92504119873047,157.13999938964844,20.941490173339844
2012-06-06,102.97918701171875,55.314979553222656,27.8277530670166,35.914546966552734,84.34397888183594,79.01043701171875,70.71737670898438,157.2100067138672,21.33039093017578
2012-06-07,103.04155731201172,55.093780517578125,27.99605369567871,35.65879440307617,84.47209930419922,79.20137023925781,70.8639144897461,154.5,21.186664581298828
2012-06-08,103.86092376708984,55.62464904785156,27.754579544067383,36.16462707519531,84.45188903808594,79.26010131835938,71.12648010253906,154.72999572753906,21.254302978515625
2012-06-11,102.54216003417969,54.686805725097656,27.35212516784668,35.351871490478516,84.8363265991211,79.47299194335938,71.11425018310547,155.36000061035156,20.865400314331055
2012-06-12,103.72042846679688,55.35035705566406,27.922883987426758,35.687225341796875,84.06068420410156,79.04719543457031,70.90670013427734,156.4600067138672,20.96685028076172
2012-06-13,103.05718231201172,54.96992111206055,27.820438385009766,35.505332946777344,84.89029693603516,79.46568298339844,71.16316223144531,157.1199951171875,20.80621910095215
2012-06-14,104.14961242675781,55.17340850830078,28.018003463745117,36.02253341674805,84.78235626220703,79.25276947021484,71.07763671875,157.75,21.051395416259766
2012-06-15,105.21479797363281,55.858890533447266,28.530214309692383,36.24421691894531,85.2545166015625,79.61988067626953,71.37074279785156,157.83999633789062,21.017580032348633
2012-06-18,105.41873168945312,56.38209915161133,28.588760375976562,36.545433044433594,85.713134765625,79.5978775024414,71.34021759033203,157.92999267578125,21.034486770629883
2012-06-19,106.43844604492188,56.96739196777344,29.04975700378418,36.69319534301758,84.59349822998047,79.32620239257812,71.2730712890625,157.16000366210938,21.2120304107666
2012-06-20,106.26582336425781,57.01174545288086,28.954622268676758,36.67615509033203,85.01168823242188,79.1646499633789,71.3035888671875,155.97000122070312,20.865400314331055
2012-06-21,103.88140106201172,55.59285354614258,27.894241333007812,36.07937240600586,85.46359252929688,79.33352661132812,71.41348266601562,152.02000427246094,20.417320251464844
2012-06-22,104.68148040771484,56.17815017700195,27.983104705810547,36.085060119628906,84.32373809814453,78.98841857910156,71.35855102539062,152.63999938964844,20.620222091674805
2012-06-25,103.00289154052734,55.09626770019531,27.464763641357422,35.90111541748047,85.5512466430664,79.42164611816406,71.54175567626953,153.75999450683594,20.831581115722656
2012-06-26,103.52054595947266,55.442108154296875,27.70171546936035,36.02145004272461,85.21405029296875,79.24542999267578,71.6150131225586,152.6199951171875,20.97530746459961
2012-06-27,104.4539794921875,55.77908706665039,27.87942886352539,36.164710998535156,85.34893798828125,79.35552978515625,71.71273040771484,152.8300018310547,21.093669891357422
2012-06-28,104.15595245361328,55.158329010009766,27.74614715576172,36.56010437011719,85.55799865722656,79.61248016357422,71.82263946533203,151.0500030517578,20.865400314331055
2012-06-29,106.7521743774414,56.896446228027344,28.97535514831543,37.49417495727539,84.44510650634766,79.24542999267578,71.80429077148438,155.19000244140625,21.77001953125
2012-07-02,107.07377624511719,57.064937591552734,28.97535514831543,37.90676498413086,85.31639862060547,79.61306762695312,72.18540954589844,155.08999633789062,21.727746963500977
2012-07-03,107.77967834472656,57.54380798339844,29.55295181274414,38.130252838134766,84.66077423095703,79.4145278930664,72.24665832519531,157.4600067138672,22.33646011352539
2012-07-05,107.29337310791016,57.57926940917969,29.241943359375,37.89529800415039,85.09336853027344,79.62777709960938,72.43045043945312,155.67999267578125,22.421005249023438
2012-07-06,106.2737045288086,56.86098098754883,28.708784103393555,37.98699951171875,85.88423156738281,79.9072036743164,72.61428833007812,153.7100067138672,21.905288696289062
2012-07-09,106.14037322998047,56.75454330444336,28.60511016845703,38.02710723876953,86.6412353515625,80.12775421142578,72.66321563720703,154.0399932861328,22.294189453125
2012-07-10,105.21479797363281,56.19586944580078,28.286710739135742,37.620243072509766,86.8169937133789,80.16456604003906,72.64486694335938,152.14999389648438,22.006744384765625
2012-07-11,105.23050689697266,55.885501861572266,28.434803009033203,37.66035079956055,86.92514038085938,80.09100341796875,72.76739501953125,152.99000549316406,22.251916885375977
2012-07-12,104.72063446044922,55.3623046875,27.960886001586914,37.77497482299805,87.54024505615234,80.27483367919922,73.13499450683594,152.58999633789062,22.302644729614258
2012-07-13,106.47762298583984,56.20475769042969,28.501447677612305,38.23912811279297,87.3104019165039,80.20870208740234,73.15959167480469,154.13999938964844,22.573183059692383
2012-07-16,106.22663116455078,56.04512023925781,28.434803009033203,38.313629150390625,87.71597290039062,80.38516235351562,73.3617172241211,154.2100067138672,22.852176666259766
2012-07-17,106.95612335205078,56.337764739990234,28.812458038330078,38.680362701416016,87.02651977539062,80.17923736572266,73.3617172241211,153.47000122070312,22.877540588378906
2012-07-18,107.748291015625,57.10040283203125,28.738405227661133,38.451168060302734,87.07378387451172,80.26014709472656,73.76608276367188,153.0500030517578,23.080448150634766
2012-07-19,108.03071594238281,57.73003005981445,29.004976272583008,38.05002212524414,86.85077667236328,80.14251708984375,73.894775390625,153.3800048828125,23.35944175720215
2012-07-20,107.0423812866211,56.96739196777344,28.575485229492188,37.849464416503906,87.91197204589844,80.45869445800781,73.94987487792969,153.6699981689453,23.35944175720215
2012-07-23,105.95995330810547,56.27567672729492,27.827608108520508,37.574405670166016,88.40546417236328,80.59101867675781,73.71096801757812,153.02999877929688,22.86908531188965
2012-07-24,105.05010223388672,55.83230209350586,27.70912742614746,37.44833755493164,89.10167694091797,80.74547576904297,73.82737731933594,153.52000427246094,22.733816146850586
2012-07-25,105.07363891601562,55.45985794067383,27.84241485595703,37.43114471435547,89.33146667480469,80.78958892822266,73.9682846069336,155.6699981689453,22.902904510498047
2012-07-26,106.80706024169922,56.19586944580078,28.47183609008789,37.76350402832031,88.51359558105469,80.53953552246094,74.08468627929688,156.77000427246094,22.945173263549805
2012-07-27,108.77582550048828,57.52606201171875,29.271549224853516,38.1245231628418,86.84398651123047,79.95867919921875,73.73541259765625,157.5399932861328,23.18189811706543
2012-07-30,108.77582550048828,57.48173522949219,29.101242065429688,38.302146911621094,87.4928970336914,80.21604919433594,73.92537689208984,157.42999267578125,23.317169189453125
2012-07-31,108.01500701904297,57.463993072509766,28.967954635620117,38.24485778808594,87.66860961914062,80.35575866699219,74.30523681640625,156.49000549316406,23.038175582885742
2012-08-01,107.9208755493164,57.29550552368164,29.019790649414062,38.06148147583008,87.23042297363281,80.06262969970703,74.22229766845703,155.13999938964844,23.071992874145508
2012-08-02,107.17571258544922,57.0915412902832,28.679161071777344,38.17036437988281,87.72486877441406,80.25415802001953,74.27142333984375,154.1300048828125,22.877540588378906
2012-08-03,109.30131530761719,58.17343521118164,29.567750930786133,38.46833419799805,86.30916595458984,79.83440399169922,74.09318542480469,155.5500030517578,23.266441345214844
2012-08-06,109.51310729980469,58.616817474365234,29.752872467041016,38.4282341003418,86.34306335449219,79.88592529296875,74.19151306152344,156.3000030517578,23.40171241760254
2012-08-07,110.06221008300781,59.10454177856445,29.834321975708008,37.975528717041016,85.23222351074219,79.46614837646484,73.8043212890625,156.27999877929688,23.579252243041992
2012-08-08,110.19552612304688,59.077945709228516,29.89356231689453,37.717655181884766,84.77841186523438,79.35565948486328,73.5953598022461,156.47999572753906,23.646888732910156
2012-08-09,110.28964233398438,59.255306243896484,30.019451141357422,37.597328186035156,84.71741485595703,79.29676818847656,73.54621124267578,156.99000549316406,23.841341018676758
2012-08-10,110.47002410888672,59.2907829284668,30.160146713256836,37.648902893066406,85.1441421508789,79.52505493164062,73.7551498413086,157.17999267578125,23.714523315429688
2012-08-13,110.4151611328125,59.43267059326172,29.89356231689453,37.620243072509766,85.00189208984375,79.4735107421875,73.60148620605469,155.99000549316406,23.528528213500977
2012-08-14,110.43085479736328,59.45924758911133,29.88616180419922,37.540008544921875,83.85037231445312,79.08322143554688,73.26959228515625,155.1300048828125,23.553892135620117
2012-08-15,110.55635070800781,59.61003112792969,29.84174156188965,37.7119255065918,82.67176055908203,78.68557739257812,72.92543029785156,155.6300048828125,23.756797790527344
2012-08-16,111.37210083007812,60.3194465637207,30.1157169342041,37.998443603515625,81.96728515625,78.49411010742188,72.7103042602539,156.55999755859375,23.849794387817383
2012-08-17,111.52108764648438,60.58549880981445,29.967615127563477,38.00992202758789,82.366943359375,78.58977508544922,72.80865478515625,156.72000122070312,23.883609771728516
2012-08-20,111.52892303466797,60.67416763305664,29.95280647277832,37.901031494140625,82.5362777709961,78.63399505615234,73.01146697998047,157.25999450683594,23.99351692199707
2012-08-21,111.19170379638672,60.434730529785156,29.90837287902832,37.981258392333984,82.90206146240234,78.70028686523438,73.1343994140625,158.8300018310547,24.21333122253418
2012-08-22,111.23873138427734,60.68303680419922,29.923185348510742,37.95833969116211,84.27033996582031,79.31148529052734,73.55229949951172,160.5399932861328,24.34014892578125
2012-08-23,110.32887268066406,60.186431884765625,29.649208068847656,37.84373092651367,84.62257385253906,79.45149993896484,73.60767364501953,161.88999938964844,24.221790313720703
2012-08-24,110.99557495117188,60.55888748168945,29.65660858154297,37.969818115234375,84.54129791259766,79.41458129882812,73.68748474121094,161.97000122070312,24.111879348754883
2012-08-27,111.0191421508789,60.65643310546875,29.353008270263672,38.084407806396484,85.03581237792969,79.62080383300781,73.77977752685547,161.36000061035156,24.001972198486328
2012-08-28,110.90929412841797,60.65643310546875,29.29376983642578,38.21620559692383,85.23897552490234,79.65023040771484,73.88426208496094,161.63999938964844,24.01888084411621
2012-08-29,110.99557495117188,60.65643310546875,29.1530818939209,38.20474624633789,84.86644744873047,79.59871673583984,73.73053741455078,160.58999633789062,24.061153411865234
2012-08-30,110.19552612304688,60.04457092285156,28.812458038330078,38.1187744140625,85.30672454833984,79.7459716796875,73.7551498413086,160.52000427246094,24.086517333984375
2012-08-31,110.72105407714844,60.4436149597168,29.086423873901367,38.23912811279297,86.51239776611328,80.26142883300781,74.2652816772461,164.22000122070312,24.34014892578125
2012-09-04,110.61910247802734,60.38154983520508,28.923524856567383,38.508453369140625,86.42554473876953,80.077880859375,74.08955383300781,164.47999572753906,24.348602294921875
2012-09-05,110.52496337890625,60.3194465637207,28.775426864624023,38.439697265625,86.01821899414062,80.04837036132812,74.12039184570312,164.30999755859375,24.230241775512695
2012-09-06,112.76824188232422,61.658504486083984,29.41225242614746,38.78351974487305,84.58595275878906,79.50262451171875,73.79365539550781,164.88999938964844,24.221790313720703
2012-09-07,113.20753479003906,61.56983184814453,30.093496322631836,38.81789779663086,84.1922378540039,79.60592651367188,73.94775390625,168.44000244140625,24.492326736450195
2012-09-10,112.56431579589844,60.78058624267578,29.708444595336914,38.514183044433594,84.39588165283203,79.64274597167969,73.94160461425781,167.2899932861328,24.526147842407227
2012-09-11,112.87806701660156,60.68303680419922,30.063875198364258,38.628814697265625,83.86640930175781,79.49524688720703,74.00326538085938,167.89999389648438,24.576868057250977
2012-09-12,113.25454711914062,60.86040496826172,30.197168350219727,38.709014892578125,82.82105255126953,79.1044692993164,73.85525512695312,167.9199981689453,24.703685760498047
2012-09-13,114.98016357421875,61.68510818481445,31.011695861816406,39.18464660644531,82.4952392578125,79.33302307128906,74.24991607666016,171.30999755859375,24.872774124145508
2012-09-14,115.48999786376953,62.23491287231445,31.37454605102539,39.40241622924805,80.302734375,78.58822631835938,73.80591583251953,171.8000030517578,25.13486099243164
2012-09-17,115.09783172607422,62.261539459228516,31.033918380737305,39.287803649902344,81.26659393310547,78.75048828125,74.05872344970703,170.39999389648438,24.441600799560547
2012-09-18,115.00369262695312,62.314720153808594,31.048730850219727,38.91532516479492,81.67389678955078,78.94956970214844,74.28690338134766,171.72000122070312,24.26405906677246
2012-09-19,115.06646728515625,62.43002700805664,31.048730850219727,38.69755554199219,82.21016693115234,79.1339340209961,74.4101791381836,171.74000549316406,23.908977508544922
2012-09-20,115.07426452636719,62.36794662475586,30.86361312866211,38.1245231628418,82.41378784179688,79.17815399169922,74.3485336303711,171.47000122070312,24.044246673583984
2012-09-21,115.02619171142578,62.38573455810547,30.937654495239258,38.130252838134766,82.50883483886719,79.34780883789062,74.48419189453125,171.9600067138672,24.204877853393555
2012-09-24,114.85269165039062,62.02109146118164,30.908037185668945,37.98873519897461,83.1536865234375,79.5247802734375,74.59514617919922,171.0500030517578,23.951248168945312
2012-09-25,113.63045501708984,61.14955520629883,30.448932647705078,37.428466796875,83.97500610351562,79.81977844238281,74.7431869506836,170.77000427246094,23.976608276367188
2012-09-26,112.99172973632812,60.65156173706055,30.308237075805664,37.422698974609375,84.87779998779297,80.15161895751953,74.95276641845703,169.80999755859375,23.807523727416992
2012-09-27,114.05623626708984,61.48754119873047,30.789567947387695,37.58441925048828,84.27371978759766,79.98201751708984,74.91580963134766,172.33999633789062,24.10342788696289
2012-09-28,113.52796173095703,60.98060989379883,30.60443687438965,37.52666473388672,84.32121276855469,79.98201751708984,75.0822525024414,171.88999938964844,24.247150421142578
2012-10-01,113.82760620117188,60.891666412353516,30.908037185668945,37.249412536621094,84.6341323852539,80.13042449951172,75.28270721435547,172.2899932861328,24.280967712402344
2012-10-02,113.94587707519531,61.069515228271484,30.952465057373047,37.532432556152344,84.51848602294922,80.0787353515625,75.30741882324219,172.10000610351562,24.154151916503906
2012-10-03,114.41112518310547,61.460819244384766,30.745136260986328,37.60752487182617,84.54569244384766,80.1599349975586,75.35692596435547,172.41000366210938,23.739885330200195
2012-10-04,115.23121643066406,61.674278259277344,31.06353759765625,37.59597396850586,83.49138641357422,79.84244537353516,75.2950210571289,173.61000061035156,24.255605697631836
2012-10-05,115.23912048339844,61.34524154663086,31.06353759765625,37.642173767089844,82.40978240966797,79.4805908203125,75.17749786376953,172.6199951171875,24.1287899017334
2012-10-08,114.84477996826172,60.78494644165039,30.789567947387695,37.56130599975586,83.10360717773438,79.73908233642578,75.37545013427734,172.0500030517578,24.061153411865234
2012-10-09,113.70930480957031,59.81559371948242,30.560012817382812,37.422698974609375,82.95394134521484,79.57658386230469,75.45586395263672,170.99000549316406,24.238697052001953
2012-10-10,112.98384857177734,59.51321029663086,30.3748836517334,37.57286071777344,83.53898620605469,79.7685546875,75.59194946289062,170.83999633789062,24.19642448425293
2012-10-11,113.04692840576172,59.32648468017578,30.656272888183594,37.543983459472656,84.1170883178711,79.84244537353516,75.8393783569336,171.32000732421875,24.475418090820312
2012-10-12,112.6762924194336,59.2998046875,30.560012817382812,37.4111328125,84.3280029296875,79.84980773925781,75.92598724365234,170.05999755859375,24.13724136352539
2012-10-15,113.61470794677734,59.73554229736328,30.737722396850586,37.65950012207031,84.13758850097656,79.87197875976562,76.1609878540039,168.35000610351562,24.01888084411621
2012-10-16,114.7659912109375,60.58041000366211,31.05613899230957,37.89053726196289,82.97441101074219,79.49540710449219,76.1115493774414,169.4199981689453,24.035791397094727
2012-10-17,115.28643798828125,60.54483413696289,31.300504684448242,37.78657913208008,82.20574951171875,78.99330139160156,75.96306610107422,169.5399932861328,24.044246673583984
2012-10-18,114.98676300048828,59.84227752685547,31.211639404296875,38.1735725402832,81.7023696899414,78.85299682617188,75.82075500488281,168.7899932861328,24.035791397094727
2012-10-19,113.070556640625,58.410465240478516,30.73031997680664,37.85590744018555,82.81108856201172,79.18524932861328,75.95690155029297,166.97000122070312,23.672252655029297
2012-10-22,113.08634185791016,58.71282196044922,31.02651023864746,37.66529083251953,82.28055572509766,78.91947174072266,75.77750396728516,167.5800018310547,23.56234359741211
2012-10-23,111.51713562011719,58.15256881713867,30.38969612121582,37.28407287597656,83.45732116699219,79.29601287841797,75.90739440917969,165.42999267578125,23.274898529052734
2012-10-24,111.20172119140625,57.948036193847656,30.419309616088867,37.255191802978516,82.63423919677734,79.12619018554688,75.70330810546875,164.86000061035156,23.20726203918457
2012-10-25,111.52497863769531,57.948036193847656,30.75252914428711,37.151222229003906,82.21250915527344,78.83821868896484,75.48681640625,166.02000427246094,23.266441345214844
2012-10-26,111.46195220947266,58.11698532104492,30.515581130981445,36.82775115966797,83.42335510253906,79.34033203125,75.8578872680664,165.92999267578125,23.317169189453125
2012-10-31,111.46195220947266,57.76127624511719,30.471147537231445,37.185874938964844,83.9130630493164,79.66522216796875,76.09302520751953,166.8300018310547,23.300260543823242
2012-11-01,112.62898254394531,58.57944869995117,30.96727752685547,37.364933013916016,83.22606658935547,79.50627136230469,75.75899505615234,166.07000732421875,23.342531204223633
2012-11-02,111.62750244140625,57.95690155029297,30.804365158081055,37.613304138183594,83.16485595703125,79.57279205322266,75.6104965209961,162.60000610351562,22.945173263549805
2012-11-05,111.8562240600586,58.33933639526367,30.952465057373047,37.364933013916016,83.63422393798828,79.76499938964844,75.6475830078125,163.22999572753906,23.13962745666504
2012-11-06,112.73150634765625,58.44606399536133,31.19683074951172,37.52666473388672,82.8451156616211,79.40275573730469,75.28270721435547,166.3000030517578,23.553892135620117
2012-11-07,110.17656707763672,57.06759262084961,30.68588638305664,37.359153747558594,84.34846496582031,80.06818389892578,75.43733978271484,166.49000549316406,23.1142635345459
2012-11-08,108.85182189941406,56.16938400268555,30.30084228515625,36.91439437866211,85.60003662109375,80.42303466796875,75.36309814453125,167.99000549316406,23.148080825805664
2012-11-09,108.94641876220703,56.40950393676758,30.360082626342773,36.81621551513672,85.69526672363281,80.43047332763672,75.17749786376953,167.82000732421875,23.33407974243164
2012-11-12,109.03324127197266,56.40061569213867,30.471147537231445,36.729576110839844,85.83812713623047,80.48225402832031,75.18988800048828,167.4499969482422,23.224170684814453
2012-11-13,108.65470886230469,56.009300231933594,30.197168350219727,36.7006950378418,86.12384796142578,80.5783462524414,75.22080993652344,167.10000610351562,23.18189811706543
2012-11-14,107.18795776367188,55.3512077331543,29.730661392211914,36.013343811035156,86.20545196533203,80.60052490234375,75.37545013427734,167.13999938964844,23.249530792236328
2012-11-15,107.00662231445312,55.16446304321289,29.834321975708008,35.845855712890625,86.03541564941406,80.5635757446289,75.22701263427734,166.08999633789062,23.156536102294922
2012-11-16,107.53495025634766,55.404571533203125,29.923185348510742,36.06533432006836,85.96060943603516,80.61537170410156,75.25176239013672,165.8800048828125,23.25798797607422
2012-11-19,109.71134948730469,56.72077178955078,30.448932647705078,36.51009750366211,85.47761535644531,80.45262908935547,75.48681640625,167.8699951171875,23.697616577148438
2012-11-20,109.75865936279297,56.738548278808594,30.38969612121582,36.78155517578125,84.62053680419922,80.11992645263672,75.25176239013672,167.38999938964844,23.536983489990234
2012-11-21,109.96366882324219,56.85416030883789,30.33046531677246,36.718013763427734,84.57291412353516,80.00165557861328,75.30741882324219,167.55999755859375,23.63843536376953
2012-11-23,111.46195220947266,57.71680450439453,30.826587677001953,36.9894905090332,84.49132537841797,79.95726013183594,75.33834075927734,169.61000061035156,23.722976684570312
2012-11-26,111.22535705566406,57.965797424316406,30.826587677001953,37.064579010009766,84.89262390136719,80.09041595458984,75.4620590209961,169.42999267578125,23.68916130065918
2012-11-27,110.65760803222656,57.770172119140625,30.567411422729492,36.85664367675781,85.22592163085938,80.27516174316406,75.50531768798828,168.7100067138672,23.655345916748047
2012-11-28,111.54869079589844,58.2681770324707,30.737722396850586,36.810428619384766,85.10348510742188,80.37873840332031,75.49298858642578,166.5500030517578,23.579252243041992
2012-11-29,112.06907653808594,58.61501693725586,30.959882736206055,37.01259231567383,85.11708068847656,80.46007537841797,75.54866027832031,167.17999267578125,23.739885330200195
2012-11-30,112.09275817871094,58.5172004699707,30.9450626373291,37.08769607543945,84.88581085205078,80.44528198242188,75.54248809814453,166.0500030517578,23.756797790527344
2012-12-03,111.54080200195312,58.401580810546875,30.930253982543945,37.237857818603516,84.96418762207031,80.4134292602539,75.62625885009766,166.1300048828125,23.815977096557617
2012-12-04,111.38313293457031,58.366004943847656,31.019115447998047,37.295623779296875,85.4549331665039,80.55406951904297,75.6944580078125,164.4199981689453,23.604618072509766
2012-12-05,111.58023071289062,57.71680450439453,31.352340698242188,37.18010330200195,85.41404724121094,80.62068939208984,75.84960174560547,164.1199951171875,23.579252243041992
2012-12-06,111.9587173461914,58.09031295776367,31.589296340942383,37.52666473388672,85.59809112548828,80.66514587402344,75.83719635009766,164.5,23.367895126342773
2012-12-07,112.29779052734375,57.743465423583984,31.685550689697266,37.66529083251953,84.80743408203125,80.43562316894531,75.65727996826172,165.16000366210938,23.342531204223633
2012-12-10,112.34510803222656,57.91245651245117,31.863258361816406,37.6479606628418,85.1822738647461,80.50965881347656,75.72555541992188,165.8000030517578,23.291805267333984
2012-12-11,113.11001586914062,58.668373107910156,32.02617263793945,37.74037170410156,84.5347900390625,80.35419464111328,75.44630432128906,165.64999389648438,23.249530792236328
2012-12-12,113.16522979736328,58.54387283325195,32.1224365234375,37.636417388916016,83.55337524414062,80.01367950439453,75.21671295166016,165.77000427246094,23.35944175720215
2012-12-13,112.47126007080078,58.081417083740234,31.981740951538086,37.34761047363281,83.61470794677734,79.85821533203125,75.0988540649414,164.3699951171875,23.148080825805664
2012-12-14,112.05333709716797,57.53004455566406,32.1224365234375,37.34183120727539,84.24170684814453,80.03591918945312,75.1546859741211,164.1300048828125,23.291805267333984
2012-12-17,113.37024688720703,58.29487609863281,32.20389175415039,37.53821563720703,82.98082733154297,79.61390686035156,74.91271209716797,164.44000244140625,23.274898529052734
2012-12-18,114.63188934326172,59.18417739868164,32.42888259887695,37.925209045410156,82.13568115234375,79.3029556274414,74.7265853881836,162.0800018310547,23.33407974243164
2012-12-19,113.78026580810547,58.92627716064453,32.41398239135742,37.87321853637695,82.40837097167969,79.41402435302734,75.0181884765625,161.69000244140625,23.418622970581055
2012-12-20,114.43476104736328,58.92627716064453,32.60767364501953,38.36995315551758,82.42193603515625,79.46582794189453,75.09263610839844,159.72999572753906,23.308713912963867
2012-12-21,113.39604949951172,58.30653381347656,32.235191345214844,38.306427001953125,83.32164764404297,79.68053436279297,75.22293853759766,160.3300018310547,23.266441345214844
2012-12-24,113.04662322998047,58.190311431884766,32.168128967285156,38.35728454589844,83.17166900634766,79.59910583496094,75.17327117919922,160.6199951171875,23.190353393554688
2012-12-26,112.57011413574219,57.6805419921875,32.26498031616211,38.17605209350586,83.47084045410156,79.76293182373047,75.28030395507812,160.77999877929688,23.427074432373047
2012-12-27,112.4192123413086,57.59113311767578,32.446815490722656,38.316368103027344,83.75093078613281,79.9260482788086,75.52308654785156,161.16000366210938,23.427074432373047
2012-12-28,111.20414733886719,57.03667068481445,32.5660514831543,38.06496810913086,84.22904205322266,80.11138916015625,75.69109344482422,160.5399932861328,23.35944175720215
2012-12-31,113.09423065185547,58.243961334228516,33.05044937133789,38.46835708618164,82.7741470336914,79.68879699707031,75.29280853271484,162.02000427246094,23.486255645751953
2013-01-02,115.99293518066406,60.0950813293457,33.69877624511719,38.947757720947266,81.66756439208984,79.32553100585938,75.46701049804688,163.1699981689453,23.57080078125
2013-01-03,115.73082733154297,59.78209686279297,33.46031188964844,38.94190979003906,80.5610122680664,78.91777038574219,75.05634307861328,161.1999969482422,23.37635040283203
2013-01-04,116.23907470703125,59.585357666015625,33.52739334106445,39.12314224243164,80.87521362304688,78.954833984375,75.01897430419922,160.44000244140625,23.274898529052734
2013-01-07,115.92147064208984,59.603240966796875,33.27399826049805,39.210838317871094,80.90937042236328,78.99937438964844,75.14344787597656,159.42999267578125,23.317169189453125
2013-01-08,115.58784484863281,59.486968994140625,32.97590637207031,39.13484573364258,81.44214630126953,79.19206237792969,75.21194458007812,160.55999755859375,23.37635040283203
2013-01-09,115.88165283203125,59.71054458618164,33.11750411987305,39.245906829833984,81.36703491210938,79.23658752441406,75.18699645996094,160.49000549316406,23.342531204223633
2013-01-10,116.80290222167969,60.06825637817383,33.40814208984375,39.286834716796875,81.14160919189453,79.00677490234375,75.22431945800781,161.97999572753906,23.427074432373047
2013-01-11,116.79496002197266,60.148738861083984,33.139869689941406,39.26345443725586,81.86561584472656,79.2587661743164,75.3612060546875,161.05999755859375,23.325620651245117
2013-01-14,116.71556854248047,59.88044357299805,33.281455993652344,39.374534606933594,81.64027404785156,79.2291030883789,75.21194458007812,161.5399932861328,23.47780418395996
2013-01-15,116.79496002197266,59.585357666015625,33.139869689941406,39.56159973144531,82.0158920288086,79.42190551757812,75.149658203125,162.55999755859375,23.37635040283203
2013-01-16,116.77910614013672,59.826812744140625,33.11005783081055,39.51483154296875,82.18667602539062,79.52571105957031,75.149658203125,162.64999389648438,23.40171241760254
2013-01-17,117.5335464477539,60.11298751831055,33.296363830566406,39.637603759765625,81.36703491210938,79.16242980957031,75.01897430419922,163.35000610351562,23.503162384033203
2013-01-18,117.79562377929688,59.97883605957031,33.37088394165039,39.80714416503906,81.99546813964844,79.38480377197266,75.0936279296875,163.08999633789062,23.655345916748047
2013-01-22,118.43093872070312,60.07720947265625,33.3187255859375,40.01177215576172,82.15252685546875,79.45158386230469,75.0936279296875,163.6699981689453,23.722976684570312
2013-01-23,118.62150573730469,60.443851470947266,33.139869689941406,40.000091552734375,82.02958679199219,79.48863220214844,75.18699645996094,163.2100067138672,23.74834442138672
2013-01-24,118.65330505371094,59.6121940612793,33.020633697509766,40.08193588256836,81.74269104003906,79.35518646240234,75.08120727539062,161.4199981689453,23.731433868408203
2013-01-25,119.32038879394531,59.916255950927734,32.90885543823242,40.309932708740234,80.6224594116211,78.8288345336914,74.73890686035156,160.64999389648438,23.680706024169922
2013-01-28,119.17741394042969,60.05038070678711,32.677833557128906,40.4151725769043,80.32875061035156,78.66574096679688,74.67669677734375,160.2899932861328,23.672252655029297
2013-01-29,119.64596557617188,60.05931091308594,33.04298782348633,40.53208541870117,79.88478088378906,78.54708862304688,74.50872802734375,160.99000549316406,23.807523727416992
2013-01-30,119.17741394042969,59.93409729003906,32.88649368286133,40.146244049072266,79.74811553955078,78.59162902832031,74.25980377197266,162.19000244140625,24.07806396484375
2013-01-31,118.8835678100586,59.79998779296875,32.95357131958008,39.90653991699219,80.1374740600586,78.65834045410156,74.3157730102539,161.1999969482422,24.069608688354492
2013-02-01,120.10658264160156,60.50645065307617,33.169677734375,40.14038848876953,79.09695434570312,78.39104461669922,74.12286376953125,161.4499969482422,24.162609100341797
2013-02-04,118.75650024414062,59.45120620727539,32.72999954223633,40.046852111816406,80.1100845336914,78.84391021728516,74.37258911132812,162.0,24.07806396484375
2013-02-05,119.95563507080078,60.32759094238281,32.76725769042969,39.953304290771484,79.39815521240234,78.56182098388672,74.22271728515625,161.9600067138672,24.17106056213379
2013-02-06,120.04305267333984,60.130836486816406,32.72999954223633,40.0936279296875,80.04851531982422,78.79930877685547,74.41619873046875,162.38999938964844,24.13724136352539
2013-02-07,119.88426208496094,60.18452072143555,32.439369201660156,39.92406463623047,79.87052154541016,78.83646392822266,74.44123077392578,161.83999633789062,24.044246673583984
2013-02-08,120.55134582519531,60.80157470703125,32.677833557128906,40.29239273071289,80.1786117553711,78.89582824707031,74.60354614257812,161.57000732421875,24.13724136352539
2013-02-11,120.52745819091797,60.81944274902344,32.66292953491211,40.35084915161133,80.11695861816406,78.81422424316406,74.56610107421875,159.6999969482422,24.052701950073242
2013-02-12,120.72598266601562,60.569061279296875,32.75234603881836,40.65486526489258,79.91841888427734,78.73252868652344,74.4912109375,159.88999938964844,24.094970703125
2013-02-13,120.82921600341797,60.78366470336914,32.91630172729492,40.63148880004883,79.26808166503906,78.45789337158203,74.31639862060547,159.0500030517578,24.10342788696289
2013-02-14,120.9404067993164,60.76579666137695,32.901405334472656,40.46192169189453,79.98686981201172,78.79190826416016,74.52241516113281,158.35000610351562,24.069608688354492
2013-02-15,120.79747772216797,60.5869255065918,32.78216552734375,40.47946548461914,79.75410461425781,78.71770477294922,74.4912109375,155.75999450683594,23.968156814575195
2013-02-19,121.7027816772461,61.02512741088867,32.84923553466797,40.801029205322266,79.35704803466797,78.59149169921875,74.4724349975586,155.3300018310547,23.875158309936523
2013-02-20,120.18595123291016,60.0861701965332,32.55860137939453,40.53793716430664,79.59664916992188,78.76223754882812,74.59730529785156,151.44000244140625,23.604618072509766
2013-02-21,119.45539855957031,59.44226837158203,32.11146545410156,40.233917236328125,80.06219482421875,78.91814422607422,74.71589660644531,152.6199951171875,23.33407974243164
2013-02-22,120.62278747558594,60.041439056396484,32.25305938720703,40.637325286865234,80.11695861816406,79.01461791992188,74.765869140625,152.97000122070312,23.33407974243164
2013-02-25,118.32764434814453,59.299190521240234,31.820829391479492,39.865623474121094,81.69154357910156,79.62335205078125,75.20907592773438,154.33999633789062,23.224170684814453
2013-02-26,119.13772583007812,59.52274703979492,31.999675750732422,40.14038848876953,81.21910858154297,79.47491455078125,75.11541748046875,156.22000122070312,23.18189811706543
2013-02-27,120.63863372802734,60.130836486816406,32.349937438964844,40.43271255493164,80.97960662841797,79.43772888183594,75.0904769897461,154.57000732421875,23.038175582885742
2013-02-28,120.40037536621094,60.00565719604492,32.20089340209961,40.391788482666016,81.13013458251953,79.54910278320312,75.11541748046875,153.0,22.936721801757812
2013-03-01,120.79747772216797,60.256046295166016,32.275413513183594,40.52625274658203,81.57195281982422,79.74755096435547,75.2870101928711,152.44000244140625,22.776092529296875
2013-03-04,121.44065856933594,60.524356842041016,31.969867706298828,40.83024597167969,81.13973999023438,79.561767578125,75.23065185546875,152.3000030517578,22.691543579101562
2013-03-05,122.52867889404297,61.41862487792969,32.357391357421875,41.151790618896484,80.90650177001953,79.47998046875,75.10538482666016,152.3800048828125,22.902904510498047
2013-03-06,122.69551086425781,61.26658630371094,32.513885498046875,41.029022216796875,80.17240905761719,79.22733306884766,74.88623809814453,153.22999572753906,22.776092529296875
2013-03-07,122.91786193847656,61.42755889892578,32.603302001953125,40.83610153198242,79.55496978759766,78.92256927490234,74.64203643798828,152.69000244140625,22.928268432617188
2013-03-08,123.44198608398438,61.49908447265625,32.88649368286133,40.90624237060547,78.72481536865234,78.52127075195312,74.37903594970703,152.7100067138672,22.99590301513672
2013-03-11,123.91049194335938,61.677955627441406,32.7076416015625,40.941322326660156,78.8003158569336,78.5583267211914,74.42915344238281,152.99000549316406,23.0128116607666
2013-03-12,123.6325912475586,61.454376220703125,32.33502960205078,40.78932571411133,79.36973571777344,78.7739028930664,74.57943725585938,154.19000244140625,23.063539505004883
2013-03-13,123.80730438232422,61.37388610839844,32.02949523925781,40.83024597167969,79.28741455078125,78.70700073242188,74.51054382324219,153.66000366210938,22.945173263549805
2013-03-14,124.46643829345703,61.57958221435547,32.163631439208984,41.08747482299805,79.04730987548828,78.72933197021484,74.54182434082031,153.67999267578125,23.1142635345459
2013-03-15,124.3021011352539,61.408382415771484,31.872997283935547,41.18102264404297,79.41775512695312,79.00434875488281,74.64203643798828,154.0,23.16499137878418
2013-03-18,123.61605834960938,61.273921966552734,31.515287399291992,40.953025817871094,80.02146911621094,79.26446533203125,74.8235855102539,155.3800048828125,23.02971839904785
2013-03-19,123.32891082763672,61.157386779785156,31.29173469543457,40.75424575805664,80.56342315673828,79.50971984863281,74.9488296508789,156.0800018310547,22.86063575744629
2013-03-20,124.19047546386719,61.58766174316406,31.470584869384766,40.88285827636719,79.66472625732422,79.20501708984375,74.72969818115234,155.3699951171875,23.021265029907227
2013-03-21,123.12950134277344,60.88850021362305,31.150135040283203,40.76007080078125,80.4330825805664,79.41307830810547,74.8048324584961,156.25,22.919815063476562
2013-03-22,124.11862182617188,61.48008728027344,31.26936912536621,40.974552154541016,80.49485778808594,79.44282531738281,74.81108856201172,155.5500030517578,22.96208381652832
2013-03-25,123.60016632080078,61.25598907470703,31.23957061767578,40.980430603027344,80.41944122314453,79.5022964477539,74.81108856201172,155.24000549316406,22.978994369506836
2013-03-26,124.58926391601562,61.58766174316406,31.686697006225586,41.333919525146484,80.51543426513672,79.58405303955078,74.86116790771484,154.72000122070312,23.190353393554688
2013-03-27,124.58926391601562,61.6683349609375,31.805923461914062,41.41049575805664,81.20146942138672,79.92594909667969,75.12415313720703,155.36000061035156,23.308713912963867
2013-03-28,124.97212982177734,61.8206787109375,31.872997283935547,41.55190658569336,80.78985595703125,79.77727508544922,75.0803451538086,154.4499969482422,23.088897705078125
2013-04-01,124.47758483886719,61.39944076538086,31.530202865600586,41.67560577392578,81.39836120605469,79.9893569946289,74.97235107421875,154.6699981689453,23.088897705078125
2013-04-02,125.09184265136719,61.8834342956543,31.54509735107422,41.80522918701172,81.06832885742188,79.83312225341797,74.96602630615234,152.42999267578125,22.978994369506836
2013-04-03,123.82347106933594,61.31874465942383,31.172487258911133,41.65792465209961,81.7970962524414,80.16796875,75.26750183105469,150.72999572753906,22.5900936126709
2013-04-04,124.32600402832031,61.33668518066406,31.083053588867188,42.33544158935547,82.77340698242188,80.48798370361328,75.66952514648438,150.2899932861328,22.564729690551758
2013-04-05,123.76768493652344,60.82575607299805,31.008554458618164,42.56521224975586,84.44414520263672,80.74108123779297,75.90193939208984,152.80999755859375,22.547821044921875
2013-04-08,124.6052474975586,61.14847946166992,31.060710906982422,42.906925201416016,83.7978744506836,80.48055267333984,75.9710693359375,152.16000366210938,22.615455627441406
2013-04-09,125.03594207763672,61.56075668334961,31.36623764038086,42.912803649902344,83.59159851074219,80.51033020019531,76.04642486572266,153.33999633789062,22.759180068969727
2013-04-10,126.5674819946289,62.7618408203125,31.664331436157227,43.17790222167969,82.4433822631836,80.17545318603516,75.84545135498047,150.75,22.708454132080078
2013-04-11,126.98226165771484,62.73496627807617,31.69414710998535,43.431236267089844,82.60153198242188,80.2647476196289,75.8956527709961,151.0500030517578,22.615455627441406
2013-04-12,126.67120361328125,62.690147399902344,31.20975112915039,43.53729248046875,83.83222198486328,80.7112808227539,76.27254486083984,143.9499969482422,22.33646011352539
2013-04-15,123.73571014404297,61.45317077636719,30.449623107910156,42.63591003417969,84.56102752685547,80.88988494873047,76.29769897460938,131.30999755859375,21.66856575012207
2013-04-16,125.56243896484375,62.26884841918945,31.07561683654785,43.34286880493164,83.86662292480469,80.65914916992188,76.15948486328125,132.8000030517578,21.896833419799805
2013-04-17,123.72775268554688,61.04984664916992,30.583768844604492,42.88335418701172,84.42349243164062,80.80807495117188,76.2662582397461,132.8699951171875,21.57556915283203
2013-04-18,122.95401763916016,60.2072639465332,30.583768844604492,42.818546295166016,84.62976837158203,80.85267639160156,76.33537292480469,134.3000030517578,21.8038330078125
2013-04-19,124.02295684814453,61.031925201416016,31.030885696411133,43.47837829589844,84.4510498046875,80.80807495117188,76.44837951660156,135.47000122070312,21.753108978271484
2013-04-22,124.5733413696289,61.65935134887695,31.17993927001953,43.41944885253906,84.51290893554688,80.85267639160156,76.47354888916016,137.89999389648438,21.820741653442383
2013-04-23,125.85760498046875,62.25094223022461,31.32899284362793,43.661014556884766,84.21729278564453,80.80057525634766,76.57402801513672,136.8800048828125,21.685474395751953
2013-04-24,125.93733978271484,62.22404479980469,31.515287399291992,43.755271911621094,84.4303970336914,80.83778381347656,76.60542297363281,138.3699951171875,21.922195434570312
2013-04-25,126.44788360595703,62.555686950683594,31.798471450805664,43.60798645019531,84.06597137451172,80.74851989746094,76.56147766113281,141.6300048828125,22.209646224975586
2013-04-26,126.2244644165039,62.35847854614258,31.478031158447266,43.46659851074219,84.83604431152344,81.03871154785156,76.83782958984375,140.91000366210938,22.08283233642578
2013-04-29,127.07001495361328,62.93217849731445,31.805923461914062,43.83774948120117,84.52667236328125,81.00898742675781,76.8441162109375,142.3000030517578,22.378732681274414
2013-04-30,127.37309265136719,63.38929748535156,32.26050567626953,44.35029602050781,84.57476043701172,80.99410247802734,76.71216583251953,142.77000427246094,22.209646224975586
2013-05-01,126.25640869140625,63.09351348876953,31.910255432128906,43.996826171875,85.4436264038086,81.25863647460938,77.05364990234375,141.11000061035156,21.81229019165039
2013-05-02,127.428955078125,63.891258239746094,32.163631439208984,44.28549575805664,85.33338165283203,81.25863647460938,77.05364990234375,141.9199981689453,22.091283798217773
2013-05-03,128.72128295898438,64.64415740966797,32.43191909790039,44.46223449707031,83.32145690917969,80.56558990478516,76.32918548583984,142.08999633789062,22.33646011352539
2013-05-06,129.0482635498047,64.8951416015625,32.47663116455078,44.6920051574707,83.11481475830078,80.46125793457031,76.31658172607422,142.14999389648438,22.36182403564453
2013-05-07,129.70233154296875,64.85932159423828,32.7076416015625,44.9394416809082,82.7909164428711,80.34953308105469,76.25992584228516,140.3800048828125,22.285736083984375
2013-05-08,130.29270935058594,65.17303466796875,32.96102523803711,44.963008880615234,82.92185974121094,80.44636535644531,76.32918548583984,142.4600067138672,22.387187957763672
2013-05-09,129.9257354736328,65.0833740234375,32.72254180908203,44.668426513671875,82.70830535888672,80.43151092529297,76.16537475585938,140.80999755859375,22.378732681274414
2013-05-10,130.34849548339844,65.47776794433594,32.46916580200195,44.83338165283203,81.8194351196289,79.97696685791016,75.76849365234375,139.60000610351562,22.277280807495117
2013-05-13,130.45220947265625,65.55842590332031,32.17109298706055,45.04547119140625,81.19245147705078,79.83539581298828,75.57320404052734,138.42999267578125,22.17582893371582
2013-05-14,131.80030822753906,65.89901733398438,32.32012176513672,45.2104377746582,80.3105239868164,79.51495361328125,75.37164306640625,137.80999755859375,22.09973907470703
2013-05-15,132.51019287109375,66.03348541259766,32.32758331298828,45.658172607421875,80.84796905517578,79.72355651855469,75.63619995117188,134.6300048828125,22.049013137817383
2013-05-16,131.88804626464844,65.96180725097656,32.21580505371094,45.42253112792969,81.68856811523438,80.1036376953125,75.98269653320312,134.08999633789062,22.023653030395508
2013-05-17,133.16429138183594,66.59820556640625,32.357391357421875,45.67586135864258,80.65507507324219,79.67142486572266,75.6550521850586,131.07000732421875,22.133556365966797
2013-05-20,133.1563262939453,66.49959564208984,32.439369201660156,45.78190994262695,80.55856323242188,79.61183166503906,75.5669174194336,135.1199951171875,22.277280807495117
2013-05-21,133.34774780273438,66.5713119506836,32.37228775024414,46.04111862182617,81.19245147705078,79.8204345703125,75.85041046142578,132.8800048828125,22.150466918945312
2013-05-22,132.3585968017578,65.98870086669922,32.01459503173828,44.9217643737793,79.98670196533203,79.18706512451172,75.25192260742188,131.94000244140625,22.049013137817383
2013-05-23,131.97576904296875,65.8363037109375,31.776107788085938,44.079288482666016,80.36566925048828,79.26905059814453,75.32747650146484,134.61000061035156,22.150466918945312
2013-05-24,131.8640594482422,65.80049133300781,31.500402450561523,43.96736526489258,80.47590637207031,79.29887390136719,75.2771224975586,133.75999450683594,22.065921783447266
2013-05-28,132.6537628173828,66.2306900024414,31.671775817871094,43.59029769897461,78.43646240234375,78.36744689941406,74.5526351928711,133.49000549316406,22.26882553100586
2013-05-29,131.7923126220703,65.91697692871094,31.26936912536621,42.66535949707031,79.31837463378906,78.68781280517578,74.52111053466797,134.8300018310547,22.12510108947754
2013-05-30,132.27886962890625,66.26655578613281,31.26936912536621,42.26473617553711,79.12545013427734,78.69534301757812,74.61566925048828,136.6999969482422,22.12510108947754
2013-05-31,130.38040161132812,65.65704345703125,30.7029972076416,41.69918441772461,78.85675811767578,78.47918701171875,74.24395751953125,133.9199981689453,21.863018035888672
2013-06-03,131.0983123779297,65.7735595703125,31.157596588134766,41.93483352661133,79.27457427978516,78.59260559082031,74.04867553710938,136.50999450683594,22.133556365966797
2013-06-04,130.46817016601562,65.43295288085938,30.777528762817383,41.35158920288086,78.54251861572266,78.39117431640625,73.75799560546875,135.22999572753906,22.218097686767578
2013-06-05,128.64146423339844,64.58143615722656,30.22606658935547,41.009883880615234,79.62686157226562,78.77174377441406,73.65054321289062,135.52000427246094,22.116647720336914
2013-06-06,129.80604553222656,64.8951416015625,30.479434967041016,41.66972732543945,79.5784912109375,78.8686752319336,73.96649169921875,136.52999877929688,22.201190948486328
2013-06-07,131.45730590820312,65.78252410888672,30.32294273376465,41.67560577392578,78.15570831298828,78.25685119628906,73.67581939697266,133.27999877929688,22.251916885375977
2013-06-10,131.45730590820312,65.8094253540039,29.913074493408203,41.316246032714844,77.7827377319336,78.06287384033203,73.44831848144531,133.94000244140625,22.167375564575195
2013-06-11,130.1012420654297,65.15509033203125,29.346704483032227,40.70353698730469,78.70821380615234,78.25685119628906,73.30927276611328,133.25,21.972923278808594
2013-06-12,129.02435302734375,64.40216064453125,29.145488739013672,40.14973831176758,77.58246612548828,77.90614318847656,73.05655670166016,134.25,21.998287200927734
2013-06-13,130.9866485595703,65.21784973144531,29.76402473449707,41.19251251220703,78.79798126220703,78.49560546875,73.84013366699219,133.74000549316406,22.142013549804688
2013-06-14,130.16502380371094,64.78759002685547,29.294544219970703,41.345699310302734,78.61152648925781,78.60009765625,73.78955841064453,134.42999267578125,22.235008239746094
2013-06-17,131.17010498046875,65.41503143310547,29.562822341918945,41.4635124206543,78.19712829589844,78.41355895996094,73.68218231201172,133.77000427246094,22.285736083984375
2013-06-18,132.2071533203125,65.95282745361328,29.689504623413086,41.67560577392578,78.2385482788086,78.36880493164062,73.53681182861328,132.1300048828125,22.3280086517334
2013-06-19,130.38040161132812,65.21784973144531,28.772890090942383,40.397178649902344,77.43052673339844,77.2942886352539,72.49413299560547,130.58999633789062,22.36182403564453
2013-06-20,127.14982604980469,63.667152404785156,27.48366355895996,38.718135833740234,76.1596908569336,76.943603515625,71.49568939208984,123.5999984741211,21.634748458862305
2013-06-21,127.55803680419922,63.32905197143555,27.878620147705078,39.24247360229492,74.8681411743164,76.13028717041016,70.9079818725586,125.05000305175781,21.49947738647461
2013-06-24,125.94620513916016,62.69963455200195,27.312259674072266,39.064632415771484,75.17887878417969,75.94376373291016,70.44671630859375,123.93000030517578,21.406478881835938
2013-06-25,127.15702056884766,63.158206939697266,27.89353370666504,39.7188720703125,74.50897979736328,75.85421752929688,70.6805191040039,123.47000122070312,21.42338752746582
2013-06-26,128.41600036621094,63.72470474243164,28.33320426940918,40.319602966308594,74.99246978759766,76.16014862060547,71.2176513671875,118.27999877929688,21.364206314086914
2013-06-27,129.16976928710938,63.99445343017578,28.901721954345703,41.12848663330078,75.75904846191406,76.5705337524414,71.8621597290039,115.94000244140625,21.35575294494629
2013-06-28,128.6405029296875,64.08434295654297,29.06783103942871,40.87274932861328,76.27709197998047,76.48100280761719,71.8179931640625,119.11000061035156,21.245845794677734
2013-07-01,129.39431762695312,64.48002624511719,29.158424377441406,40.78352355957031,76.43077850341797,76.51016235351562,72.00373077392578,121.12999725341797,21.38111686706543
2013-07-02,129.2739715576172,64.50698852539062,28.637474060058594,41.40804672241211,76.3823013305664,76.5400161743164,72.23192596435547,120.05000305175781,21.465660095214844
2013-07-03,129.3302001953125,64.76774597167969,28.373228073120117,41.13444519042969,76.15389251708984,76.39059448242188,72.02273559570312,120.73999786376953,21.660110473632812
2013-07-05,130.7254638671875,65.26234436035156,28.192020416259766,40.93817901611328,73.5579605102539,75.10548400878906,71.10990905761719,118.08999633789062,21.609386444091797
2013-07-08,131.4712371826172,65.32524108886719,28.229778289794922,40.979801177978516,74.27091217041016,75.54630279541016,71.69306945800781,119.51000213623047,21.71929359436035
2013-07-09,132.4175262451172,65.72090148925781,28.599727630615234,41.56267547607422,74.34710693359375,75.67330932617188,71.75650787353516,120.62000274658203,21.854562759399414
2013-07-10,132.46560668945312,66.09854888916016,28.327919006347656,41.58053207397461,73.7656478881836,75.40433502197266,71.54733276367188,120.94999694824219,21.922195434570312
2013-07-11,134.26983642578125,67.41130065917969,29.717138290405273,42.58568572998047,74.63092041015625,76.15898132324219,72.39041137695312,124.23999786376953,22.032102584838867
2013-07-12,134.32598876953125,67.70808410644531,29.4000301361084,42.32399368286133,74.56864166259766,76.09921264648438,72.18758392333984,124.12999725341797,22.116647720336914
2013-07-15,134.83920288085938,67.86093139648438,29.702037811279297,42.502403259277344,74.96318817138672,76.33828735351562,72.65032196044922,124.18000030517578,22.057464599609375
2013-07-16,134.33392333984375,67.77101135253906,29.822847366333008,42.53214645385742,75.2193374633789,76.3756332397461,72.54259490966797,124.88999938964844,22.08283233642578
2013-07-17,134.6788330078125,67.94183349609375,30.094642639160156,42.68681335449219,75.35782623291016,76.7118911743164,72.81517028808594,123.31999969482422,22.065921783447266
2013-07-18,135.41659545898438,67.77101135253906,29.73978614807129,43.04959487915039,74.41632843017578,76.35321044921875,72.625,124.01000213623047,22.158918380737305
2013-07-19,135.6571502685547,67.06964111328125,29.656734466552734,43.01987075805664,75.5931625366211,76.7716293334961,73.0244140625,125.11000061035156,22.17582893371582
2013-07-22,135.92178344726562,67.26747131347656,29.95119285583496,43.15073013305664,75.70391082763672,76.76416015625,73.18923950195312,128.83999633789062,22.158918380737305
2013-07-23,135.63308715820312,66.7729263305664,30.275848388671875,43.1031379699707,75.385498046875,76.6745376586914,73.07511138916016,129.7100067138672,22.192737579345703
2013-07-24,135.13589477539062,66.98872375488281,29.96628761291504,42.26450729370117,74.43017578125,76.15898132324219,72.72006225585938,127.4800033569336,22.015195846557617
2013-07-25,135.46470642089844,67.41130065917969,30.13994598388672,42.329933166503906,74.40245819091797,76.27104187011719,72.63134765625,128.6699981689453,21.989831924438477
2013-07-26,135.60906982421875,67.77101135253906,30.071998596191406,42.365631103515625,74.85936737060547,76.33828735351562,72.70740509033203,128.77999877929688,21.854562759399414
2013-07-29,135.1920623779297,67.64509582519531,29.694482803344727,42.05039596557617,74.31249237060547,76.18135070800781,72.5869369506836,128.47000122070312,21.84610939025879
2013-07-30,135.1920623779297,68.0047836303711,29.626543045043945,41.92551040649414,74.28479766845703,76.15898132324219,72.60594177246094,128.1199951171875,21.77001953125
2013-07-31,135.28829956054688,68.13064575195312,29.452878952026367,41.24150848388672,74.55477905273438,76.2113037109375,72.61235046386719,127.95999908447266,21.922195434570312
2013-08-01,136.85194396972656,68.8230209350586,29.988941192626953,41.080902099609375,73.11821746826172,75.53865051269531,72.03368377685547,126.61000061035156,21.972923278808594
2013-08-02,137.08457946777344,69.20966339111328,29.981393814086914,40.87869644165039,73.92327117919922,76.18208312988281,72.38973999023438,126.36000061035156,21.88838005065918
2013-08-05,136.88400268554688,69.25465393066406,29.792644500732422,40.84894943237305,73.35417938232422,75.94266510009766,72.11634063720703,125.69999694824219,21.778470993041992
2013-08-06,136.106201171875,68.84101867675781,29.415142059326172,40.706207275390625,73.56932830810547,75.96508026123047,72.16085052490234,123.97000122070312,21.600929260253906
2013-08-07,135.66513061523438,68.71514129638672,29.098037719726562,40.59915542602539,74.11761474609375,76.24197387695312,72.31983184814453,124.1500015258789,21.45720672607422
2013-08-08,136.16232299804688,69.05683898925781,29.656734466552734,40.61698913574219,74.31880187988281,76.35420227050781,72.4724349975586,126.86000061035156,21.567113876342773
2013-08-09,135.76943969726562,68.77806854248047,29.717138290405273,40.973854064941406,74.43683624267578,76.40655517578125,72.4724349975586,126.86000061035156,21.71929359436035
2013-08-12,135.60906982421875,68.93997192382812,29.996490478515625,40.68241500854492,73.93022918701172,76.25688934326172,72.43421173095703,129.1300048828125,21.98137664794922
2013-08-13,136.01002502441406,69.32661437988281,30.177692413330078,40.123321533203125,72.86146545410156,75.56855773925781,71.9192123413086,127.73999786376953,21.972923278808594
2013-08-14,135.31234741210938,69.06580352783203,30.275848388671875,39.96868896484375,72.97248840332031,75.63592529296875,71.79838562011719,129.0,22.150466918945312
2013-08-15,133.4197540283203,67.89688110351562,29.928543090820312,39.23712158203125,71.98700714111328,75.2169189453125,71.28965759277344,131.69000244140625,22.36182403564453
2013-08-16,132.97879028320312,67.86991119384766,29.67183494567871,38.273582458496094,71.73721313476562,74.92510986328125,70.93354797363281,132.5800018310547,22.370277404785156
2013-08-19,132.12884521484375,67.75301361083984,29.11313819885254,37.768035888671875,71.11261749267578,74.60340881347656,70.54566192626953,132.00999450683594,22.344913482666016
2013-08-20,132.7783660888672,68.04975891113281,29.060277938842773,38.6245002746582,71.66088104248047,75.0074462890625,70.97807312011719,132.4499969482422,22.302644729614258
2013-08-21,131.96044921875,67.81596374511719,28.380775451660156,38.53528594970703,70.87664031982422,74.5360336303711,70.5520248413086,132.07000732421875,22.277280807495117
2013-08-22,133.1632843017578,68.48135375976562,28.841331481933594,38.76725769042969,71.59841918945312,74.50614166259766,70.8763198852539,132.80999755859375,22.285736083984375
2013-08-23,133.61228942871094,68.93997192382812,29.18108367919922,39.17170333862305,72.37567138671875,74.92510986328125,71.35324096679688,134.89999389648438,22.46327781677246
2013-08-26,133.1151123046875,68.97589874267578,28.86397361755371,39.05870056152344,72.73653411865234,75.07475280761719,71.49948120117188,135.4499969482422,22.5900936126709
2013-08-27,130.97409057617188,67.56420135498047,28.199567794799805,38.86836242675781,73.6525650024414,75.501220703125,71.80471801757812,136.75,22.809904098510742
2013-08-28,131.43922424316406,67.82495880126953,28.25997543334961,38.630455017089844,73.05579376220703,75.19447326660156,71.81744384765625,136.7100067138672,22.843725204467773
2013-08-29,131.64764404296875,68.30152130126953,28.486482620239258,38.6899299621582,73.63876342773438,75.269287109375,71.88742065429688,135.8699951171875,22.60700225830078
2013-08-30,131.2306671142578,67.86093139648438,28.705429077148438,38.36280822753906,73.55545806884766,75.1271743774414,71.88742065429688,134.6199951171875,22.53936767578125
2013-09-03,131.82406616210938,68.2475814819336,28.886627197265625,38.02972412109375,72.5179672241211,74.70077514648438,71.60416412353516,136.4199981689453,22.65772819519043
2013-09-04,132.9146728515625,68.97589874267578,29.4000301361084,38.35685348510742,72.35794067382812,74.45348358154297,71.34259033203125,134.66000366210938,22.46327781677246
2013-09-05,133.0830841064453,69.09278106689453,29.74734115600586,37.95241165161133,71.3489990234375,73.8840103149414,70.75566864013672,132.1999969482422,22.41254997253418
2013-09-06,133.14720153808594,69.17373657226562,30.18524169921875,38.54124069213867,71.70386505126953,74.33357238769531,70.85771179199219,134.14999389648438,22.53936767578125
2013-09-09,134.4222412109375,69.98299407958984,30.97799301147461,39.344181060791016,71.73866271972656,74.48347473144531,71.04273986816406,133.91000366210938,22.395641326904297
2013-09-10,135.41659545898438,70.32467651367188,31.21205711364746,39.31443786621094,71.23768615722656,74.13875579833984,70.73014831542969,131.74000549316406,22.192737579345703
2013-09-11,135.841552734375,70.1897964477539,31.23471450805664,39.62966537475586,71.8708267211914,74.51342010498047,71.06187438964844,131.6999969482422,22.22655487060547
2013-09-12,135.4807586669922,70.14482116699219,30.87230110168457,39.37391662597656,71.77346801757812,74.52088928222656,71.01082611083984,127.66999816894531,22.33646011352539
2013-09-13,135.78543090820312,70.1897964477539,31.076143264770508,39.4869270324707,72.05178833007812,74.61833953857422,71.05548095703125,127.81999969482422,22.26882553100586
2013-09-16,136.57130432128906,70.0009536743164,31.4234561920166,39.87946701049805,71.5716781616211,74.7831802368164,71.13841247558594,126.44999694824219,21.989831924438477
2013-09-17,137.18077087402344,70.46854400634766,31.35550308227539,39.85568618774414,72.16314697265625,74.93303680419922,71.329833984375,126.5,21.76156234741211
2013-09-18,138.76852416992188,71.3137435913086,32.66922378540039,41.2057991027832,73.05377197265625,75.86219787597656,72.37606811523438,132.00999450683594,22.235008239746094
2013-09-19,138.53599548339844,71.48460388183594,32.49557113647461,41.17013168334961,72.62236785888672,75.5999526977539,71.91676330566406,131.75,22.150466918945312
2013-09-20,137.56739807128906,71.23930358886719,31.770769119262695,40.49802780151367,73.00506591796875,75.6749267578125,71.98051452636719,127.95999908447266,21.947559356689453
2013-09-23,136.9307861328125,71.09501647949219,31.884017944335938,40.22073745727539,73.54080200195312,75.95964813232422,72.407958984375,127.55000305175781,21.786928176879883
2013-09-24,136.6084747314453,71.09501647949219,31.612205505371094,39.91462326049805,74.33405303955078,76.23681640625,72.59298706054688,127.66000366210938,21.778470993041992
2013-09-25,136.213623046875,70.85147094726562,31.37059783935547,40.04668426513672,74.48716735839844,76.44671630859375,72.8162612915039,128.7899932861328,21.81229019165039
2013-09-26,136.73741149902344,71.4016342163086,31.498966217041016,40.292755126953125,73.96525573730469,76.2818603515625,72.63763427734375,127.79000091552734,21.98137664794922
2013-09-27,136.10891723632812,71.31143188476562,31.129009246826172,40.124698638916016,74.14620208740234,76.38676452636719,72.58025360107422,128.97000122070312,21.871471405029297
2013-09-30,135.38365173339844,71.14009857177734,30.77414894104004,39.698543548583984,74.03485107421875,76.51416015625,72.42073059082031,128.17999267578125,21.778470993041992
2013-10-01,136.45541381835938,71.86158752441406,31.385711669921875,40.27475357055664,73.81022644042969,76.3437728881836,72.34774017333984,124.58999633789062,21.634748458862305
2013-10-02,136.326416015625,71.83452606201172,31.50650978088379,40.334774017333984,73.92186737060547,76.47132873535156,72.56539916992188,127.05999755859375,21.84610939025879
2013-10-03,135.06939697265625,70.99578094482422,31.385711669921875,39.63252258300781,73.8032455444336,76.576416015625,72.603759765625,127.18000030517578,21.81229019165039
2013-10-04,136.09275817871094,71.60910034179688,31.793411254882812,39.55449295043945,73.74744415283203,76.3663330078125,72.53337860107422,126.52999877929688,21.879924774169922
2013-10-07,134.91624450683594,71.0138168334961,31.52161407470703,39.734554290771484,74.04744720458984,76.43384552001953,72.6613540649414,127.63999938964844,22.032102584838867
2013-10-08,133.3449249267578,69.64299011230469,31.21959686279297,39.30239486694336,74.0683822631836,76.39630126953125,72.64857482910156,127.4000015258789,22.108190536499023
2013-10-09,133.44166564941406,69.42655181884766,31.453664779663086,39.30841064453125,73.47535705566406,76.26122283935547,72.49493408203125,126.11000061035156,21.947559356689453
2013-10-10,136.3184051513672,70.89657592773438,32.19355773925781,40.31077194213867,73.59397888183594,76.09613037109375,72.59736633300781,124.2699966430664,22.22655487060547
2013-10-11,137.19674682617188,71.45573425292969,32.33701705932617,40.71291732788086,73.57302856445312,76.20870208740234,72.69336700439453,122.5999984741211,22.108190536499023
2013-10-14,137.74468994140625,71.96080017089844,32.52577590942383,40.73691940307617,72.98003387451172,75.95352935791016,72.46934509277344,122.83000183105469,22.09973907470703
2013-10-15,136.7454833984375,71.68121337890625,32.20867156982422,40.58687210083008,72.93121337890625,75.96854400634766,72.48213958740234,123.7300033569336,22.023653030395508
2013-10-16,138.65524291992188,72.4928970336914,32.46537780761719,41.34914779663086,73.8450927734375,76.33627319335938,73.01976776123047,123.54000091552734,22.192737579345703
2013-10-17,139.58189392089844,72.90777587890625,32.66922378540039,41.97337341308594,74.51483154296875,76.7715072631836,73.55738067626953,127.41999816894531,22.07437515258789
2013-10-18,140.52468872070312,74.08924102783203,32.699424743652344,41.93135452270508,74.6753158569336,76.77906799316406,73.6534194946289,126.8499984741211,22.201190948486328
2013-10-21,140.5327606201172,74.2515640258789,32.646575927734375,41.67927932739258,74.43809509277344,76.72650909423828,73.4614028930664,126.9800033569336,22.150466918945312
2013-10-22,141.34664916992188,74.35980987548828,32.96367645263672,42.063411712646484,75.26824188232422,77.25934600830078,73.90945434570312,129.33999633789062,22.12510108947754
2013-10-23,140.66973876953125,73.90885925292969,32.19355773925781,42.14142990112305,75.561279296875,77.39444732666016,73.89022827148438,128.69000244140625,21.786928176879883
2013-10-24,141.1370849609375,74.2335205078125,32.125606536865234,42.12944412231445,75.26824188232422,77.2368392944336,73.81343841552734,129.89999389648438,21.79538345336914
2013-10-25,141.78182983398438,74.7656478881836,32.27663040161133,42.64562225341797,75.54737091064453,77.37187194824219,73.8070068359375,130.4600067138672,21.863018035888672
2013-10-28,142.0074005126953,74.78368377685547,32.46537780761719,42.339515686035156,75.28923034667969,77.29688262939453,73.87744140625,130.55999755859375,21.947559356689453
2013-10-29,142.76486206054688,74.90992736816406,32.571075439453125,42.093421936035156,75.38688659667969,77.40193176269531,73.97981262207031,129.77000427246094,21.88838005065918
2013-10-30,142.05575561523438,74.83779907226562,32.38985824584961,41.73929214477539,74.93341827392578,77.19930267333984,73.83259582519531,129.60000610351562,21.956012725830078
2013-10-31,141.65283203125,74.66641998291016,32.05767059326172,41.49319839477539,75.09391784667969,77.10926055908203,73.73019409179688,127.73999786376953,21.77001953125
2013-11-01,141.9912567138672,74.68448638916016,32.07277297973633,41.70928192138672,74.28105163574219,76.68152618408203,73.53115844726562,126.94999694824219,21.49947738647461
2013-11-04,142.4908905029297,74.79270935058594,32.26906967163086,41.787315368652344,74.35102081298828,76.83191680908203,73.55043029785156,126.80999755859375,21.406478881835938
2013-11-05,142.03965759277344,74.87384796142578,31.619762420654297,41.10306167602539,73.46259307861328,76.48612976074219,73.23576354980469,126.55999755859375,21.34729766845703
2013-11-06,142.76486206054688,74.85582733154297,31.71791648864746,41.04303741455078,73.49761199951172,76.71916198730469,73.31927490234375,127.19999694824219,21.364206314086914
2013-11-07,140.9598846435547,73.44889831542969,31.144102096557617,40.5328483581543,74.12018585205078,76.92208099365234,73.46691131591797,126.16000366210938,21.2120304107666
2013-11-08,142.86148071289062,74.44095611572266,31.076143264770508,39.986656188964844,72.33644104003906,76.05772399902344,72.74772644042969,124.27999877929688,21.33039093017578
2013-11-11,142.88575744628906,74.32373809814453,30.9176082611084,40.02866744995117,72.06353759765625,76.0201416015625,72.62576293945312,123.87000274658203,21.42338752746582
2013-11-12,142.5956268310547,74.44095611572266,30.751502990722656,39.84859848022461,72.39937591552734,75.95247650146484,72.67709350585938,122.44999694824219,21.279664993286133
2013-11-13,143.73985290527344,75.34284210205078,30.804353713989258,40.1067008972168,72.66515350341797,76.26815032958984,72.84405517578125,122.8499984741211,21.372665405273438
2013-11-14,144.45703125,75.57733154296875,31.302656173706055,40.3887939453125,73.11285400390625,76.636474609375,73.24217987060547,124.2699966430664,21.465660095214844
2013-11-15,145.0855712890625,75.72162628173828,31.89910316467285,40.538856506347656,73.2597427368164,76.57632446289062,73.24217987060547,124.31999969482422,21.43184471130371
2013-11-18,144.577880859375,74.98208618164062,32.18601989746094,40.286766052246094,73.70045471191406,76.8469009399414,73.56969451904297,122.9000015258789,21.288118362426758
2013-11-19,144.263671875,74.7656478881836,31.98972511291504,40.00465774536133,73.14086151123047,76.561279296875,73.31282806396484,122.94999694824219,21.254302978515625
2013-11-20,143.8124237060547,74.58525848388672,31.551815032958984,39.51848602294922,71.89569091796875,76.1404037475586,72.9981918334961,120.12000274658203,21.271209716796875
2013-11-21,144.9727020263672,75.34284210205078,31.52161407470703,39.824581146240234,72.01460266113281,76.20805358886719,73.13946533203125,119.94000244140625,21.541748046875
2013-11-22,145.6979217529297,75.7486801147461,31.74810791015625,39.668521881103516,72.6861801147461,76.42598724365234,73.39634704589844,119.91999816894531,21.609386444091797
2013-11-25,145.55294799804688,75.92906188964844,31.340404510498047,39.48247146606445,72.89600372314453,76.48612976074219,73.5247573852539,120.45999908447266,21.584022521972656
2013-11-26,145.59320068359375,76.32587432861328,31.44611167907715,39.34443283081055,73.16883850097656,76.65151977539062,73.67243194580078,119.81999969482422,21.57556915283203
2013-11-27,145.94781494140625,76.85800170898438,31.649967193603516,39.68053436279297,73.0428695678711,76.47857666015625,73.68524169921875,119.45999908447266,21.57556915283203
2013-11-29,145.85108947753906,77.31793975830078,31.97461700439453,39.31439971923828,73.06391143798828,76.43350219726562,73.62745666503906,120.69999694824219,21.567113876342773
2013-12-02,145.47238159179688,77.09246826171875,31.302656173706055,39.08631896972656,72.49557495117188,76.10530853271484,73.27828979492188,117.58000183105469,21.541748046875
2013-12-03,144.8438720703125,77.02935791015625,31.19694709777832,39.00829315185547,72.7621841430664,76.24079895019531,73.4651107788086,117.95999908447266,21.66856575012207
2013-12-04,144.8276824951172,77.10150909423828,31.159212112426758,39.152339935302734,72.06761932373047,75.89447784423828,73.22676849365234,119.95999908447266,21.710838317871094
2013-12-05,144.1911163330078,77.00231170654297,30.97799301147461,39.290401458740234,71.86418151855469,75.70625305175781,73.06570434570312,118.30000305175781,21.685474395751953
2013-12-06,145.802734375,77.56145477294922,31.665063858032227,39.5724983215332,72.2079849243164,75.77403259277344,73.22030639648438,118.55000305175781,21.76156234741211
2013-12-09,146.1734619140625,77.87710571289062,31.710350036621094,39.76457214355469,72.3763198852539,75.86437225341797,73.32982635498047,119.72000122070312,21.685474395751953
2013-12-10,145.64962768554688,77.8230209350586,31.7254581451416,39.662532806396484,72.8955307006836,76.18053436279297,73.62615966796875,121.81999969482422,21.753108978271484
2013-12-11,144.0138702392578,76.8219223022461,31.023303985595703,38.75019073486328,72.33425903320312,75.88699340820312,73.42005157470703,120.86000061035156,21.753108978271484
2013-12-12,143.53843688964844,76.62349700927734,30.84210968017578,38.53411102294922,72.06062316894531,75.66863250732422,73.297607421875,118.29000091552734,21.55020523071289
2013-12-13,143.5223388671875,76.52429962158203,30.9176082611084,38.63016128540039,72.41142272949219,75.78158569335938,73.49734497070312,119.37999725341797,21.465660095214844
2013-12-16,144.41677856445312,76.94817352294922,31.12145233154297,38.76219940185547,72.14480590820312,75.74392700195312,73.55535125732422,119.69000244140625,21.533296585083008
2013-12-17,143.95742797851562,76.79486846923828,30.84964942932129,38.94227600097656,72.46749877929688,75.98481750488281,73.77429962158203,118.6500015258789,21.43184471130371
2013-12-18,146.41514587402344,77.68771362304688,31.463699340820312,39.63252258300781,72.10272216796875,75.69874572753906,73.77429962158203,117.61000061035156,21.47411346435547
2013-12-19,146.2459259033203,77.47129821777344,30.88470458984375,39.08631896972656,72.03256225585938,75.38255310058594,73.66483306884766,114.81999969482422,21.524839401245117
2013-12-20,147.09661865234375,78.26020812988281,30.838977813720703,39.32639694213867,73.14106750488281,75.61592864990234,74.00623321533203,115.94000244140625,21.69392967224121
2013-12-23,147.88247680664062,79.08351135253906,31.06753921508789,39.4044303894043,72.72712707519531,75.37503051757812,73.8902816772461,115.56999969482422,21.69392967224121
2013-12-24,148.2065887451172,79.11972045898438,31.250375747680664,39.43978500366211,72.14480590820312,75.08140563964844,73.87100982666016,116.0999984741211,21.76156234741211
2013-12-26,148.9600067138672,79.38209533691406,30.983734130859375,39.470272064208984,71.86676788330078,75.01655578613281,73.81800842285156,116.73999786376953,21.79538345336914
2013-12-27,148.95193481445312,79.18302917480469,31.463699340820312,39.55561065673828,71.66266632080078,74.97132110595703,73.75337982177734,117.12000274658203,21.854562759399414
2013-12-30,148.92764282226562,79.0654525756836,31.6008243560791,39.567806243896484,72.15536499023438,75.17496490478516,73.97306823730469,115.38999938964844,21.727746963500977
2013-12-31,149.6325225830078,79.58114624023438,31.844614028930664,39.35444259643555,71.69784545898438,74.8355941772461,73.78569793701172,116.12000274658203,21.69392967224121
2014-01-02,148.19842529296875,78.95687866210938,30.618066787719727,39.36054992675781,71.9161148071289,75.12969207763672,73.92784118652344,118.0,21.38111686706543
2014-01-03,148.17417907714844,78.38688659667969,30.564727783203125,39.579994201660156,71.9161148071289,75.0844497680664,74.03772735595703,119.29000091552734,21.245845794677734
2014-01-06,147.7447509765625,78.09735870361328,30.275226593017578,39.781150817871094,72.21871948242188,75.29552459716797,74.1992416381836,119.5,21.271209716796875
2014-01-07,148.65219116210938,78.82115173339844,30.404743194580078,39.95793914794922,72.40172576904297,75.41619873046875,74.14105987548828,118.81999969482422,21.254302978515625
2014-01-08,148.68458557128906,78.99302673339844,30.305702209472656,39.76285934448242,72.20466613769531,75.04676055908203,73.82445526123047,118.12000274658203,21.051395416259766
2014-01-09,148.7817840576172,78.7306900024414,30.145721435546875,39.76285934448242,72.62698364257812,75.24274444580078,73.99246215820312,118.45999908447266,20.882308959960938
2014-01-10,149.18695068359375,78.9840087890625,30.679004669189453,40.30539321899414,73.49275970458984,75.876220703125,74.39305877685547,120.26000213623047,21.017580032348633
2014-01-13,147.20191955566406,77.81688690185547,30.31332015991211,40.03718185424805,73.85879516601562,76.09492492675781,74.53521728515625,121.0199966430664,21.009124755859375
2014-01-14,148.8060760498047,79.30065155029297,30.640907287597656,40.32978057861328,73.5208969116211,75.80838775634766,74.3155517578125,119.88999938964844,21.009124755859375
2014-01-15,149.6082305908203,79.95207977294922,30.633281707763672,40.63457489013672,73.44345092773438,75.74049377441406,74.33490753173828,119.66000366210938,21.06830406188965
2014-01-16,149.41371154785156,79.96110534667969,30.465679168701172,40.707706451416016,73.93622589111328,75.95166778564453,74.50941467285156,119.79000091552734,21.034486770629883
2014-01-17,148.7817840576172,79.50875854492188,30.31332015991211,40.46998596191406,74.24591827392578,76.13258361816406,74.59341430664062,120.93000030517578,21.05984878540039
2014-01-21,149.2192840576172,80.11495208740234,30.267614364624023,40.83572769165039,74.30223083496094,76.04962921142578,74.48998260498047,119.69999694824219,21.110576629638672
2014-01-22,149.31655883789062,80.32305145263672,30.671377182006836,41.012516021728516,74.11922454833984,75.83853149414062,74.30906677246094,119.19000244140625,21.2120304107666
2014-01-23,148.0931854248047,80.05158996582031,29.91716957092285,40.914981842041016,75.1679916381836,76.35126495361328,74.59341430664062,121.79000091552734,21.195119857788086
2014-01-24,144.93348693847656,78.47737121582031,29.132476806640625,40.40292739868164,75.6536865234375,76.66046142578125,74.54167938232422,122.29000091552734,21.20357322692871
2014-01-27,144.22044372558594,77.7173843383789,29.018207550048828,40.092037200927734,75.12574005126953,76.42668914794922,74.39955139160156,120.95999908447266,21.05984878540039
2014-01-28,145.0792999267578,77.6721420288086,29.201045989990234,40.42731857299805,75.3088150024414,76.539794921875,74.7613754272461,120.94999694824219,21.161304473876953
2014-01-29,143.6857452392578,76.83975219726562,28.782039642333984,40.207862854003906,75.92821502685547,76.9017333984375,74.90999603271484,122.47000122070312,21.144393920898438
2014-01-30,145.2089080810547,78.26020812988281,29.048677444458008,40.81743240356445,75.71001434326172,76.82633972167969,74.94876098632812,119.7699966430664,21.05984878540039
2014-01-31,144.35816955566406,78.05213165283203,29.09439468383789,41.036903381347656,76.21678924560547,77.12803649902344,75.17491149902344,120.08999633789062,21.034486770629883
2014-02-03,141.10935974121094,76.2607192993164,28.271610260009766,40.384639739990234,77.14546966552734,77.54723358154297,75.65970611572266,121.31999969482422,21.034486770629883
2014-02-04,142.09786987304688,76.82167053222656,28.842985153198242,40.87229919433594,76.326904296875,77.31304168701172,75.29680633544922,120.98999786376953,21.195119857788086
2014-02-05,141.91954040527344,76.62260437011719,28.73631477355957,40.78696060180664,75.62120056152344,77.03355407714844,75.05695343017578,121.29000091552734,21.23739242553711
2014-02-06,143.7910919189453,77.59973907470703,29.338172912597656,41.085662841796875,75.29657745361328,76.89006805419922,74.98564147949219,121.23999786376953,21.321935653686523
2014-02-07,145.57350158691406,78.9840087890625,29.50577163696289,41.39653778076172,75.36009979248047,77.093994140625,75.2190170288086,122.16999816894531,21.567113876342773
2014-02-10,145.84088134765625,79.43638610839844,29.178190231323242,41.786678314208984,75.57183074951172,77.13178253173828,75.25139617919922,122.91999816894531,21.448753356933594
2014-02-11,147.4369354248047,80.34112548828125,29.810503005981445,41.95125198364258,75.13423156738281,76.79186248779297,75.09587860107422,124.36000061035156,21.55866050720215
2014-02-12,147.50987243652344,80.49491882324219,29.81812858581543,41.97564697265625,74.74617004394531,76.61054229736328,74.86901092529297,124.43000030517578,21.600929260253906
2014-02-13,148.27130126953125,81.09204864501953,29.84859848022461,42.13414001464844,75.16957092285156,76.97315216064453,75.18013000488281,125.48999786376953,21.71929359436035
2014-02-14,149.0896453857422,81.2548828125,30.214282989501953,42.29872131347656,75.2119140625,76.92024230957031,75.32273864746094,127.1500015258789,21.79538345336914
2014-02-18,149.26792907714844,81.6529769897461,29.932403564453125,42.5059814453125,75.38130187988281,77.10913848876953,75.47826385498047,127.4000015258789,22.108190536499023
2014-02-19,148.27951049804688,81.09204864501953,29.726715087890625,42.481597900390625,75.06371307373047,76.95802307128906,75.39398193359375,126.2699966430664,22.167375564575195
2014-02-20,149.15447998046875,81.47203063964844,29.8333683013916,42.39015197753906,74.88021850585938,76.8749771118164,75.29680633544922,127.5999984741211,22.209646224975586
2014-02-21,148.9843292236328,81.36344146728516,30.0390625,42.49378967285156,75.27542114257812,76.97315216064453,75.37457275390625,127.58000183105469,22.150466918945312
2014-02-24,149.8107147216797,81.7977523803711,30.0390625,42.597408294677734,75.08488464355469,76.89762115478516,75.41343688964844,128.99000549316406,22.24346351623535
2014-02-25,149.75404357910156,81.707275390625,29.69623374938965,42.73761749267578,75.75527954101562,77.1619873046875,75.70507049560547,129.2100067138672,22.142013549804688
2014-02-26,149.76214599609375,81.6348876953125,29.719085693359375,42.83514404296875,76.15753173828125,77.38860321044922,75.95138549804688,128.11000061035156,22.08283233642578
2014-02-27,150.5480194091797,82.16455841064453,30.282846450805664,42.719329833984375,76.57386016845703,77.47926330566406,76.08098602294922,128.1999969482422,22.015195846557617
2014-02-28,150.92880249023438,82.07371520996094,30.077157974243164,43.115562438964844,76.61619567871094,77.40369415283203,76.03565979003906,127.62000274658203,22.091283798217773
2014-03-03,149.86737060546875,81.46500396728516,29.543874740600586,43.13991928100586,77.12763977050781,77.78657531738281,76.23450469970703,130.2899932861328,22.395641326904297
2014-03-04,151.9739227294922,82.50067901611328,30.04668426513672,43.7617073059082,75.9675521850586,77.18885803222656,75.824951171875,128.67999267578125,22.311098098754883
2014-03-05,152.1116485595703,82.72785186767578,30.06953239440918,43.706844329833984,76.13024139404297,77.2720947265625,75.7860107421875,128.88999938964844,22.12510108947754
2014-03-06,152.46006774902344,82.6551284790039,30.496156692504883,43.341102600097656,75.38037872314453,76.93919372558594,75.5584945678711,130.1699981689453,22.3280086517334
2014-03-07,152.52481079101562,82.24632263183594,30.107629776000977,42.87172317504883,74.90641021728516,76.6062240600586,75.28547668457031,129.08999633789062,22.22655487060547
2014-03-10,152.44381713867188,82.31898498535156,29.901933670043945,42.646175384521484,75.01253509521484,76.6894760131836,75.16849517822266,129.1300048828125,22.040555953979492
2014-03-11,151.69032287597656,81.96468353271484,29.566728591918945,42.91438674926758,75.21062469482422,76.76512908935547,75.1944808959961,129.86000061035156,22.049013137817383
2014-03-12,151.73086547851562,82.27356719970703,29.62767219543457,43.04240798950195,75.73408508300781,77.06782531738281,75.46101379394531,131.75999450683594,21.989831924438477
2014-03-13,150.02947998046875,81.11067962646484,29.09439468383789,42.84123992919922,76.75276184082031,77.52173614501953,75.72748565673828,132.2100067138672,21.88838005065918
2014-03-14,149.6082305908203,80.55652618408203,29.254379272460938,42.95097351074219,76.76685333251953,77.52934265136719,75.64305114746094,133.10000610351562,22.006744384765625
2014-03-17,150.961181640625,81.26512145996094,29.612438201904297,43.04240798950195,76.19387817382812,77.2190933227539,75.54550170898438,131.63999938964844,21.76156234741211
2014-03-18,152.03871154785156,82.24632263183594,30.02381706237793,43.17041778564453,76.46977233886719,77.40825653076172,75.77950286865234,130.6199951171875,21.871471405029297
2014-03-19,151.2285614013672,81.8011703491211,29.38388442993164,42.35358810424805,75.87559509277344,76.6894760131836,75.23351287841797,128.08999633789062,21.863018035888672
2014-03-20,152.1116485595703,82.02828216552734,29.513399124145508,42.42672348022461,75.74113464355469,76.70465087890625,75.33750915527344,127.86000061035156,21.76156234741211
2014-03-21,151.52166748046875,81.04118347167969,29.69623374938965,42.816864013671875,76.56175994873047,76.84837341308594,75.5975341796875,128.47000122070312,21.778470993041992
2014-03-24,150.89508056640625,80.33097076416016,29.985733032226562,42.53644561767578,77.10643768310547,76.87859344482422,75.74051666259766,126.18000030517578,21.77001953125
2014-03-25,151.6112060546875,80.59505462646484,30.32855987548828,42.92483139038086,76.81641387939453,76.833251953125,75.76648712158203,126.41000366210938,21.91374397277832
2014-03-26,150.520751953125,79.55699920654297,30.397125244140625,42.440128326416016,77.41768646240234,77.1585693359375,76.05899047851562,125.41000366210938,21.896833419799805
2014-03-27,150.20338439941406,79.11079406738281,30.793277740478516,42.710086822509766,77.8067626953125,77.23423767089844,76.07852935791016,124.58999633789062,22.091283798217773
2014-03-28,150.94393920898438,79.2656021118164,31.037065505981445,42.96778869628906,77.36820983886719,76.96188354492188,76.02003479003906,124.55999755859375,22.09973907470703
2014-03-31,152.18072509765625,79.83018493652344,31.242752075195312,43.329803466796875,77.17724609375,76.96939086914062,76.01353454589844,123.61000061035156,22.08283233642578
2014-04-01,153.1898956298828,81.23243713378906,31.608440399169922,43.52614212036133,76.51757049560547,76.81021118164062,75.824462890625,123.38999938964844,21.81229019165039
2014-04-02,153.70254516601562,81.44188690185547,31.66938591003418,43.56294250488281,76.07786560058594,76.47671508789062,75.72016906738281,124.31999969482422,21.76156234741211
2014-04-03,153.49911499023438,80.79537963867188,31.5474910736084,43.470909118652344,76.4112319946289,76.52976989746094,75.86360931396484,123.91999816894531,21.939105987548828
2014-04-04,151.68441772460938,78.64640808105469,31.463699340820312,43.6181640625,76.92184448242188,76.99971008300781,76.16349029541016,125.56999969482422,22.040555953979492
2014-04-07,150.00811767578125,77.89972686767578,31.6008243560791,43.75929260253906,77.38288116455078,77.1816635131836,76.34598541259766,124.91000366210938,21.989831924438477
2014-04-08,150.6265411376953,78.61907958984375,31.966501235961914,44.02925109863281,77.56725311279297,77.28778076171875,76.54810333251953,126.08999633789062,22.24346351623535
2014-04-09,152.24591064453125,79.96673583984375,32.210289001464844,43.9188117980957,77.18426513671875,77.26507568359375,76.61327362060547,126.31999969482422,22.302644729614258
2014-04-10,149.04786682128906,77.48997497558594,31.86745834350586,43.50160217285156,77.90057373046875,77.59098815917969,76.71760559082031,127.01000213623047,22.311098098754883
2014-04-11,147.7051544189453,76.58853149414062,31.86745834350586,43.237754821777344,78.53182220458984,77.75016784667969,76.76972198486328,126.93000030517578,22.209646224975586
2014-04-14,148.8688507080078,77.18950653076172,31.798904418945312,43.495445251464844,78.32611083984375,77.6289291381836,76.82189178466797,127.8499984741211,22.41254997253418
2014-04-15,149.89413452148438,77.44446563720703,31.31894302368164,44.01084518432617,78.81544494628906,77.71989440917969,76.98489379882812,125.48999786376953,22.429458618164062
2014-04-16,151.46470642089844,78.47338104248047,31.715099334716797,44.293087005615234,78.91474914550781,77.59860229492188,77.0174789428711,125.54000091552734,22.47173309326172
2014-04-17,151.6763153076172,78.4915771484375,32.00459289550781,44.0353889465332,78.04953002929688,77.158935546875,76.57418060302734,124.75,22.5224552154541
2014-04-21,152.2052764892578,79.07435607910156,31.806520462036133,44.28694534301758,77.98571014404297,77.14376831054688,76.67845916748047,124.23999786376953,22.446369171142578
2014-04-22,152.89688110351562,79.70267486572266,31.72271156311035,44.38512420654297,78.24810791015625,77.11346435546875,76.71760559082031,123.77999877929688,22.43791389465332
2014-04-23,152.53883361816406,79.00154876708984,31.494163513183594,44.20718765258789,78.69493103027344,77.3105697631836,76.88709259033203,123.76000213623047,22.421005249023438
2014-04-24,152.84811401367188,79.7573013305664,31.524646759033203,44.391258239746094,78.84388732910156,77.28778076171875,76.90010070800781,124.55999755859375,22.556276321411133
2014-04-25,151.5949249267578,78.48249816894531,31.09801483154297,44.219451904296875,78.95733642578125,77.39392852783203,76.88709259033203,125.43000030517578,22.46327781677246
2014-04-28,152.07504272460938,78.7374496459961,31.250375747680664,44.56304168701172,78.57432556152344,77.28024291992188,76.79582214355469,124.87999725341797,22.387187957763672
2014-04-29,152.78306579589844,79.36573028564453,31.5474910736084,44.59374237060547,78.46793365478516,77.34842681884766,76.80889129638672,124.86000061035156,22.446369171142578
2014-04-30,153.23867797851562,79.57518768310547,31.486543655395508,44.75326156616211,78.79419708251953,77.55311584472656,77.02401733398438,124.22000122070312,22.3280086517334
2014-05-01,153.2550048828125,79.81192016601562,31.524646759033203,44.94346237182617,79.63948822021484,77.77640533447266,77.34700012207031,123.80000305175781,22.158918380737305
2014-05-02,153.03529357910156,79.66622924804688,31.699865341186523,44.93119430541992,80.13004302978516,77.89031219482422,77.51040649414062,125.05999755859375,22.218097686767578
2014-05-05,153.32823181152344,80.08507537841797,31.524646759033203,45.023231506347656,79.6466293334961,77.84479522705078,77.31425476074219,126.22000122070312,22.167375564575195
2014-05-06,151.99366760253906,79.04707336425781,31.66938591003418,44.86370086669922,79.9665298461914,77.93585968017578,77.44503021240234,125.9800033569336,22.184282302856445
2014-05-07,152.8888397216797,78.81941223144531,31.836994171142578,45.40363693237305,79.68212127685547,77.99665069580078,77.45818328857422,124.16999816894531,22.24346351623535
2014-05-08,152.7260284423828,78.74657440185547,31.760807037353516,45.5079231262207,79.34088897705078,78.08016967773438,77.4777603149414,124.16999816894531,22.17582893371582
2014-05-09,152.95387268066406,79.0379638671875,31.70747947692871,45.53860855102539,79.08492279052734,78.0193862915039,77.39276885986328,124.0999984741211,22.065921783447266
2014-05-12,154.44305419921875,80.34005737304688,32.240760803222656,45.679725646972656,78.76506805419922,77.81432342529297,77.19661712646484,124.94000244140625,22.116647720336914
2014-05-13,154.58140563964844,80.39469146728516,32.3626594543457,45.38523864746094,79.44754791259766,78.1181411743164,77.4842758178711,124.5999984741211,22.218097686767578
2014-05-14,153.84898376464844,79.97582244873047,32.59119415283203,45.40363693237305,80.30780029296875,78.47512817382812,77.87004089355469,125.80999755859375,22.31955337524414
2014-05-15,152.49818420410156,79.34754943847656,32.286468505859375,45.37910079956055,80.94766235351562,78.75606536865234,78.00733184814453,124.7699966430664,22.184282302856445
2014-05-16,153.02716064453125,79.86656951904297,32.713096618652344,45.796302795410156,80.7200927734375,78.58898162841797,77.91580963134766,124.5,22.209646224975586
2014-05-19,153.588623046875,80.42203521728516,32.713096618652344,45.61223602294922,80.12293243408203,78.49032592773438,77.8438720703125,124.58000183105469,22.192737579345703
2014-05-20,152.62025451660156,80.13066101074219,32.44646072387695,45.47113037109375,80.30065155029297,78.71809387207031,77.8438720703125,124.69000244140625,22.235008239746094
2014-05-21,153.906005859375,80.89551544189453,32.697853088378906,45.17048645019531,79.8101806640625,78.59663391113281,77.70002746582031,124.38999938964844,22.277280807495117
2014-05-22,154.28028869628906,81.25065612792969,32.926414489746094,45.0907096862793,79.6963882446289,78.51309204101562,77.67388153076172,124.66999816894531,22.294189453125
2014-05-23,154.89877319335938,81.84251403808594,32.86546325683594,45.48953628540039,80.12293243408203,78.67254638671875,77.75888061523438,124.51000213623047,22.344913482666016
2014-05-27,155.85084533691406,82.86234283447266,32.583587646484375,45.81471633911133,80.5921630859375,78.69535064697266,78.03348541259766,121.8499984741211,22.158918380737305
2014-05-28,155.73696899414062,82.607421875,32.774044036865234,45.52634048461914,81.58746337890625,79.12823486328125,78.40619659423828,121.19999694824219,22.167375564575195
2014-05-29,156.5425262451172,83.13553619384766,32.86546325683594,45.61837387084961,81.15379333496094,79.02953338623047,78.1773452758789,120.94000244140625,22.17582893371582
2014-05-30,156.79483032226562,83.14463806152344,32.415977478027344,45.82700729370117,81.1182632446289,78.96870422363281,78.1904067993164,120.43000030517578,22.006744384765625
2014-06-02,156.97384643554688,83.06269836425781,32.51502227783203,45.968109130859375,80.5152816772461,78.60740661621094,77.75634002685547,119.69999694824219,21.98137664794922
2014-06-03,156.8924560546875,83.02626037597656,32.697853088378906,45.94355392456055,79.52449798583984,78.21182250976562,77.40225982666016,120.01000213623047,21.964468002319336
2014-06-04,157.2097930908203,83.33586120605469,32.51502227783203,46.03560256958008,79.50311279296875,78.15093994140625,77.36292266845703,119.76000213623047,21.905288696289062
2014-06-05,158.23513793945312,84.03704071044922,32.857845306396484,46.882328033447266,79.53877258300781,78.26505279541016,77.52688598632812,120.66000366210938,21.93065071105957
2014-06-06,158.99195861816406,84.51959228515625,33.185428619384766,46.685977935791016,79.53877258300781,78.20421600341797,77.6907958984375,120.61000061035156,22.023653030395508
2014-06-09,159.15472412109375,84.45587158203125,33.30732727050781,46.121524810791016,79.42472076416016,78.090087890625,77.53340148925781,120.6500015258789,22.116647720336914
2014-06-10,159.17105102539062,84.60157775878906,33.4825439453125,45.77791213989258,79.13246154785156,77.95319366455078,77.38917541503906,121.38999938964844,22.057464599609375
2014-06-11,158.61766052246094,84.58336639404297,33.36827087402344,45.65520095825195,79.2750244140625,78.05967712402344,77.44817352294922,121.41000366210938,21.998287200927734
2014-06-12,157.49465942382812,83.8184814453125,33.208290100097656,45.53860855102539,79.98066711425781,78.36395263671875,77.6973648071289,122.63999938964844,22.311098098754883
2014-06-13,157.97474670410156,84.06432342529297,33.22352600097656,45.65520095825195,79.9378890991211,78.21182250976562,77.68423461914062,122.95999908447266,22.311098098754883
2014-06-16,158.10501098632812,84.13716888427734,33.07115936279297,45.42205047607422,80.13751983642578,78.21182250976562,77.67767333984375,122.41999816894531,22.378732681274414
2014-06-17,158.54441833496094,84.18270874023438,33.078773498535156,45.53860855102539,79.50311279296875,77.88470458984375,77.41542053222656,122.27999877929688,22.404098510742188
2014-06-18,159.7080535888672,84.65620422363281,33.44445037841797,45.857666015625,80.11611938476562,78.29544830322266,77.86126708984375,122.66999816894531,22.497095108032227
2014-06-19,159.8870849609375,84.60157775878906,33.253997802734375,46.238059997558594,79.08972930908203,78.0976791381836,77.5859146118164,126.94000244140625,22.716909408569336
2014-06-20,160.21170043945312,84.70108032226562,33.185428619384766,46.39760208129883,79.68843841552734,78.18896484375,77.73667907714844,126.5,22.759180068969727
2014-06-23,160.1626739501953,84.71934509277344,33.11686325073242,46.207393646240234,79.43896484375,78.13575744628906,77.73011779785156,126.8499984741211,22.67463493347168
2014-06-24,159.19784545898438,84.63715362548828,33.10163116455078,46.24147033691406,80.24437713623047,78.45521545410156,78.05795288085938,126.9800033569336,22.708454132080078
2014-06-25,159.9174041748047,85.17584991455078,33.17150115966797,46.1485710144043,80.45113372802734,78.53128814697266,78.13663482666016,126.98999786376953,22.742271423339844
2014-06-26,159.8028564453125,85.22150421142578,33.20988845825195,46.10520553588867,80.83602142333984,78.73672485351562,78.28089141845703,126.7300033569336,22.649272918701172
2014-06-27,160.11358642578125,85.5958480834961,33.28668212890625,46.458194732666016,80.71488189697266,78.73672485351562,78.26777648925781,126.66000366210938,22.60700225830078
2014-06-30,160.03179931640625,85.741943359375,33.194541931152344,46.346736907958984,80.9144058227539,78.79759216308594,78.19564056396484,128.0399932861328,22.47173309326172
2014-07-01,161.10289001464844,86.68236541748047,33.509361267089844,46.59443283081055,80.23698425292969,78.53994750976562,77.89322662353516,127.69999694824219,22.404098510742188
2014-07-02,161.2664794921875,86.82840728759766,33.70899963378906,46.48297882080078,79.3794174194336,78.21990203857422,77.61705780029297,127.69999694824219,22.36182403564453
2014-07-03,162.05960083007812,87.37625885009766,33.90864181518555,46.2166748046875,79.09358978271484,78.05980682373047,77.53813934326172,127.16000366210938,22.31955337524414
2014-07-07,161.49542236328125,87.11146545410156,33.885616302490234,46.352928161621094,79.6723861694336,78.25035095214844,77.67621612548828,127.0199966430664,22.142013549804688
2014-07-08,160.45703125,86.06147766113281,33.7320442199707,46.48917770385742,80.56566619873047,78.6085433959961,77.9655532836914,127.06999969482422,22.08283233642578
2014-07-09,161.17654418945312,86.70060729980469,33.92399597167969,46.5634880065918,80.63003540039062,78.6238021850586,78.09046173095703,127.83999633789062,21.93065071105957
2014-07-10,160.5387725830078,86.42668914794922,33.739723205566406,46.774024963378906,80.65142059326172,78.79147338867188,78.03126525878906,128.5399932861328,21.964468002319336
2014-07-11,160.75950622558594,86.98363494873047,33.701324462890625,46.78023147583008,81.16595458984375,78.92102813720703,78.27452087402344,128.77999877929688,21.77001953125
2014-07-14,161.56907653808594,87.50405883789062,33.96240234375,47.00936508178711,80.81581115722656,78.74576568603516,78.11018371582031,125.72000122070312,21.854562759399414
2014-07-15,161.2664794921875,87.20277404785156,33.939361572265625,47.04032516479492,80.65142059326172,78.6771469116211,78.02469635009766,124.52999877929688,21.651657104492188
2014-07-16,161.8633575439453,87.54973602294922,34.02383041381836,47.18895721435547,81.08025360107422,78.79147338867188,78.20880889892578,124.97000122070312,21.685474395751953
2014-07-17,160.02366638183594,86.39018249511719,33.38650131225586,46.94743728637695,82.10208892822266,79.24876403808594,78.50466918945312,127.08999633789062,21.7362003326416
2014-07-18,161.65895080566406,87.75971984863281,33.90864181518555,47.411895751953125,81.83768463134766,79.08869934082031,78.39948272705078,126.12999725341797,21.592477798461914
2014-07-21,161.35641479492188,87.65013122558594,34.02383041381836,47.23849868774414,82.24500274658203,79.11158752441406,78.39948272705078,126.33999633789062,21.69392967224121
2014-07-22,162.05960083007812,88.20709228515625,34.33863830566406,47.387123107910156,82.41651916503906,79.21064758300781,78.45865631103516,125.73999786376953,21.600929260253906
2014-07-23,162.4193572998047,88.77316284179688,34.36936569213867,47.473812103271484,82.30933380126953,79.2030258178711,78.55072784423828,125.62000274658203,21.660110473632812
2014-07-24,162.42755126953125,88.67274475097656,34.52293395996094,47.411895751953125,81.69474792480469,78.88292694091797,78.24166870117188,124.3499984741211,21.634748458862305
2014-07-25,161.6671142578125,88.32579040527344,34.38471603393555,47.08368682861328,82.65948486328125,79.18779754638672,78.54412078857422,125.79000091552734,21.71929359436035
2014-07-28,161.73255920410156,88.3531723022461,34.62274932861328,47.411895751953125,82.5451431274414,79.0963363647461,78.45208740234375,125.58000183105469,21.677019119262695
2014-07-29,161.03753662109375,88.19795989990234,34.415428161621094,47.18276596069336,82.84530639648438,79.2030258178711,78.52437591552734,125.19999694824219,21.609386444091797
2014-07-30,161.06207275390625,88.54491424560547,34.24650955200195,47.08368682861328,81.69474792480469,78.64666748046875,78.16278839111328,124.83000183105469,21.516389846801758
2014-07-31,157.88134765625,86.75538635253906,33.64757537841797,46.383907318115234,81.45182037353516,78.6238021850586,77.94580841064453,123.38999938964844,21.406478881835938
2014-08-01,157.3990020751953,86.43582916259766,33.83185958862305,46.27241134643555,82.08229064941406,79.0865478515625,78.34736633300781,124.37999725341797,21.23739242553711
2014-08-04,158.53546142578125,87.029296875,34.14667892456055,46.59443283081055,81.86736297607422,79.13236236572266,78.36715698242188,123.98999786376953,21.398027420043945
2014-08-05,156.998291015625,86.3627700805664,33.624549865722656,46.11761474609375,82.13249969482422,79.1705093383789,78.44623565673828,123.87000274658203,21.296573638916016
2014-08-06,157.04736328125,86.29888153076172,33.394187927246094,46.09903335571289,82.1826400756836,79.23932647705078,78.30780792236328,125.66999816894531,21.43184471130371
2014-08-07,156.19708251953125,86.02495574951172,33.263648986816406,46.12379837036133,82.94926452636719,79.5981674194336,78.51224517822266,126.18000030517578,21.47411346435547
2014-08-08,158.00404357910156,86.64579772949219,33.5631103515625,46.39628219604492,82.77015686035156,79.52942657470703,78.49246215820312,126.19000244140625,21.372665405273438
2014-08-11,158.46194458007812,87.15711212158203,33.99311447143555,46.687339782714844,82.76298522949219,79.49126434326172,78.52537536621094,125.95999908447266,21.406478881835938
2014-08-12,158.24119567871094,87.12057495117188,34.03151321411133,46.61302947998047,82.2256088256836,79.37671661376953,78.48578643798828,125.98999786376953,21.271209716796875
2014-08-13,159.31231689453125,88.04273223876953,34.215782165527344,47.288028717041016,82.76298522949219,79.6363525390625,78.64407348632812,126.19999694824219,21.254302978515625
2014-08-14,160.0645294189453,88.49925994873047,34.26954650878906,47.25707244873047,83.42937469482422,79.79672241210938,78.72978210449219,126.30999755859375,21.00067138671875
2014-08-15,160.03179931640625,88.92835235595703,34.17741012573242,47.20752716064453,84.33929443359375,80.11744689941406,79.00676727294922,125.4800033569336,21.085214614868164
2014-08-18,161.37277221679688,89.61315155029297,34.50757598876953,47.671993255615234,83.50098419189453,79.86541748046875,78.82868194580078,124.95999908447266,20.907670974731445
2014-08-19,162.21498107910156,90.11531066894531,34.66883087158203,47.771080017089844,83.24307250976562,79.78141784667969,78.77596282958984,124.68000030517578,20.94994354248047
2014-08-20,162.64830017089844,90.11531066894531,34.59972381591797,47.987823486328125,83.10693359375,79.54473114013672,78.59796142578125,124.22000122070312,21.009124755859375
2014-08-21,163.12257385253906,90.29790496826172,34.453826904296875,47.91352081298828,83.57264709472656,79.71265411376953,78.8682632446289,122.87999725341797,21.05984878540039
2014-08-22,162.86907958984375,90.43486785888672,34.3616828918457,47.529563903808594,84.03840637207031,79.72035217285156,78.9671859741211,123.19000244140625,21.02603530883789
2014-08-25,163.69496154785156,90.75444030761719,34.615081787109375,47.424285888671875,84.35364532470703,79.78141784667969,79.09246063232422,122.73999786376953,21.05984878540039
2014-08-26,163.8012237548828,90.84571838378906,34.82239532470703,47.51717758178711,84.08133697509766,79.76615905761719,79.14521789550781,123.3499984741211,21.06830406188965
2014-08-27,163.73583984375,90.86397552490234,34.99899673461914,47.54812240600586,84.79786682128906,79.98760986328125,79.27706146240234,123.31999969482422,21.102123260498047
2014-08-28,163.6458740234375,90.76354217529297,34.65347671508789,47.54193878173828,85.24211120605469,80.09454345703125,79.44851684570312,124.0,21.11903190612793
2014-08-29,164.11192321777344,91.10137176513672,34.59972381591797,47.79585266113281,85.29942321777344,80.10211944580078,79.50786590576172,123.86000061035156,21.161304473876953
2014-09-02,164.03018188476562,91.36617279052734,34.54597473144531,47.80204391479492,83.82793426513672,79.59041595458984,79.12966918945312,121.6500015258789,20.85694694519043
2014-09-03,163.94017028808594,90.82745361328125,34.99899673461914,47.9259033203125,84.29474639892578,79.70512390136719,79.23545837402344,122.1500015258789,20.941490173339844
2014-09-04,163.7030792236328,90.74530029296875,34.906864166259766,47.74631118774414,83.2677993774414,79.422119140625,78.67340087890625,121.4800033569336,20.85694694519043
2014-09-05,164.43902587890625,91.20179748535156,35.20633316040039,48.25411605834961,83.10985565185547,79.44508361816406,78.6866226196289,122.05999755859375,20.8231258392334
2014-09-08,164.01385498046875,91.37528991699219,34.79168701171875,48.20456314086914,83.14570617675781,79.36090850830078,78.55436706542969,120.7300033569336,20.721677780151367
2014-09-09,162.97540283203125,90.6174545288086,34.3616828918457,47.90733337402344,83.08106994628906,79.17733764648438,78.34281158447266,120.87000274658203,20.552587509155273
2014-09-10,163.58860778808594,91.36617279052734,34.215782165527344,47.15180587768555,82.55680084228516,78.97846984863281,78.21717071533203,120.26000213623047,20.408863067626953
2014-09-11,163.7767333984375,91.29310607910156,33.98543167114258,47.18895721435547,82.28395080566406,78.87908172607422,78.15766143798828,119.47000122070312,20.307411193847656
2014-09-12,162.82005310058594,90.82745361328125,33.624549865722656,45.73984909057617,81.42217254638672,78.58067321777344,77.78069305419922,118.37999725341797,20.14677619934082
2014-09-15,162.6973876953125,89.95096588134766,33.455604553222656,45.516902923583984,81.5442886352539,78.72604370117188,77.80054473876953,118.63999938964844,20.17214012145996
2014-09-16,163.9239044189453,90.73615264892578,33.89329147338867,45.962764739990234,81.21392059326172,78.703125,77.787353515625,118.83000183105469,20.358139038085938
2014-09-17,164.14462280273438,90.87311553955078,33.57846450805664,45.95040512084961,81.00569915771484,78.50421905517578,77.57573699951172,117.54000091552734,20.27359390258789
2014-09-18,165.01954650878906,91.55789184570312,33.624549865722656,45.5478630065918,81.26422119140625,78.45069885253906,77.71458435058594,117.77999877929688,20.07914161682129
2014-09-19,164.87083435058594,91.5011215209961,33.37114334106445,45.60359573364258,82.2983169555664,78.74901580810547,78.01879119873047,117.08999633789062,20.019962310791016
2014-09-22,163.5975341796875,90.65000915527344,32.864356994628906,45.244422912597656,82.39887237548828,78.91728973388672,78.09153747558594,116.8499984741211,19.850873947143555
2014-09-23,162.66110229492188,90.40289306640625,32.68006896972656,44.91621017456055,82.90875244140625,79.08558654785156,78.21717071533203,117.5999984741211,19.850873947143555
2014-09-24,163.93441772460938,91.37300872802734,33.14847183227539,44.79621505737305,82.44912719726562,78.8637466430664,78.03201293945312,117.05000305175781,19.93541717529297
2014-09-25,161.2891845703125,89.45109558105469,32.42667770385742,44.5961799621582,83.42579650878906,79.2461929321289,78.263427734375,117.38999938964844,19.893146514892578
2014-09-26,162.57069396972656,90.40289306640625,32.572574615478516,45.196224212646484,83.30369567871094,79.07791900634766,78.09153747558594,117.05999755859375,19.85932731628418
2014-09-29,162.27493286132812,90.28392791748047,31.912214279174805,45.133724212646484,83.97156524658203,79.33031463623047,78.05844116210938,117.02999877929688,19.977689743041992
2014-09-30,161.84780883789062,90.41204833984375,31.912214279174805,44.90869903564453,83.49758911132812,79.26152038574219,78.17086791992188,116.20999908447266,19.631061553955078
2014-10-01,159.6544189453125,88.966064453125,31.259536743164062,44.94622039794922,85.1167221069336,79.92745971679688,78.64497375488281,116.7699966430664,19.563425064086914
2014-10-02,159.67909240722656,88.966064453125,31.428468704223633,44.87119674682617,84.37519073486328,79.68985748291016,78.63837432861328,116.73999786376953,19.487337112426758
2014-10-03,161.43702697753906,89.84463500976562,31.69721031188965,45.152469635009766,84.73514556884766,79.66686248779297,78.86382293701172,114.61000061035156,19.30133819580078
2014-10-06,161.24810791015625,89.65242767333984,32.11185073852539,45.27122116088867,84.78555297851562,79.7971420288086,78.90365600585938,116.02999877929688,19.546518325805664
2014-10-07,158.75901794433594,88.38031768798828,31.827743530273438,44.91493606567383,85.93022918701172,80.26464080810547,79.1887435913086,116.36000061035156,19.470430374145508
2014-10-08,161.53565979003906,90.10088348388672,32.303829193115234,45.890010833740234,85.95187377929688,80.54813385009766,79.59324645996094,117.47000122070312,19.394336700439453
2014-10-09,158.33181762695312,88.6457290649414,31.797040939331055,45.890010833740234,85.57747650146484,80.41020965576172,79.26168060302734,117.63999938964844,19.16606903076172
2014-10-10,156.52456665039062,86.43097686767578,31.105955123901367,45.93376541137695,86.42694854736328,80.7243881225586,79.32799530029297,117.58999633789062,19.098434448242188
2014-10-13,153.9533233642578,85.07646179199219,31.420785903930664,45.97752380371094,86.95255279541016,81.14583587646484,79.5335693359375,118.5199966430664,19.098434448242188
2014-10-14,154.1915740966797,85.08564758300781,31.605066299438477,46.721317291259766,87.52127075195312,81.30682373046875,79.71260833740234,118.58999633789062,18.810983657836914
2014-10-15,153.14830017089844,84.5364990234375,31.205774307250977,46.54004669189453,88.21237182617188,81.76657104492188,79.77230072021484,118.98999786376953,18.574262619018555
2014-10-16,153.01693725585938,84.00569152832031,30.921672821044922,46.61505126953125,87.65087127685547,81.54434967041016,79.59324645996094,119.22000122070312,18.76026153564453
2014-10-17,154.8241729736328,85.11309051513672,31.267221450805664,46.67130661010742,87.16131591796875,81.30682373046875,79.56013488769531,118.98999786376953,18.82789421081543
2014-10-20,156.3274383544922,86.38520050048828,31.359350204467773,47.38383483886719,87.47807312011719,81.42172241210938,79.7059326171875,119.80000305175781,18.692623138427734
2014-10-21,159.42445373535156,88.65486907958984,31.48989486694336,47.815128326416016,86.77973175048828,81.19950103759766,79.65953063964844,120.0199966430664,18.844804763793945
2014-10-22,158.2908172607422,88.19729614257812,31.28256607055664,47.827606201171875,86.87333679199219,81.17654418945312,79.52696228027344,119.33999633789062,18.63344383239746
2014-10-23,160.1309356689453,89.52433776855469,31.274887084960938,48.19638442993164,86.1030044555664,80.83934783935547,79.37440490722656,118.5199966430664,18.853260040283203
2014-10-24,161.36312866210938,90.2564926147461,31.49757957458496,48.158870697021484,86.18940734863281,80.90834045410156,79.4075698852539,118.3499984741211,18.734899520874023
2014-10-27,161.141357421875,90.32051849365234,31.251859664916992,48.51517105102539,86.34776306152344,80.99259185791016,79.50700378417969,118.05999755859375,18.68416976928711
2014-10-28,162.9896697998047,91.68418884277344,31.881507873535156,48.72765350341797,85.80781555175781,80.7933578491211,79.24178314208984,118.0999984741211,18.836349487304688
2014-10-29,162.74322509765625,91.34554290771484,31.92757797241211,48.45265579223633,86.00225067138672,80.52518463134766,79.09590911865234,116.41000366210938,19.05616569519043
2014-10-30,163.78652954101562,91.53776550292969,32.2270393371582,48.758914947509766,86.07421112060547,80.60948181152344,79.14892578125,115.19000244140625,18.895532608032227
2014-10-31,165.6594696044922,92.80070495605469,32.365257263183594,49.37144088745117,85.8510513305664,80.47917938232422,79.13566589355469,112.66000366210938,18.870166778564453
2014-11-03,165.7498321533203,93.07527160644531,32.09650421142578,49.802734375,85.85104370117188,80.44921875,78.97943115234375,112.1500015258789,18.701080322265625
2014-11-04,165.1747589111328,92.76411437988281,32.1272087097168,49.88399887084961,86.11805725097656,80.44156646728516,79.09244537353516,112.22000122070312,18.430540084838867
2014-11-05,166.21803283691406,92.77326202392578,31.843111038208008,49.77772903442383,85.99541473388672,80.46458435058594,78.9461441040039,109.79000091552734,18.48126792907715
2014-11-06,166.8834686279297,93.06611633300781,31.451499938964844,49.39643096923828,85.4396743774414,80.21893310546875,78.7067642211914,109.87999725341797,18.49817657470703
2014-11-07,167.03953552246094,92.98374938964844,31.65114402770996,49.333953857421875,86.42117309570312,80.7332534790039,79.20550537109375,112.97000122070312,18.582719802856445
2014-11-10,167.5653076171875,93.31321716308594,31.735607147216797,49.74021911621094,85.62733459472656,80.4032211303711,78.8065414428711,110.45999908447266,18.40517807006836
2014-11-11,167.7295684814453,93.6060791015625,31.704896926879883,49.54645538330078,85.68502807617188,80.41083526611328,78.79986572265625,112.04000091552734,18.49817657470703
2014-11-12,167.54888916015625,93.77083587646484,31.643463134765625,49.17143249511719,85.6128921508789,80.3801498413086,78.79320526123047,111.5,18.438993453979492
2014-11-13,167.73780822753906,94.17349243164062,31.559011459350586,49.440216064453125,85.81494903564453,80.51061248779297,78.7067642211914,111.66999816894531,18.100820541381836
2014-11-14,167.77886962890625,94.46637725830078,31.820070266723633,49.03391647338867,86.23351287841797,80.67950439453125,78.8065414428711,114.47000122070312,18.29526710510254
2014-11-17,167.88563537597656,94.18268585205078,31.48221206665039,49.2526969909668,86.01701354980469,80.58739471435547,78.62033081054688,114.05000305175781,18.219181060791016
2014-11-18,168.85507202148438,94.88736724853516,31.65114402770996,49.4652099609375,86.255126953125,80.67950439453125,78.68685150146484,115.05000305175781,18.126182556152344
2014-11-19,168.58396911621094,94.45722961425781,31.635786056518555,49.02143096923828,85.70670318603516,80.46458435058594,78.26787567138672,113.68000030517578,18.033184051513672
2014-11-20,168.87966918945312,94.87820434570312,31.582029342651367,49.183937072753906,86.15412139892578,80.61044311523438,78.5671157836914,114.86000061035156,18.18536376953125
2014-11-21,169.78334045410156,95.06123352050781,32.58793640136719,49.490196228027344,86.67377471923828,80.7716064453125,78.90625762939453,115.38999938964844,18.379812240600586
2014-11-24,170.259765625,95.80252075195312,32.319175720214844,49.66521453857422,86.74591827392578,80.86373901367188,79.03263854980469,115.11000061035156,18.219181060791016
2014-11-25,170.136474609375,95.948974609375,32.11185073852539,49.752723693847656,87.46755981445312,81.0633316040039,79.37173461914062,115.37999725341797,18.13463592529297
2014-11-26,170.57191467285156,96.57129669189453,32.51883316040039,50.2339973449707,87.70578002929688,81.20152282714844,79.64441680908203,115.16000366210938,18.092363357543945
2014-11-28,170.21046447753906,97.01976013183594,31.866147994995117,50.359012603759766,88.39855194091797,81.5162582397461,79.857177734375,112.11000061035156,17.263835906982422
2014-12-01,169.02755737304688,95.92151641845703,31.32096290588379,50.2339973449707,87.88287353515625,81.3163070678711,79.5804672241211,116.58000183105469,17.61891746520996
2014-12-02,170.12014770507812,96.30590057373047,31.313283920288086,50.5465202331543,87.02933502197266,80.95492553710938,79.04700469970703,115.13999938964844,17.246925354003906
2014-12-03,170.7772674560547,96.47976684570312,31.397748947143555,50.496517181396484,87.36929321289062,80.98567962646484,79.12701416015625,116.33000183105469,17.14547348022461
2014-12-04,170.58831787109375,96.43405151367188,31.451499938964844,50.62776565551758,88.099853515625,81.27020263671875,79.25372314453125,115.87999725341797,17.094749450683594
2014-12-05,170.86769104003906,96.44317626953125,31.390077590942383,50.37150573730469,87.58628845214844,80.81649780273438,78.92698669433594,114.43000030517578,17.05247688293457
2014-12-08,169.7257843017578,95.75678253173828,30.92936134338379,50.690277099609375,88.65681457519531,81.08563232421875,79.30037689208984,115.77999877929688,16.756572723388672
2014-12-09,169.61077880859375,96.05880737304688,30.6375675201416,50.921531677246094,89.11248016357422,81.38553619384766,79.36707305908203,118.19000244140625,16.87493324279785
2014-12-10,166.89161682128906,94.54871368408203,30.18453025817871,50.87154769897461,89.76348876953125,81.75460052490234,79.34039306640625,117.95999908447266,16.61284637451172
2014-12-11,167.73780822753906,94.99720001220703,29.931135177612305,50.965293884277344,90.13235473632812,81.61624908447266,79.26036834716797,117.69000244140625,16.460668563842773
2014-12-12,165.02699279785156,93.96302032470703,29.43970489501953,50.521522521972656,91.35475158691406,82.28524017333984,79.38706970214844,117.41000366210938,16.32539939880371
2014-12-15,163.89329528808594,92.9928970336914,29.01738929748535,49.86522674560547,91.16667175292969,81.98530578613281,79.57379913330078,114.38999938964844,16.063316345214844
2014-12-16,162.5789031982422,91.5011215209961,28.9713134765625,49.796478271484375,92.2950439453125,82.40054321289062,79.547119140625,114.94999694824219,15.970315933227539
2014-12-17,165.7662353515625,93.16681671142578,29.63728141784668,50.94029235839844,91.4632797241211,81.83151245117188,79.56707000732422,114.2699966430664,16.063316345214844
2014-12-18,169.8654327392578,95.4090347290039,30.042306900024414,51.29655075073242,89.83580017089844,81.37015533447266,79.6471176147461,115.1500015258789,16.01258659362793
2014-12-19,170.58816528320312,95.82884216308594,30.252609252929688,51.27155303955078,91.04376983642578,81.67005157470703,79.60713195800781,114.7699966430664,16.249309539794922
2014-12-22,171.3729248046875,96.06766510009766,30.673215866088867,52.128761291503906,91.16667175292969,81.67005157470703,79.86053466796875,112.55000305175781,15.953409194946289
2014-12-23,171.60415649414062,95.7277603149414,30.392822265625,51.98305130004883,89.3583984375,80.993408203125,79.25372314453125,112.73999786376953,16.11404037475586
2014-12-24,171.6207275390625,95.81043243408203,30.462907791137695,51.76763153076172,89.84479522705078,81.0518798828125,79.50910186767578,112.7699966430664,15.902682304382324
2014-12-26,172.17413330078125,96.49024200439453,30.704370498657227,51.951377868652344,90.17819213867188,81.15973663330078,79.56932830810547,114.83000183105469,15.885774612426758
2014-12-29,172.4054412841797,96.47185516357422,30.517438888549805,52.236446380615234,90.85235595703125,81.43693542480469,79.72311401367188,113.66999816894531,15.733592987060547
2014-12-30,171.48036193847656,95.82884216308594,30.579750061035156,52.198421478271484,91.0987777709961,81.52941131591797,79.78996276855469,115.19999694824219,15.716683387756348
2014-12-31,169.7787322998047,94.8459243774414,30.60311508178711,51.31780242919922,91.27276611328125,81.62175750732422,79.84343719482422,113.58000183105469,15.598323822021484
2015-01-02,169.6878662109375,94.56114959716797,30.19808578491211,52.090728759765625,92.28751373291016,82.0376205444336,80.1242904663086,114.08000183105469,15.412327766418457
2015-01-05,166.62335205078125,93.17407989501953,29.660640716552734,52.37583541870117,93.73719787597656,82.5381851196289,80.4519271850586,115.80000305175781,15.192514419555664
2015-01-06,165.05393981933594,91.92476654052734,29.536026000976562,52.895355224609375,95.42610931396484,83.0926284790039,80.7795639038086,117.12000274658203,15.048789024353027
2015-01-07,167.11070251464844,93.1097640991211,30.174724578857422,53.706295013427734,95.2376480102539,83.07721710205078,80.88654327392578,116.43000030517578,14.955793380737305
2015-01-08,170.07611083984375,94.89185333251953,30.68880844116211,53.90902328491211,93.97645568847656,82.73841857910156,80.62578582763672,115.94000244140625,15.014972686767578
2015-01-09,168.71315002441406,94.26720428466797,30.58753776550293,53.934391021728516,95.00569152832031,83.14654541015625,80.8397445678711,117.26000213623047,14.989607810974121
2015-01-12,167.39151000976562,93.28428649902344,30.338293075561523,54.3461799621582,95.54934692382812,83.43917083740234,80.99354553222656,118.55999755859375,14.65988826751709
2015-01-13,166.92068481445312,93.25672912597656,30.60311508178711,54.26383590698242,95.54934692382812,83.51617431640625,81.06709289550781,118.16000366210938,14.600708961486816
2015-01-14,165.91299438476562,92.74231719970703,30.431760787963867,54.73265075683594,96.27417755126953,83.90119934082031,81.20748901367188,117.97000122070312,14.761340141296387
2015-01-15,164.3931427001953,91.5389404296875,30.501859664916992,54.859375,97.78910827636719,84.61744689941406,81.6287612915039,120.94000244140625,14.558435440063477
2015-01-16,166.54898071289062,92.61370849609375,30.7589054107666,55.334529876708984,96.54240417480469,83.99365234375,81.174072265625,122.5199966430664,14.83742904663086
2015-01-20,166.90419006347656,93.34860229492188,30.71216583251953,54.897369384765625,97.82539367675781,84.1861801147461,81.36129760742188,124.19999694824219,14.634525299072266
2015-01-21,167.74667358398438,93.82626342773438,31.389812469482422,54.859375,96.694580078125,83.78572845458984,81.32786560058594,124.2300033569336,14.727523803710938
2015-01-22,170.24130249023438,95.56243896484375,31.989559173583984,55.83504867553711,96.34660339355469,83.5777816772461,81.2877197265625,125.2300033569336,14.710614204406738
2015-01-23,169.30784606933594,95.7737045288086,31.748104095458984,55.67665481567383,97.68760681152344,84.12451934814453,81.7624740600586,124.2300033569336,14.6176176071167
2015-01-26,169.704345703125,95.66348266601562,31.763681411743164,56.14550018310547,97.39044952392578,83.93201446533203,81.74244689941406,122.98999786376953,14.566888809204102
2015-01-27,167.46588134765625,93.18324279785156,31.592329025268555,56.164485931396484,97.54270935058594,84.04754638671875,81.80258178710938,124.4000015258789,14.642977714538574
2015-01-28,165.31826782226562,92.70555877685547,31.249610900878906,55.79068374633789,99.13731384277344,84.69441223144531,82.35757446289062,123.41999816894531,14.431619644165039
2015-01-29,166.8463592529297,93.59661102294922,31.249610900878906,55.98710250854492,98.4849624633789,84.39407348632812,82.16366577148438,120.76000213623047,14.363986015319824
2015-01-30,164.748291015625,92.87090301513672,30.392822265625,54.83403015136719,100.23184967041016,85.13338470458984,82.83902740478516,123.44999694824219,14.710614204406738
2015-02-02,166.78855895996094,93.67929077148438,30.938039779663086,54.68830871582031,99.85342407226562,85.02691650390625,82.9161148071289,122.41999816894531,14.913517951965332
2015-02-03,169.20053100585938,94.57952880859375,31.522218704223633,55.16347885131836,97.73987579345703,84.3095703125,82.24565124511719,121.05000305175781,15.327781677246094
2015-02-04,168.55621337890625,94.49683380126953,31.366443634033203,54.9354133605957,97.90687561035156,84.44837951660156,82.35962677001953,121.58000183105469,14.989607810974121
2015-02-05,170.2577667236328,95.31439208984375,31.55337905883789,55.594295501708984,96.83199310302734,84.13987731933594,82.09815979003906,121.79000091552734,15.192514419555664
2015-02-06,169.78700256347656,94.73567962646484,31.015928268432617,53.978721618652344,95.11790466308594,83.19879913330078,81.2399673461914,118.63999938964844,15.234786987304688
2015-02-09,169.02703857421875,94.43253326416016,30.96920394897461,53.59859848022461,94.9653549194336,83.16023254394531,81.29357147216797,119.16999816894531,15.386964797973633
2015-02-10,170.82778930664062,95.90228271484375,30.891311645507812,53.76968002319336,94.20999908447266,82.95201110839844,81.07234191894531,118.47000122070312,15.192514419555664
2015-02-11,170.9268341064453,96.25139617919922,30.665424346923828,53.611270904541016,94.38427734375,82.92113494873047,81.12596130371094,117.06999969482422,15.074153900146484
2015-02-12,172.57064819335938,97.37206268310547,31.3197078704834,54.25114822387695,94.07196807861328,82.95201110839844,81.33382415771484,117.33999633789062,15.302419662475586
2015-02-13,173.28106689453125,98.2080078125,31.678009033203125,53.89002990722656,93.10600280761719,82.67427062988281,81.01197814941406,117.9800033569336,15.471508026123047
2015-02-17,173.55357360839844,98.29987335205078,31.607906341552734,53.756980895996094,91.70418548583984,82.0880355834961,80.63651275634766,116.01000213623047,15.479961395263672
2015-02-18,173.5701446533203,98.43765258789062,31.600114822387695,54.25748825073242,92.2489242553711,82.48146057128906,80.92478942871094,116.33999633789062,15.293965339660645
2015-02-19,173.4462432861328,98.92449951171875,31.467695236206055,53.091758728027344,91.6388168334961,82.273193359375,80.91144561767578,115.94000244140625,15.243241310119629
2015-02-20,174.4869842529297,99.58592224121094,31.678009033203125,53.60493850708008,91.9076156616211,82.22686004638672,81.0321044921875,115.27999877929688,15.184057235717773
2015-02-23,174.4622039794922,99.68696594238281,31.358652114868164,54.03573989868164,92.96073913574219,82.6048355102539,81.30697631835938,115.43000030517578,15.08260726928711
2015-02-24,174.9578094482422,99.76045227050781,31.81041717529297,52.97138595581055,94.1809310913086,83.15253448486328,81.8366470336914,115.26000213623047,15.09106159210205
2015-02-25,174.80911254882812,99.512451171875,31.748104095458984,52.98405838012695,94.58768463134766,83.22964477539062,81.91041564941406,115.69999694824219,15.319330215454102
2015-02-26,174.6026611328125,100.01765441894531,31.755897521972656,52.40754318237305,93.29485321044922,82.7359848022461,81.4678955078125,116.06999969482422,15.192514419555664
2015-02-27,174.00790405273438,99.57671356201172,31.732528686523438,52.81932830810547,94.07925415039062,83.02906799316406,81.66236114501953,116.16000366210938,15.361601829528809
2015-03-02,175.10650634765625,100.47696685791016,31.685794830322266,53.12343978881836,92.32686614990234,82.41104888916016,80.95441436767578,115.68000030517578,15.141785621643066
2015-03-03,174.38784790039062,100.00846099853516,31.4443302154541,53.02206039428711,91.99213409423828,82.23333740234375,80.90736389160156,115.47000122070312,15.234786987304688
2015-03-04,173.65277099609375,99.62264251708984,31.101612091064453,52.515235900878906,92.02125549316406,82.2951431274414,80.85356140136719,115.11000061035156,15.099515914916992
2015-03-05,173.8426971435547,99.79718017578125,31.054880142211914,52.66727066040039,91.9047622680664,82.34146118164062,80.96118927001953,115.0,15.040334701538086
2015-03-06,171.3977508544922,98.66730499267578,30.579750061035156,50.918670654296875,89.87447357177734,81.49939727783203,80.10066986083984,111.86000061035156,14.854337692260742
2015-03-09,172.1080780029297,98.95205688476562,30.462907791137695,51.32414627075195,90.7040786743164,81.8779525756836,80.42334747314453,111.97000122070312,14.812067985534668
2015-03-10,169.31614685058594,97.1148681640625,29.785274505615234,51.28614807128906,91.89754486083984,82.2256851196289,80.55110168457031,111.41999816894531,14.6176176071167
2015-03-11,168.9196319580078,96.55453491210938,30.011154174804688,51.33047103881836,92.56702423095703,82.37242889404297,80.96118927001953,110.75,14.693704605102539
2015-03-12,171.06732177734375,97.18834686279297,30.19808578491211,52.223785400390625,92.50152587890625,82.44969177246094,80.88047790527344,110.72000122070312,14.626070976257324
2015-03-13,170.01828002929688,96.76579284667969,29.83200454711914,52.192108154296875,92.21768188476562,82.32608795166016,80.65193939208984,110.87999725341797,14.330170631408691
2015-03-16,172.28981018066406,98.01509094238281,30.19029998779297,52.73063659667969,93.10552978515625,82.61195373535156,80.73257446289062,110.80999755859375,14.31325912475586
2015-03-17,171.7776641845703,98.17127227783203,30.540794372558594,52.71160888671875,93.876953125,82.78190612792969,80.86702728271484,110.20999908447266,14.211806297302246
2015-03-18,173.8426971435547,99.13580322265625,31.28854751586914,53.81401443481445,95.68900299072266,83.73210906982422,81.86200714111328,112.37000274658203,14.600708961486816
2015-03-19,173.04969787597656,99.28276062011719,30.7589054107666,53.78868103027344,95.20140075683594,83.33819580078125,81.44519805908203,112.29000091552734,14.355528831481934
2015-03-20,174.57725524902344,99.92542266845703,31.21845245361328,55.13813400268555,95.70356750488281,83.67810821533203,81.67378997802734,113.56999969482422,14.549981117248535
2015-03-23,174.2370147705078,99.7320556640625,31.311920166015625,55.06843948364258,95.58712005615234,83.7862319946289,81.86200714111328,114.29000091552734,14.71906852722168
2015-03-24,173.25799560546875,99.37301635742188,31.436555862426758,54.599605560302734,96.51130676269531,84.04121398925781,81.98302459716797,114.56999969482422,14.600708961486816
2015-03-25,170.71914672851562,97.09883880615234,30.938039779663086,53.657615661621094,95.69622039794922,83.67810821533203,81.71411895751953,114.7300033569336,14.642977714538574
2015-03-26,170.31256103515625,96.76737213134766,30.649858474731445,53.377193450927734,94.20442962646484,83.2068099975586,81.20989227294922,115.4800033569336,14.820521354675293
2015-03-27,170.70254516601562,97.1540756225586,30.73552894592285,53.447322845458984,95.37604522705078,83.53131103515625,81.53258514404297,115.05999755859375,14.524618148803711
2015-03-30,172.78504943847656,98.26811981201172,31.327497482299805,54.21210479736328,94.90301513671875,83.52359771728516,81.67378997802734,113.75,14.600708961486816
2015-03-31,171.27500915527344,97.22773742675781,31.257404327392578,53.73408508300781,95.1068344116211,83.73987579345703,81.82170104980469,113.66000366210938,14.431619644165039
2015-04-01,170.66928100585938,96.72132873535156,31.646852493286133,53.657615661621094,96.35603332519531,84.13844299316406,82.05693817138672,115.5999984741211,14.693704605102539
2015-04-02,171.2832794189453,96.7857894897461,32.12198257446289,54.06551742553711,95.33503723144531,83.89850616455078,81.92211151123047,115.27999877929688,14.6176176071167
2015-04-06,172.4365692138672,97.57760620117188,32.5348014831543,54.62637710571289,94.80268859863281,84.0068588256836,82.02992248535156,116.69000244140625,14.803611755371094
2015-04-07,171.98025512695312,97.41187286376953,32.37123489379883,53.66398239135742,95.59759521484375,84.07653045654297,82.32654571533203,116.11000061035156,14.879701614379883
2015-04-08,172.56105041503906,98.18529510498047,33.04887771606445,53.746856689453125,95.626708984375,83.99909973144531,82.29959106445312,115.47000122070312,14.592252731323242
2015-04-09,173.3243408203125,98.80216217041016,33.37601852416992,52.631492614746094,94.38703918457031,83.65861511230469,81.88165283203125,114.66999816894531,14.592252731323242
2015-04-10,174.27020263671875,99.20726013183594,33.39937973022461,52.59326171875,94.52560424804688,83.63540649414062,81.99625396728516,115.97000122070312,14.744431495666504
2015-04-13,173.4820098876953,98.95866394042969,33.20465850830078,52.45304870605469,94.65685272216797,83.80565643310547,81.96931457519531,115.13999938964844,14.676797866821289
2015-04-14,173.81390380859375,98.67327880859375,33.35264205932617,52.63788604736328,95.32775115966797,84.05329895019531,82.1580581665039,114.44000244140625,14.744431495666504
2015-04-15,174.59376525878906,99.2901382446289,33.5863151550293,52.242733001708984,95.2475357055664,84.09968566894531,82.2119369506836,115.43000030517578,15.040334701538086
2015-04-16,174.54400634765625,99.15201568603516,33.85114288330078,52.37657928466797,94.77357482910156,84.16162109375,82.1648178100586,115.02999877929688,15.200967788696289
2015-04-17,172.53614807128906,97.60521697998047,33.259178161621094,52.13437271118164,95.86011505126953,84.3318862915039,82.38724517822266,115.5999984741211,15.16715145111084
2015-04-20,174.112548828125,99.06916809082031,33.22801971435547,52.21084976196289,95.01412963867188,84.17708587646484,82.19174194335938,114.72000122070312,15.099515914916992
2015-04-21,173.90516662597656,99.49269104003906,33.42274856567383,52.30009078979492,94.58393096923828,83.99909973144531,82.1715087890625,115.37999725341797,14.989607810974121
2015-04-22,174.75973510742188,100.03591918945312,33.781036376953125,52.408451080322266,93.13998413085938,83.51158905029297,81.63899230957031,113.83000183105469,15.040334701538086
2015-04-23,175.19947814941406,100.41340637207031,34.03028869628906,52.548648834228516,93.54109954833984,83.76697540283203,81.8479232788086,114.66000366210938,15.226332664489746
2015-04-24,175.60606384277344,101.77608489990234,34.1549186706543,52.657020568847656,94.12447357177734,84.06098175048828,82.00296020507812,113.05000305175781,15.217876434326172
2015-04-27,174.87583923339844,101.51827239990234,34.287330627441406,52.58687973022461,94.12447357177734,83.9294662475586,81.94232940673828,115.33000183105469,15.217876434326172
2015-04-28,175.43177795410156,101.31570434570312,34.34185791015625,52.484920501708984,92.826416015625,83.5425033569336,81.45694732666016,116.33000183105469,15.243241310119629
2015-04-29,174.70994567871094,100.68040466308594,33.9134635925293,51.426937103271484,91.68880462646484,83.2330322265625,80.78287506103516,115.51000213623047,15.344693183898926
2015-04-30,172.95928955078125,99.09679412841797,33.39937973022461,50.5920295715332,91.84922790527344,83.20978546142578,80.85030364990234,113.47000122070312,15.463054656982422
2015-05-01,174.83441162109375,100.40420532226562,33.60189437866211,50.974430084228516,90.61280059814453,82.75492858886719,80.40421295166016,113.08000183105469,15.446144104003906
2015-05-04,175.3322296142578,100.56993865966797,33.79661560058594,51.02541732788086,89.75782775878906,82.58435821533203,80.1473159790039,114.0999984741211,15.437690734863281
2015-05-05,173.3243408203125,98.93103790283203,33.430538177490234,49.91646194458008,89.63358306884766,82.44486236572266,80.01212310791016,114.41999816894531,15.564504623413086
2015-05-06,172.6107940673828,98.24974060058594,33.01771926879883,49.82084655761719,88.09903717041016,82.04188537597656,79.6673812866211,114.36000061035156,15.564504623413086
2015-05-07,173.29945373535156,98.83897399902344,32.97099685668945,50.58565139770508,89.28282165527344,82.39066314697266,79.98509979248047,113.41999816894531,15.319330215454102
2015-05-08,175.58119201660156,100.07275390625,33.391597747802734,51.2930908203125,89.52404022216797,82.7083969116211,80.44470977783203,113.97000122070312,15.403873443603516
2015-05-11,174.74319458007812,99.68603515625,33.072235107421875,50.52190399169922,87.34637451171875,81.89466094970703,79.6335678100586,113.52999877929688,15.336236000061035
2015-05-12,174.22044372558594,99.23490142822266,32.96319580078125,50.67487716674805,87.57286834716797,81.9566650390625,79.51863098144531,114.5,15.496870994567871
2015-05-13,174.25363159179688,99.43745422363281,33.02550506591797,50.19047927856445,86.87134552001953,81.84814453125,79.4443130493164,116.55000305175781,15.513779640197754
2015-05-14,176.07064819335938,100.89217376708984,33.35264205932617,51.15924072265625,87.10519409179688,82.12712097167969,79.71468353271484,117.18000030517578,15.606776237487793
2015-05-15,176.2615203857422,100.89217376708984,33.609683990478516,51.681861877441406,88.85166931152344,82.71611022949219,80.26899719238281,117.52999877929688,15.598323822021484
2015-05-18,176.80909729003906,101.3341064453125,33.26696014404297,51.54802322387695,87.36099243164062,82.15813446044922,79.65386199951172,117.5199966430664,15.556053161621094
2015-05-19,176.7510223388672,101.22364044189453,33.32148742675781,51.36957550048828,86.58638763427734,81.79389190673828,79.22799682617188,115.88999938964844,15.226332664489746
2015-05-20,176.62657165527344,101.28807067871094,33.29813003540039,51.3249626159668,86.7325210571289,81.97213745117188,79.3226318359375,116.08000183105469,15.192514419555664
2015-05-21,177.1409149169922,101.81291198730469,33.1812858581543,51.082767486572266,87.94557189941406,82.46041107177734,79.7011947631836,115.69000244140625,15.378511428833008
2015-05-22,176.7178192138672,101.71165466308594,33.290340423583984,51.019039154052734,87.98209381103516,82.2743911743164,79.64710998535156,115.5999984741211,15.20942211151123
2015-05-26,174.81777954101562,100.54231262207031,32.76068115234375,50.63025665283203,89.48744201660156,82.7859115600586,79.99859619140625,113.91000366210938,14.913517951965332
2015-05-27,176.47720336914062,102.16278076171875,32.76846694946289,51.12739181518555,89.69207763671875,82.7393798828125,80.07966613769531,113.88999938964844,14.710614204406738
2015-05-28,176.2781219482422,101.93258666992188,32.34007263183594,51.02541732788086,89.47281646728516,82.81694030761719,79.91072845458984,114.0199966430664,14.786704063415527
2015-05-29,175.18287658691406,101.32493591308594,32.02851104736328,50.439056396484375,89.67015075683594,82.86334991455078,79.94449615478516,114.0999984741211,14.972698211669922
2015-06-01,175.53968811035156,101.66559600830078,31.903879165649414,51.05726623535156,88.70638275146484,82.49779510498047,79.4964599609375,114.0,14.938882827758789
2015-06-02,175.3654327392578,101.34331512451172,32.02851104736328,50.58565139770508,87.46879577636719,81.92339324951172,79.08975219726562,114.45999908447266,15.116424560546875
2015-06-03,175.8300018310547,101.64717102050781,31.864944458007812,49.85907745361328,86.06272888183594,81.22478485107422,78.5813980102539,113.63999938964844,14.921972274780273
2015-06-04,174.3448944091797,100.87376403808594,31.38202667236328,49.76348114013672,87.18316650390625,81.62059783935547,78.98812103271484,112.83999633789062,14.786704063415527
2015-06-05,174.0462646484375,100.63439178466797,31.241823196411133,49.2089958190918,86.12130737304688,81.03069305419922,78.58818817138672,112.23999786376953,14.854337692260742
2015-06-08,172.9759063720703,99.61241149902344,31.23403549194336,49.1197624206543,86.02610778808594,81.14714050292969,78.53397369384766,112.56999969482422,14.862792015075684
2015-06-09,172.9510040283203,99.44666290283203,31.04709243774414,48.762847900390625,85.34503173828125,80.88323974609375,78.18146514892578,112.81999969482422,15.099515914916992
2015-06-10,175.0252227783203,100.80931091308594,31.498855590820312,49.10700607299805,84.59803771972656,80.57275390625,77.97134399414062,113.77999877929688,15.158695220947266
2015-06-11,175.5894317626953,100.95664978027344,31.343076705932617,49.40658187866211,86.37760925292969,81.209228515625,78.66275024414062,113.26000213623047,15.023426055908203
2015-06-12,174.24533081054688,100.12798309326172,31.343076705932617,49.361934661865234,86.37760925292969,81.16262817382812,78.52715301513672,113.2300033569336,14.871247291564941
2015-06-15,173.49859619140625,99.63081359863281,30.992572784423828,49.094276428222656,86.51677703857422,81.35675048828125,78.51361846923828,113.7300033569336,14.803611755371094
2015-06-16,174.44444274902344,100.17403411865234,31.00035858154297,49.48942565917969,87.19783782958984,81.66719818115234,78.71019744873047,113.31999969482422,14.8458833694458
2015-06-17,174.7265167236328,100.45023345947266,31.187292098999023,49.910064697265625,86.52410125732422,81.71379089355469,78.70338439941406,113.8499984741211,14.888155937194824
2015-06-18,176.5435791015625,101.9141845703125,31.475486755371094,50.598388671875,86.09931945800781,81.65171813964844,78.56106567382812,115.31999969482422,14.888155937194824
2015-06-19,175.75987243652344,101.41033935546875,31.202871322631836,50.209625244140625,87.2051773071289,82.08642578125,78.9813003540039,115.12000274658203,14.752886772155762
2015-06-22,176.66029357910156,102.1578140258789,31.654638290405273,49.693382263183594,85.42559051513672,81.39552307128906,78.35771179199219,113.63999938964844,14.803611755371094
2015-06-23,176.7853546142578,102.24089050292969,31.96620750427246,49.279109954833984,84.91295623779297,81.14714050292969,78.18146514892578,112.88999938964844,14.981152534484863
2015-06-24,175.5013885498047,101.71484375,31.740318298339844,49.01142120361328,85.64525604248047,81.38777160644531,78.39838409423828,112.58999633789062,14.879701614379883
2015-06-25,174.96778869628906,101.51183319091797,31.631244659423828,48.514286041259766,85.34503173828125,81.18594360351562,78.26958465576172,112.44000244140625,14.896612167358398
2015-06-26,174.93447875976562,100.8381576538086,31.33306121826172,48.863216400146484,84.38568878173828,80.79781341552734,77.91035461425781,112.55999755859375,14.964247703552246
2015-06-29,171.26602172851562,98.457275390625,30.634674072265625,48.10354232788086,86.61930084228516,81.73711395263672,78.58818817138672,113.06999969482422,14.896612167358398
2015-06-30,171.6245574951172,98.80793762207031,31.089797973632812,48.084259033203125,86.01878356933594,81.511962890625,78.4390640258789,112.37000274658203,15.217876434326172
2015-07-01,173.00025939941406,99.59233856201172,31.066261291503906,48.8760986328125,84.85767364501953,81.08589935302734,78.18753814697266,111.9800033569336,15.031879425048828
2015-07-02,172.841796875,99.62001037597656,31.215351104736328,48.998416900634766,85.13658142089844,81.37359619140625,78.48664093017578,111.76000213623047,15.00651741027832
2015-07-06,172.3498992919922,99.3893051147461,30.344337463378906,49.30742263793945,86.71452331542969,81.94889831542969,78.79932403564453,112.05999755859375,14.51616382598877
2015-07-07,173.43377685546875,99.63847351074219,29.88921546936035,50.07997131347656,87.5291976928711,82.16654205322266,79.12557983398438,110.76000213623047,14.431619644165039
2015-07-08,170.52398681640625,97.90354919433594,28.86125373840332,49.88682556152344,88.28517150878906,82.4930648803711,79.23439025878906,111.08999633789062,14.363986015319824
2015-07-09,170.83248901367188,97.84817504882812,29.418386459350586,49.64864730834961,86.54573059082031,81.91780090332031,78.71095275878906,111.36000061035156,14.533071517944336
2015-07-10,172.98353576660156,99.34318542480469,30.163867950439453,50.06065368652344,85.17323303222656,81.35025024414062,78.20794677734375,111.48999786376953,14.600708961486816
2015-07-13,174.892822265625,101.08731842041016,30.367870330810547,50.13147735595703,84.9090576171875,81.13253784179688,78.03799438476562,110.98999786376953,14.609163284301758
2015-07-14,175.65151977539062,101.75175476074219,30.422807693481445,50.2344856262207,85.18794250488281,81.38911437988281,78.10597229003906,110.73999786376953,14.558435440063477
2015-07-15,175.5931854248047,101.86249542236328,30.077545166015625,50.31816864013672,86.09070587158203,81.70008087158203,78.30990600585938,110.16000366210938,14.389348983764648
2015-07-16,177.00216674804688,103.30213928222656,30.45420265197754,50.72373580932617,86.68518829345703,81.66900634765625,78.43225860595703,109.76000213623047,14.3217134475708
2015-07-17,177.15219116210938,104.8248062133789,30.41495704650879,50.54349899291992,87.1329116821289,81.67675018310547,78.48664093017578,108.6500015258789,14.245624542236328
2015-07-20,177.24392700195312,105.18470764160156,30.218780517578125,50.601436614990234,86.76590728759766,81.51348876953125,78.30311584472656,105.69999694824219,14.017354965209961
2015-07-21,176.54359436035156,105.1201171875,30.22662925720215,50.45979309082031,87.23562622070312,81.73900604248047,78.46624755859375,105.37000274658203,14.07653522491455
2015-07-22,176.22677612304688,103.92967987060547,29.795047760009766,50.67869567871094,87.7787857055664,81.84002685546875,78.56819152832031,104.80000305175781,13.87363052368164
2015-07-23,175.23458862304688,103.54206848144531,29.50470542907715,50.04777526855469,88.87232208251953,82.17431640625,78.79932403564453,104.33000183105469,13.755270004272461
2015-07-24,173.41708374023438,102.52696228027344,29.080968856811523,50.260231018066406,89.09247589111328,82.25209045410156,78.7654037475586,105.3499984741211,13.64536190032959
2015-07-27,172.4082489013672,101.67794799804688,28.53168487548828,50.35036087036133,89.56951904296875,82.52420043945312,78.7721176147461,104.86000061035156,13.38327693939209
2015-07-28,174.52597045898438,102.55464172363281,28.822019577026367,50.38255310058594,88.91637420654297,82.2909164428711,78.71095275878906,105.0199966430664,13.493184089660645
2015-07-29,175.72650146484375,102.94224548339844,29.104516983032227,50.71089172363281,88.58604431152344,82.17431640625,78.64300537109375,105.16999816894531,13.535455703735352
2015-07-30,175.76821899414062,103.43131256103516,28.814176559448242,50.45979309082031,89.26864624023438,82.26763916015625,78.6838150024414,104.2699966430664,13.484729766845703
2015-07-31,175.5013885498047,103.31135559082031,29.1280517578125,50.85895538330078,89.92919921875,82.7496566772461,79.09162902832031,104.93000030517578,13.298733711242676
2015-08-03,174.9094696044922,102.98836517333984,28.641536712646484,51.17439651489258,90.8758316040039,83.00186157226562,79.27567291259766,104.0999984741211,13.078920364379883
2015-08-04,174.56765747070312,102.7945785522461,28.74354362487793,50.80101013183594,90.15499877929688,82.57366943359375,78.87346649169922,104.30999755859375,13.155009269714355
2015-08-05,175.14292907714844,103.58821868896484,28.75139617919922,50.46625518798828,89.47830963134766,82.25442504882812,78.56671905517578,103.93000030517578,13.104284286499023
2015-08-06,173.7089080810547,101.92707824707031,28.500295639038086,50.537071228027344,90.27268981933594,82.54251098632812,78.7166976928711,104.38999938964844,13.09582805633545
2015-08-07,173.3753662109375,101.79790496826172,28.484596252441406,50.72373580932617,91.45693969726562,82.8695297241211,78.98941040039062,104.6500015258789,13.045103073120117
2015-08-10,175.5597686767578,102.960693359375,28.96327018737793,50.56282043457031,90.32418823242188,82.52696228027344,78.67578125,105.72000122070312,13.3240966796875
2015-08-11,173.9756622314453,101.64100646972656,28.327659606933594,50.897560119628906,91.75845336914062,83.0719985961914,79.00304412841797,106.26000213623047,13.146554946899414
2015-08-12,174.18411254882812,101.99169921875,27.88822364807129,51.05851364135742,91.25830841064453,83.04084014892578,78.88029479980469,107.75,13.104284286499023
2015-08-13,173.96730041503906,101.82560729980469,27.84114646911621,51.1164665222168,90.9640884399414,82.82280731201172,78.60765075683594,106.86000061035156,13.045103073120117
2015-08-14,174.60096740722656,101.98247528076172,27.8803768157959,51.39329528808594,91.17740631103516,82.73714447021484,78.68262481689453,106.8499984741211,12.96055793762207
2015-08-17,175.5764617919922,102.83151245117188,27.5743465423584,51.83106231689453,91.58926391601562,82.88510131835938,78.9348373413086,107.12999725341797,12.909832000732422
2015-08-18,175.06790161132812,102.30547332763672,27.276159286499023,51.972686767578125,90.86847686767578,82.75273895263672,78.6349105834961,107.11000061035156,12.84219741821289
2015-08-19,173.683837890625,101.63179016113281,26.93874168395996,51.6636848449707,91.76580047607422,83.25884246826172,79.0166244506836,108.55000305175781,12.69847297668457
2015-08-20,170.0571746826172,98.81717681884766,26.515003204345703,51.28386688232422,92.69261169433594,83.48463439941406,79.06442260742188,110.44000244140625,12.732288360595703
2015-08-21,164.93797302246094,94.49828338623047,25.698915481567383,50.331050872802734,92.97208404541016,83.81949615478516,79.08482360839844,111.12999725341797,12.520931243896484
2015-08-24,157.99295043945312,90.86231231689453,24.57679557800293,47.97480010986328,92.94270324707031,83.95960235595703,78.86666107177734,110.52999877929688,12.208117485046387
2015-08-25,156.1337432861328,90.52086639404297,24.890676498413086,46.65504455566406,91.44957733154297,83.50020599365234,78.46446990966797,109.16000366210938,12.258845329284668
2015-08-26,162.12831115722656,95.07966613769531,25.7146053314209,47.91685104370117,89.68424987792969,82.986328125,78.41674041748047,107.66999816894531,12.182756423950195
2015-08-27,166.1385955810547,97.48827362060547,26.8524227142334,48.843894958496094,89.73573303222656,82.93962097167969,78.49173736572266,107.7300033569336,12.622383117675781
2015-08-28,166.14688110351562,97.46983337402344,26.507152557373047,48.773094177246094,90.00053405761719,82.95516967773438,78.6349105834961,108.69999694824219,12.952103614807129
2015-08-31,164.8045654296875,96.26090240478516,26.55423927307129,47.65935516357422,89.30913543701172,82.81501007080078,78.43719482421875,108.81999969482422,13.264915466308594
2015-09-01,159.88555908203125,93.2524642944336,25.526275634765625,46.75161361694336,89.95262908935547,83.1870346069336,78.912353515625,109.19999694824219,12.825288772583008
2015-09-02,162.92039489746094,95.88252258300781,25.89509391784668,47.23445510864258,89.17864990234375,82.96084594726562,78.796142578125,108.62000274658203,12.935195922851562
2015-09-03,163.03709411621094,95.41191101074219,25.997100830078125,47.36320114135742,89.61357879638672,83.16364288330078,79.17218780517578,107.83999633789062,13.01973819732666
2015-09-04,160.5691680908203,94.27679443359375,25.220243453979492,46.48121643066406,90.43177032470703,83.42095947265625,79.34991455078125,107.48999786376953,12.859106063842773
2015-09-08,164.60450744628906,96.93457794189453,26.020641326904297,47.18293762207031,89.09757232666016,83.05445098876953,78.98069763183594,107.5199966430664,12.952103614807129
2015-09-09,162.4034423828125,95.84562683105469,25.88724136352539,46.64216232299805,89.52509307861328,83.08566284179688,79.15165710449219,106.12999725341797,12.783016204833984
2015-09-10,163.28720092773438,96.8884048461914,26.15403938293457,46.74515151977539,88.92066955566406,82.89847564697266,78.99443054199219,106.37999725341797,12.892922401428223
2015-09-11,164.0292205810547,97.4236831665039,26.25605010986328,47.64003372192383,89.48090362548828,83.11683654785156,79.04910278320312,106.16000366210938,12.87601375579834
2015-09-14,163.42056274414062,97.12837982177734,26.216814041137695,47.66578674316406,89.62092590332031,83.19483184814453,79.04229736328125,106.22000122070312,12.71538257598877
2015-09-15,165.4632110595703,98.27267456054688,26.46792221069336,48.1357421875,87.90338897705078,82.53972625732422,78.4474868774414,105.9000015258789,12.75765323638916
2015-09-16,166.89723205566406,98.82637786865234,27.11137580871582,48.65077209472656,87.57170104980469,82.51634216308594,78.59104919433594,107.30999755859375,12.969012260437012
2015-09-17,166.5220947265625,98.86331176757812,27.048601150512695,49.20442199707031,88.64054107666016,83.20264434814453,79.24053192138672,108.41000366210938,12.884468078613281
2015-09-18,163.80087280273438,97.4571533203125,26.546390533447266,49.120750427246094,90.00426483154297,83.5925521850586,79.4798812866211,109.20999908447266,12.690019607543945
2015-09-21,164.64730834960938,97.76248168945312,26.49930763244629,49.5391960144043,88.53736877441406,83.11683654785156,79.07647705078125,108.52999877929688,12.83374309539795
2015-09-22,162.5102081298828,96.30082702636719,26.00494956970215,48.91472244262695,89.7683334350586,83.53018951416016,79.41825866699219,107.79000091552734,12.75765323638916
2015-09-23,162.25047302246094,96.37483978271484,25.58905601501465,49.22162628173828,89.76099395751953,83.43660736083984,79.37042236328125,108.22000122070312,12.656200408935547
2015-09-24,161.66380310058594,96.02332305908203,25.47920036315918,48.759979248046875,90.37279510498047,83.5613784790039,79.38412475585938,110.48999786376953,12.732288360595703
2015-09-25,161.62193298339844,95.209228515625,25.424266815185547,48.955047607421875,89.5914077758789,83.34298706054688,79.14488983154297,109.80999755859375,12.808379173278809
2015-09-28,157.56561279296875,92.49877166748047,24.88282585144043,48.19429016113281,91.12470245361328,83.81871032714844,79.28157043457031,108.41999816894531,12.630837440490723
2015-09-29,157.6578369140625,92.01770782470703,25.000530242919922,48.70796203613281,91.38270568847656,84.1072769165039,79.38412475585938,107.9800033569336,12.71538257598877
2015-09-30,160.5994110107422,94.13615417480469,25.722455978393555,49.117591857910156,91.06574249267578,84.12279510498047,79.37042236328125,106.86000061035156,12.808379173278809
2015-10-01,161.01849365234375,94.56163787841797,25.863697052001953,49.358177185058594,91.45427703857422,84.1884765625,79.35263061523438,106.7300033569336,12.723835945129395
2015-10-02,163.42376708984375,96.21758270263672,26.55423927307129,49.71579360961914,92.00826263427734,84.59461212158203,79.70233917236328,108.98999786376953,12.808379173278809
2015-10-05,166.3318634033203,97.59593200683594,27.12706756591797,50.554569244384766,90.75990295410156,84.12594604492188,79.48976135253906,108.7699966430664,12.97746753692627
2015-10-06,165.76199340820312,97.13343811035156,27.079980850219727,50.437530517578125,91.15142059326172,84.29778289794922,79.64742279052734,109.86000061035156,13.231099128723145
2015-10-07,167.11962890625,97.71617889404297,27.801912307739258,51.01625061035156,90.84854888916016,84.08694458007812,79.92857360839844,109.69999694824219,13.205735206604004
2015-10-08,168.628173828125,98.10472869873047,28.10009765625,51.44538116455078,90.08771514892578,83.86821746826172,79.6131591796875,109.13999938964844,13.264915466308594
2015-10-09,168.72869873046875,98.54878997802734,28.20210838317871,51.360836029052734,90.3241195678711,83.91512298583984,79.64742279052734,110.87000274658203,13.3240966796875
2015-10-12,168.88800048828125,98.78929901123047,27.990234375,51.724979400634766,91.01107025146484,84.19631958007812,79.9697494506836,111.30999755859375,13.112737655639648
2015-10-13,167.82363891601562,98.1509780883789,27.535104751586914,51.32183074951172,91.16619110107422,84.27434539794922,79.90802764892578,111.86000061035156,13.028192520141602
2015-10-14,167.01902770996094,97.99370574951172,27.746984481811523,50.93820571899414,91.96392059326172,84.73519897460938,80.22340393066406,113.80999755859375,13.06201171875
2015-10-15,169.58355712890625,99.60335540771484,28.42181968688965,51.63395690917969,91.51334381103516,84.44620513916016,80.18912506103516,113.29000091552734,13.028192520141602
2015-10-16,170.35464477539062,100.0196533203125,28.44536781311035,52.024070739746094,91.54290008544922,84.37592315673828,80.21659088134766,112.48999786376953,13.03664779663086
2015-10-19,170.4384002685547,100.59318542480469,28.155027389526367,52.7523193359375,91.29176330566406,84.33685302734375,80.20970153808594,112.0199966430664,12.799925804138184
2015-10-20,170.2205047607422,100.07514190673828,28.147171020507812,52.73279571533203,90.7303695678711,84.0478744506836,80.0588607788086,112.7300033569336,12.825288772583008
2015-10-21,169.16448974609375,99.4645767211914,27.739133834838867,52.53775405883789,91.63156127929688,84.33685302734375,80.45654296875,111.7300033569336,12.71538257598877
2015-10-22,172.02232360839844,101.49053192138672,28.311960220336914,52.99940872192383,91.78662109375,84.42278289794922,80.62788391113281,111.69000244140625,12.75765323638916
2015-10-23,173.90797424316406,104.33052825927734,28.476755142211914,52.485721588134766,91.00366973876953,83.94632720947266,80.33311462402344,111.5,12.681564331054688
2015-10-26,173.48060607910156,104.39527893066406,28.217802047729492,52.47272491455078,91.609375,84.16505432128906,80.47711944580078,111.43000030517578,12.647747039794922
2015-10-27,173.1453399658203,104.60804748535156,27.896072387695312,52.45322036743164,91.83838653564453,84.37592315673828,80.49768829345703,111.68000030517578,12.588566780090332
2015-10-28,175.1147918701172,105.47760772705078,27.5743465423584,52.498748779296875,91.46907043457031,83.93852233886719,80.18230438232422,110.77999877929688,12.799925804138184
2015-10-29,175.01426696777344,105.31111145019531,27.315397262573242,52.42721939086914,90.01384735107422,83.42304229736328,79.62004852294922,109.72000122070312,12.723835945129395
2015-10-30,174.25997924804688,104.83932495117188,27.362485885620117,51.94602584838867,90.69344329833984,83.58707427978516,79.82572937011719,109.30000305175781,12.850650787353516
2015-11-02,176.3216094970703,106.02342224121094,27.903928756713867,53.051429748535156,90.27665710449219,83.34691619873047,79.48262786865234,108.58999633789062,12.783016204833984
2015-11-03,176.8328399658203,106.39346313476562,28.272737503051758,52.51824951171875,89.53636932373047,83.1279067993164,79.48948669433594,106.9800033569336,13.011284828186035
2015-11-04,176.29649353027344,106.40269470214844,28.045166015625,52.28416442871094,89.64000701904297,83.04183197021484,79.40006256103516,105.97000122070312,12.791470527648926
2015-11-05,176.12049865722656,106.11591339111328,28.09224510192871,52.492225646972656,89.40315246582031,82.98710632324219,79.42070770263672,105.63999938964844,12.690019607543945
2015-11-06,176.02835083007812,106.18993377685547,27.69989776611328,50.860191345214844,88.09284210205078,82.42390441894531,78.90502166748047,104.0999984741211,12.613929748535156
2015-11-09,174.38568115234375,105.06132507324219,27.009361267089844,49.988887786865234,87.59680938720703,82.28312683105469,78.77433013916016,104.4000015258789,12.504020690917969
2015-11-10,174.78794860839844,104.79303741455078,26.89165496826172,50.56108093261719,87.85595703125,82.43952178955078,78.97376251220703,104.18000030517578,12.478658676147461
2015-11-11,174.10072326660156,104.66356658935547,26.946590423583984,50.619598388671875,87.67091369628906,82.40045166015625,78.96685791015625,103.83000183105469,12.351842880249023
2015-11-12,171.6703338623047,103.64596557617188,26.687631607055664,50.274993896484375,88.09284210205078,82.44737243652344,78.93936920166016,103.8499984741211,12.174301147460938
2015-11-13,169.74278259277344,101.61079406738281,26.318828582763672,49.70279312133789,88.59623718261719,82.76026153564453,79.17314147949219,103.55999755859375,12.081304550170898
2015-11-16,172.32403564453125,103.07240295410156,26.828882217407227,50.274993896484375,88.51482391357422,82.8697509765625,79.1868896484375,103.70999908447266,12.140483856201172
2015-11-17,172.19833374023438,103.13713836669922,26.750411987304688,50.274993896484375,88.662841796875,82.8462905883789,79.26942443847656,102.33999633789062,11.954488754272461
2015-11-18,174.93043518066406,105.11682891845703,27.04075050354004,50.717132568359375,88.84794616699219,82.80717468261719,79.29006958007812,102.43000030517578,12.00521469116211
2015-11-19,174.77963256835938,105.19084930419922,27.284013748168945,50.87317657470703,89.44014739990234,82.98710632324219,79.52385711669922,103.55999755859375,12.00521469116211
2015-11-20,175.41656494140625,105.90316772460938,27.558652877807617,51.51040267944336,89.16619873046875,82.87759399414062,79.51007843017578,103.08999633789062,11.988304138183594
2015-11-23,175.2153778076172,105.59789276123047,27.29970359802246,51.620933532714844,89.44014739990234,82.98710632324219,79.53761291503906,102.26000213623047,12.081304550170898
2015-11-24,175.45004272460938,105.50537872314453,27.440950393676758,51.34785079956055,89.43275451660156,83.06534576416016,79.5650863647461,102.94000244140625,12.27575397491455
2015-11-25,175.42491149902344,105.59789276123047,27.229076385498047,51.55592727661133,89.64000701904297,83.11223602294922,79.6407699584961,102.45999908447266,12.258845329284668
2015-11-27,175.62599182128906,105.7458724975586,26.632705688476562,52.00457763671875,89.55119323730469,83.1982650756836,79.66831970214844,101.25,12.07284927368164
2015-11-30,174.89700317382812,105.47760772705078,26.671945571899414,51.620933532714844,89.90655517578125,83.22958374023438,79.70265197753906,101.91999816894531,11.996758460998535
2015-12-01,176.56471252441406,106.53221893310547,26.87596321105957,52.33619689941406,91.12091827392578,83.67219543457031,80.30186462402344,102.27999877929688,12.13202953338623
2015-12-02,174.76284790039062,105.87541961669922,26.55423927307129,51.269805908203125,91.15060424804688,83.43720245361328,80.10881042480469,100.69000244140625,11.878398895263672
2015-12-03,172.3156280517578,104.08075714111328,26.40514373779297,50.463531494140625,88.67279815673828,82.55972290039062,79.04688262939453,101.76000213623047,12.013668060302734
2015-12-04,175.67636108398438,106.51371765136719,26.58561897277832,51.42586135864258,89.45179748535156,82.86529541015625,79.47441101074219,104.0199966430664,11.996758460998535
2015-12-07,174.6120147705078,106.03266906738281,26.146188735961914,51.28281021118164,90.31973266601562,83.13163757324219,79.6123275756836,102.66999816894531,11.650130271911621
2015-12-08,173.438720703125,106.04191589355469,25.855850219726562,51.23731994628906,90.36424255371094,83.17864227294922,79.50894165039062,102.83999633789062,11.590949058532715
2015-12-09,172.08938598632812,104.43228912353516,25.64398765563965,50.95121765136719,90.26777648925781,83.3039779663086,79.4881820678711,102.63999938964844,11.599403381347656
2015-12-10,172.53355407714844,104.9040756225586,25.471351623535156,50.58708572387695,90.38648223876953,83.12382507324219,79.30203247070312,102.55000305175781,11.55713176727295
2015-12-11,169.18963623046875,102.4896240234375,24.757272720336914,50.496055603027344,91.81084442138672,83.78973388671875,79.43986511230469,103.11000061035156,11.438770294189453
2015-12-14,170.04446411132812,103.26666259765625,25.1574764251709,50.73011779785156,90.62389373779297,83.17081451416016,78.853759765625,101.79000091552734,11.362680435180664
2015-12-15,171.82960510253906,103.8957290649414,25.541975021362305,51.28281021118164,90.08976745605469,82.95929718017578,78.86063385009766,101.5199966430664,11.33731746673584
2015-12-16,174.3437957763672,105.44061279296875,26.044174194335938,52.28416442871094,89.89688110351562,82.73991394042969,78.84686279296875,102.75,11.286591529846191
2015-12-17,171.68711853027344,103.90497589111328,25.706758499145508,52.024070739746094,90.91323852539062,83.0846176147461,78.93651580810547,100.5,11.168230056762695
2015-12-18,168.6284942626953,101.91185760498047,25.62044334411621,51.419368743896484,91.41767120361328,83.38236999511719,78.93651580810547,102.04000091552734,11.21895694732666
2015-12-21,170.01954650878906,103.04390716552734,25.820470809936523,51.620933532714844,91.3953857421875,83.42156219482422,78.99169921875,103.1500015258789,11.168230056762695
2015-12-22,171.5623016357422,103.72127532958984,26.027679443359375,51.82902145385742,90.73515319824219,83.18645477294922,78.88823699951172,102.61000061035156,11.117504119873047
2015-12-23,173.6868133544922,104.49142456054688,26.394262313842773,52.36172866821289,90.0526351928711,82.99845886230469,78.95726013183594,102.30999755859375,11.320408821105957
2015-12-24,173.40020751953125,104.47285461425781,26.298627853393555,52.36172866821289,90.56857299804688,83.15068817138672,79.21446228027344,103.05000305175781,11.320408821105957
2015-12-28,173.00396728515625,104.41717529296875,26.115337371826172,52.65180587768555,90.83619689941406,83.16641235351562,79.11762237548828,102.2699966430664,11.15977668762207
2015-12-29,174.8502960205078,106.05957794189453,26.139244079589844,53.21222686767578,89.32711791992188,82.72696685791016,78.7096176147461,102.19999694824219,11.345771789550781
2015-12-30,173.6109619140625,105.10385131835938,25.732807159423828,53.02761459350586,89.2379379272461,82.75836944580078,78.7096176147461,101.41999816894531,11.23586654663086
2015-12-31,171.87425231933594,103.79548645019531,25.653114318847656,52.566123962402344,89.63938903808594,82.85249328613281,78.84100341796875,101.45999908447266,11.29504680633545
2016-01-04,169.47149658203125,101.60562896728516,24.951818466186523,51.93318176269531,90.28611755371094,83.2055892944336,78.7995376586914,102.88999938964844,11.210502624511719
2016-01-05,169.75819396972656,101.4293212890625,25.007604598999023,52.935325622558594,89.92182159423828,83.18205261230469,78.84100341796875,103.18000030517578,11.100595474243164
2016-01-06,167.6168670654297,100.45501708984375,24.529449462890625,52.79026412963867,91.13358306884766,83.68427276611328,79.15219116210938,104.66999816894531,10.923054695129395
2016-01-07,163.595458984375,97.30945587158203,23.772367477416992,51.761775970458984,91.2970962524414,83.86474609375,79.21446228027344,106.1500015258789,10.872326850891113
2016-01-08,161.7997283935547,96.51142120361328,23.517349243164062,51.069496154785156,91.7059555053711,84.07656860351562,79.27668762207031,105.68000030517578,10.821601867675781
2016-01-11,161.95993041992188,96.80836486816406,23.509382247924805,51.35957717895508,90.70237731933594,83.80980682373047,79.02084350585938,104.73999786376953,10.525697708129883
2016-01-12,163.2666473388672,97.93110656738281,23.55719566345215,51.0167350769043,92.01077270507812,84.1864242553711,79.20063018798828,104.20999908447266,10.458062171936035
2016-01-13,159.19467163085938,94.55353546142578,23.31014633178711,50.284908294677734,92.91773986816406,84.5159683227539,79.4426498413086,104.72000122070312,10.398882865905762
2016-01-14,161.80816650390625,96.56710815429688,23.61298179626465,50.166255950927734,92.04796600341797,84.34336853027344,79.0484619140625,103.0199966430664,10.424245834350586
2016-01-15,158.33473205566406,93.56999969482422,22.680574417114258,49.82341766357422,93.48273468017578,84.73567962646484,78.93092346191406,104.08000183105469,10.204431533813477
2016-01-19,158.54550170898438,93.77410888671875,23.015291213989258,50.08713912963867,93.19280242919922,84.6258773803711,78.57820892333984,103.9800033569336,10.119889259338379
2016-01-20,156.51377868652344,93.4864730834961,22.513219833374023,48.742156982421875,94.17407989501953,85.04170227050781,78.69579315185547,105.37000274658203,10.04379940032959
2016-01-21,157.3905487060547,93.57926177978516,22.60088348388672,49.012454986572266,93.53477478027344,84.82984161376953,78.46757507324219,105.48999786376953,10.179069519042969
2016-01-22,160.61947631835938,96.28874206542969,23.373903274536133,50.377227783203125,93.17794036865234,84.64154815673828,78.51602172851562,105.0,10.48342514038086
2016-01-25,158.19140625,94.85978698730469,22.97544288635254,50.06074905395508,93.68344116210938,84.92400360107422,78.43304443359375,106.08000183105469,10.255158424377441
2016-01-26,160.3496551513672,95.71342468261719,23.31014633178711,51.10906219482422,93.72804260253906,84.98676300048828,78.65431213378906,107.29000091552734,10.458062171936035
2016-01-27,158.60450744628906,93.32872009277344,23.230457305908203,50.120094299316406,93.70574951171875,85.0495376586914,78.43997192382812,107.69000244140625,10.584877967834473
2016-01-28,159.43072509765625,94.64634704589844,23.5970458984375,49.73770523071289,93.83956909179688,85.159423828125,78.52985382080078,106.54000091552734,10.703239440917969
2016-01-29,163.3172607421875,96.62278747558594,24.36209487915039,50.759620666503906,94.63500213623047,85.614501953125,78.93783569335938,106.94999694824219,10.804693222045898
2016-02-01,163.2582244873047,96.88258361816406,24.1309871673584,50.84535217285156,94.34526824951172,85.41728973388672,78.6860580444336,108.05000305175781,10.601786613464355
2016-02-02,160.31594848632812,94.78551483154297,23.349994659423828,50.383827209472656,96.0955581665039,86.02236938476562,78.83168029785156,108.08999633789062,10.415790557861328
2016-02-03,161.27708435058594,94.33082580566406,24.011449813842773,50.72005081176758,95.298583984375,85.92804718017578,78.63749694824219,109.25,10.677876472473145
2016-02-04,161.5299530029297,94.32158660888672,24.194746017456055,50.74643325805664,95.76038360595703,86.1324234008789,78.67219543457031,110.56999969482422,10.660967826843262
2016-02-05,158.4527587890625,91.04607391357422,23.915813446044922,49.78386306762695,95.87210083007812,86.24240112304688,78.65833282470703,112.31999969482422,10.593332290649414
2016-02-08,156.31983947753906,89.65424346923828,23.589073181152344,48.35977554321289,97.93522644042969,86.88672637939453,79.0675048828125,113.83000183105469,10.542607307434082
2016-02-09,156.32826232910156,89.37584686279297,23.26233673095703,47.46971130371094,98.03954315185547,86.90243530273438,78.79705047607422,113.58000183105469,10.272067070007324
2016-02-10,156.19338989257812,89.71916961669922,23.357967376708984,47.79936218261719,98.90351104736328,87.16181182861328,78.89412689208984,114.45999908447266,10.288975715637207
2016-02-11,154.16163635253906,89.58927917480469,22.967472076416016,47.120277404785156,99.59618377685547,87.56257629394531,79.15770721435547,119.05999755859375,10.415790557861328
2016-02-12,157.3399658203125,90.9532699584961,23.36593246459961,47.66090774536133,97.94274139404297,86.8946533203125,78.71383666992188,118.36000061035156,10.567971229553223
2016-02-16,159.99559020996094,93.00394439697266,23.883941650390625,48.53776931762695,96.90741729736328,86.63530731201172,78.33930969238281,114.7699966430664,10.44960880279541
2016-02-17,162.60903930664062,95.11032104492188,24.354122161865234,48.953121185302734,96.31153869628906,86.42311096191406,78.31847381591797,115.4800033569336,10.66942310333252
2016-02-18,161.9430389404297,94.0246353149414,24.210678100585938,49.447608947753906,97.49580383300781,86.82384490966797,78.9565200805664,118.29000091552734,10.610241889953613
2016-02-19,161.86715698242188,94.30300903320312,24.09911346435547,49.73109817504883,97.57771301269531,86.82384490966797,78.9011001586914,117.58000183105469,10.517243385314941
2016-02-22,164.21087646484375,95.83405303955078,24.696805953979492,50.2058219909668,97.52562713623047,86.73744201660156,79.06060028076172,115.48999786376953,10.677876472473145
2016-02-23,162.13694763183594,94.25662231445312,24.17082977294922,50.07395553588867,97.92031860351562,86.91033172607422,79.22010803222656,117.22000122070312,10.534152030944824
2016-02-24,162.8788604736328,95.15669250488281,24.115047454833984,50.01460647583008,97.7267074584961,86.91033172607422,79.29639434814453,117.61000061035156,10.66942310333252
2016-02-25,164.85159301757812,96.09388732910156,24.194746017456055,51.036529541015625,98.07675170898438,87.169677734375,79.7403335571289,117.91999816894531,10.660967826843262
2016-02-26,164.4722137451172,95.97323608398438,23.955659866333008,50.77280807495117,97.1308822631836,86.74528503417969,79.71257781982422,117.11000061035156,10.644059181213379
2016-02-29,163.18228149414062,95.11032104492188,24.162860870361328,50.57501220703125,97.55535125732422,86.88672637939453,79.76809692382812,118.63999938964844,10.779330253601074
2016-03-01,167.01824951171875,98.16309356689453,25.023542404174805,51.99911117553711,95.83757019042969,86.20761108398438,79.33332061767578,117.7699966430664,10.787784576416016
2016-03-02,167.76858520507812,98.20022583007812,25.35825538635254,52.374916076660156,96.23308563232422,86.05809783935547,79.49327850341797,118.68000030517578,10.846964836120605
2016-03-03,168.4261932373047,98.01463317871094,25.64514923095703,52.65180587768555,96.58381652832031,86.16043090820312,79.86891174316406,120.7300033569336,10.906145095825195
2016-03-04,168.97412109375,98.0517578125,26.155181884765625,52.65840530395508,95.9644546508789,85.86923217773438,79.8550033569336,120.54000091552734,11.117504119873047
2016-03-07,169.10902404785156,97.44862365722656,26.115337371826172,52.79686737060547,95.9345932006836,85.69615173339844,79.9454345703125,121.13999938964844,11.320408821105957
2016-03-08,167.26272583007812,96.64132690429688,25.669055938720703,52.256248474121094,96.99419403076172,86.19189453125,80.36970520019531,120.58000183105469,11.168230056762695
2016-03-09,168.08895874023438,97.26303100585938,25.828441619873047,52.54632568359375,96.40472412109375,85.85350799560547,80.27932739257812,119.58000183105469,11.33731746673584
2016-03-10,168.22381591796875,97.11459350585938,25.868289947509766,52.35513687133789,96.00923156738281,85.54666137695312,80.61319732666016,121.5,11.320408821105957
2016-03-11,170.93844604492188,98.81262969970703,26.410200119018555,53.52867889404297,95.03910064697266,85.30269622802734,80.84273529052734,119.41000366210938,11.362680435180664
2016-03-14,170.7193145751953,98.97966003417969,26.25081443786621,53.53527069091797,95.3376235961914,85.36559295654297,81.07925415039062,117.87000274658203,11.26122760772705
2016-03-15,170.44105529785156,98.94254302978516,25.876258850097656,53.56166076660156,95.42716217041016,85.34989929199219,81.05142211914062,117.95999908447266,11.168230056762695
2016-03-16,171.42747497558594,99.82405853271484,26.394262313842773,54.2077751159668,95.71076202392578,85.79843139648438,81.44097900390625,120.58999633789062,11.362680435180664
2016-03-17,172.51502990722656,99.76838684082031,26.97602081298828,54.97256088256836,96.10623168945312,85.89288330078125,81.6913833618164,120.12999725341797,11.489497184753418
2016-03-18,173.19288635253906,99.92474365234375,27.119462966918945,54.73519515991211,96.30768585205078,86.04237365722656,81.87918090820312,119.80000305175781,11.48104190826416
2016-03-21,173.4386749267578,100.31560516357422,27.175249099731445,54.24119567871094,95.56895446777344,85.79843139648438,81.7818374633789,118.95999908447266,11.514859199523926
2016-03-22,173.3453826904297,100.62272644042969,27.11149787902832,54.24119567871094,95.54656982421875,85.61743927001953,81.62882232666016,119.30999755859375,11.599403381347656
2016-03-23,172.20147705078125,99.79442596435547,26.649274826049805,53.94785690307617,96.62854766845703,86.01089477539062,82.03922271728516,116.61000061035156,11.354227066040039
2016-03-24,172.12515258789062,99.8223648071289,26.585525512695312,53.96786117553711,96.66588592529297,85.92437744140625,82.00440979003906,116.33000183105469,11.286591529846191
2016-03-28,172.22691345214844,99.68277740478516,26.673189163208008,54.454532623291016,96.79277801513672,86.05023193359375,82.0531005859375,116.5999984741211,11.320408821105957
2016-03-29,173.8199920654297,101.28349304199219,27.039775848388672,55.63454055786133,97.80764770507812,86.63259887695312,82.42176055908203,118.76000213623047,11.29504680633545
2016-03-30,174.5826416015625,101.7767562866211,27.318696975708008,55.52789306640625,96.77784729003906,86.51454162597656,82.32437133789062,117.0999984741211,11.252774238586426
2016-03-31,174.15896606445312,101.62782287597656,27.29479217529297,55.867889404296875,97.46434020996094,86.82929992675781,82.65130615234375,117.63999938964844,11.23586654663086
2016-04-01,175.3453369140625,102.70738983154297,27.215103149414062,55.794559478759766,97.71858978271484,86.80413818359375,82.91779327392578,116.93000030517578,11.04141616821289
2016-04-04,174.77755737304688,102.3165054321289,26.888357162475586,55.71455383300781,97.77840423583984,86.90653991699219,82.92475128173828,116.1500015258789,10.889235496520996
2016-04-05,173.03187561035156,101.33001708984375,26.362384796142578,55.347877502441406,98.84776306152344,87.25326538085938,83.18986511230469,117.66000366210938,10.863873481750488
2016-04-06,174.921630859375,102.9958724975586,26.681161880493164,55.481239318847656,98.12983703613281,87.06419372558594,83.12007141113281,116.94000244140625,10.982234001159668
2016-04-07,172.82852172851562,101.5161361694336,26.147214889526367,55.134552001953125,99.34129333496094,87.51336669921875,83.34326171875,118.61000061035156,10.948416709899902
2016-04-08,173.2945556640625,101.44170379638672,26.60146713256836,55.441226959228516,98.713134765625,87.37945556640625,83.15495300292969,118.43000030517578,11.210502624511719
2016-04-11,172.88787841796875,101.0694580078125,26.94414520263672,55.3278923034668,98.58600616455078,87.36367797851562,83.14794921875,120.02999877929688,11.29504680633545
2016-04-12,174.49786376953125,101.91633605957031,27.35854721069336,55.7278938293457,97.90552520751953,87.01690673828125,82.82011413574219,120.05000305175781,11.540224075317383
2016-04-13,176.26051330566406,103.21926879882812,27.844667434692383,55.481239318847656,98.24948120117188,87.07989501953125,83.10615539550781,118.7699966430664,11.599403381347656
2016-04-14,176.2689971923828,103.22857666015625,27.709199905395508,55.17454528808594,97.77840423583984,86.875,83.05030822753906,117.11000061035156,11.5064058303833
2016-04-15,176.0740966796875,102.96797180175781,27.54981231689453,55.5878791809082,98.61593627929688,87.13510131835938,83.39906311035156,117.91999816894531,11.464134216308594
2016-04-18,177.31137084960938,103.51705169677734,27.677316665649414,55.85456848144531,98.18973541259766,87.04839324951172,83.48978424072266,117.73999786376953,11.514859199523926
2016-04-19,177.8705596923828,102.88420867919922,28.099689483642578,55.88124084472656,97.88310241699219,86.90653991699219,83.64323425292969,119.58000183105469,11.760037422180176
2016-04-20,178.04006958007812,102.96797180175781,27.972179412841797,54.93454360961914,96.8062973022461,86.46517181396484,83.4130859375,118.97000122070312,11.988304138183594
2016-04-21,177.0824737548828,102.97728729248047,27.693252563476562,53.95454025268555,96.23052215576172,86.32331085205078,83.3781509399414,119.41999816894531,11.937579154968262
2016-04-22,177.0824737548828,101.423095703125,27.525903701782227,54.54119110107422,95.98375701904297,86.2287368774414,83.46885681152344,117.88999938964844,11.88685417175293
2016-04-25,176.7774658203125,101.423095703125,27.3505802154541,54.99454116821289,95.58748626708984,86.13417053222656,83.27349090576172,118.2300033569336,11.878398895263672
2016-04-26,177.04013061523438,100.9298324584961,27.64543914794922,55.2078857421875,95.15377044677734,85.95292663574219,83.2386245727539,118.69999694824219,12.030576705932617
2016-04-27,177.40452575683594,100.12015533447266,27.81279754638672,55.17454528808594,96.10343170166016,86.42579650878906,83.7687759399414,119.04000091552734,12.140483856201172
2016-04-28,175.79444885253906,98.91031646728516,27.525903701782227,55.061195373535156,96.49972534179688,86.72527313232422,83.84552001953125,121.29000091552734,12.208117485046387
2016-04-29,174.84536743164062,98.38912963867188,27.406360626220703,54.554527282714844,96.74646759033203,86.69374084472656,83.93620300292969,123.6500015258789,12.3264799118042
2016-05-02,176.235107421875,99.31979370117188,27.334632873535156,55.40121841430664,95.7724380493164,86.44195556640625,83.82781982421875,123.23999786376953,12.157393455505371
2016-05-03,174.7012481689453,98.3984603881836,26.561616897583008,55.48788070678711,96.97872161865234,86.95496368408203,83.97466278076172,122.95999908447266,11.971395492553711
2016-05-04,173.7267608642578,97.76560974121094,26.131275177001953,56.28124237060547,97.51078796386719,87.11283874511719,83.83477020263672,122.20999908447266,11.979850769042969
2016-05-05,173.69287109375,97.7376708984375,26.12330436706543,56.44125747680664,98.16263580322266,87.3496322631836,84.00265502929688,122.06999969482422,11.861488342285156
2016-05-06,174.3284912109375,98.25885009765625,26.16315460205078,57.06124496459961,97.74303436279297,87.14447021484375,83.82078552246094,123.18000030517578,11.937579154968262
2016-05-09,174.47250366210938,98.53805541992188,25.828441619873047,57.687950134277344,98.05020141601562,87.31021118164062,83.73686218261719,120.6500015258789,11.675494194030762
2016-05-10,176.64187622070312,99.88751220703125,26.322538375854492,57.681270599365234,98.05774688720703,87.29436492919922,83.87675476074219,120.9800033569336,11.962943077087402
2016-05-11,174.98941040039062,98.9847640991211,26.258779525756836,56.447906494140625,98.6121826171875,87.42858123779297,83.9676513671875,122.12000274658203,12.241934776306152
2016-05-12,175.0402374267578,98.54733276367188,26.187063217163086,56.77459716796875,98.16263580322266,87.19175720214844,83.7928466796875,121.16000366210938,12.258845329284668
2016-05-13,173.514892578125,98.18438720703125,25.716875076293945,56.26790237426758,99.11418914794922,87.5232925415039,83.94669342041016,121.70999908447266,12.241934776306152
2016-05-16,175.22669982910156,99.41283416748047,26.027679443359375,56.80125045776367,98.26005554199219,87.20755767822266,83.66692352294922,121.80000305175781,12.377206802368164
2016-05-17,173.5912322998047,98.1657943725586,25.908132553100586,55.7479133605957,98.42484283447266,87.08916473388672,83.63896942138672,122.22000122070312,12.470205307006836
2016-05-18,173.64202880859375,98.51940155029297,25.653114318847656,54.87453842163086,97.02374267578125,86.38674926757812,82.9255142211914,120.0999984741211,12.377206802368164
2016-05-19,173.04037475585938,98.00758361816406,25.41404151916504,54.261199951171875,97.44330596923828,86.47354888916016,83.12138366699219,119.87000274658203,12.343390464782715
2016-05-20,174.13352966308594,99.0871353149414,25.669055938720703,54.694541931152344,97.51824188232422,86.5287857055664,83.1773452758789,119.70999908447266,12.39411449432373
2016-05-23,173.89627075195312,98.95686340332031,25.621246337890625,54.70119857788086,97.7354965209961,86.58397674560547,83.1773452758789,119.37000274658203,12.3264799118042
2016-05-24,176.1503448486328,100.93915557861328,25.88422966003418,55.38121795654297,97.30097961425781,86.44195556640625,83.03743743896484,117.30000305175781,12.3264799118042
2016-05-25,177.34518432617188,101.66505432128906,26.195030212402344,55.38121795654297,96.93377685546875,86.40248107910156,83.18429565429688,116.9800033569336,12.470205307006836
2016-05-26,177.3960418701172,101.96288299560547,26.37035369873047,55.48788070678711,97.43583679199219,86.67083740234375,83.42214965820312,116.58000183105469,12.461750984191895
2016-05-27,178.15875244140625,102.49333953857422,26.362384796142578,55.78789138793945,97.29351043701172,86.50508117675781,83.35913848876953,115.62000274658203,12.512475967407227
2016-05-31,177.81973266601562,102.68876647949219,26.394262313842773,55.78123092651367,97.52574920654297,86.60773468017578,83.50605773925781,116.05999755859375,12.436387062072754
2016-06-01,178.18414306640625,102.69808197021484,26.378324508666992,55.827903747558594,97.92144012451172,86.57844543457031,83.56499481201172,115.94000244140625,12.563202857971191
2016-06-02,178.72647094726562,102.9121322631836,26.593496322631836,56.11458206176758,98.62716674804688,86.84724426269531,83.7332992553711,115.66999816894531,12.588566780090332
2016-06-03,178.1925506591797,102.42819213867188,26.999923706054688,56.34124755859375,100.0312271118164,87.65347290039062,84.40663146972656,118.87999725341797,12.673110008239746
2016-06-06,179.099365234375,102.80044555664062,27.286827087402344,55.90791702270508,99.28791809082031,87.42425537109375,84.20323944091797,118.91999816894531,12.825288772583008
2016-06-07,179.37893676757812,102.53987121582031,27.533872604370117,56.24791717529297,99.52816009521484,87.55068969726562,84.32947540283203,118.81999969482422,12.952103614807129
2016-06-08,179.9636993408203,102.71673583984375,27.73310089111328,56.607913970947266,100.06119537353516,87.65347290039062,84.61006164550781,120.58000183105469,13.171917915344238
2016-06-09,179.7179412841797,102.54918670654297,27.41432762145996,56.73457336425781,100.70691680908203,87.78787231445312,84.72930145263672,121.25,13.146554946899414
2016-06-10,178.01463317871094,101.38587951660156,26.721004486083984,56.46791076660156,101.19497680664062,88.09614562988281,84.8274917602539,121.73999786376953,12.985921859741211
2016-06-13,176.64187622070312,100.5389633178711,26.34644889831543,56.48125457763672,101.64547729492188,88.27003479003906,84.70122528076172,122.63999938964844,12.985921859741211
2016-06-14,176.29441833496094,100.5389633178711,26.258779525756836,56.33457946777344,101.57038879394531,88.24635314941406,84.5118637084961,122.7699966430664,12.90137767791748
2016-06-15,176.04864501953125,100.25045776367188,26.537708282470703,56.867923736572266,101.96082305908203,88.51509857177734,84.8274917602539,123.68000030517578,12.83374309539795
2016-06-16,176.57406616210938,100.54827880859375,26.442081451416016,57.18793869018555,102.45634460449219,88.60993957519531,84.95372772216797,122.37999725341797,12.613929748535156
2016-06-17,175.9164581298828,99.36970520019531,26.513805389404297,57.0946044921875,101.81813049316406,88.3095474243164,84.70122528076172,123.94999694824219,12.909832000732422
2016-06-20,177.04945373535156,99.99491882324219,26.983983993530273,57.17457580566406,100.72946166992188,87.93014526367188,84.5960464477539,123.20999908447266,13.028192520141602
2016-06-21,177.5519561767578,100.31218719482422,27.19118881225586,57.392555236816406,100.26396179199219,87.7325210571289,84.51886749267578,120.83999633789062,12.926741600036621
2016-06-22,177.26234436035156,100.06954956054688,27.260265350341797,57.30508041381836,100.42913055419922,87.90644836425781,84.67315673828125,120.9000015258789,12.850650787353516
2016-06-23,179.57073974609375,101.49725341796875,27.918880462646484,57.594337463378906,99.28040313720703,87.48748779296875,84.58903503417969,120.11000061035156,12.952103614807129
2016-06-24,173.12254333496094,97.31682586669922,26.224153518676758,57.083106994628906,101.94579315185547,88.69688415527344,84.98877716064453,126.0,12.690019607543945
2016-06-27,170.02191162109375,95.38520050048828,25.886812210083008,57.12346649169922,104.49105834960938,89.463623046875,85.34654235839844,126.68000030517578,12.664653778076172
2016-06-28,173.08840942382812,97.47542572021484,26.64984130859375,58.327552795410156,104.70882415771484,89.44779968261719,85.81645202636719,125.31999969482422,12.867560386657715
2016-06-29,176.0356903076172,99.20174407958984,27.324520111083984,59.03386688232422,103.90545654296875,89.08415985107422,85.78841400146484,125.83999633789062,13.053556442260742
2016-06-30,178.4378662109375,100.3495101928711,27.597604751586914,59.64599609375,104.28834533691406,89.28179168701172,86.09001922607422,126.47000122070312,12.97746753692627
2016-07-01,178.8126678466797,100.85338592529297,27.86265754699707,59.66618347167969,105.736328125,89.5177230834961,86.54083251953125,128.41000366210938,13.138100624084473
2016-07-05,177.52639770507812,100.23753356933594,27.268295288085938,60.325401306152344,107.06015014648438,90.00846862792969,86.83621215820312,129.47000122070312,12.766109466552734
2016-07-06,178.5911865234375,101.0587158203125,27.19600486755371,60.063053131103516,107.23318481445312,90.0243148803711,86.99095153808594,130.22999572753906,12.81683349609375
2016-07-07,178.48045349121094,101.3572998046875,27.123722076416016,59.4442138671875,107.22566223144531,89.90555572509766,87.00501251220703,129.74000549316406,12.453295707702637
2016-07-08,181.13807678222656,102.92496490478516,27.710050582885742,60.40610885620117,108.01547241210938,90.07971954345703,87.49031066894531,130.52000427246094,12.580110549926758
2016-07-11,181.7769317626953,103.5128402709961,27.9751033782959,60.80972671508789,107.06769561767578,89.60480499267578,87.26527404785156,129.2899932861328,12.529385566711426
2016-07-12,183.09719848632812,104.035400390625,28.36866569519043,60.8029899597168,105.30758666992188,89.07443237304688,86.77291107177734,127.1500015258789,12.766109466552734
2016-07-13,183.07168579101562,103.783447265625,28.320472717285156,61.139347076416016,106.54869842529297,89.30397033691406,87.11051940917969,128.32000732421875,12.605473518371582
2016-07-14,184.09388732910156,104.49260711669922,28.730098724365234,60.5944938659668,104.99922180175781,88.93197631835938,86.89950561523438,127.33000183105469,12.656200408935547
2016-07-15,183.84681701660156,104.32467651367188,28.665847778320312,60.61465072631836,104.09654235839844,88.59161376953125,86.5689697265625,126.83999633789062,12.622383117675781
2016-07-18,184.34088134765625,105.01520538330078,28.92286491394043,60.77610778808594,103.99876403808594,88.56784057617188,86.5689697265625,127.04000091552734,12.563202857971191
2016-07-19,184.1535186767578,104.6325912475586,28.625686645507812,61.072086334228516,104.58544921875,88.80529022216797,86.72369384765625,127.20999908447266,12.487112998962402
2016-07-20,184.92015075683594,105.85501861572266,28.770267486572266,61.07878494262695,104.01376342773438,88.62320709228516,86.69558715820312,125.38999938964844,12.402569770812988
2016-07-21,184.22164916992188,105.6124038696289,28.681909561157227,61.19986343383789,104.2243881225586,88.82112121582031,86.79399108886719,127.30000305175781,12.334935188293457
2016-07-22,185.0478515625,106.0510025024414,28.89073371887207,61.73801803588867,104.40498352050781,88.7498779296875,86.74476623535156,126.3499984741211,12.30957317352295
2016-07-25,184.5453643798828,106.060302734375,28.601593017578125,61.6236572265625,104.3297119140625,88.67866516113281,86.69558715820312,125.47000122070312,12.174301147460938
2016-07-26,184.63047790527344,106.18162536621094,28.82648468017578,61.320953369140625,104.4952163696289,88.73408508300781,86.61112213134766,126.0,12.123575210571289
2016-07-27,184.43458557128906,106.91880798339844,28.92286491394043,60.84334945678711,105.79645538330078,89.11405181884766,86.96983337402344,128.02999877929688,12.00521469116211
2016-07-28,184.64759826660156,107.29206085205078,28.930898666381836,61.40840530395508,105.60091400146484,89.16151428222656,86.88543701171875,127.66000366210938,11.971395492553711
2016-07-29,184.9456787109375,107.52533721923828,29.08350372314453,62.188682556152344,106.4809799194336,89.50191497802734,87.20195770263672,128.97999572753906,12.07284927368164
2016-08-01,184.7923583984375,108.09453582763672,29.027286529541016,62.3232421875,105.3265380859375,89.1911392211914,86.71043395996094,129.22000122070312,11.861488342285156
2016-08-02,183.60833740234375,107.27339172363281,28.818452835083008,61.32768630981445,104.24138641357422,88.97711181640625,86.22391510009766,130.27000427246094,11.84458065032959
2016-08-03,184.14500427246094,107.62799072265625,28.914840698242188,60.971160888671875,104.30166625976562,89.02470397949219,86.33673858642578,129.64999389648438,12.039031982421875
2016-08-04,184.34088134765625,107.9358901977539,29.07547378540039,60.7222785949707,105.08541107177734,89.23873901367188,86.70340728759766,129.8699951171875,12.089756965637207
2016-08-05,185.84866333007812,108.9717025756836,29.41281509399414,60.762638092041016,103.99269104003906,88.68380737304688,86.35086059570312,127.55000305175781,12.140483856201172
2016-08-08,185.73789978027344,108.85037231445312,29.62164878845215,60.87026596069336,104.18862915039062,88.63626861572266,86.4072494506836,127.44000244140625,12.208117485046387
2016-08-09,185.84866333007812,109.10234832763672,29.82244300842285,61.19986343383789,105.21348571777344,88.9533462524414,86.9149398803711,127.95999908447266,12.174301147460938
2016-08-10,185.3886260986328,108.8224105834961,29.83047866821289,61.13262176513672,105.62036895751953,89.1911392211914,87.16170501708984,128.55999755859375,12.030576705932617
2016-08-11,186.24893188476562,109.28897857666016,30.216005325317383,60.43976974487305,104.678466796875,88.76313781738281,86.87263488769531,127.66999816894531,12.216573715209961
2016-08-12,186.08712768554688,109.36360168457031,30.10355567932129,60.69535827636719,105.56011962890625,89.08019256591797,87.26750183105469,127.4000015258789,12.30957317352295
2016-08-15,186.623779296875,109.83019256591797,30.41679573059082,60.63482666015625,104.56546020507812,88.81858825683594,86.99957275390625,127.83999633789062,12.512475967407227
2016-08-16,185.6612091064453,109.2236557006836,30.280261993408203,59.90833282470703,104.28663635253906,88.66799926757812,86.84444427490234,128.47000122070312,12.613929748535156
2016-08-17,186.0104522705078,109.41960144042969,30.08749008178711,60.15050506591797,104.91207885742188,88.81063842773438,87.08415222167969,128.5,12.664653778076172
2016-08-18,186.42784118652344,109.4476089477539,30.368610382080078,59.92851638793945,105.07782745361328,88.96920776367188,87.29573059082031,129.11000061035156,12.825288772583008
2016-08-19,186.15521240234375,109.41960144042969,30.199935913085938,59.54509735107422,104.52777099609375,88.66799926757812,87.03482055664062,127.97000122070312,12.783016204833984
2016-08-22,186.14674377441406,109.50357818603516,29.798351287841797,59.86798858642578,105.409423828125,88.86617279052734,87.33097839355469,127.77999877929688,12.664653778076172
2016-08-23,186.52159118652344,109.69953155517578,29.67786407470703,59.90158462524414,105.52245330810547,88.85826873779297,87.4296875,127.76000213623047,12.71538257598877
2016-08-24,185.56747436523438,108.99032592773438,29.7581787109375,59.639278411865234,105.2738037109375,88.8265380859375,87.37328338623047,126.33999633789062,12.563202857971191
2016-08-25,185.43978881835938,108.81305694580078,29.782278060913086,59.90833282470703,104.87433624267578,88.68380737304688,87.28864288330078,126.2300033569336,12.613929748535156
2016-08-26,185.09046936035156,108.9717025756836,29.52524757385254,59.316383361816406,104.26398468017578,88.34300231933594,87.01368713378906,126.05000305175781,12.57165813446045
2016-08-29,186.001953125,109.12100982666016,29.75014877319336,59.90158462524414,105.65808868408203,88.70765686035156,87.50725555419922,126.30000305175781,12.520931243896484
2016-08-30,185.69525146484375,108.76641845703125,29.66982650756836,59.787261962890625,105.25117492675781,88.69971466064453,87.3944091796875,125.02999877929688,12.402569770812988
2016-08-31,185.16712951660156,108.65440368652344,29.340526580810547,59.847808837890625,105.40190124511719,88.5966567993164,87.35918426513672,124.77999877929688,12.165846824645996
2016-09-01,185.1757049560547,108.93437957763672,29.5654239654541,59.6998176574707,105.51815032958984,88.73552703857422,87.35918426513672,125.29000091552734,12.030576705932617
2016-09-02,186.0104522705078,109.28897857666016,30.047334671020508,60.2177619934082,104.65750885009766,88.5053939819336,87.20362854003906,126.56999969482422,12.165846824645996
2016-09-06,186.57266235351562,109.97015380859375,30.689884185791016,60.68193054199219,105.4199447631836,88.91809844970703,87.50763702392578,128.7100067138672,12.250391006469727
2016-09-07,186.5555877685547,110.03545379638672,30.5935001373291,61.04515838623047,105.34452056884766,88.96575927734375,87.387451171875,128.27000427246094,12.360296249389648
2016-09-08,186.1297149658203,109.39161682128906,30.513181686401367,60.29849624633789,104.02326965332031,88.52918243408203,86.77239227294922,127.58999633789062,12.580110549926758
2016-09-09,181.67474365234375,106.63886260986328,29.48509979248047,57.91049575805664,102.30967712402344,88.10848999023438,86.12200164794922,126.75,12.385660171508789
2016-09-12,184.2813262939453,108.55177307128906,29.685894012451172,58.59662628173828,102.36247253417969,88.1878433227539,86.12907409667969,126.58999633789062,12.385660171508789
2016-09-13,181.63209533691406,107.58130645751953,28.938932418823242,57.12548828125,101.19989776611328,87.8624267578125,85.84625244140625,125.75,12.225028038024902
2016-09-14,181.56398010253906,108.09453582763672,29.027286529541016,57.308349609375,101.35090637207031,88.06082916259766,85.90280151367188,126.18000030517578,12.13202953338623
2016-09-15,183.37835693359375,109.7741928100586,29.52524757385254,57.525115966796875,100.9129867553711,88.08466339111328,85.95938110351562,125.37000274658203,12.191211700439453
2016-09-16,182.66946411132812,109.72181701660156,29.3244571685791,57.552207946777344,101.72831726074219,88.17994689941406,86.05838012695312,125.05999755859375,12.208117485046387
2016-09-19,182.7037353515625,109.24472045898438,29.557384490966797,58.07374572753906,101.39616394042969,88.02909851074219,86.0301284790039,125.31999969482422,12.199665069580078
2016-09-20,182.7123565673828,109.4505386352539,29.573448181152344,57.985679626464844,101.75098419189453,88.16400909423828,86.1431884765625,125.44000244140625,12.241934776306152
2016-09-21,184.76698303222656,110.52632141113281,30.400737762451172,58.73073959350586,102.57383728027344,88.30691528320312,86.5815200805664,127.2699966430664,12.39411449432373
2016-09-22,185.93125915527344,111.40564727783203,30.61759376525879,59.78059387207031,103.38921356201172,88.56883239746094,86.93496704101562,127.56999969482422,12.461750984191895
2016-09-23,184.91253662109375,110.69471740722656,30.224029541015625,59.96345901489258,103.29114532470703,88.6085205078125,86.8713607788086,127.6500015258789,12.318025588989258
2016-09-26,183.41436767578125,109.76856994628906,29.782278060913086,60.105712890625,103.9478530883789,88.86253356933594,87.00569152832031,127.55000305175781,12.402569770812988
2016-09-27,184.5529327392578,110.85372924804688,30.207975387573242,59.469017028808594,104.71031188964844,89.01338195800781,87.21775817871094,126.62000274658203,12.284207344055176
2016-09-28,185.46896362304688,111.04080963134766,30.48105812072754,59.956695556640625,104.48384857177734,88.97367858886719,87.27434539794922,126.22000122070312,12.57165813446045
2016-09-29,183.7909393310547,110.2363052368164,29.950946807861328,59.15746307373047,104.74807739257812,89.02924346923828,87.23900604248047,126.06999969482422,12.647747039794922
2016-09-30,185.17794799804688,111.05953216552734,30.079456329345703,58.75106430053711,103.81195068359375,88.80696105957031,87.08348846435547,125.63999938964844,12.690019607543945
2016-10-03,184.73272705078125,110.90049743652344,30.288280487060547,57.65379333496094,103.4693832397461,88.6003189086914,86.83682250976562,125.31999969482422,12.799925804138184
2016-10-04,183.7909393310547,110.73210144042969,29.950946807861328,56.86809539794922,102.25932312011719,88.1949691772461,86.43278503417969,120.97000122070312,12.766109466552734
2016-10-05,184.6043243408203,111.1249771118164,30.384675979614258,55.71664810180664,101.78282928466797,87.99630737304688,86.34063720703125,120.77999877929688,12.84219741821289
2016-10-06,184.73272705078125,111.06888580322266,30.408763885498047,55.73696517944336,101.2155990600586,87.81343841552734,86.34771728515625,119.66000366210938,12.867560386657715
2016-10-07,184.09918212890625,110.82565307617188,30.2722225189209,55.64214324951172,101.28369140625,87.94062042236328,86.55328369140625,119.73999786376953,12.83374309539795
2016-10-10,185.0579833984375,111.52725982666016,30.601531982421875,55.987579345703125,100.68617248535156,87.71009063720703,86.55328369140625,120.16000366210938,12.97746753692627
2016-10-11,182.72084045410156,109.93697357177734,29.894723892211914,55.44572830200195,100.45931243896484,87.686279296875,86.2839126586914,119.55000305175781,12.90137767791748
2016-10-12,182.96055603027344,109.84342193603516,29.8385066986084,56.082401275634766,100.55764770507812,87.686279296875,86.39732360839844,119.73999786376953,12.808379173278809
2016-10-13,182.3612518310547,109.4505386352539,29.573448181152344,56.52265548706055,100.93579864501953,87.86911010742188,86.60997772216797,120.02999877929688,12.892922401428223
2016-10-14,182.45545959472656,109.58146667480469,29.62164878845215,56.27204895019531,99.52149200439453,87.59883880615234,86.20594787597656,119.36000061035156,12.90137767791748
2016-10-17,181.8219451904297,109.28218078613281,29.589509963989258,56.393978118896484,100.15680694580078,87.78960418701172,86.48947143554688,119.68000030517578,12.91828727722168
2016-10-18,182.96055603027344,110.25502014160156,30.111589431762695,56.75295639038086,100.48198699951172,87.9644546508789,86.70211791992188,120.41999816894531,12.943650245666504
2016-10-19,183.4485321044922,110.24568176269531,30.29632568359375,56.874839782714844,100.56515502929688,88.00423431396484,86.81550598144531,121.11000061035156,13.028192520141602
2016-10-20,183.1061248779297,110.11468505859375,30.207975387573242,56.74617385864258,100.67105102539062,87.92472076416016,86.78717803955078,120.73999786376953,12.909832000732422
2016-10-21,183.19175720214844,110.52632141113281,30.199935913085938,56.536224365234375,100.82228088378906,88.02010345458984,86.83682250976562,120.83000183105469,12.96055793762207
2016-10-24,183.9707489013672,111.85467529296875,30.328445434570312,56.664913177490234,100.38365936279297,87.90089416503906,86.58869934082031,120.55999755859375,12.969012260437012
2016-10-25,183.3543701171875,111.49920654296875,30.360576629638672,56.563297271728516,100.64838409423828,87.88496398925781,86.52488708496094,121.47000122070312,12.909832000732422
2016-10-26,182.98629760742188,110.74146270751953,30.039302825927734,55.82502365112305,99.96768951416016,87.69422149658203,86.16338348388672,120.79000091552734,12.825288772583008
2016-10-27,182.49826049804688,110.2363052368164,29.782278060913086,54.36200714111328,98.87862396240234,87.39215850830078,85.77359771728516,121.01000213623047,12.90137767791748
2016-10-28,181.9588623046875,109.54405975341797,29.661802291870117,54.49069595336914,98.65931701660156,87.4081039428711,85.67436981201172,121.58000183105469,12.81683349609375
2016-10-31,181.96746826171875,109.44115447998047,29.83047866821289,55.37800216674805,99.2643814086914,87.4796142578125,85.75232696533203,121.94000244140625,12.647747039794922
2016-11-01,180.64903259277344,108.61795043945312,29.589509963989258,54.1723518371582,99.27188110351562,87.48279571533203,85.64427947998047,122.7300033569336,12.706928253173828
2016-11-02,179.56182861328125,107.74794006347656,29.236108779907227,53.379878997802734,99.70384216308594,87.7455062866211,85.77225494384766,123.63999938964844,12.554749488830566
2016-11-03,178.73989868164062,106.69088745117188,29.155790328979492,52.96669006347656,98.93852996826172,87.68976593017578,85.60162353515625,124.30000305175781,12.512475967407227
2016-11-04,178.54299926757812,106.31669616699219,28.858612060546875,53.38665771484375,99.8250503540039,87.96041107177734,85.85747528076172,124.38999938964844,12.427932739257812
2016-11-07,182.48109436035156,108.84243774414062,29.90276527404785,54.32136917114258,98.97642517089844,87.59427642822266,85.8006362915039,122.1500015258789,12.478658676147461
2016-11-08,183.30299377441406,109.55342864990234,30.09552574157715,54.60584259033203,98.57479858398438,87.2837905883789,85.6087646484375,121.63999938964844,12.461750984191895
2016-11-09,185.24644470214844,110.05858612060547,29.115636825561523,53.77950668334961,94.39204406738281,85.9545669555664,84.35084533691406,121.55999755859375,12.520931243896484
2016-11-10,185.70870971679688,108.28118133544922,28.288345336914062,52.87866973876953,92.99784088134766,85.437255859375,84.27976989746094,119.75,12.419478416442871
2016-11-11,185.28062438964844,108.32794189453125,27.750211715698242,53.196998596191406,92.47496795654297,85.26207733154297,83.91730499267578,117.0999984741211,12.182756423950195
2016-11-14,185.42623901367188,107.23342895507812,27.549409866333008,54.45684051513672,91.92179870605469,84.76859283447266,83.48381042480469,116.11000061035156,12.157393455505371
2016-11-15,186.87301635742188,108.7208480834961,28.103614807128906,54.00300979614258,92.37646484375,84.76859283447266,83.7396240234375,117.12000274658203,12.427932739257812
2016-11-16,186.5220947265625,109.36631774902344,27.870685577392578,53.84724426269531,93.20999908447266,84.84818267822266,83.8604507446289,116.7699966430664,12.27575397491455
2016-11-17,187.48085021972656,110.1614761352539,27.910846710205078,53.29861068725586,91.83845520019531,84.4740982055664,83.32747650146484,116.16999816894531,12.301116943359375
2016-11-18,187.06138610839844,109.7498779296875,27.782337188720703,53.45439147949219,91.5732192993164,84.10005187988281,82.85836791992188,115.1500015258789,12.402569770812988
2016-11-21,188.4739227294922,110.8911361694336,28.055416107177734,53.29182815551758,91.80055236816406,84.17167663574219,82.94369506835938,115.58000183105469,12.749198913574219
2016-11-22,188.84207153320312,111.22792053222656,28.48111343383789,54.226524353027344,91.770263671875,84.251220703125,83.15685272216797,115.54000091552734,12.732288360595703
2016-11-23,188.94480895996094,110.77890014648438,28.175901412963867,53.99623107910156,91.41411590576172,83.94876098632812,82.85128021240234,113.25,12.783016204833984
2016-11-25,189.64682006835938,111.13434600830078,28.312440872192383,54.30781555175781,91.55052185058594,83.87715911865234,82.85836791992188,112.61000061035156,12.690019607543945
2016-11-28,188.7564697265625,110.88177490234375,28.424882888793945,54.55841827392578,92.22492218017578,84.25917053222656,83.2350845336914,113.80000305175781,12.732288360595703
2016-11-29,189.12454223632812,111.26532745361328,28.465049743652344,55.079952239990234,92.61136627197266,84.34677124023438,83.34879302978516,113.2699966430664,12.478658676147461
2016-11-30,188.6708221435547,109.91826629638672,28.51323699951172,54.45005798339844,91.11102294921875,83.78164672851562,83.03611755371094,111.75,12.859106063842773
2016-12-01,187.9774169921875,108.01923370361328,28.175901412963867,53.65081024169922,90.14906311035156,83.46202087402344,82.57073211669922,111.54000091552734,13.09582805633545
2016-12-02,188.07156372070312,108.23440551757812,28.208026885986328,54.185890197753906,90.80961608886719,83.83662414550781,82.94841766357422,112.13999938964844,13.188826560974121
2016-12-05,189.20166015625,109.07633209228516,28.440956115722656,54.58550262451172,90.71089935302734,83.80477905273438,83.1265869140625,111.54000091552734,13.256462097167969
2016-12-06,189.80093383789062,109.33822631835938,28.59355926513672,54.93772506713867,90.64254760742188,83.83662414550781,83.11944580078125,111.43000030517578,13.197280883789062
2016-12-07,192.28366088867188,110.72274780273438,29.07547378540039,56.03498458862305,91.4170150756836,84.11560821533203,83.46863555908203,111.83000183105469,13.09582805633545
2016-12-08,192.7545166015625,110.91918182373047,29.2039852142334,56.42106628417969,90.33883666992188,83.79673767089844,83.1265869140625,111.56999969482422,13.12119197845459
2016-12-09,193.91885375976562,111.78917694091797,29.05137825012207,56.360111236572266,89.21512603759766,83.36637115478516,82.805908203125,110.4000015258789,13.188826560974121
2016-12-12,193.6962127685547,111.28404235839844,28.858612060546875,56.732643127441406,89.38214874267578,83.38231658935547,82.72750854492188,110.81999969482422,13.273369789123535
2016-12-13,194.9889678955078,112.68724822998047,29.179893493652344,56.70555114746094,89.70104217529297,83.43013000488281,82.91281127929688,110.44999694824219,13.3071870803833
2016-12-14,193.3795623779297,112.4533920288086,28.312440872192383,55.466033935546875,88.69879913330078,82.73664855957031,82.38544464111328,108.83000183105469,13.18037223815918
2016-12-15,194.17564392089844,112.6311264038086,28.360631942749023,55.14092254638672,89.14673614501953,82.50557708740234,82.44246673583984,107.33999633789062,13.163463592529297
2016-12-16,193.7959442138672,112.213623046875,28.232126235961914,55.96726989746094,88.9417724609375,82.6091537475586,82.37831115722656,108.05000305175781,13.222644805908203
2016-12-19,194.2178497314453,112.67334747314453,28.039358139038086,56.57006072998047,89.89842224121094,82.99175262451172,82.77739715576172,108.58999633789062,13.146554946899414
2016-12-20,194.9670867919922,113.10494232177734,28.135738372802734,56.698768615722656,89.45050048828125,82.8163833618164,82.72750854492188,107.79000091552734,13.205735206604004
2016-12-21,194.42454528808594,113.02050018310547,28.018756866455078,55.83857727050781,89.84529113769531,82.95187377929688,82.99117279052734,107.8499984741211,13.129644393920898
2016-12-22,194.0887451171875,112.70149993896484,27.685688018798828,55.745201110839844,89.68464660644531,82.91595458984375,82.99689483642578,107.58999633789062,13.112737655639648
2016-12-23,194.3728790283203,112.77657318115234,27.848159790039062,55.89041519165039,89.86738586425781,82.99578857421875,83.12548065185547,107.93000030517578,13.138100624084473
2016-12-27,194.85516357421875,113.35828399658203,27.970016479492188,56.007991790771484,89.57811737060547,82.87602996826172,82.97549438476562,108.55999755859375,13.341005325317383
2016-12-28,193.2447509765625,112.47631072998047,28.18123435974121,55.66913986206055,90.23279571533203,83.179443359375,83.28271484375,108.86000061035156,13.34946060180664
2016-12-29,193.20175170898438,112.31680297851562,28.644287109375,56.36066436767578,90.55255889892578,83.43487548828125,83.60428619384766,110.29000091552734,13.366368293762207
2016-12-30,192.49557495117188,111.16278839111328,28.441194534301758,57.07295608520508,90.68953704833984,83.6823959350586,83.73290252685547,109.61000061035156,13.391731262207031
2017-01-03,193.9681396484375,112.1573257446289,28.782392501831055,57.25968551635742,91.07781219482422,83.64242553710938,83.80435943603516,110.47000122070312,13.231099128723145
2017-01-04,195.1220703125,112.76715850830078,29.00173568725586,58.09645462036133,91.42794799804688,83.73823547363281,84.09019470214844,110.86000061035156,13.332551956176758
2017-01-05,194.9670867919922,113.40516662597656,29.318552017211914,58.28316879272461,92.85917663574219,84.2811050415039,84.54031372070312,112.58000183105469,13.400185585021973
2017-01-06,195.66461181640625,114.39971160888672,29.196699142456055,58.29009246826172,92.0065689086914,83.89789581298828,84.0972900390625,111.75,13.38327693939209
2017-01-09,195.01878356933594,114.7750244140625,29.172334671020508,57.76449966430664,92.7449951171875,84.21722412109375,84.26168823242188,112.66999816894531,13.18037223815918
2017-01-10,195.01878356933594,115.02833557128906,29.342931747436523,57.27350997924805,92.68408203125,84.17735290527344,84.21166229248047,113.1500015258789,13.12119197845459
2017-01-11,195.56988525390625,115.33795166015625,29.69225311279297,56.920814514160156,92.9961929321289,84.27315521240234,84.34029388427734,113.5,13.264915466308594
2017-01-12,195.0790557861328,115.1596908569336,29.822229385375977,57.211273193359375,92.79065704345703,84.32103729248047,84.33311462402344,113.91000366210938,13.459365844726562
2017-01-13,195.52684020996094,115.55377960205078,29.797855377197266,57.128299713134766,92.34907531738281,84.13739776611328,84.1616439819336,114.20999908447266,13.434003829956055
2017-01-17,194.83790588378906,115.20659637451172,29.781606674194336,57.57087326049805,93.31592559814453,84.56050872802734,84.52606201171875,115.8499984741211,13.425548553466797
2017-01-18,195.2685089111328,115.44115447998047,29.619131088256836,57.667701721191406,92.12075805664062,83.96178436279297,83.96871185302734,114.87000274658203,13.3071870803833
2017-01-19,194.54515075683594,115.38488006591797,29.529781341552734,57.07988739013672,91.48889923095703,83.64242553710938,83.68289947509766,114.7699966430664,13.264915466308594
2017-01-20,195.25990295410156,115.63821411132812,29.58663558959961,57.494789123535156,91.30619049072266,83.6823959350586,83.83294677734375,115.05000305175781,13.417095184326172
2017-01-23,194.75180053710938,115.73201751708984,30.025318145751953,57.97889709472656,92.21971130371094,84.12149810791016,84.21880340576172,115.79000091552734,13.417095184326172
2017-01-24,196.00050354003906,116.5107650756836,30.21217155456543,57.992713928222656,91.5878677368164,83.8021469116211,83.96871185302734,115.2699966430664,13.450913429260254
2017-01-25,197.6969757080078,117.68355560302734,30.545238494873047,57.61237335205078,90.4383544921875,83.38697814941406,83.64713287353516,114.31999969482422,13.366368293762207
2017-01-26,197.4903106689453,117.8055191040039,30.415266036987305,57.50173568725586,90.74284362792969,83.498779296875,83.74720764160156,113.26000213623047,13.425548553466797
2017-01-27,197.1802215576172,118.03067779541016,30.439634323120117,56.94157409667969,91.07022094726562,83.60254669189453,83.84721374511719,113.48999786376953,13.315641403198242
2017-01-30,195.95745849609375,117.11124420166016,30.277162551879883,56.55432891845703,90.79611206054688,83.57856750488281,83.70430755615234,113.97000122070312,13.239551544189453
2017-01-31,195.940185546875,116.87666320800781,30.334028244018555,56.96229553222656,91.42794799804688,83.8659896850586,83.8543930053711,115.55000305175781,13.315641403198242
2017-02-01,196.01766967773438,117.68355560302734,30.350276947021484,56.277679443359375,90.86267852783203,83.70526885986328,83.751220703125,115.19999694824219,13.459365844726562
2017-02-02,196.14688110351562,117.58036041259766,30.480249404907227,56.948486328125,90.82451629638672,83.73725128173828,83.77271270751953,115.83999633789062,13.459365844726562
2017-02-03,197.49888610839844,117.9181137084961,30.66710090637207,57.25968551635742,90.786376953125,83.80119323730469,83.86587524414062,116.12999725341797,13.450913429260254
2017-02-06,197.14581298828125,118.05884552001953,30.593978881835938,57.16286849975586,91.335693359375,84.20100402832031,84.13092041015625,117.69999694824219,13.366368293762207
2017-02-07,197.1544189453125,118.4904556274414,30.439634323120117,56.96229553222656,92.00706481933594,84.35287475585938,84.2742691040039,117.45999908447266,13.3071870803833
2017-02-08,197.41278076171875,118.68746948242188,30.626482009887695,57.41181564331055,93.25819396972656,84.69676208496094,84.56800079345703,118.19000244140625,13.357914924621582
2017-02-09,198.5839385986328,119.11905670166016,30.764575958251953,57.55012130737305,92.1825180053711,84.19300842285156,84.2312240600586,117.29000091552734,13.425548553466797
2017-02-10,199.3675994873047,119.51311492919922,31.048912048339844,57.958126068115234,92.12907409667969,84.13700103759766,84.20976257324219,117.5999984741211,13.569273948669434
2017-02-13,200.45269775390625,120.18865203857422,31.146394729614258,57.97889709472656,91.83922576904297,84.00910186767578,84.17395782470703,116.80000305175781,13.417095184326172
2017-02-14,201.2535858154297,120.59210968017578,31.17888832092285,57.674625396728516,91.17543029785156,83.70526885986328,83.9732894897461,116.93000030517578,13.434003829956055
2017-02-15,202.30422973632812,121.30519104003906,31.430721282958984,57.48097229003906,90.755859375,83.54534912109375,83.90886688232422,117.44999694824219,13.450913429260254
2017-02-16,202.1319580078125,121.26758575439453,31.31699562072754,57.81984329223633,91.25176239013672,83.88118743896484,84.14525604248047,118.08000183105469,13.366368293762207
2017-02-17,202.45062255859375,121.79305267333984,31.187021255493164,57.93047332763672,91.79341125488281,84.10501098632812,84.36023712158203,117.68000030517578,13.341005325317383
2017-02-21,203.65621948242188,122.39352416992188,31.52821922302246,58.67041015625,91.63321685791016,84.06509399414062,84.39605712890625,117.75,13.3240966796875
2017-02-22,203.47540283203125,122.4404525756836,31.625694274902344,58.4767951965332,91.78575897216797,84.20100402832031,84.46050262451172,117.91000366210938,13.256462097167969
2017-02-23,203.61318969726562,121.98067474365234,31.633817672729492,58.78107452392578,92.0604019165039,84.42483520507812,84.67547607421875,118.94000244140625,13.298733711242676
2017-02-24,203.8715057373047,122.21527862548828,31.26012420654297,59.05769348144531,93.08273315429688,84.816650390625,85.10538482666016,119.69999694824219,13.273369789123535
2017-02-27,204.1901397705078,122.36536407470703,31.162639617919922,59.368896484375,92.53345489501953,84.51278686523438,84.90476989746094,119.12000274658203,13.239551544189453
2017-02-28,203.6389617919922,121.99010467529297,30.8620662689209,58.96087646484375,92.87676239013672,84.47290802001953,84.96208953857422,119.2300033569336,13.29028034210205
2017-03-01,206.4894256591797,123.32239532470703,31.34136390686035,58.78107452392578,91.32044982910156,83.8843994140625,84.45989227294922,119.05999755859375,13.34946060180664
2017-03-02,205.18910217285156,122.70315551757812,30.788957595825195,58.462974548339844,90.9917984008789,83.64418029785156,84.33056640625,117.58000183105469,13.138100624084473
2017-03-03,205.3183135986328,122.9283447265625,31.024545669555664,58.2347526550293,91.22872924804688,83.72425079345703,84.41679382324219,117.51000213623047,13.205735206604004
2017-03-06,204.70687866210938,122.65625,31.040788650512695,57.97196578979492,90.79308319091797,83.7082290649414,84.26591491699219,116.72000122070312,13.188826560974121
2017-03-07,204.09547424316406,122.44979858398438,31.073278427124023,57.695377349853516,90.51786804199219,83.58808898925781,83.84921264648438,115.77999877929688,13.129644393920898
2017-03-08,203.7164764404297,122.66561889648438,30.78083038330078,56.63037872314453,90.0286636352539,83.30791473388672,83.59059143066406,115.05999755859375,12.83374309539795
2017-03-09,203.97486877441406,122.75944519042969,30.5371150970459,55.77978515625,89.31016540527344,83.07569122314453,83.1379623413086,114.47000122070312,12.723835945129395
2017-03-10,204.68959045410156,123.27547454833984,30.878314971923828,55.60689926147461,89.6235580444336,83.25187683105469,83.34630584716797,114.72000122070312,12.605473518371582
2017-03-13,204.79295349121094,123.48187255859375,31.30887222290039,55.745201110839844,89.05791473388672,83.043701171875,83.06614685058594,114.73999786376953,12.588566780090332
2017-03-14,204.00927734375,123.18167114257812,31.13014793395996,55.731361389160156,89.48595428466797,83.13176727294922,83.1379623413086,114.12000274658203,12.537839889526367
2017-03-15,205.774658203125,123.9416275024414,31.942527770996094,56.858612060546875,90.57902526855469,83.8603286743164,83.8564224243164,116.25,12.647747039794922
2017-03-16,205.36988830566406,123.8572006225586,32.13750076293945,56.74794006347656,90.12039184570312,83.62813568115234,83.73426818847656,116.7300033569336,12.630837440490723
2017-03-17,205.00926208496094,123.8139419555664,32.080623626708984,57.010738372802734,90.68603515625,83.85236358642578,83.9282455444336,116.98999786376953,12.673110008239746
2017-03-20,204.78439331054688,123.9267578125,32.45431900024414,56.96229553222656,91.07587432861328,84.05252075195312,84.12223052978516,117.51000213623047,12.664653778076172
2017-03-21,202.155029296875,122.0463638305664,32.09687423706055,56.71336364746094,91.83260345458984,84.33274841308594,84.33056640625,118.54000091552734,12.597020149230957
2017-03-22,202.6307830810547,122.8737564086914,32.251220703125,56.68203353881836,92.19949340820312,84.49286651611328,84.54610443115234,118.83000183105469,12.588566780090332
2017-03-23,202.4145050048828,122.56349182128906,32.25934600830078,57.0999641418457,92.06954956054688,84.40479278564453,84.48863983154297,118.66999816894531,12.563202857971191
2017-03-24,202.2675018310547,122.8173599243164,32.3405876159668,57.03727340698242,92.39824676513672,84.45282745361328,84.5748062133789,118.86000061035156,12.605473518371582
2017-03-27,202.05987548828125,123.01477813720703,32.251220703125,56.52180099487305,92.81869506835938,84.6610107421875,84.75444030761719,119.52999877929688,12.588566780090332
2017-03-28,203.5302734375,123.76689910888672,32.3405876159668,56.765602111816406,92.19949340820312,84.37275695800781,84.5748062133789,119.04000091552734,12.664653778076172
2017-03-29,203.7205047607422,124.3404769897461,32.39745330810547,57.08604049682617,92.74982452392578,84.61294555664062,84.84786224365234,119.33000183105469,12.783016204833984
2017-03-30,204.36920166015625,124.54728698730469,32.22685241699219,57.19054412841797,92.00079345703125,84.37275695800781,84.62511444091797,118.47000122070312,12.83374309539795
2017-03-31,203.89349365234375,124.46267700195312,31.9993896484375,57.5318603515625,92.26832580566406,84.5409164428711,84.71134185791016,118.72000122070312,12.859106063842773
2017-04-03,203.5388946533203,124.38743591308594,32.1781120300293,57.69905471801758,93.19898223876953,84.95706176757812,85.09170532226562,119.3499984741211,12.808379173278809
2017-04-04,203.6686553955078,124.58489990234375,32.194358825683594,57.69905471801758,92.69343566894531,84.83683013916016,84.86839294433594,119.62000274658203,12.935195922851562
2017-04-05,203.06317138671875,124.07717895507812,32.09687423706055,57.78264617919922,92.9768295288086,84.99716186523438,84.97645568847656,119.62000274658203,12.96055793762207
2017-04-06,203.63404846191406,124.14302062988281,32.040008544921875,58.08914566040039,92.83895874023438,84.9410629272461,85.05570220947266,119.18000030517578,12.994376182556152
2017-04-07,203.4264678955078,124.07717895507812,31.983135223388672,58.17273712158203,92.46361541748047,84.68444061279297,84.8468017578125,119.45999908447266,13.028192520141602
2017-04-10,203.547607421875,124.12418365478516,31.853153228759766,58.53495407104492,92.892578125,84.83683013916016,85.00525665283203,119.45999908447266,13.129644393920898
2017-04-11,203.30538940429688,123.58833312988281,31.78005027770996,58.93896484375,93.77349853515625,85.22968292236328,85.40148162841797,121.19000244140625,13.155009269714355
2017-04-12,202.4145050048828,123.08997344970703,31.93440055847168,58.834495544433594,94.28669738769531,85.49430847167969,85.682373046875,122.0199966430664,13.155009269714355
2017-04-13,201.0998992919922,122.6010971069336,31.796293258666992,58.702152252197266,94.57780456542969,85.75090789794922,85.82649230957031,122.5999984741211,13.197280883789062
2017-04-17,202.88162231445312,123.61650848388672,32.129371643066406,59.41265869140625,94.28669738769531,85.61460876464844,85.66081237792969,122.23999786376953,13.12119197845459
2017-04-18,202.276123046875,123.428466796875,31.72318458557129,59.5728874206543,95.51993560791016,86.1037368774414,86.16510009765625,122.81999969482422,13.070465087890625
2017-04-19,201.90426635742188,123.62592315673828,31.52821922302246,59.48930740356445,94.99909973144531,85.87921905517578,85.9057388305664,121.7300033569336,12.84219741821289
2017-04-20,203.547607421875,124.66007232666016,31.91814613342285,59.49626922607422,94.63143157958984,85.68675994873047,85.78328704833984,121.95999908447266,12.791470527648926
2017-04-21,202.89889526367188,124.63191223144531,31.91814613342285,59.28032302856445,94.63143157958984,85.72686767578125,85.78328704833984,122.30999755859375,12.664653778076172
2017-04-24,205.13031005859375,126.13617706298828,32.37308883666992,58.62552261352539,94.16416931152344,85.5504379272461,85.66796875,121.4800033569336,12.622383117675781
2017-04-25,206.32391357421875,127.04816436767578,32.657405853271484,58.86930847167969,93.03044891357422,85.10942077636719,85.32942199707031,120.25,12.681564331054688
2017-04-26,206.19418334960938,126.86954498291016,32.53554916381836,58.43047332763672,93.54366302490234,85.33394622802734,85.538330078125,120.83999633789062,12.613929748535156
2017-04-27,206.36715698242188,127.63113403320312,32.494937896728516,58.27722930908203,93.51306915283203,85.3900375366211,85.61760711669922,120.38999938964844,12.546293258666992
2017-04-28,205.91741943359375,127.85671997070312,32.54368209838867,57.67119598388672,93.71984100341797,85.47826385498047,85.71844482421875,120.7699966430664,12.512475967407227
2017-05-01,206.43630981445312,128.99441528320312,32.73052978515625,58.01252365112305,92.94081115722656,85.29356384277344,85.45262145996094,119.66999816894531,12.537839889526367
2017-05-02,206.51422119140625,129.21063232421875,32.96611404418945,57.91501235961914,93.41669464111328,85.47025299072266,85.7054672241211,119.6500015258789,12.402569770812988
2017-05-03,206.2633056640625,128.7969512939453,32.74677276611328,57.14176940917969,93.47808837890625,85.29356384277344,85.6620864868164,117.9800033569336,12.351842880249023
2017-05-04,206.5055389404297,128.84396362304688,32.38120651245117,56.86315155029297,93.01751708984375,85.10086059570312,85.49597930908203,116.79000091552734,12.055939674377441
2017-05-05,207.3185577392578,129.3140106201172,32.649288177490234,57.39952850341797,93.10198974609375,85.11690521240234,85.52488708496094,117.01000213623047,12.225028038024902
2017-05-08,207.2839813232422,129.59609985351562,32.64116668701172,56.99549865722656,92.59535217285156,84.90813446044922,85.37317657470703,116.75,12.174301147460938
2017-05-09,207.09364318847656,130.04742431640625,33.05547332763672,56.6889762878418,92.58769226074219,84.81173706054688,85.38760375976562,116.05000305175781,12.115120887756348
2017-05-10,207.4656219482422,130.1226043701172,33.274810791015625,57.13481140136719,92.4802017211914,84.77960968017578,85.50318145751953,116.04000091552734,12.30957317352295
2017-05-11,207.04183959960938,130.01925659179688,33.347930908203125,56.84918212890625,92.4802017211914,84.84390258789062,85.54651641845703,116.5,12.360296249389648
2017-05-12,206.69583129882812,130.31069946289062,33.48603820800781,56.61930847167969,93.17872619628906,85.27750396728516,85.97991180419922,116.83000183105469,12.360296249389648
2017-05-15,207.8374786376953,130.72434997558594,33.827232360839844,56.78650665283203,92.9254150390625,85.22132873535156,85.97268676757812,117.13999938964844,12.427932739257812
2017-05-16,207.64723205566406,131.2696533203125,33.8597297668457,56.40336227416992,93.27083587646484,85.33372497558594,86.09549713134766,117.6500015258789,12.444841384887695
2017-05-17,203.9627227783203,127.93196868896484,33.282936096191406,56.63325881958008,94.62947082519531,86.01630401611328,86.62281036376953,119.79000091552734,12.529385566711426
2017-05-18,204.78439331054688,129.05078125,32.73052978515625,56.94671630859375,94.73696899414062,85.9922103881836,86.6083755493164,118.80999755859375,12.49556827545166
2017-05-19,206.1163787841797,129.59609985351562,33.429168701171875,57.25322341918945,94.95955657958984,85.96817779541016,86.6589126586914,119.4000015258789,12.740743637084961
2017-05-22,207.16287231445312,130.68678283691406,33.46166229248047,57.47614669799805,94.69857788085938,85.87175750732422,86.58668518066406,119.9000015258789,12.825288772583008
2017-05-23,207.6212615966797,130.81837463378906,33.4941520690918,57.5249137878418,94.06147003173828,85.6469497680664,86.31942749023438,119.13999938964844,12.783016204833984
2017-05-24,208.1055908203125,131.4200897216797,33.6241340637207,57.99162292480469,94.59110260009766,85.82357025146484,86.45671081542969,119.61000061035156,12.75765323638916
2017-05-25,209.10028076171875,132.5388946533203,33.786617279052734,57.99859619140625,94.62178039550781,85.87175750732422,86.49276733398438,119.4800033569336,12.478658676147461
2017-05-26,209.0570526123047,132.77403259277344,33.90846252441406,57.580623626708984,94.78300476074219,85.927978515625,86.55780792236328,120.54000091552734,12.57165813446045
2017-05-30,208.87542724609375,132.8867950439453,33.729736328125,57.21839904785156,95.25125122070312,86.14483642578125,86.76006317138672,120.13999938964844,12.470205307006836
2017-05-31,208.82350158691406,132.8397979736328,33.46977615356445,57.25322341918945,95.48920440673828,86.18498229980469,86.86117553710938,120.62000274658203,12.334935188293457
2017-06-01,210.48411560058594,133.35690307617188,33.75411605834961,57.55276870727539,95.49922943115234,86.13998413085938,86.88005065917969,120.72000122070312,12.250391006469727
2017-06-02,211.1847381591797,134.8800048828125,33.92470932006836,58.144866943359375,96.62994384765625,86.51797485351562,87.28555297851562,121.61000061035156,12.191211700439453
2017-06-05,211.02903747558594,134.85177612304688,33.88410186767578,57.89409255981445,96.02997589111328,86.3731689453125,87.0393295288086,121.7300033569336,12.123575210571289
2017-06-06,210.3544158935547,134.31588745117188,33.90034103393555,57.615455627441406,96.55299377441406,86.64668273925781,87.29286193847656,123.0999984741211,12.208117485046387
2017-06-07,210.74363708496094,134.84239196777344,33.8597297668457,58.019474029541016,96.09149932861328,86.48582458496094,87.18418884277344,122.44999694824219,12.039031982421875
2017-06-08,210.8473663330078,134.9834442138672,34.06281661987305,57.880157470703125,95.83767700195312,86.34902954101562,87.0321044921875,121.6500015258789,12.039031982421875
2017-06-09,210.52737426757812,131.60813903808594,33.80286407470703,58.284183502197266,95.69151306152344,86.26866149902344,86.94518280029297,120.54000091552734,12.10666561126709
2017-06-12,210.48411560058594,130.9030303955078,33.6241340637207,58.80663299560547,95.66070556640625,86.25251007080078,86.96690368652344,120.36000061035156,11.996758460998535
2017-06-13,211.5133819580078,131.96542358398438,33.786617279052734,58.93896484375,95.67611694335938,86.28470611572266,87.06108093261719,120.4800033569336,12.0474853515625
2017-06-14,211.2452850341797,131.3918914794922,33.77848815917969,59.0225715637207,97.15300750732422,86.73513793945312,87.65494537353516,119.81999969482422,11.836126327514648
2017-06-15,210.83880615234375,130.80897521972656,33.429168701171875,59.32211685180664,96.99919128417969,86.58231353759766,87.4449462890625,119.31999969482422,11.88685417175293
2017-06-16,210.88479614257812,130.2414093017578,33.48603820800781,59.16888427734375,97.1915054321289,86.63055419921875,87.51732635498047,119.33999633789062,11.937579154968262
2017-06-19,212.64047241210938,132.419189453125,33.8191032409668,59.175819396972656,97.0530014038086,86.38926696777344,87.40870666503906,118.43000030517578,11.861488342285156
2017-06-20,211.20639038085938,131.38217163085938,33.4453125,59.03652572631836,97.92224884033203,86.60641479492188,87.604248046875,118.18000030517578,11.743127822875977
2017-06-21,211.15426635742188,132.68313598632812,33.518768310546875,58.918094635009766,98.12220764160156,86.59839630126953,87.64769744873047,118.5199966430664,11.616312026977539
2017-06-22,211.05860900878906,132.64547729492188,33.690155029296875,58.97383117675781,98.33761596679688,86.67882537841797,87.72012329101562,118.91999816894531,11.633220672607422
2017-06-23,211.31069946289062,133.154541015625,33.869712829589844,59.178470611572266,98.29149627685547,86.70294952392578,87.7635726928711,119.43000030517578,11.683947563171387
2017-06-26,211.44972229003906,132.53228759765625,34.196163177490234,59.600433349609375,98.66069793701172,86.77533721923828,87.92289733886719,118.36000061035156,11.709311485290527
2017-06-27,209.74623107910156,130.12831115722656,33.796260833740234,59.065948486328125,97.60686492919922,86.34902954101562,87.52458190917969,118.80999755859375,11.84458065032959
2017-06-28,211.62359619140625,132.00437927246094,34.05741500854492,59.20661926269531,97.28382873535156,86.26866149902344,87.61873626708984,118.9000015258789,11.920670509338379
2017-06-29,209.7636260986328,129.71351623535156,33.6248664855957,58.53148651123047,96.46843719482422,85.94689178466797,87.35075378417969,118.31999969482422,11.971395492553711
2017-06-30,210.1547393798828,129.76063537597656,33.77993392944336,58.53148651123047,96.24530792236328,85.7458267211914,87.2783203125,118.0199966430664,12.216573715209961
2017-07-03,210.51109313964844,128.39361572265625,33.97580337524414,59.27692413330078,95.9354476928711,85.430908203125,87.08953857421875,116.08999633789062,12.343390464782715
2017-07-05,210.99777221679688,129.65692138671875,33.91051483154297,58.44004440307617,95.95858764648438,85.4953384399414,87.23478698730469,116.5199966430664,12.157393455505371
2017-07-06,209.06837463378906,128.48789978027344,33.502437591552734,57.34297561645508,95.16465759277344,85.33419036865234,87.00965881347656,116.47000122070312,12.165846824645996
2017-07-07,210.42413330078125,129.87376403808594,33.5677375793457,57.66649627685547,94.5942611694336,85.19729614257812,86.93702697753906,115.27999877929688,12.0474853515625
2017-07-10,210.65016174316406,130.72222900390625,33.88603210449219,57.13904571533203,94.7330322265625,85.31009674072266,87.08226013183594,115.47000122070312,12.098212242126465
2017-07-11,210.4937286376953,131.08990478515625,34.163509368896484,57.075748443603516,94.8948974609375,85.42281341552734,87.11860656738281,115.62000274658203,12.216573715209961
2017-07-12,212.07554626464844,132.64547729492188,34.8245849609375,57.77899169921875,95.55005645751953,85.67255401611328,87.50344848632812,116.02999877929688,12.157393455505371
2017-07-13,212.4318389892578,132.9376983642578,34.9959716796875,57.87041091918945,94.94886016845703,85.58391571044922,87.35093688964844,115.81999969482422,12.148937225341797
2017-07-14,213.4226531982422,133.98414611816406,35.43669128417969,58.425987243652344,95.06446838378906,85.7047119140625,87.55426025390625,116.7699966430664,12.284207344055176
2017-07-17,213.39662170410156,134.05014038085938,35.27345657348633,58.89715576171875,95.32652282714844,85.8094711303711,87.6341552734375,117.29000091552734,12.241934776306152
2017-07-18,213.50958251953125,134.94580078125,35.37956619262695,58.770565032958984,96.15898895263672,86.12361145019531,88.01178741455078,118.11000061035156,12.292662620544434
2017-07-19,214.66552734375,135.73765563964844,35.673370361328125,59.213626861572266,96.19752502441406,86.12361145019531,87.98272705078125,118.08000183105469,12.402569770812988
2017-07-20,214.76112365722656,135.91685485839844,35.632564544677734,58.93936538696289,96.47505187988281,86.14778137207031,88.0625991821289,118.23999786376953,12.385660171508789
2017-07-21,214.5699005126953,135.86026000976562,35.60808181762695,58.89715576171875,96.88353729248047,86.30089569091797,88.26593780517578,119.26000213623047,12.216573715209961
2017-07-24,214.51771545410156,136.48248291015625,35.714176177978516,58.78464126586914,96.50588989257812,86.24441528320312,88.16426086425781,119.30999755859375,12.241934776306152
2017-07-25,215.03924560546875,136.13363647460938,35.62440490722656,58.86199951171875,95.24942779541016,85.76115417480469,87.6414566040039,118.91999816894531,12.377206802368164
2017-07-26,215.0479278564453,136.57676696777344,35.918209075927734,59.269893646240234,95.40357971191406,86.03500366210938,87.93189239501953,119.87999725341797,12.49556827545166
2017-07-27,214.8479766845703,135.7187957763672,35.722347259521484,59.34021759033203,94.93340301513672,85.8980712890625,87.71403503417969,119.79000091552734,12.57165813446045
2017-07-28,214.59597778320312,135.60568237304688,35.70601272583008,59.178470611572266,95.49608612060547,86.0430679321289,87.94639587402344,120.69000244140625,12.639291763305664
2017-07-31,214.4743194580078,135.03062438964844,35.746822357177734,59.25580596923828,95.61173248291016,86.06723022460938,87.94639587402344,120.75,12.71538257598877
2017-08-01,214.9523162841797,135.34170532226562,35.85292434692383,59.5230712890625,96.2829818725586,86.28099822998047,88.26530456542969,120.6500015258789,12.57165813446045
2017-08-02,215.05661010742188,135.70941162109375,35.88557052612305,58.9815559387207,96.33708953857422,86.20032501220703,88.1269760131836,120.4000015258789,12.597020149230957
2017-08-03,214.6394500732422,135.18145751953125,35.73866271972656,58.86199951171875,97.3336410522461,86.49882507324219,88.25074768066406,120.58999633789062,12.504020690917969
2017-08-04,215.0305633544922,135.42654418945312,35.8692512512207,59.05891418457031,96.50703430175781,86.26486206054688,87.90853881835938,119.6500015258789,12.529385566711426
2017-08-07,215.43040466308594,136.2844696044922,36.11408615112305,58.99561309814453,96.61521911621094,86.3132553100586,87.93040466308594,119.51000213623047,12.554749488830566
2017-08-08,214.9001922607422,136.04876708984375,36.122249603271484,58.714332580566406,96.26756286621094,86.24067687988281,87.5080795288086,119.86000061035156,12.563202857971191
2017-08-09,214.8915252685547,135.86968994140625,35.79579162597656,58.51740264892578,96.79290008544922,86.34555053710938,87.59546661376953,121.30999755859375,12.647747039794922
2017-08-10,211.8582763671875,132.95655822753906,34.9470100402832,58.09547424316406,97.6194076538086,86.66825866699219,87.56636047363281,122.20999908447266,12.453295707702637
2017-08-11,212.1710968017578,133.9652862548828,35.02862548828125,57.73681640625,97.66578674316406,86.76504516601562,87.7265625,122.79000091552734,12.49556827545166
2017-08-14,214.27439880371094,135.69053649902344,35.387718200683594,58.70025634765625,97.16366577148438,86.55528259277344,87.66831970214844,121.91999816894531,12.385660171508789
2017-08-15,214.24832153320312,135.7848358154297,35.42853546142578,58.52445602416992,96.75421905517578,86.29712677001953,87.56636047363281,120.9800033569336,12.3264799118042
2017-08-16,214.62203979492188,136.02053833007812,35.79579162597656,58.756507873535156,97.10957336425781,86.45851135253906,87.81388092041016,121.87000274658203,12.292662620544434
2017-08-17,211.27589416503906,133.23939514160156,35.3387451171875,58.39085006713867,97.8357162475586,86.76504516601562,87.90131378173828,122.48999786376953,12.3264799118042
2017-08-18,210.94564819335938,133.14512634277344,35.640724182128906,57.80009460449219,97.8125228881836,86.78121185302734,87.84302520751953,122.30000305175781,12.546293258666992
2017-08-21,211.11077880859375,132.97543334960938,35.771305084228516,58.41896057128906,98.05203247070312,86.83768463134766,87.96680450439453,122.76000213623047,12.39411449432373
2017-08-22,213.318359375,135.00234985351562,36.17121124267578,58.25018310546875,97.67351531982422,86.66825866699219,87.87943267822266,122.20999908447266,12.427932739257812
2017-08-23,212.55357360839844,134.5215301513672,36.34260940551758,58.84794235229492,98.33787536621094,86.96674346923828,88.21437072753906,122.66999816894531,12.537839889526367
2017-08-24,212.05810546875,134.12554931640625,36.45686340332031,58.665103912353516,97.97480773925781,86.82959747314453,88.046875,122.29000091552734,12.529385566711426
2017-08-25,212.55357360839844,133.8427276611328,36.66905975341797,58.94640350341797,98.35327911376953,86.9748306274414,88.25074768066406,122.73999786376953,12.504020690917969
2017-08-28,212.56224060058594,134.257568359375,36.538482666015625,58.496341705322266,98.29149627685547,87.05551147460938,88.25074768066406,124.69000244140625,12.512475967407227
2017-08-29,212.80557250976562,134.7855224609375,36.47318649291992,58.43301010131836,98.60820007324219,87.25717163085938,88.31627655029297,124.41999816894531,12.512475967407227
2017-08-30,213.8137664794922,136.36932373046875,36.53031539916992,58.763553619384766,98.57733154296875,87.1845932006836,88.3890609741211,124.36000061035156,12.419478416442871
2017-08-31,215.10011291503906,137.83056640625,36.58744812011719,59.101104736328125,98.8708267211914,87.32170867919922,88.54199981689453,125.81999969482422,12.766109466552734
2017-09-01,215.40426635742188,137.6420440673828,36.85676574707031,59.30506134033203,98.11459350585938,87.0647964477539,88.19155883789062,126.05999755859375,12.783016204833984
2017-09-05,213.85723876953125,136.4070587158203,36.375244140625,59.143310546875,99.67047119140625,87.67076873779297,88.73904418945312,127.45999908447266,12.808379173278809
2017-09-06,214.58731079101562,136.82186889648438,36.611934661865234,59.29802703857422,99.05897521972656,87.46070098876953,88.42517852783203,126.80999755859375,12.935195922851562
2017-09-07,214.5612030029297,137.1424102783203,36.881256103515625,59.67777633666992,100.07301330566406,87.84042358398438,88.76830291748047,128.1300048828125,12.926741600036621
2017-09-08,214.3091278076172,135.95455932617188,36.636417388916016,59.72701644897461,99.85629272460938,87.77580261230469,88.50543975830078,127.97000122070312,12.783016204833984
2017-09-11,216.59494018554688,137.51947021484375,37.126102447509766,60.275550842285156,98.66415405273438,87.27486419677734,88.23540496826172,126.19000244140625,12.808379173278809
2017-09-12,217.3250732421875,137.8494415283203,37.08529281616211,59.56525421142578,98.14551544189453,87.0647964477539,88.14051818847656,126.55999755859375,12.84219741821289
2017-09-13,217.42930603027344,138.03802490234375,36.88941192626953,59.41054153442383,97.75850677490234,86.88704681396484,88.05288696289062,125.61000061035156,12.90137767791748
2017-09-14,217.3598175048828,137.2272491455078,36.987342834472656,59.90280532836914,98.1609878540039,86.90316772460938,88.27191162109375,126.16000366210938,12.909832000732422
2017-09-15,217.6524200439453,137.6986083984375,37.20771408081055,60.01532745361328,98.19976043701172,87.00822448730469,88.3448715209961,125.52999877929688,12.969012260437012
2017-09-18,218.1153106689453,137.51812744140625,37.33829879760742,59.69186019897461,97.63465118408203,86.66890716552734,88.25727081298828,124.36000061035156,12.952103614807129
2017-09-19,218.333740234375,137.7543487548828,37.41990661621094,59.29802703857422,97.3946762084961,86.57193756103516,88.30838012695312,124.62000274658203,12.926741600036621
2017-09-20,218.4122772216797,137.3292236328125,37.24851608276367,59.13627624511719,97.46436309814453,86.40229034423828,88.19892883300781,123.62000274658203,13.03664779663086
2017-09-21,217.8271484375,136.48831176757812,37.24851608276367,59.023746490478516,97.41014862060547,86.28913116455078,88.19892883300781,122.68000030517578,12.985921859741211
2017-09-22,217.8707733154297,136.35598754882812,37.03631591796875,58.607421875,97.6888198852539,86.44263458251953,88.31568908691406,123.23999786376953,13.03664779663086
2017-09-25,217.42532348632812,134.91989135742188,36.40789794921875,58.948455810546875,98.30036163330078,86.7011947631836,88.64423370361328,124.52999877929688,13.256462097167969
2017-09-26,217.5563507080078,135.2694854736328,36.30996322631836,59.04790496826172,98.1222915649414,86.62847137451172,88.62957763671875,123.13999938964844,13.138100624084473
2017-09-27,218.4036102294922,136.48831176757812,36.17938232421875,58.515045166015625,96.64382934570312,86.18408966064453,88.28646087646484,121.9800033569336,13.087373733520508
2017-09-28,218.66563415527344,136.4410400390625,36.15489196777344,58.912899017333984,96.35743713378906,86.16796112060547,88.41793060302734,122.20999908447266,13.087373733520508
2017-09-29,219.43423461914062,137.4236602783203,36.57113265991211,59.033687591552734,96.57415771484375,86.06295013427734,88.4981918334961,121.58000183105469,13.01973819732666
2017-10-02,220.3863067626953,137.54647827148438,36.57928466796875,58.948455810546875,96.3973388671875,85.96503448486328,88.58087158203125,120.7699966430664,12.909832000732422
2017-10-03,220.85789489746094,137.83938598632812,37.15874099731445,58.863189697265625,96.49042510986328,86.08639526367188,88.77852630615234,120.83000183105469,12.91828727722168
2017-10-04,221.11997985839844,137.97166442871094,37.15058135986328,59.16158676147461,96.49812316894531,86.06212615966797,88.7273178100586,121.16999816894531,12.935195922851562
2017-10-05,222.43014526367188,139.32275390625,37.428070068359375,59.374717712402344,96.13359069824219,85.9731216430664,88.60285949707031,120.5199966430664,13.078920364379883
2017-10-06,222.17686462402344,139.51173400878906,37.2403450012207,59.18291091918945,95.8621597290039,85.867919921875,88.52964782714844,121.08999633789062,12.87601375579834
2017-10-09,221.8099822998047,139.35105895996094,37.21586990356445,59.324989318847656,96.16461944580078,85.96503448486328,88.60285949707031,122.08000183105469,12.884468078613281
2017-10-10,222.39517211914062,139.455078125,37.5831298828125,59.50260925292969,96.31979370117188,85.99739074707031,88.66140747070312,122.4000015258789,13.03664779663086
2017-10-11,222.7445526123047,139.87074279785156,37.7545166015625,59.70157241821289,96.50592803955078,86.094482421875,88.61752319335938,122.79000091552734,13.06201171875
2017-10-12,222.41265869140625,139.61566162109375,37.73820495605469,60.085208892822266,96.91699981689453,86.1753921508789,88.63947296142578,122.88999938964844,13.045103073120117
2017-10-13,222.6833953857422,140.1541748046875,38.08097839355469,60.24150466918945,97.61507415771484,86.46670532226562,88.99079132080078,123.81999969482422,13.171917915344238
2017-10-16,222.9804229736328,140.63604736328125,38.05649948120117,59.943115234375,97.54529571533203,86.32105255126953,88.86636352539062,122.97000122070312,13.205735206604004
2017-10-17,223.13763427734375,140.81553649902344,37.860618591308594,60.01416778564453,97.66935729980469,86.28862762451172,88.85169982910156,122.12999725341797,13.188826560974121
2017-10-18,223.3560028076172,140.64552307128906,37.95039367675781,59.9502067565918,97.02558898925781,86.07020568847656,88.71993255615234,121.66999816894531,13.18037223815918
2017-10-19,223.4171142578125,140.12583923339844,37.615779876708984,59.77261734008789,97.19621276855469,86.15922546386719,88.85169982910156,122.38999938964844,13.12119197845459
2017-10-20,224.5700225830078,140.50376892089844,37.7545166015625,59.43156433105469,96.16461944580078,85.80318450927734,88.61016082763672,121.61000061035156,13.188826560974121
2017-10-23,223.6966094970703,139.58726501464844,37.45254898071289,59.204219818115234,96.33526611328125,85.88409423828125,88.69800567626953,121.80000305175781,13.188826560974121
2017-10-24,224.08966064453125,139.823486328125,37.45254898071289,58.84897232055664,95.73805236816406,85.62519073486328,88.47840881347656,121.33000183105469,13.3240966796875
2017-10-25,222.9804229736328,139.29441833496094,37.37093734741211,58.678443908691406,95.28040313720703,85.4876480102539,88.24421691894531,121.3499984741211,13.341005325317383
2017-10-26,223.26861572265625,138.850341796875,37.1179313659668,58.19532775878906,94.96233367919922,85.37430572509766,88.23688507080078,120.33000183105469,13.400185585021973
2017-10-27,225.09417724609375,142.89413452148438,37.656585693359375,58.45821762084961,95.59062957763672,85.64942932128906,88.5003890991211,120.9000015258789,13.467820167541504
2017-10-30,224.2555694580078,143.21542358398438,37.41990661621094,58.408470153808594,96.50592803955078,85.95693969726562,88.79317474365234,121.12999725341797,13.501638412475586
2017-10-31,224.60498046875,143.75396728515625,37.770843505859375,58.40135955810547,96.53692626953125,85.90025329589844,88.66873931884766,120.66999816894531,13.535455703735352
2017-11-01,224.9019317626953,143.7067108154297,37.966712951660156,58.68555450439453,96.96680450439453,85.95215606689453,88.80886840820312,121.11000061035156,13.543910026550293
2017-11-02,224.98927307128906,143.43264770507812,38.015682220458984,59.18291091918945,97.3942642211914,86.06558227539062,88.79420471191406,121.19000244140625,13.62845516204834
2017-11-03,225.7404327392578,144.8121337890625,37.81981658935547,59.033687591552734,97.65856170654297,86.20342254638672,88.89695739746094,120.62000274658203,13.712997436523438
2017-11-06,226.08984375,145.303466796875,38.24420166015625,59.43156433105469,98.02388000488281,86.30873107910156,88.91900634765625,121.6500015258789,13.97508430480957
2017-11-07,225.93264770507812,145.38848876953125,37.999366760253906,59.91470718383789,98.43583679199219,86.34114837646484,88.84561920166016,121.20999908447266,13.890539169311523
2017-11-08,226.31695556640625,145.97425842285156,38.178916931152344,60.21308898925781,98.21818542480469,86.23577880859375,88.7281494140625,121.62999725341797,13.865177154541016
2017-11-09,225.49591064453125,145.2089385986328,37.94224548339844,60.27702331542969,97.9383773803711,86.20342254638672,88.49333953857422,122.12999725341797,13.890539169311523
2017-11-10,225.426025390625,145.1995391845703,37.77900695800781,60.34098815917969,96.4615249633789,85.7657470703125,87.98694610595703,121.12999725341797,13.865177154541016
2017-11-13,225.63565063476562,145.37901306152344,37.6973876953125,60.646480560302734,96.66362762451172,85.72525787353516,88.00164031982422,121.30999755859375,13.822905540466309
2017-11-14,225.11160278320312,144.84994506835938,37.44438552856445,60.51861572265625,97.31661987304688,85.8468017578125,88.02365112304688,121.55999755859375,13.636907577514648
2017-11-15,223.9848175048828,144.16969299316406,37.24851608276367,59.907588958740234,98.37362670898438,86.1547622680664,88.39791107177734,121.41000366210938,13.619998931884766
2017-11-16,225.88893127441406,146.01206970214844,38.02384948730469,60.4049186706543,97.5186538696289,85.93592834472656,88.29517364501953,121.4000015258789,13.577727317810059
2017-11-17,225.22508239746094,145.45468139648438,38.21155548095703,60.142051696777344,98.24153900146484,86.04940032958984,88.40528106689453,122.86000061035156,13.797541618347168
2017-11-20,225.60943603515625,145.34124755859375,38.407440185546875,59.96443176269531,98.20263671875,85.91158294677734,88.40528106689453,121.30999755859375,13.68763542175293
2017-11-21,227.08554077148438,146.91905212402344,38.92159652709961,60.41202926635742,98.51358032226562,85.9278335571289,88.69881439208984,121.51000213623047,13.780632019042969
2017-11-22,226.88467407226562,147.09861755371094,39.019535064697266,60.27702331542969,98.83224487304688,86.20342254638672,89.04374694824219,122.62999725341797,13.856721878051758
2017-11-24,227.40872192382812,147.63719177246094,38.93791580200195,60.35518264770508,98.5602035522461,86.13043212890625,88.94100952148438,122.31999969482422,13.898994445800781
2017-11-27,227.295166015625,147.57101440429688,38.366634368896484,60.071006774902344,98.42030334472656,86.18711853027344,88.88965606689453,122.83000183105469,13.87363052368164
2017-11-28,229.6009979248047,147.94895935058594,38.65226745605469,59.84365463256836,98.55241394042969,86.20342254638672,89.01438903808594,122.80999755859375,13.81445026397705
2017-11-29,229.46128845214844,145.36959838867188,38.0401725769043,59.86494827270508,97.58087921142578,85.9278335571289,88.6621322631836,122.04000091552734,13.721452713012695
2017-11-30,231.47018432617188,146.58837890625,37.623939514160156,59.95732498168945,97.25435638427734,85.6604232788086,88.55939483642578,121.0999984741211,13.662271499633789
2017-12-01,230.98983764648438,145.96481323242188,37.411739349365234,60.09941101074219,98.56680297851562,85.97694396972656,88.83312225341797,121.58999633789062,13.780632019042969
2017-12-04,230.7103729248047,144.28305053710938,37.485206604003906,59.80101013183594,98.61351776123047,85.93630981445312,88.9729232788086,121.18000030517578,13.61154556274414
2017-12-05,229.8805389404297,144.37757873535156,37.460716247558594,59.303680419921875,99.10420227050781,86.00128173828125,89.14215087890625,120.31999969482422,13.61154556274414
2017-12-06,229.9241943359375,145.0294189453125,36.95470428466797,59.246864318847656,99.44692993164062,86.17987060546875,89.31140899658203,120.06999969482422,13.38327693939209
2017-12-07,230.64918518066406,145.52072143554688,37.0608024597168,59.39604949951172,98.66802978515625,86.025634765625,89.13481903076172,118.48999786376953,13.425548553466797
2017-12-08,231.90699768066406,146.16323852539062,37.49335479736328,59.70157241821289,98.67584228515625,85.96073150634766,89.02445220947266,118.4800033569336,13.493184089660645
2017-12-11,232.605712890625,147.29702758789062,37.681060791015625,59.694454193115234,98.47333526611328,85.90386199951172,89.09070587158203,118.01000213623047,13.52700138092041
2017-12-12,233.0161895751953,147.09861755371094,37.428070068359375,59.985740661621094,98.43437957763672,85.830810546875,89.02445220947266,118.1500015258789,13.40864086151123
2017-12-13,232.9900665283203,147.382080078125,37.8769416809082,60.085208892822266,99.17430877685547,86.17987060546875,89.33351135253906,119.16999816894531,13.34946060180664
2017-12-14,232.03794860839844,147.278076171875,37.59946060180664,60.071006774902344,99.59486389160156,86.14741516113281,89.49542236328125,118.93000030517578,13.391731262207031
2017-12-15,233.97023010253906,148.95042419433594,37.681060791015625,60.44755554199219,99.96878051757812,86.13116455078125,89.62049865722656,119.18000030517578,13.391731262207031
2017-12-18,235.4539337158203,150.19924926757812,38.1054573059082,60.84541320800781,99.05750274658203,85.93630981445312,89.35562133789062,119.7300033569336,13.450913429260254
2017-12-19,234.54965209960938,149.30923461914062,37.90412521362305,59.55236053466797,97.7723159790039,85.54674530029297,88.89936065673828,119.81999969482422,13.55236530303955
2017-12-20,234.4266815185547,149.14833068847656,37.95383834838867,58.863189697265625,96.68972778320312,85.29518127441406,88.66388702392578,120.13999938964844,13.62845516204834
2017-12-21,234.9095916748047,149.16720581054688,38.202392578125,58.635189056396484,97.25325012207031,85.35533142089844,88.90279388427734,120.30999755859375,13.636907577514648
2017-12-22,234.84808349609375,148.996826171875,38.525516510009766,59.03923416137695,97.38597106933594,85.38782501220703,88.96916198730469,120.94000244140625,13.696089744567871
2017-12-26,234.56716918945312,148.1920623779297,38.49236297607422,59.33504104614258,97.67474365234375,85.42032623291016,89.087158203125,121.7699966430664,13.898994445800781
2017-12-27,234.68133544921875,148.21096801757812,38.591793060302734,59.52983093261719,98.94695281982422,85.78614044189453,89.5811996459961,122.2300033569336,13.93281078338623
2017-12-28,235.16419982910156,148.39093017578125,38.85691833496094,59.84728240966797,98.86112213134766,85.68048095703125,89.522216796875,122.8499984741211,14.000445365905762
2017-12-29,234.27748107910156,147.4725341796875,39.0391845703125,59.86894607543945,99.0172348022461,85.81866455078125,89.64019775390625,123.6500015258789,14.042719841003418
2018-01-02,235.95423889160156,150.05723571777344,39.776554107666016,59.645267486572266,97.9478759765625,85.5341567993164,89.04291534423828,125.1500015258789,14.110353469848633
2018-01-03,237.44671630859375,151.51528930664062,40.15766906738281,59.47211456298828,98.41619110107422,85.62360382080078,89.20512390136719,124.81999969482422,14.194897651672363
2018-01-04,238.447509765625,151.78042602539062,40.356502532958984,58.44761276245117,98.40059661865234,85.58292388916016,89.17560577392578,125.45999908447266,14.177989959716797
2018-01-05,240.03652954101562,153.3047332763672,40.70448684692383,58.476470947265625,98.11962890625,85.47724914550781,89.14614868164062,125.33000183105469,14.1272611618042
2018-01-08,240.47552490234375,153.9011688232422,40.70448684692383,58.77951431274414,98.05718231201172,85.43659210205078,89.13871002197266,125.30999755859375,14.11880874633789
2018-01-09,241.0198211669922,153.91067504882812,40.63819885253906,58.02194595336914,96.74594116210938,85.03013610839844,88.8143081665039,124.7300033569336,14.211806297302246
2018-01-10,240.65110778808594,153.55091857910156,40.3813591003418,57.37260055541992,96.62882995605469,85.0057601928711,88.87330627441406,125.02999877929688,14.262532234191895
2018-01-11,242.40684509277344,154.601806640625,40.629913330078125,57.17778015136719,97.0268783569336,85.06269836425781,89.087158203125,125.44000244140625,14.25407886505127
2018-01-12,243.98719787597656,155.7379913330078,41.01931381225586,56.71602249145508,97.19078826904297,85.0057601928711,89.10189819335938,126.95999908447266,14.347074508666992
2018-01-16,243.15310668945312,155.2930145263672,40.86189651489258,56.82424545288086,97.5966796875,85.04638671875,89.1830062866211,127.16999816894531,14.279439926147461
2018-01-17,245.47079467773438,156.9687957763672,41.400428771972656,57.22107696533203,97.46395111083984,84.85943603515625,88.93963623046875,126.13999938964844,14.296348571777344
2018-01-18,245.0582275390625,156.99722290039062,41.450138092041016,56.485172271728516,96.55857849121094,84.5912094116211,88.59309387207031,125.86000061035156,14.296348571777344
2018-01-19,246.173095703125,157.4895782470703,41.789825439453125,56.78818893432617,96.05120849609375,84.37171936035156,88.32020568847656,126.41999816894531,14.270986557006836
2018-01-22,248.1746368408203,159.1748504638672,42.030086517333984,57.30766296386719,96.14484405517578,84.33919525146484,88.23910522460938,126.6500015258789,14.304804801940918
2018-01-23,248.701416015625,160.4909210205078,42.22892761230469,58.10129165649414,96.55857849121094,84.58306121826172,88.62257385253906,127.27999877929688,14.406257629394531
2018-01-24,248.60488891601562,159.44944763183594,42.58518981933594,57.79826736450195,96.03559112548828,84.4204330444336,88.5635986328125,128.8300018310547,14.558435440063477
2018-01-25,248.7101593017578,159.3926544189453,42.560333251953125,57.6972770690918,96.8239517211914,84.60746002197266,89.01339721679688,127.97000122070312,14.473892211914062
2018-01-26,251.5897216796875,161.83534240722656,43.14857482910156,57.49526596069336,96.46489715576172,84.35543823242188,88.89544677734375,128.07000732421875,14.5837984085083
2018-01-29,249.92173767089844,161.04946899414062,42.494056701660156,56.72325897216797,95.79366302490234,84.14410400390625,88.65947723388672,127.3499984741211,14.54152774810791
2018-01-30,247.35836791992188,159.7239532470703,41.914100646972656,56.312015533447266,95.23168182373047,83.94895935058594,88.35711669921875,126.80000305175781,14.44007396697998
2018-01-31,247.48123168945312,160.38673400878906,42.27864456176758,57.32209014892578,95.79366302490234,83.97337341308594,88.54147338867188,127.6500015258789,14.45698356628418
2018-02-01,247.20025634765625,159.02337646484375,41.70698165893555,56.08835220336914,94.40531921386719,83.54021453857422,88.1502685546875,128.07000732421875,14.600708961486816
2018-02-02,241.81874084472656,155.85162353515625,40.63819885253906,55.612159729003906,93.52932739257812,83.23078155517578,87.69930267333984,126.38999938964844,14.363986015319824
2018-02-05,231.70521545410156,149.70693969726562,39.213172912597656,53.9599609375,94.41316986083984,83.91474151611328,87.75103759765625,126.70999908447266,14.228713989257812
2018-02-06,236.2703399658203,153.6740264892578,40.489070892333984,53.96717071533203,93.8265380859375,83.54833221435547,87.5736083984375,125.37999725341797,14.144170761108398
2018-02-07,234.98861694335938,151.68572998046875,39.213172912597656,53.73630142211914,92.93495178222656,83.30409240722656,87.3296127319336,124.79000091552734,13.983539581298828
2018-02-08,226.17442321777344,145.2853546142578,37.85441970825195,52.19231414794922,92.83321380615234,83.37735748291016,86.95250701904297,124.9800033569336,13.839814186096191
2018-02-09,229.57196044921875,147.79434204101562,38.459228515625,53.49822235107422,92.24663543701172,83.23078155517578,86.6715316772461,124.7699966430664,13.636907577514648
2018-02-12,232.94308471679688,150.4169921875,39.06404113769531,53.51985168457031,92.65331268310547,83.20636749267578,86.6715316772461,125.37000274658203,13.721452713012695
2018-02-13,233.5225372314453,151.19337463378906,39.362300872802734,53.89501953125,93.06787872314453,83.34481048583984,86.64193725585938,126.08000183105469,13.746816635131836
2018-02-14,236.6741485595703,154.02432250976562,40.34821701049805,53.50541687011719,92.03545379638672,82.83995819091797,86.32404327392578,128.22999572753906,13.958174705505371
2018-02-15,239.6941680908203,156.8836212158203,41.17673873901367,54.024898529052734,92.34830474853516,82.86438751220703,86.73070526123047,128.3800048828125,13.983539581298828
2018-02-16,239.7643585205078,156.18301391601562,41.044166564941406,54.32070541381836,92.8488540649414,83.05979919433594,86.98946380615234,127.95999908447266,14.008899688720703
2018-02-20,238.2632293701172,156.49545288085938,40.48078918457031,53.67858123779297,92.44214630126953,82.9702377319336,86.6197738647461,126.23999786376953,14.051172256469727
2018-02-21,237.0780029296875,156.05044555664062,40.44763946533203,52.61799621582031,91.30802154541016,82.7259521484375,86.14654541015625,125.66000366210938,14.03426456451416
2018-02-22,237.38526916503906,156.03152465820312,40.472503662109375,53.216835021972656,91.58177947998047,82.83995819091797,86.26486206054688,126.30000305175781,14.161079406738281
2018-02-23,241.16903686523438,159.22222900390625,41.19330978393555,54.06819152832031,92.39523315429688,83.157470703125,86.66414642333984,126.13999938964844,14.25407886505127
2018-02-26,243.9695587158203,161.3335418701172,41.57441329956055,54.21968078613281,92.42650604248047,83.25521850585938,86.77507019042969,126.44999694824219,14.330170631408691
2018-02-27,240.92315673828125,159.33584594726562,40.36479949951172,52.957096099853516,92.2935562133789,82.99467468261719,86.39793395996094,125.12999725341797,14.186443328857422
2018-02-28,238.4827117919922,158.3132781982422,39.78483581542969,52.9210205078125,92.8801498413086,83.19010162353516,86.5606460571289,125.0,14.03426456451416
2018-03-01,235.01490783691406,155.72853088378906,39.710269927978516,52.97151184082031,93.5141830444336,83.54805755615234,86.47162628173828,124.72000122070312,14.059626579284668
2018-03-02,236.22634887695312,157.158203125,39.875980377197266,52.94988250732422,92.75399017333984,83.23819732666016,86.19732666015625,125.38999938964844,14.059626579284668
2018-03-05,238.95675659179688,158.9002685546875,39.93397521972656,53.5487174987793,92.50320434570312,83.13216400146484,86.16767120361328,125.18000030517578,14.144170761108398
2018-03-06,239.56246948242188,159.57252502441406,40.306800842285156,53.801231384277344,92.58940124511719,83.1240463256836,86.24176788330078,126.52999877929688,14.194897651672363
2018-03-07,239.4746551513672,159.9417266845703,40.34821701049805,54.13311767578125,92.48750305175781,83.1240463256836,86.21212005615234,125.72000122070312,14.042719841003418
2018-03-08,240.63357543945312,160.8223419189453,40.356502532958984,54.234107971191406,93.02043151855469,83.29527282714844,86.38265228271484,125.41999816894531,13.958174705505371
2018-03-09,244.8211669921875,163.94667053222656,41.21815490722656,54.529937744140625,92.4091567993164,83.1158676147461,86.07862854003906,125.54000091552734,14.093445777893066
2018-03-12,244.5138702392578,164.81773376464844,41.31757736206055,54.76801681518555,92.94207763671875,83.31159973144531,86.18985748291016,125.54000091552734,14.068079948425293
2018-03-13,242.93365478515625,162.57386779785156,40.94474411010742,54.81853103637695,93.41230773925781,83.45024871826172,86.19732666015625,125.77999877929688,14.025811195373535
2018-03-14,241.6869354248047,162.5454559326172,41.01102066040039,54.86903762817383,94.23517608642578,83.61332702636719,86.39009857177734,125.69999694824219,14.025811195373535
2018-03-15,241.423583984375,162.4034423828125,40.86189651489258,54.85459518432617,94.23517608642578,83.58072662353516,86.47903442382812,124.9000015258789,14.017354965209961
2018-03-16,241.68544006347656,161.92059326171875,40.77076721191406,55.23699188232422,93.8982162475586,83.48285675048828,86.57548522949219,124.5999984741211,14.068079948425293
2018-03-19,238.4153594970703,158.46580505371094,40.33165740966797,54.760826110839844,93.60040283203125,83.40128326416016,86.28627014160156,124.87000274658203,13.97508430480957
2018-03-20,238.82081604003906,158.98733520507812,40.779048919677734,54.573219299316406,93.22420501708984,83.23819732666016,85.98228454589844,124.30999755859375,14.068079948425293
2018-03-21,238.36248779296875,158.29510498046875,41.01931381225586,54.16919708251953,93.32613372802734,83.29527282714844,85.93036651611328,126.4800033569336,14.3217134475708
2018-03-22,232.404052734375,154.38800048828125,39.65227508544922,53.851741790771484,94.25086975097656,83.63776397705078,86.07862854003906,125.9800033569336,14.211806297302246
2018-03-23,227.4504852294922,150.31967163085938,38.8486328125,52.89216232299805,94.18033599853516,83.7519302368164,85.80429077148438,127.61000061035156,14.338621139526367
2018-03-26,233.67333984375,155.90530395507812,40.10795974731445,53.4939079284668,93.81986236572266,83.52361297607422,86.10831451416016,128.27999877929688,14.347074508666992
2018-03-27,229.69808959960938,150.8601837158203,39.37887191772461,53.6978759765625,94.82303619384766,83.99659729003906,86.41973876953125,127.48999786376953,14.287894248962402
2018-03-28,229.01937866210938,149.1247100830078,39.18003463745117,55.04560089111328,95.07377624511719,83.98027038574219,86.64959716796875,125.7300033569336,14.228713989257812
2018-03-29,231.9457244873047,151.85595703125,40.00025177001953,54.98004913330078,95.53621673583984,84.15156555175781,87.04257202148438,125.79000091552734,14.355528831481934
2018-04-02,226.9392852783203,147.47462463378906,39.279457092285156,54.236976623535156,95.72469329833984,84.23735809326172,86.99575805664062,127.26000213623047,14.161079406738281
2018-04-03,229.8479461669922,149.1342010498047,39.66884994506836,54.69593811035156,94.98641204833984,83.96774291992188,86.7652359008789,126.30000305175781,14.237170219421387
2018-04-04,232.30709838867188,151.48606872558594,39.6854133605957,55.27145767211914,94.79006958007812,83.9186782836914,86.7652359008789,126.44999694824219,14.177989959716797
2018-04-05,234.1405029296875,152.34901428222656,39.78483581542969,55.249603271484375,94.0832290649414,83.70636749267578,86.7949447631836,125.80000305175781,14.245624542236328
2018-04-06,228.92250061035156,148.5367889404297,39.00605010986328,54.8343505859375,95.11210632324219,84.07395935058594,87.05522918701172,126.38999938964844,14.144170761108398
2018-04-09,230.0507049560547,149.57994079589844,39.04747009277344,54.659507751464844,95.26919555664062,84.09026336669922,87.09986877441406,126.81999969482422,14.3217134475708
2018-04-10,233.7086181640625,152.88014221191406,39.809688568115234,54.60122299194336,95.09638214111328,83.94324493408203,87.12216186523438,127.12000274658203,14.566888809204102
2018-04-11,232.48336791992188,151.99822998046875,39.82625961303711,54.717777252197266,95.43411254882812,84.02493286132812,87.18164825439453,128.11000061035156,14.676797866821289
2018-04-12,234.3960418701172,153.8284912109375,39.809688568115234,54.10584259033203,94.73511505126953,83.72273254394531,86.94371795654297,126.62000274658203,14.6176176071167
2018-04-13,233.7086181640625,153.0318603515625,39.41201400756836,54.389957427978516,94.95500183105469,83.79621887207031,86.97343444824219,127.44999694824219,14.626070976257324
2018-04-16,235.63002014160156,154.19834899902344,39.46171951293945,54.72508239746094,94.98641204833984,83.75537109375,86.98088073730469,127.62999725341797,14.57534408569336
2018-04-17,238.15089416503906,157.51748657226562,39.54457473754883,55.36616897583008,95.24562072753906,83.8044204711914,86.98831176757812,127.75,14.5837984085083
2018-04-18,238.32725524902344,157.8399200439453,39.8842658996582,55.249603271484375,94.48375701904297,83.4776382446289,86.54214477539062,127.8499984741211,14.854337692260742
2018-04-19,237.00502014160156,156.3889617919922,39.65227508544922,54.4482536315918,93.71405029296875,83.24888610839844,86.21495056152344,127.5999984741211,14.795157432556152
2018-04-20,234.9954376220703,153.91383361816406,39.15517044067383,53.945579528808594,93.03864288330078,82.97113800048828,85.86543273925781,126.62999725341797,14.769793510437012
2018-04-23,234.96023559570312,153.52496337890625,38.84033966064453,53.90186309814453,93.06218719482422,82.88945007324219,85.82828521728516,125.62000274658203,14.761340141296387
2018-04-24,231.79583740234375,150.27223205566406,38.65807342529297,54.10584259033203,92.6380615234375,82.79143524169922,85.57544708251953,126.2300033569336,14.685250282287598
2018-04-25,232.36878967285156,150.45242309570312,38.35981369018555,54.003849029541016,92.01758575439453,82.6116943359375,85.30776977539062,125.41000366210938,14.710614204406738
2018-04-26,234.7310333251953,153.61985778808594,38.914913177490234,54.71052169799805,92.66165161132812,82.84864807128906,85.56053924560547,124.97000122070312,14.786704063415527
2018-04-27,234.9513702392578,153.71469116210938,39.15517044067383,55.650272369384766,93.3763427734375,82.98751068115234,85.7538833618164,125.5,14.778249740600586
2018-04-30,233.1444854736328,152.62408447265625,38.87348175048828,55.431705474853516,93.541259765625,83.07735443115234,85.67955780029297,124.58999633789062,14.8458833694458
2018-05-01,233.55870056152344,154.3689727783203,38.68293380737305,55.934391021728516,93.20439147949219,82.94722747802734,85.44763946533203,123.70999908447266,14.761340141296387
2018-05-02,231.98980712890625,153.45858764648438,38.376380920410156,55.730411529541016,93.10204315185547,82.96356964111328,85.3804931640625,123.6500015258789,14.761340141296387
2018-05-03,231.4785614013672,153.4396514892578,38.29353332519531,55.693973541259766,93.51921844482422,83.1763687133789,85.39539337158203,124.27999877929688,14.854337692260742
2018-05-04,234.47544860839844,156.3509979248047,38.46751403808594,56.305912017822266,93.66094207763672,83.18455505371094,85.51471710205078,124.54000091552734,14.955793380737305
2018-05-07,235.26870727539062,157.6502227783203,38.243812561035156,56.68473815917969,93.5113754272461,83.14362335205078,85.41780090332031,124.56999969482422,14.94733715057373
2018-05-08,235.26870727539062,157.489013671875,38.459228515625,56.400630950927734,93.4247817993164,83.00456237792969,85.38795471191406,124.58999633789062,14.989607810974121
2018-05-09,237.5428009033203,159.2054901123047,38.53379440307617,56.779449462890625,92.86591339111328,82.81627655029297,85.373046875,124.33000183105469,15.1248779296875
2018-05-10,239.76393127441406,160.85556030273438,39.33745193481445,57.22382354736328,93.61370086669922,82.9881362915039,85.80558013916016,125.18000030517578,15.200967788696289
2018-05-11,240.4955291748047,160.70382690429688,39.27116775512695,57.027137756347656,93.84984588623047,82.99633026123047,85.9547119140625,125.0,15.107972145080566
2018-05-14,240.61009216308594,160.97886657714844,39.32087707519531,56.53904342651367,93.35391998291016,82.81627655029297,85.79808807373047,124.48999786376953,15.217876434326172
2018-05-15,238.9530487060547,159.1959686279297,38.508941650390625,55.62114715576172,92.2912826538086,82.35795593261719,85.14933013916016,122.4800033569336,15.234786987304688
2018-05-16,239.95790100097656,160.2486572265625,39.088905334472656,55.453582763671875,91.93709564208984,82.18608093261719,85.03743743896484,122.29000091552734,15.319330215454102
2018-05-17,239.75518798828125,159.6322479248047,38.49236297607422,55.17674255371094,91.47268676757812,82.13694763183594,84.87337493896484,122.36000061035156,15.336236000061035
2018-05-18,239.1557159423828,158.8072052001953,38.16925048828125,55.249603271484375,92.2597885131836,82.45618438720703,85.22388458251953,122.41000366210938,15.344693183898926
2018-05-21,240.953857421875,159.69862365722656,38.401241302490234,55.90525436401367,92.30703735351562,82.5134506225586,85.27608489990234,122.4800033569336,15.463054656982422
2018-05-22,240.28399658203125,159.49002075195312,38.53379440307617,55.985389709472656,92.1653823852539,82.480712890625,85.18663024902344,122.41000366210938,15.479961395263672
2018-05-23,240.94508361816406,160.8366241455078,38.517234802246094,56.54634094238281,92.8344497680664,82.85721588134766,85.5520248413086,122.54000091552734,15.564504623413086
2018-05-24,240.4514617919922,160.78921508789062,38.31009292602539,56.42975616455078,93.57427215576172,83.06993103027344,85.7906723022461,123.58999633789062,15.463054656982422
2018-05-25,239.87847900390625,160.95040893554688,38.46751403808594,56.62647247314453,94.15680694580078,83.39735412597656,86.04420471191406,123.20999908447266,15.234786987304688
2018-05-29,237.11972045898438,160.2391357421875,37.57272720336914,56.8960075378418,96.21914672851562,84.29765319824219,86.49909973144531,123.19000244140625,15.09106159210205
2018-05-30,240.28399658203125,161.38665771484375,37.87098693847656,57.66822052001953,95.57363891601562,83.9374771118164,86.16352844238281,123.37000274658203,15.28551197052002
2018-05-31,238.81202697753906,161.28233337402344,37.85441970825195,57.47153091430664,95.4162368774414,83.89656829833984,86.12625885009766,123.0999984741211,15.243241310119629
2018-06-01,241.15650939941406,163.8143310546875,38.384666442871094,57.726505279541016,94.91207122802734,83.58661651611328,85.96094512939453,122.48999786376953,15.141785621643066
2018-06-04,242.30247497558594,165.2937774658203,38.77406311035156,58.22917938232422,94.22567749023438,83.29141235351562,85.76644897460938,122.37000274658203,14.964247703552246
2018-06-05,242.47872924804688,165.80581665039062,38.475791931152344,58.07619857788086,94.44659423828125,83.50464630126953,85.82626342773438,122.8499984741211,14.989607810974121
2018-06-06,244.50599670410156,166.7731475830078,39.05575942993164,58.214603424072266,93.68128204345703,83.16839599609375,85.5120849609375,122.91999816894531,15.040334701538086
2018-06-07,244.47952270507812,165.41700744628906,38.459228515625,58.214603424072266,94.5886001586914,83.52098846435547,85.79635620117188,122.86000061035156,15.099515914916992
2018-06-08,245.2023468017578,165.42654418945312,38.384666442871094,58.42585372924805,94.30455780029297,83.40621185302734,85.65421295166016,123.01000213623047,15.09106159210205
2018-06-11,245.5284881591797,165.8722381591797,38.384666442871094,58.338443756103516,94.13101196289062,83.32421112060547,85.57189178466797,123.2300033569336,15.08260726928711
2018-06-12,245.84580993652344,166.74472045898438,38.28524398803711,58.688114166259766,94.15467834472656,83.27503967285156,85.57941436767578,122.81999969482422,15.074153900146484
2018-06-13,245.0613250732422,166.73519897460938,38.02840805053711,57.544376373291016,94.10735321044922,83.17662048339844,85.49712371826172,123.19000244140625,15.133334159851074
2018-06-14,245.67828369140625,168.4232635498047,37.77157211303711,58.09075927734375,94.888427734375,83.43899536132812,85.88612365722656,123.37999725341797,14.964247703552246
2018-06-15,245.3648681640625,167.8352813720703,37.47331237792969,58.05434799194336,94.97516632080078,83.50464630126953,85.76644897460938,121.33999633789062,14.600708961486816
2018-06-18,244.86026000976562,167.73837280273438,37.01763153076172,58.07052993774414,94.888427734375,83.54561614990234,85.6766586303711,121.11000061035156,14.727523803710938
2018-06-19,243.92172241210938,167.26318359375,36.609004974365234,58.01167297363281,95.44065856933594,83.76702117919922,85.7215347290039,120.80000305175781,14.57534408569336
2018-06-20,244.3378143310547,168.45106506347656,36.767459869384766,58.6587028503418,94.60440063476562,83.49639892578125,85.2427749633789,120.26000213623047,14.558435440063477
2018-06-21,242.8060760498047,166.98757934570312,36.25042724609375,58.9381103515625,95.10145568847656,83.71781158447266,85.17546844482422,120.05000305175781,14.448529243469238
2018-06-22,243.24880981445312,166.6168975830078,36.62568664550781,59.40131759643555,95.09351348876953,83.73424530029297,85.28013610839844,120.33999633789062,14.735978126525879
2018-06-25,239.93740844726562,162.8629913330078,36.13368225097656,59.24692153930664,95.30657196044922,83.84903717041016,85.19789123535156,119.88999938964844,14.566888809204102
2018-06-26,240.46871948242188,163.52821350097656,35.99191665649414,59.438079833984375,95.44065856933594,83.89004516601562,85.4821548461914,119.26000213623047,14.710614204406738
2018-06-27,238.47659301757812,161.3043975830078,35.29975128173828,59.210147857666016,96.34009552001953,84.2098617553711,85.77389526367188,118.58000183105469,14.786704063415527
2018-06-28,239.8401336669922,162.69195556640625,35.599971771240234,59.739532470703125,96.36376953125,84.12785339355469,85.66166687011719,118.22000122070312,14.778249740600586
2018-06-29,240.18539428710938,163.1291046142578,36.13368225097656,59.8865852355957,96.03240203857422,84.06222534179688,85.7065658569336,118.6500015258789,14.94733715057373
2018-07-02,240.6988525390625,164.22201538085938,35.77509307861328,59.555728912353516,95.95728302001953,84.00473022460938,85.71784973144531,117.45999908447266,14.634525299072266
2018-07-03,239.848876953125,162.3212890625,35.80010986328125,60.00423049926758,96.47127532958984,84.21834564208984,86.03299713134766,118.6500015258789,14.6176176071167
2018-07-05,241.80564880371094,164.3360595703125,35.7083740234375,60.717430114746094,96.74800872802734,84.2265625,86.30309295654297,119.05000305175781,14.702159881591797
2018-07-06,243.8508758544922,166.89247131347656,36.20039367675781,61.04094314575195,97.06431579589844,84.30054473876953,86.42314910888672,118.86000061035156,14.769793510437012
2018-07-09,246.04653930664062,168.3941192626953,36.8508415222168,60.55565643310547,96.43965148925781,84.08689880371094,86.483154296875,119.1500015258789,14.8458833694458
2018-07-10,246.93191528320312,168.51763916015625,36.767459869384766,60.680660247802734,96.43172454833984,84.0211410522461,86.3856201171875,118.93000030517578,14.812067985534668
2018-07-11,245.12571716308594,167.66232299804688,36.05028533935547,60.48212814331055,96.80339050292969,84.19368743896484,86.5582046508789,117.63999938964844,14.296348571777344
2018-07-12,247.3480987548828,170.5514373779297,36.542301177978516,60.665958404541016,96.79544830322266,84.16082763671875,86.74583435058594,118.12999725341797,14.372440338134766
2018-07-13,247.5428466796875,170.6939239501953,36.567325592041016,60.48212814331055,97.04059600830078,84.30054473876953,86.81330871582031,117.61000061035156,14.39780330657959
2018-07-16,247.32156372070312,170.28530883789062,36.36716842651367,60.15864562988281,96.6373291015625,84.16082763671875,86.67076873779297,117.55000305175781,14.093445777893066
2018-07-17,248.3219757080078,171.32118225097656,36.634029388427734,59.76158905029297,96.45545959472656,84.11155700683594,86.61071014404297,116.27999877929688,14.110353469848633
2018-07-18,248.8443603515625,170.9980010986328,36.59233093261719,59.49689483642578,96.06800079345703,84.04586791992188,86.59568786621094,116.30999755859375,14.237170219421387
2018-07-19,247.90589904785156,170.1427764892578,36.14201736450195,60.19539260864258,96.67686462402344,84.27586364746094,86.73075866699219,115.80999755859375,14.220260620117188
2018-07-20,247.62258911132812,170.10472106933594,36.65904235839844,59.61454391479492,95.49075317382812,83.98008728027344,86.47567749023438,116.55999755859375,14.3217134475708
2018-07-23,248.08294677734375,170.64642333984375,36.417213439941406,59.48954391479492,94.3125228881836,83.5693130493164,86.13048553466797,116.0,14.372440338134766
2018-07-24,249.3312530517578,171.34974670410156,36.95092010498047,59.188087463378906,94.63671112060547,83.62683868408203,86.40062713623047,116.04000091552734,14.448529243469238
2018-07-25,251.45628356933594,173.74464416503906,37.55133819580078,59.658653259277344,94.48651123046875,83.5693130493164,86.51319885253906,116.68000030517578,14.642977714538574
2018-07-26,250.86300659179688,171.1121368408203,37.13438415527344,59.85718536376953,94.30457305908203,83.47894287109375,86.59568786621094,115.7699966430664,14.642977714538574
2018-07-27,249.16310119628906,168.80274963378906,37.26780700683594,59.21752166748047,94.46279907226562,83.61035919189453,86.70825958251953,115.83000183105469,14.5837984085083
2018-07-30,247.86163330078125,166.41738891601562,37.209434509277344,59.25426483154297,94.13856506347656,83.50357818603516,86.58821105957031,115.6500015258789,14.668343544006348
2018-07-31,249.08348083496094,167.69081115722656,37.40957260131836,60.246864318847656,94.65254974365234,83.61859130859375,86.85834503173828,115.98999786376953,14.5837984085083
2018-08-01,248.66732788085938,168.32754516601562,37.07600402832031,60.67329788208008,93.88142395019531,83.42101287841797,86.55204772949219,115.13999938964844,14.372440338134766
2018-08-02,250.0219268798828,170.61795043945312,36.5839958190918,60.4306640625,94.01615905761719,83.51979064941406,86.65743255615234,114.5199966430664,14.45698356628418
2018-08-03,251.09329223632812,171.14060974121094,36.86751937866211,61.085060119628906,94.48375701904297,83.73387145996094,86.92833709716797,114.91999816894531,14.507708549499512
2018-08-06,252.01397705078125,172.1480255126953,36.5839958190918,61.00419235229492,94.53924560546875,83.77501678466797,87.0111083984375,114.33000183105469,14.533071517944336
2018-08-07,252.84629821777344,172.7752227783203,36.959259033203125,60.893898010253906,94.04786682128906,83.60211181640625,86.74018096923828,114.58999633789062,14.642977714538574
2018-08-08,252.7399444580078,172.9843292236328,36.909217834472656,60.54096984863281,94.1429672241211,83.67622375488281,86.60472106933594,114.91000366210938,14.465437889099121
2018-08-09,252.39471435546875,172.8798065185547,36.80081558227539,60.57038497924805,94.93550872802734,83.90670013427734,86.6724624633789,114.73999786376953,14.406257629394531
2018-08-10,250.70370483398438,171.55877685546875,36.01692581176758,60.10717010498047,95.62493896484375,84.2689208984375,86.81543731689453,114.69000244140625,14.406257629394531
2018-08-13,249.76515197753906,171.36868286132812,35.42484664916992,59.989524841308594,95.42681121826172,84.24421691894531,86.79285430908203,112.95999908447266,14.330170631408691
2018-08-14,251.3588409423828,172.44264221191406,35.641666412353516,60.283626556396484,95.21281433105469,84.16190338134766,86.9057846069336,113.06999969482422,14.355528831481934
2018-08-15,249.48187255859375,170.33282470703125,34.61595153808594,60.746829986572266,95.76761627197266,84.3676986694336,87.08638000488281,111.19000244140625,14.042719841003418
2018-08-16,251.50051879882812,170.8935546875,34.832763671875,61.23945617675781,95.75970458984375,84.34298706054688,87.19924926757812,111.0999984741211,14.15262508392334
2018-08-17,252.38587951660156,170.93148803710938,35.199684143066406,61.80558395385742,95.87858581542969,84.37590789794922,87.27449798583984,112.12999725341797,14.211806297302246
2018-08-20,252.92601013183594,170.77944946289062,35.35813522338867,61.84971618652344,96.5205078125,84.63933563232422,87.50028228759766,112.69000244140625,14.237170219421387
2018-08-21,253.51913452148438,171.40673828125,35.80844497680664,61.474735260009766,96.195556640625,84.52406311035156,87.28204345703125,113.0199966430664,14.262532234191895
2018-08-22,253.36863708496094,172.07199096679688,36.09197998046875,61.1291618347168,96.57598876953125,84.68046569824219,87.27449798583984,113.2699966430664,14.465437889099121
2018-08-23,253.03221130371094,171.8249053955078,35.508243560791016,60.97475814819336,96.72657775878906,84.6722640991211,87.30462646484375,112.19999694824219,14.44007396697998
2018-08-24,254.55508422851562,173.42152404785156,36.16703414916992,61.33503341674805,96.916748046875,84.69700622558594,87.47765350341797,114.16000366210938,14.549981117248535
2018-08-27,256.5649108886719,175.18914794921875,36.68406295776367,61.11445999145508,96.36197662353516,84.50762176513672,87.34224700927734,114.58999633789062,14.600708961486816
2018-08-28,256.6888122558594,175.4457550048828,36.55064392089844,61.93794250488281,95.78347778320312,84.31834411621094,87.0111083984375,113.68000030517578,14.54152774810791
2018-08-29,258.07000732421875,177.4700469970703,36.775794982910156,61.95263671875,95.91029357910156,84.29361724853516,86.92081451416016,114.19999694824219,14.702159881591797
2018-08-30,257.0252685546875,177.1563720703125,35.8167839050293,61.555606842041016,96.1163330078125,84.44998168945312,87.00359344482422,113.63999938964844,14.676797866821289
2018-08-31,257.0341796875,177.3844757080078,36.000240325927734,61.79827117919922,95.8944091796875,84.46647644042969,86.87562561035156,113.51000213623047,14.693704605102539
2018-09-04,256.5914306640625,176.62423706054688,35.29975128173828,61.06300354003906,95.33995819091797,84.2734603881836,86.71563720703125,112.93000030517578,14.609163284301758
2018-09-05,255.9007110595703,174.34335327148438,34.79107666015625,61.41591262817383,95.08580780029297,84.26521301269531,86.66282653808594,113.31999969482422,14.549981117248535
2018-09-06,255.13052368164062,172.78475952148438,34.824424743652344,61.592369079589844,95.43528747558594,84.43844604492188,86.90431213378906,113.54000091552734,14.465437889099121
2018-09-07,254.63473510742188,172.11947631835938,34.64931106567383,60.923301696777344,94.62510681152344,84.05899810791016,86.54203033447266,113.2300033569336,14.49925422668457
2018-09-10,255.07736206054688,172.69923400878906,34.307395935058594,61.19532775878906,94.97459411621094,84.10848999023438,86.82884216308594,113.1500015258789,14.549981117248535
2018-09-11,255.91851806640625,174.02975463867188,34.382450103759766,61.18798828125,94.25180053710938,83.80329132080078,86.63262939453125,113.22000122070312,14.693704605102539
2018-09-12,255.98056030273438,173.5165252685547,34.55757141113281,61.21739959716797,94.47419738769531,83.9023208618164,86.80618286132812,114.16999816894531,14.795157432556152
2018-09-13,257.4944763183594,175.36972045898438,35.024566650390625,61.51883316040039,94.61714935302734,83.8940200805664,86.98735046386719,113.76000213623047,14.634525299072266
2018-09-14,257.53875732421875,174.85655212402344,34.99120330810547,61.1291618347168,94.16443634033203,83.7373275756836,86.8816909790039,113.0199966430664,14.54152774810791
2018-09-17,256.17535400390625,172.33807373046875,34.6743278503418,61.32768630981445,94.16443634033203,83.75379180908203,86.82884216308594,113.61000061035156,14.524618148803711
2018-09-18,257.56536865234375,173.7635955810547,35.00789260864258,61.03358459472656,93.17948913574219,83.40743255615234,86.47408294677734,113.44000244140625,14.65988826751709
2018-09-19,257.8397521972656,173.6305389404297,35.4915657043457,60.32038879394531,92.6235122680664,83.26715087890625,86.34571075439453,113.87999725341797,14.752886772155762
2018-09-20,259.9292907714844,175.55032348632812,35.88350296020508,60.88654327392578,93.05240631103516,83.27537536621094,86.57220458984375,114.2699966430664,14.752886772155762
2018-09-21,259.69183349609375,174.59046936035156,36.05028533935547,60.86446762084961,93.0126724243164,83.30841064453125,86.58728790283203,113.48999786376953,14.786704063415527
2018-09-24,258.8291015625,175.0760040283203,35.641666412353516,59.771484375,92.77439880371094,83.2176742553711,86.39104461669922,113.47000122070312,15.00651741027832
2018-09-25,258.5890197753906,175.3140411376953,35.78342819213867,59.77894973754883,92.6791000366211,83.13516235351562,86.39104461669922,113.6500015258789,15.040334701538086
2018-09-26,257.815185546875,175.43780517578125,35.858489990234375,59.063201904296875,93.33043670654297,83.40743255615234,86.7005386352539,113.05000305175781,14.972698211669922
2018-09-27,258.53564453125,176.9230194091797,36.03360366821289,59.34651565551758,93.39392852783203,83.40743255615234,86.81373596191406,112.05000305175781,15.040334701538086
2018-09-28,258.5622863769531,176.88490295410156,35.79176330566406,60.15171813964844,93.14772033691406,83.44862365722656,86.75335693359375,112.76000213623047,15.192514419555664
2018-10-01,259.46051025390625,177.2467041015625,35.80010986328125,59.592552185058594,92.46389770507812,83.23704528808594,86.63370513916016,112.56999969482422,15.479961395263672
2018-10-02,259.30938720703125,176.84683227539062,35.34979248046875,59.45836639404297,93.02912139892578,83.45194244384766,86.70941925048828,113.87000274658203,15.53069019317627
2018-10-03,259.4516906738281,177.03726196289062,35.05792236328125,58.824615478515625,91.41307067871094,82.83206176757812,86.20213317871094,113.41999816894531,15.674413681030273
2018-10-04,257.423828125,173.63836669921875,34.182308197021484,58.332576751708984,90.76824951171875,82.6171646118164,85.84628295898438,113.4800033569336,15.505326271057129
2018-10-05,255.98306274414062,171.51527404785156,34.057228088378906,58.302730560302734,89.98812866210938,82.41878509521484,85.51314544677734,113.80000305175781,15.471508026123047
2018-10-08,255.98306274414062,170.4679412841797,34.10725021362305,59.145225524902344,89.68563079833984,82.45184326171875,85.42229461669922,112.54000091552734,15.429235458374023
2018-10-09,255.60964965820312,171.02017211914062,33.982173919677734,59.22722244262695,90.59310150146484,82.60889434814453,85.66455841064453,112.5999984741211,15.539143562316895
2018-10-10,247.51605224609375,163.49884033203125,32.9731330871582,58.34747314453125,90.34630584716797,82.6502456665039,85.42985534667969,112.87999725341797,15.234786987304688
2018-10-11,242.06417846679688,161.47093200683594,32.639556884765625,56.67742156982422,91.4449234008789,82.98910522460938,85.78570556640625,115.77999877929688,15.00651741027832
2018-10-12,245.4261016845703,165.96473693847656,33.59857177734375,56.52830505371094,91.12650299072266,82.889892578125,85.80087280273438,115.2300033569336,15.1248779296875
2018-10-15,244.0475311279297,163.95579528808594,33.23997497558594,56.90854263305664,91.08670043945312,82.93951416015625,85.64189910888672,116.0,15.158695220947266
2018-10-16,249.38375854492188,168.7256317138672,34.07390594482422,58.07907485961914,91.29366302490234,82.93126678466797,85.86144256591797,115.80000305175781,15.226332664489746
2018-10-17,249.42831420898438,168.7923126220703,33.656944274902344,57.85540008544922,90.75234985351562,82.69153594970703,85.43741607666016,115.79000091552734,15.09106159210205
2018-10-18,245.82632446289062,164.8793182373047,32.77299118041992,57.743560791015625,90.72049713134766,82.84029388427734,85.43741607666016,115.91999816894531,14.921972274780273
2018-10-19,245.69288635253906,164.7269744873047,33.0815315246582,58.24308395385742,90.52149200439453,82.74115753173828,85.33141326904297,116.01000213623047,15.00651741027832
2018-10-22,244.5901336669922,165.5743408203125,33.44012451171875,57.430419921875,90.40204620361328,82.75770568847656,85.22540283203125,115.70999908447266,15.023426055908203
2018-10-23,243.34487915039062,164.9650421142578,33.07320022583008,57.68392562866211,90.68862915039062,82.97254180908203,85.34659576416016,116.38999938964844,14.693704605102539
2018-10-24,235.97198486328125,157.4150848388672,32.005775451660156,58.22816848754883,91.37328338623047,83.41890716552734,85.46774291992188,116.66000366210938,14.592252731323242
2018-10-25,240.205322265625,162.86099243164062,32.62287902832031,58.973731994628906,90.99116516113281,83.22052764892578,85.36170959472656,116.4000015258789,14.651432037353516
2018-10-26,235.9807891845703,158.67181396484375,32.24761962890625,57.557159423828125,91.5404281616211,83.5924301147461,85.5055923461914,116.7699966430664,14.761340141296387
2018-10-29,234.67337036132812,155.40623474121094,31.688894271850586,58.28781509399414,91.33345794677734,83.58418273925781,85.40715789794922,116.30999755859375,14.609163284301758
2018-10-30,238.15087890625,157.96734619140625,32.30599594116211,59.085575103759766,90.87969970703125,83.40235137939453,85.21785736083984,115.80000305175781,14.533071517944336
2018-10-31,240.6945037841797,161.6803741455078,32.6562385559082,58.392189025878906,90.41802215576172,83.19573974609375,84.9755630493164,115.1500015258789,14.338621139526367
2018-11-01,243.2559356689453,163.81297302246094,33.82373046875,58.66807174682617,90.50178527832031,83.26692962646484,85.23307800292969,116.62999725341797,14.237170219421387
2018-11-02,241.8151397705078,161.26148986816406,34.0405387878418,58.183441162109375,89.37659454345703,82.8030776977539,84.89128112792969,116.6500015258789,14.203351020812988
2018-11-05,243.14930725097656,160.86160278320312,34.13227462768555,59.048282623291016,89.72771453857422,82.85277557373047,85.04319763183594,116.37000274658203,14.194897651672363
2018-11-06,244.68795776367188,162.0802459716797,34.07390594482422,59.34651565551758,89.67184448242188,82.7616958618164,85.18748474121094,116.04000091552734,14.13571548461914
2018-11-07,249.92636108398438,167.164306640625,34.71602249145508,60.054813385009766,89.79154205322266,82.7616958618164,85.4078140258789,116.02999877929688,14.101900100708008
2018-11-08,249.47280883789062,166.09800720214844,33.81538009643555,60.09952926635742,89.78355407714844,82.64569854736328,85.15714263916016,115.77999877929688,14.017354965209961
2018-11-09,247.03590393066406,163.2989044189453,33.18994140625,60.09207534790039,90.45386505126953,82.96878051757812,85.21788024902344,114.4800033569336,13.865177154541016
2018-11-12,242.41995239257812,158.35768127441406,32.72295379638672,60.21138000488281,91.04444122314453,83.21723937988281,85.21026611328125,113.66000366210938,13.831358909606934
2018-11-13,241.96632385253906,158.4909210205078,33.09821701049805,60.15171813964844,90.98857116699219,83.28350067138672,85.09635925292969,113.69999694824219,13.450913429260254
2018-11-14,240.3120880126953,157.28179931640625,33.29835510253906,60.002628326416016,91.04444122314453,83.45745849609375,84.86844635009766,114.63999938964844,13.569273948669434
2018-11-15,242.8201904296875,160.0332794189453,34.0405387878418,59.592552185058594,91.00450897216797,83.51539611816406,84.70893096923828,114.7699966430664,13.543910026550293
2018-11-16,243.45167541503906,159.47157287597656,34.10725021362305,60.233734130859375,91.53118896484375,83.77220153808594,84.87605285644531,115.62000274658203,13.62845516204834
2018-11-19,239.33380126953125,154.29232788085938,33.648597717285156,60.315738677978516,91.78654479980469,83.89644622802734,84.79248809814453,115.66999816894531,13.62845516204834
2018-11-20,234.90460205078125,151.53131103515625,32.923095703125,59.69694137573242,91.8184814453125,83.87992858886719,84.58737182617188,115.66999816894531,13.214190483093262
2018-11-21,235.70504760742188,152.68331909179688,33.5318489074707,59.749107360839844,91.78654479980469,83.86334991455078,84.76971435546875,115.86000061035156,13.3240966796875
2018-11-23,234.13087463378906,151.57894897460938,33.13991165161133,59.62982177734375,91.8823013305664,83.91302490234375,84.80767822265625,115.7699966430664,12.935195922851562
2018-11-26,237.91078186035156,155.08253479003906,33.54853057861328,59.741668701171875,91.67488098144531,83.84675598144531,84.84564971923828,115.63999938964844,12.994376182556152
2018-11-27,238.7112274169922,155.606201171875,33.782020568847656,59.99514389038086,91.7785873413086,83.92958068847656,84.73932647705078,114.94999694824219,12.943650245666504
2018-11-28,244.2075958251953,160.614013671875,34.5909309387207,60.531959533691406,91.33174133300781,83.9212875366211,84.96717071533203,115.37999725341797,12.90137767791748
2018-11-29,243.6740264892578,160.09042358398438,34.29071807861328,60.54685974121094,91.69078826904297,84.13665008544922,84.72410583496094,115.73999786376953,12.985921859741211
2018-11-30,245.1592559814453,161.251953125,34.25736618041992,61.12095260620117,92.03395080566406,84.3022689819336,84.67095184326172,115.54000091552734,12.926741600036621
2018-12-03,248.4055633544922,164.07008361816406,34.94951629638672,61.4489860534668,92.6874008178711,84.48657989501953,84.98567199707031,116.41000366210938,13.222644805908203
2018-12-04,240.35658264160156,157.7769012451172,34.20732879638672,60.539390563964844,94.23914337158203,84.87667846679688,85.00091552734375,117.12000274658203,13.231099128723145
2018-12-06,239.99185180664062,158.89083862304688,33.89043426513672,62.037986755371094,94.53511047363281,85.09246063232422,85.25999450683594,117.13999938964844,13.12119197845459
2018-12-07,234.41552734375,153.6448974609375,33.25666046142578,61.225341796875,94.71107482910156,85.34146118164062,85.26765441894531,118.08999633789062,13.273369789123535
2018-12-10,234.86016845703125,155.25393676757812,32.90641403198242,60.83018112182617,95.10299682617188,85.39130401611328,85.52674865722656,117.68000030517578,13.06201171875
2018-12-11,234.9135284423828,155.76806640625,33.15658950805664,60.859989166259766,95.08702087402344,85.17544555664062,85.67914581298828,117.54000091552734,13.138100624084473
2018-12-12,236.0963897705078,157.1389923095703,33.698638916015625,59.92059326171875,94.6631088256836,84.94304656982422,85.7706298828125,117.79000091552734,13.09582805633545
2018-12-13,236.01638793945312,157.18658447265625,33.69029998779297,60.266902923583984,94.43914794921875,84.99288177490234,85.99922943115234,117.52999877929688,13.264915466308594
2018-12-14,231.65834045410156,153.35928344726562,33.21495819091797,60.09337615966797,94.76703643798828,85.12566375732422,85.9078140258789,117.05999755859375,13.06201171875
2018-12-17,227.11361694335938,149.8842315673828,32.90641403198242,57.82997131347656,95.31896209716797,85.3746566772461,85.99922943115234,117.87000274658203,12.909832000732422
2018-12-18,226.86460876464844,150.82681274414062,33.12987518310547,58.42599868774414,95.88983154296875,85.58507537841797,86.30657196044922,118.1500015258789,12.639291763305664
2018-12-19,223.46713256835938,147.1232147216797,32.579689025878906,57.78468322753906,97.15657806396484,85.88450622558594,86.23775482177734,117.43000030517578,12.690019607543945
2018-12-20,219.8295440673828,144.99057006835938,32.8336296081543,56.91706848144531,96.80382537841797,85.7763900756836,85.95486450195312,119.23999786376953,12.57165813446045
2018-12-21,215.32534790039062,140.49685668945312,32.60507583618164,56.124881744384766,96.78775024414062,85.85123443603516,85.87080383300781,118.72000122070312,12.461750984191895
2018-12-24,209.63583374023438,137.01280212402344,32.300357818603516,54.12553405761719,97.2688217163086,86.06751251220703,85.67205047607422,120.0199966430664,12.323866844177246
2018-12-26,220.2276611328125,145.5677490234375,32.94365310668945,55.936241149902344,96.22655487060547,85.65994262695312,85.6032485961914,119.66000366210938,12.597921371459961
2018-12-27,221.91842651367188,146.1310577392578,32.90133285522461,55.92870330810547,96.24259948730469,85.876220703125,85.6032485961914,120.56999969482422,12.478022575378418
2018-12-28,221.6321258544922,146.05470275878906,33.21452713012695,56.10977554321289,97.0523681640625,86.34195709228516,86.00837707519531,121.05999755859375,12.375252723693848
2018-12-31,223.57339477539062,147.28636169433594,33.062164306640625,56.260658264160156,97.42115783691406,86.66634368896484,86.2453842163086,121.25,12.40950870513916
2019-01-02,223.8059844970703,147.8783721923828,33.14680099487305,55.03841781616211,97.93429565429688,86.84935760498047,86.51293182373047,121.33000183105469,12.443764686584473
2019-01-03,218.46531677246094,143.04710388183594,32.54582977294922,55.4232177734375,99.0487289428711,87.53966522216797,86.55117797851562,122.43000030517578,12.54653549194336
2019-01-04,225.78297424316406,149.1672821044922,33.59541320800781,56.072059631347656,97.90225219726562,86.83269500732422,86.49762725830078,121.44000244140625,12.71782112121582
2019-01-07,227.56320190429688,150.94320678710938,33.671600341796875,56.6228141784668,97.61358642578125,86.59150695800781,86.50527954101562,121.86000061035156,12.812026023864746
2019-01-08,229.70123291015625,152.30856323242188,33.79856491088867,57.7922477722168,97.35704040527344,86.3752212524414,86.6964111328125,121.52999877929688,12.9404878616333
2019-01-09,230.77474975585938,153.54986572265625,34.399539947509766,57.709251403808594,97.20469665527344,86.42511749267578,87.02510833740234,122.30999755859375,13.197413444519043
2019-01-10,231.58880615234375,153.98902893066406,34.6450080871582,58.49388885498047,96.57931518554688,86.3835678100586,86.79578399658203,121.58999633789062,13.16315746307373
2019-01-11,231.67822265625,153.42568969726562,34.475730895996094,58.659881591796875,96.95616912841797,86.64141845703125,86.956298828125,121.80000305175781,13.120336532592773
2019-01-14,230.2648468017578,152.06991577148438,34.18793869018555,58.463714599609375,96.59539031982422,86.59150695800781,86.72696685791016,122.08999633789062,13.009002685546875
2019-01-15,232.90386962890625,155.03929138183594,34.42493438720703,59.02203369140625,96.24259948730469,86.50833129882812,86.78048706054688,121.87999725341797,13.111772537231445
2019-01-16,233.46743774414062,155.0106201171875,34.8481559753418,59.43696975708008,96.33877563476562,86.45841217041016,86.94869232177734,122.2699966430664,13.180286407470703
2019-01-17,235.2386932373047,156.23280334472656,35.00051498413086,59.72368621826172,96.36283874511719,86.30036926269531,87.12454223632812,122.11000061035156,13.188849449157715
2019-01-18,238.3697052001953,157.779541015625,35.16980743408203,59.92739486694336,95.85770416259766,86.0259017944336,87.27737426757812,121.0199966430664,13.32587718963623
2019-01-22,235.14923095703125,154.6191864013672,34.56037521362305,59.746307373046875,96.50719451904297,86.32537841796875,87.42263793945312,121.44999694824219,13.231671333312988
2019-01-23,235.64125061035156,154.81964111328125,34.91587829589844,59.753849029541016,96.46705627441406,86.28373718261719,87.64433288574219,121.27999877929688,13.214543342590332
2019-01-24,235.7664794921875,155.8222198486328,35.254459381103516,59.95757293701172,97.10045623779297,86.5582275390625,87.8736572265625,121.08999633789062,13.248800277709961
2019-01-25,237.7614288330078,157.68406677246094,35.720001220703125,60.704498291015625,96.63546752929688,86.3586654663086,87.95008850097656,122.86000061035156,13.317313194274902
2019-01-28,235.954345703125,155.73626708984375,35.34756088256836,61.30052947998047,96.53923034667969,86.3835678100586,87.934814453125,123.29000091552734,13.13746452331543
2019-01-29,235.64125061035156,154.2659149169922,35.406822204589844,61.78337478637695,97.02830505371094,86.63304901123047,88.12590789794922,123.9800033569336,13.2659273147583
2019-01-30,239.37158203125,158.19012451171875,36.17708206176758,62.28132629394531,96.95616912841797,86.83269500732422,88.53106689453125,124.69000244140625,13.36013412475586
2019-01-31,241.47398376464844,160.55796813964844,36.48180389404297,62.93016052246094,97.78997039794922,87.23185729980469,89.15032196044922,124.75,13.291620254516602
2019-02-01,241.59017944335938,159.88009643554688,36.19400405883789,62.530296325683594,97.19932556152344,86.76517486572266,88.93791961669922,124.5,13.411518096923828
2019-02-04,243.28990173339844,161.86607360839844,36.25326156616211,62.99808883666992,96.76542663574219,86.573486328125,88.81522369384766,123.95999908447266,13.420082092285156
2019-02-05,244.3096923828125,163.29823303222656,36.75265884399414,63.360225677490234,97.2074203491211,86.72350311279297,89.17556762695312,124.27999877929688,13.36013412475586
2019-02-06,243.98764038085938,162.811279296875,36.25326156616211,62.945255279541016,97.25559997558594,86.79019165039062,89.00691986083984,123.44000244140625,13.377262115478516
2019-02-07,241.6618194580078,160.62486267089844,35.88928985595703,63.46583938598633,97.89846801757812,87.07356262207031,88.99156951904297,123.73999786376953,13.248800277709961
2019-02-08,241.9569549560547,160.93988037109375,35.686134338378906,63.46583938598633,98.31629180908203,87.19022369384766,89.21392822265625,124.20999908447266,13.2659273147583
2019-02-11,242.09115600585938,160.78712463378906,35.56763458251953,63.63937759399414,97.93062591552734,87.05693054199219,89.01457214355469,123.5999984741211,13.188849449157715
2019-02-12,245.20431518554688,163.1645965576172,35.86389923095703,63.2395133972168,97.6814956665039,86.94020080566406,89.13726806640625,123.86000061035156,13.2659273147583
2019-02-13,246.00051879882812,163.27919006347656,35.609954833984375,63.56391906738281,97.3118667602539,86.72350311279297,88.9072036743164,123.37000274658203,13.343005180358887
2019-02-14,245.45480346679688,163.4796600341797,35.67767333984375,63.76762771606445,97.86631774902344,87.13191223144531,89.00691986083984,124.05999755859375,13.377262115478516
2019-02-15,248.1295623779297,164.1671142578125,35.62688064575195,64.19766235351562,98.01899719238281,87.0485610961914,89.1142807006836,124.80000305175781,13.625624656677246
2019-02-19,248.55902099609375,164.49171447753906,35.90621566772461,64.18257904052734,98.26807403564453,87.19857788085938,89.16790771484375,126.69999694824219,13.659880638122559
2019-02-20,249.05996704101562,164.4630889892578,36.10935974121094,63.7827262878418,97.98686218261719,87.18189239501953,89.09124755859375,126.4800033569336,13.702701568603516
2019-02-21,248.17425537109375,163.86160278320312,36.0331916809082,63.84307098388672,97.11093139648438,86.92354583740234,88.83821105957031,125.05000305175781,13.745522499084473
2019-02-22,249.71295166015625,165.07423400878906,36.43101501464844,64.22032165527344,97.68953704833984,87.18189239501953,89.23692321777344,125.5,13.779780387878418
2019-02-25,250.0529022216797,165.67568969726562,36.83730697631836,63.71480941772461,97.40021514892578,87.0485610961914,89.20623779296875,125.37000274658203,13.574237823486328
2019-02-26,249.87405395507812,165.8475799560547,36.71033477783203,63.518680572509766,97.88238525390625,87.30696105957031,89.34428405761719,125.58000183105469,13.634186744689941
2019-02-27,249.76669311523438,165.7425079345703,36.397159576416016,63.2017822265625,96.77342224121094,86.99852752685547,89.09124755859375,124.69000244140625,13.702701568603516
2019-02-28,249.30149841308594,165.36062622070312,35.92314529418945,63.367774963378906,96.4439926147461,86.77352905273438,88.96856689453125,123.98999786376953,13.668444633483887
2019-03-01,250.85806274414062,166.50633239746094,35.9654655456543,63.171607971191406,95.55257415771484,86.48876953125,88.81320190429688,121.87999725341797,13.514288902282715
2019-03-04,249.94564819335938,166.53497314453125,36.01625442504883,63.458282470703125,96.30142211914062,86.7559585571289,89.01319122314453,121.55999755859375,13.557109832763672
2019-03-05,249.60565185546875,166.65914916992188,36.37176513671875,63.63182067871094,96.50274658203125,86.80607604980469,89.04393768310547,121.72000122070312,13.625624656677246
2019-03-06,248.09381103515625,165.7138671875,36.168617248535156,63.33759307861328,96.85710144042969,87.04826354980469,89.1285629272461,121.61000061035156,13.548545837402344
2019-03-07,246.01844787597656,163.68017578125,35.49992370605469,63.2017822265625,97.48519897460938,87.34053039550781,89.42080688476562,121.51000213623047,13.514288902282715
2019-03-08,245.5263671875,163.43191528320312,35.24598693847656,63.26967239379883,97.89590454101562,87.4657974243164,89.53620910644531,122.83999633789062,13.505725860595703
2019-03-11,249.08682250976562,166.8309783935547,35.90621566772461,64.19766235351562,97.60599517822266,87.39900207519531,89.63617706298828,122.23999786376953,13.52285385131836
2019-03-12,250.0260009765625,167.74758911132812,36.092437744140625,64.4919204711914,98.29044342041016,87.64115142822266,89.8823013305664,122.9800033569336,13.608495712280273
2019-03-13,251.68109130859375,169.0079345703125,36.1347541809082,64.80879211425781,98.10527801513672,87.60777282714844,89.73617553710938,123.83999633789062,13.694136619567871
2019-03-14,251.52011108398438,168.7214813232422,35.94007110595703,64.90689086914062,97.39661407470703,87.48250579833984,89.55928802490234,122.41000366210938,13.634186744689941
2019-03-15,252.76266479492188,170.28733825683594,36.46487808227539,64.70317840576172,98.04084777832031,87.75808715820312,89.8823013305664,122.97000122070312,13.634186744689941
2019-03-18,253.67921447753906,170.69287109375,36.87116622924805,64.37874603271484,97.98445129394531,87.64115142822266,89.83616638183594,123.04000091552734,13.702701568603516
2019-03-19,253.7421417236328,171.2667694091797,36.88809585571289,64.18257904052734,97.76700592041016,87.58265686035156,89.8515625,123.37999725341797,13.736958503723145
2019-03-20,252.9783172607422,171.9459228515625,36.94734573364258,64.37874603271484,98.78974151611328,88.19230651855469,90.459228515625,124.18000030517578,13.839728355407715
2019-03-21,255.8356170654297,174.6337890625,36.998130798339844,65.5255355834961,99.00713348388672,88.15055084228516,90.62837982177734,123.68000030517578,13.77121639251709
2019-03-22,250.91172790527344,170.798095703125,35.91468048095703,65.05022430419922,100.54520416259766,88.80192565917969,91.18218231201172,123.97000122070312,13.65131664276123
2019-03-25,250.72303771972656,170.47286987304688,35.999324798583984,65.13320922851562,100.70625305175781,89.02737426757812,91.36676025390625,124.91999816894531,13.702701568603516
2019-03-26,252.5919647216797,171.2667694091797,36.10935974121094,65.65382385253906,100.6337661743164,88.95223236083984,91.40518951416016,124.30000305175781,13.728394508361816
2019-03-27,251.2710723876953,170.16680908203125,35.720001220703125,65.46516418457031,101.5598373413086,89.21109008789062,91.52828216552734,123.6500015258789,13.65131664276123
2019-03-28,252.22360229492188,170.5589599609375,35.95700454711914,66.10043334960938,101.91412353515625,89.21949005126953,91.64366912841797,121.9000015258789,13.608495712280273
2019-03-29,253.81407165527344,171.8502960205078,36.32943344116211,66.03964233398438,101.81751251220703,89.07745361328125,91.57443237304688,122.01000213623047,13.617059707641602
2019-04-01,256.8240051269531,174.12684631347656,36.93041229248047,66.00164031982422,100.3713150024414,88.46492767333984,91.23343658447266,121.52999877929688,13.745522499084473
2019-04-02,256.94976806640625,174.78680419921875,36.811912536621094,66.46517944335938,100.55693054199219,88.61557006835938,91.35690307617188,121.9800033569336,13.779780387878418
2019-04-03,257.3541259765625,175.7912139892578,37.06585693359375,66.38917541503906,99.68531799316406,88.33943176269531,91.16401672363281,121.80000305175781,13.796906471252441
2019-04-04,258.036865234375,175.72425842285156,37.29438781738281,66.28278350830078,99.9677734375,88.43148040771484,91.31057739257812,122.11000061035156,13.805472373962402
2019-04-05,259.285888671875,176.63291931152344,37.58218002319336,66.74629974365234,100.09693145751953,88.47331237792969,91.4571762084961,121.9800033569336,13.84829330444336
2019-04-08,259.4836120605469,177.08251953125,37.58218002319336,66.37397766113281,99.74180603027344,88.3310775756836,91.32603454589844,122.51000213623047,13.899678230285645
2019-04-09,258.15380859375,176.4607391357422,37.50600051879883,66.02445220947266,100.05656433105469,88.49007415771484,91.51891326904297,123.1500015258789,13.873985290527344
2019-04-10,259.0343933105469,177.40773010253906,37.683753967285156,66.63233184814453,100.2986831665039,88.69926452636719,91.96635437011719,123.52999877929688,13.993884086608887
2019-04-11,258.9625244140625,176.9868621826172,37.27745819091797,66.58675384521484,99.70954132080078,88.49844360351562,91.87376403808594,121.94999694824219,13.925371170043945
2019-04-12,260.71466064453125,177.75210571289062,37.548316955566406,66.90589141845703,98.99937438964844,88.08839416503906,91.81977081298828,121.83000183105469,13.968191146850586
2019-04-15,260.5439147949219,177.78077697753906,37.3536376953125,66.56394958496094,99.2495346069336,88.20557403564453,91.6731948852539,121.5999984741211,13.942498207092285
2019-04-16,260.71466064453125,178.39297485351562,37.632965087890625,65.05941009521484,98.62811279296875,87.90431213378906,91.4186019897461,120.51000213623047,13.89111328125
2019-04-17,260.0766296386719,179.0146942138672,37.74300765991211,64.46672821044922,98.66847229003906,87.9210205078125,91.40318298339844,120.27999877929688,13.839728355407715
2019-04-18,260.5888671875,179.24429321289062,37.717613220214844,64.96061706542969,99.18496704101562,88.1302719116211,91.48030853271484,120.37000274658203,13.882548332214355
2019-04-22,260.81341552734375,179.75123596191406,37.472137451171875,64.24636840820312,98.70880126953125,88.00472259521484,91.33373260498047,120.37000274658203,13.951062202453613
2019-04-23,263.1585998535156,182.03736877441406,37.556785583496094,65.0973892211914,98.91864776611328,88.1637191772461,91.71173858642578,120.12000274658203,13.968191146850586
2019-04-24,262.5746154785156,181.46347045898438,37.048919677734375,65.57612609863281,99.72570037841797,88.49844360351562,92.02033996582031,120.47000122070312,13.9168062210083
2019-04-25,262.412841796875,182.199951171875,36.998130798339844,65.43936157226562,99.58041381835938,88.3896484375,91.97405242919922,120.56999969482422,13.89111328125
2019-04-26,263.6347961425781,182.36253356933594,37.14202880859375,65.9560546875,99.91937255859375,88.62395477294922,92.2980728149414,121.37000274658203,13.728394508361816
2019-04-29,264.0480651855469,182.7165069580078,37.218204498291016,65.31017303466797,99.28178405761719,88.4398422241211,91.93547821044922,120.83000183105469,13.736958503723145
2019-04-30,264.18292236328125,181.30081176757812,37.18434524536133,65.93325805664062,99.79024505615234,88.61557006835938,91.97405242919922,121.19999694824219,13.779780387878418
2019-05-01,262.1971435546875,180.7173309326172,36.90501403808594,65.9864501953125,100.20188903808594,88.5753402709961,91.94462585449219,120.4000015258789,13.736958503723145
2019-05-02,261.63104248046875,179.9329833984375,36.98966598510742,66.05482482910156,99.72471618652344,88.32380676269531,91.61192321777344,119.94000244140625,13.582802772521973
2019-05-03,264.19183349609375,182.8025665283203,37.429813385009766,66.61711883544922,100.00777435302734,88.4411392211914,92.02201080322266,120.6500015258789,13.591367721557617
2019-05-06,263.1047058105469,181.68344116210938,36.659549713134766,66.40437316894531,100.28278350830078,88.66754150390625,92.14583587646484,120.80999755859375,13.634186744689941
2019-05-07,258.7109375,178.14427185058594,35.94007110595703,65.20379638671875,101.05105590820312,88.96940612792969,92.1380844116211,121.20999908447266,13.462904930114746
2019-05-08,258.3515319824219,177.69473266601562,35.88928985595703,65.13540649414062,100.61431884765625,88.8017578125,91.82856750488281,120.91000366210938,13.480031967163086
2019-05-09,257.5697937011719,176.73817443847656,35.32217025756836,65.3025894165039,101.02677154541016,89.0364761352539,91.91370391845703,121.19999694824219,13.411518096923828
2019-05-10,258.8636474609375,176.95819091796875,35.53377914428711,66.00164031982422,100.8893051147461,88.97779083251953,91.9678726196289,121.43000030517578,13.437211036682129
2019-05-13,252.3583526611328,170.8172607421875,34.3487548828125,65.93325805664062,101.68190002441406,89.42214965820312,92.02201080322266,122.66999816894531,13.368698120117188
2019-05-14,254.64059448242188,172.69204711914062,34.831233978271484,66.17640686035156,101.38264465332031,89.33833312988281,92.15354919433594,122.45999908447266,13.548545837402344
2019-05-15,256.1322021484375,175.13119506835938,34.89895248413086,66.6247329711914,102.00536346435547,89.62339782714844,92.40890502929688,122.38999938964844,13.668444633483887
2019-05-16,258.5042419433594,176.89120483398438,34.72965621948242,66.89067077636719,101.66571044921875,89.44735717773438,92.26187133789062,121.51000213623047,13.745522499084473
2019-05-17,256.8329772949219,175.0833740234375,34.103294372558594,66.76150512695312,101.89214324951172,89.48927307128906,92.26959228515625,120.6500015258789,13.617059707641602
2019-05-20,255.1348419189453,172.12770080566406,33.95939636230469,65.79647064208984,101.68190002441406,89.33833312988281,92.05296325683594,120.63999938964844,13.677008628845215
2019-05-21,257.43499755859375,173.92591857910156,34.391075134277344,66.35877227783203,101.52014923095703,89.23772430419922,92.13035583496094,120.36000061035156,13.685572624206543
2019-05-22,256.644287109375,173.15118408203125,34.22178649902344,66.55633544921875,102.10243225097656,89.50601196289062,92.24640655517578,120.23999786376953,13.488595962524414
2019-05-23,253.50845336914062,170.50157165527344,33.78163528442383,66.70832061767578,103.25081634521484,90.05101776123047,92.44757843017578,121.16999816894531,13.205978393554688
2019-05-24,254.0835723876953,170.41552734375,33.81550216674805,66.91349029541016,103.33975982666016,90.02587890625,92.64104461669922,121.30000305175781,13.38582706451416
2019-05-28,251.7203369140625,169.77464294433594,33.933998107910156,66.25241088867188,104.08377838134766,90.41995239257812,92.70288848876953,120.83000183105469,13.497160911560059
2019-05-29,250.03114318847656,168.3781280517578,34.154075622558594,65.37096405029297,104.39920806884766,90.38644409179688,92.7415771484375,120.87000274658203,13.445775032043457
2019-05-30,250.71408081054688,169.0859375,34.34029006958008,65.64452362060547,105.29690551757812,90.71341705322266,93.27552032470703,121.69000244140625,13.308749198913574
2019-05-31,247.3356170654297,166.3885040283203,34.45878601074219,66.02445220947266,106.61512756347656,91.3171157836914,93.49214172363281,123.33000183105469,12.957616806030273
2019-06-03,246.70675659179688,162.72500610351562,34.7719841003418,66.18401336669922,107.32830047607422,91.75646209716797,93.78009033203125,125.11000061035156,12.914795875549316
2019-06-04,252.0618438720703,167.30677795410156,34.8481559753418,65.88764953613281,106.10456848144531,91.42041778564453,93.81116485595703,125.1500015258789,12.991873741149902
2019-06-05,254.2453155517578,168.55029296875,34.56883239746094,67.26300811767578,105.5048599243164,91.42041778564453,93.74903869628906,125.47000122070312,12.726384162902832
2019-06-06,255.8985137939453,169.88941955566406,34.58576583862305,67.3921890258789,105.84529876708984,91.40365600585938,93.92753601074219,125.87999725341797,12.949052810668945
2019-06-07,258.45928955078125,173.17031860351562,34.856624603271484,67.6429443359375,106.76100158691406,91.76488494873047,94.3466567993164,126.58999633789062,12.991873741149902
2019-06-10,259.6453552246094,175.18856811523438,35.22060012817383,67.42257690429688,105.756103515625,91.31118774414062,94.00518798828125,125.33000183105469,12.957616806030273
2019-06-11,259.58245849609375,175.42771911621094,35.61842727661133,67.6049575805664,105.82096099853516,91.31118774414062,94.09053802490234,125.18000030517578,13.043257713317871
2019-06-12,259.12420654296875,174.41378784179688,35.23752975463867,67.83291625976562,105.90194702148438,91.54645538330078,94.23023223876953,125.83000183105469,12.863410949707031
2019-06-13,260.1934509277344,175.4468231201172,35.178279876708984,68.12166595458984,106.26667022705078,91.77328491210938,94.4708480834961,126.5999984741211,13.026130676269531
2019-06-14,259.906005859375,174.7007598876953,34.78890609741211,68.15966796875,106.53411865234375,91.84048461914062,94.5096664428711,126.55999755859375,13.077515602111816
2019-06-17,260.00482177734375,175.75286865234375,34.926231384277344,68.88912963867188,106.72045135498047,91.82369232177734,94.55619812011719,126.4800033569336,13.017565727233887
2019-06-18,262.72723388671875,178.3068389892578,35.77059555053711,68.82073211669922,107.25536346435547,92.00013732910156,95.18489837646484,127.12000274658203,13.171721458435059
2019-06-19,263.3203125,178.97640991210938,36.06911087036133,69.19307708740234,107.40931701660156,92.25215148925781,95.7902603149414,127.88999938964844,13.146029472351074
2019-06-20,265.8360900878906,180.6408233642578,36.59790802001953,69.5426025390625,107.69298553466797,92.40338897705078,96.3102798461914,131.11000061035156,13.411518096923828
2019-06-21,265.4497375488281,180.37294006347656,36.47850799560547,68.56238555908203,106.50975799560547,92.02529907226562,95.96101379394531,131.97999572753906,13.445775032043457
2019-06-24,265.12469482421875,180.37876892089844,36.427330017089844,68.3268051147461,107.30396270751953,92.3445816040039,96.20165252685547,133.94000244140625,13.505725860595703
2019-06-25,262.5244140625,177.28231811523438,36.05204772949219,67.31619262695312,107.6362533569336,92.48735809326172,95.91445922851562,134.1999969482422,13.548545837402344
2019-06-26,262.2626647949219,178.1067352294922,36.393211364746094,65.97124481201172,106.94740295410156,92.10933685302734,95.72039031982422,132.97000122070312,13.617059707641602
2019-06-27,263.19256591796875,178.78741455078125,36.649085998535156,66.82049560546875,107.7010498046875,92.38655853271484,96.27921295166016,132.83999633789062,13.617059707641602
2019-06-28,264.546875,179.01742553710938,36.59790802001953,67.05066680908203,107.62813568115234,92.42858123779297,96.5276107788086,133.1999969482422,13.471468925476074
2019-07-01,266.948486328125,181.43325805664062,37.03288269042969,67.01997375488281,107.37641906738281,92.31237030029297,96.71048736572266,130.6199951171875,13.462904930114746
2019-07-02,267.6437683105469,182.15220642089844,36.9390754699707,68.1860580444336,108.20464324951172,92.64069366455078,96.97516632080078,133.41000366210938,13.240235328674316
2019-07-03,269.7835998535156,183.52308654785156,36.87083435058594,68.99925994873047,108.97602844238281,92.81737518310547,97.23982238769531,133.6300048828125,13.368698120117188
2019-07-05,269.4765930175781,183.14923095703125,36.61497116088867,68.75377655029297,107.53067779541016,92.22826385498047,96.38362121582031,132.13999938964844,13.394391059875488
2019-07-08,267.9959411621094,181.86465454101562,36.393211364746094,68.99925994873047,107.67686462402344,92.13569641113281,96.25125885009766,131.2899932861328,13.377262115478516
2019-07-09,268.3299560546875,182.77536010742188,36.28233337402344,69.22942352294922,107.63626861572266,92.07681274414062,96.0489273071289,131.75,13.420082092285156
2019-07-10,269.61199951171875,184.59678649902344,36.58938217163086,69.62834930419922,107.04348754882812,92.12731170654297,96.26688385009766,133.8300018310547,13.711265563964844
2019-07-11,270.2441101074219,184.4625701904297,36.521141052246094,68.72309875488281,105.61442565917969,91.67279815673828,95.69866180419922,132.6999969482422,13.719829559326172
2019-07-12,271.4540100097656,185.5266571044922,36.54673385620117,68.63104248046875,105.7361831665039,91.77384948730469,95.79203033447266,133.52999877929688,13.754085540771484
2019-07-15,271.5442199707031,186.1210174560547,36.68320083618164,68.57730865478516,106.34521484375,91.96736145019531,95.95552062988281,133.52999877929688,13.608495712280273
2019-07-16,270.66845703125,185.16232299804688,36.63201904296875,68.41622924804688,106.02852630615234,91.76541137695312,95.75313568115234,132.39999389648438,13.462904930114746
2019-07-17,268.82647705078125,184.25169372558594,36.521141052246094,68.1860580444336,107.17341613769531,92.19463348388672,96.25906372070312,134.5800018310547,13.343005180358887
2019-07-18,269.8106994628906,184.4625701904297,36.742897033691406,68.1860580444336,107.1815185546875,92.42185974121094,96.48477935791016,136.47999572753906,13.248800277709961
2019-07-19,268.3118896484375,183.11083984375,36.555259704589844,67.07366180419922,106.9298324584961,92.25350952148438,96.3369140625,134.47000122070312,13.32587718963623
2019-07-22,268.9710388183594,184.56802368164062,36.56379318237305,67.01228332519531,107.1328125,92.29559326171875,96.6326675415039,134.4499969482422,13.283056259155273
2019-07-23,270.8941955566406,185.77590942382812,36.6064338684082,67.77181243896484,106.54818725585938,92.14410400390625,96.6871566772461,133.69000244140625,13.368698120117188
2019-07-24,272.16729736328125,187.07965087890625,36.6661376953125,67.82550048828125,107.0110092163086,92.27877807617188,96.95960235595703,134.3699951171875,13.308749198913574
2019-07-25,270.8670959472656,185.30615234375,36.342037200927734,67.42655944824219,106.49945068359375,92.1188735961914,96.64824676513672,133.4199981689453,13.257363319396973
2019-07-26,272.681884765625,187.21389770507812,36.41879653930664,67.73345184326172,106.75120544433594,92.10202026367188,96.78056335449219,133.63999938964844,13.274493217468262
2019-07-29,272.1852722167969,186.57156372070312,36.35056686401367,67.91756439208984,106.78369140625,92.18621063232422,96.71827697753906,134.52999877929688,13.32587718963623
2019-07-30,271.5172119140625,185.76632690429688,36.06911087036133,68.46227264404297,107.04348754882812,92.22826385498047,96.6871566772461,134.97999572753906,13.402955055236816
2019-07-31,268.5466003417969,183.19715881347656,35.6255989074707,68.19373321533203,107.90416717529297,92.46391296386719,96.77278900146484,133.2100067138672,13.317313194274902
2019-08-01,266.2081298828125,182.28643798828125,34.926231384277344,68.19373321533203,110.04718017578125,93.51268768310547,97.55955505371094,136.41000366210938,12.949052810668945
2019-08-02,264.2037048339844,179.6022491455078,34.585060119628906,68.52363586425781,111.0641860961914,93.70658111572266,97.66105651855469,135.88999938964844,12.966181755065918
2019-08-05,256.2582702636719,173.2560272216797,33.30571746826172,67.17340087890625,112.98430633544922,94.51593780517578,97.73127746582031,137.7899932861328,12.85484790802002
2019-08-06,259.8518371582031,175.68136596679688,33.78334045410156,67.91756439208984,113.88735961914062,94.66765594482422,98.34009552001953,138.91000366210938,12.786333084106445
2019-08-07,260.0052490234375,176.6304473876953,33.936859130859375,68.57730865478516,113.92810821533203,94.66765594482422,98.32449340820312,141.02000427246094,12.623614311218262
2019-08-08,265.1066589355469,180.47459411621094,34.35477828979492,69.78178405761719,114.17219543457031,94.67609405517578,98.58988952636719,141.72999572753906,12.692127227783203
2019-08-09,263.3008728027344,178.77781677246094,34.00509262084961,69.6973876953125,113.94432067871094,94.5328140258789,98.30110168457031,141.25999450683594,12.803461074829102
2019-08-12,260.0956115722656,176.72628784179688,33.595699310302734,69.51325225830078,116.32003784179688,95.13137817382812,98.91768646240234,142.6300048828125,12.70925521850586
2019-08-13,264.1405029296875,180.59921264648438,34.02215576171875,69.61300659179688,115.92143249511719,94.79415130615234,98.83964538574219,141.77999877929688,13.009002685546875
2019-08-14,256.3305358886719,175.20204162597656,33.04131317138672,68.5543212890625,118.53304290771484,95.42644500732422,99.12842559814453,142.75,12.812026023864746
2019-08-15,257.0076599121094,175.00071716308594,33.2630729675293,69.23709106445312,119.85114288330078,96.033447265625,99.61235809326172,143.6999969482422,12.70925521850586
2019-08-16,260.7998962402344,177.80958557128906,33.7236442565918,69.95054626464844,118.89100646972656,95.78053283691406,99.79190063476562,142.77999877929688,12.700691223144531
2019-08-19,263.94195556640625,180.6375732421875,33.860103607177734,70.45687866210938,117.19061279296875,95.3252944946289,99.46406555175781,141.11000061035156,12.760640144348145
2019-08-20,261.91937255859375,179.2379150390625,33.92833709716797,69.95824432373047,118.40282440185547,95.746826171875,100.04168701171875,142.2100067138672,12.794897079467773
2019-08-21,264.05023193359375,180.82931518554688,34.2524299621582,70.24976348876953,117.61365509033203,95.49386596679688,100.22122192382812,141.75999450683594,12.837718963623047
2019-08-22,263.9689636230469,180.24453735351562,33.808929443359375,70.57194519042969,116.83261108398438,95.28309631347656,99.85435485839844,141.39999389648438,12.777770042419434
2019-08-23,257.1882629394531,174.5406036376953,33.30571746826172,69.58233642578125,118.75273895263672,95.92386627197266,100.22122192382812,144.1699981689453,12.683563232421875
2019-08-26,260.032470703125,177.17686462402344,33.484825134277344,70.11933135986328,118.272705078125,95.83112335205078,100.22900390625,144.19000244140625,12.67499828338623
2019-08-27,259.0120849609375,176.80299377441406,33.54452896118164,69.91987609863281,120.09514617919922,96.24419403076172,100.76760864257812,145.57000732421875,12.760640144348145
2019-08-28,260.8359069824219,177.43565368652344,33.63833999633789,70.15003204345703,120.24971771240234,96.27790832519531,100.76760864257812,145.16000366210938,12.871975898742676
2019-08-29,264.16754150390625,180.148681640625,34.01361846923828,70.69473266601562,119.79410552978516,96.09247589111328,100.54906463623047,144.1199951171875,12.906230926513672
2019-08-30,264.05023193359375,179.71728515625,34.27802276611328,70.74840545654297,119.82667541503906,96.11775970458984,100.53340148925781,143.75,12.700691223144531
2019-09-03,262.5063171386719,177.97256469726562,34.064796447753906,71.4542236328125,119.98143005371094,96.32889556884766,100.43870544433594,145.75,12.63217830657959
2019-09-04,265.48583984375,180.54173278808594,34.63624572753906,72.05261993408203,120.16079711914062,96.48087310791016,100.62657165527344,146.66000366210938,12.931925773620605
2019-09-05,268.8987731933594,183.84906005859375,35.0285758972168,71.53092956542969,117.98466491699219,95.70396423339844,99.8908462524414,143.13999938964844,12.914795875549316
2019-09-06,269.1064147949219,183.66688537597656,35.18209457397461,71.69202423095703,118.82417297363281,95.76307678222656,100.25090026855469,141.9199981689453,12.949052810668945
2019-09-09,269.2419128417969,183.28346252441406,35.29297637939453,71.34681701660156,116.71319580078125,95.17195129394531,99.51519775390625,141.38999938964844,13.068951606750488
2019-09-10,269.17877197265625,182.7561798095703,35.31856155395508,70.61031341552734,114.66751861572266,94.47948455810547,98.67771911621094,140.17999267578125,13.086080551147461
2019-09-11,271.0927429199219,184.47215270996094,35.56590270996094,70.68705749511719,114.4637222290039,94.38661193847656,98.59947204589844,141.02999877929688,12.991873741149902
2019-09-12,272.03192138671875,185.2390594482422,35.821773529052734,71.06295776367188,113.71395111083984,94.17547607421875,98.46639251708984,141.32000732421875,12.9404878616333
2019-09-13,271.85125732421875,184.57763671875,36.02647018432617,70.303466796875,111.28506469726562,93.31407928466797,97.58199310302734,140.14999389648438,12.9404878616333
2019-09-16,271.01153564453125,183.753173828125,35.7450065612793,70.91720581054688,112.7032241821289,93.71946716308594,98.07508087158203,141.32000732421875,13.514288902282715
2019-09-17,271.6977844238281,184.6351776123047,35.7450065612793,71.68436431884766,113.31452941894531,93.96436309814453,98.32553100585938,141.60000610351562,13.257363319396973
2019-09-18,271.8602294921875,184.5584259033203,35.60002136230469,71.43885803222656,113.79542541503906,93.9981689453125,98.56819152832031,140.7100067138672,13.171721458435059
2019-09-19,271.84222412109375,184.86517333984375,35.45502471923828,71.69202423095703,114.13768005371094,94.04034423828125,98.84990692138672,141.27999877929688,13.240235328674316
2019-09-20,270.557861328125,182.9095458984375,35.4891471862793,71.69202423095703,115.64556884765625,94.5808334350586,99.53079986572266,142.9499969482422,13.257363319396973
2019-09-23,270.4942321777344,182.99026489257812,35.523258209228516,71.80711364746094,115.62107849121094,94.71592712402344,99.46035766601562,143.75,13.291620254516602
2019-09-24,268.371826171875,180.55999755859375,35.147979736328125,71.64781188964844,117.0147476196289,95.18879699707031,99.77345275878906,144.50999450683594,13.13746452331543
2019-09-25,269.95916748046875,182.5867919921875,35.12239456176758,71.78700256347656,115.3032455444336,94.56394958496094,99.20993041992188,141.8300018310547,13.060386657714844
2019-09-26,269.3968200683594,181.9144287109375,35.113861083984375,72.39019012451172,116.0448989868164,94.76661682128906,99.42123413085938,141.7899932861328,13.060386657714844
2019-09-27,267.94549560546875,179.6570281982422,34.661827087402344,71.98807525634766,116.33011627197266,94.90170288085938,99.4447250366211,141.05999755859375,13.009002685546875
2019-09-30,269.1881408691406,181.36688232421875,34.857994079589844,72.1117935180664,116.61542510986328,94.97772216796875,99.77345275878906,138.8699951171875,12.880539894104004
2019-10-01,265.9861755371094,179.88755798339844,34.61066436767578,71.43126678466797,116.96649932861328,95.24077606201172,99.88804626464844,139.6300048828125,12.871975898742676
2019-10-02,261.2876281738281,176.7945098876953,34.346256256103516,71.12967681884766,117.25228881835938,95.57060241699219,99.84877014160156,141.25999450683594,12.760640144348145
2019-10-03,263.4283142089844,178.73492431640625,34.78976058959961,71.81793212890625,118.32179260253906,96.0696029663086,100.24117279052734,141.89999389648438,12.743511199951172
2019-10-04,266.9930114746094,181.36688232421875,34.94327926635742,72.2509994506836,119.19551086425781,96.25564575195312,100.65709686279297,141.89999389648438,12.846282958984375
2019-10-07,265.841064453125,180.8193359375,34.653289794921875,72.09632873535156,118.20751190185547,95.93428039550781,100.14696502685547,140.69000244140625,12.829153060913086
2019-10-08,261.7139892578125,178.1105194091797,34.40595245361328,71.71739196777344,118.52593994140625,96.13725280761719,100.06066131591797,141.9199981689453,12.820589065551758
2019-10-09,264.1992492675781,179.84918212890625,34.670352935791016,71.85662078857422,117.85637664794922,95.89195251464844,100.09991455078125,142.0500030517578,12.85484790802002
2019-10-10,265.9861755371094,181.2419891357422,35.0285758972168,71.97260284423828,116.10107421875,95.2915267944336,99.5113525390625,140.80999755859375,12.9404878616333
2019-10-11,268.74371337890625,183.5762176513672,35.591487884521484,71.94166564941406,114.6640625,94.64028930664062,99.33087158203125,140.02999877929688,13.094644546508789
2019-10-14,268.4443359375,183.5570068359375,35.437965393066406,71.97260284423828,115.4968490600586,94.90243530273438,99.66043090820312,140.58999633789062,13.03469467163086
2019-10-15,271.10198974609375,185.8911895751953,35.75353240966797,72.06537628173828,114.10070037841797,94.44573211669922,99.3936538696289,139.61000061035156,13.000438690185547
2019-10-16,270.6666564941406,185.4301300048828,35.85588455200195,72.07311248779297,114.2394790649414,94.63182067871094,99.5035171508789,140.41000366210938,13.017565727233887
2019-10-17,271.46490478515625,185.92002868652344,35.99235916137695,72.54484558105469,113.96189880371094,94.5979995727539,99.64478302001953,140.61000061035156,13.068951606750488
2019-10-18,270.2765197753906,184.1333770751953,35.80471420288086,73.10164642333984,113.96189880371094,94.68251037597656,99.77031707763672,140.4600067138672,13.060386657714844
2019-10-21,272.10882568359375,185.7663116455078,36.128814697265625,73.65843963623047,113.10456085205078,94.33578491210938,99.54271697998047,139.7899932861328,13.043257713317871
2019-10-22,271.2200622558594,184.28700256347656,36.15440368652344,73.44190979003906,113.76592254638672,94.5556869506836,99.71537017822266,140.1999969482422,13.060386657714844
2019-10-23,272.00909423828125,184.64247131347656,36.16292190551758,73.60429382324219,113.88026428222656,94.58949279785156,99.77031707763672,140.52999877929688,13.223106384277344
2019-10-24,272.45355224609375,186.43870544433594,36.16292190551758,73.41871643066406,113.65164184570312,94.57263946533203,99.99002838134766,141.52999877929688,13.291620254516602
2019-10-25,273.56915283203125,187.92759704589844,36.41879653930664,72.79232025146484,113.096435546875,94.36964416503906,99.81741333007812,141.86000061035156,13.368698120117188
2019-10-28,275.11126708984375,189.7815399169922,36.63201904296875,72.35150909423828,112.06767272949219,94.01438903808594,99.51921081542969,140.63999938964844,13.317313194274902
2019-10-29,275.029541015625,188.3118133544922,36.44438552856445,72.79232025146484,112.14122009277344,94.0989761352539,99.26022338867188,140.25,13.291620254516602
2019-10-30,275.8731384277344,189.22442626953125,36.6064338684082,73.05525207519531,113.78224182128906,94.5556869506836,99.61338806152344,141.02000427246094,13.205978393554688
2019-10-31,275.138427734375,189.3108367919922,36.31645584106445,72.92378234863281,115.31727600097656,95.15621185302734,100.21759033203125,142.42999267578125,13.128900527954102
2019-11-01,277.6873474121094,191.03030395507812,36.8623046875,72.90833282470703,114.9622802734375,94.97662353515625,100.31599426269531,142.55999755859375,13.368698120117188
2019-11-04,278.80291748046875,192.2117919921875,37.22905349731445,72.3979263305664,113.44918823242188,94.49382019042969,99.84382629394531,142.14999389648438,13.454339027404785
2019-11-05,278.49462890625,192.31747436523438,37.442283630371094,71.16834259033203,112.1732406616211,93.98562622070312,99.26947021484375,139.85000610351562,13.488595962524414
2019-11-06,278.5580749511719,191.8852081298828,37.3228759765625,71.32301330566406,112.85212707519531,94.25662231445312,99.8281478881836,140.4499969482422,13.343005180358887
2019-11-07,279.5376281738281,192.52877807617188,37.59579849243164,70.611572265625,110.80743408203125,93.50277709960938,99.0491714477539,138.27000427246094,13.334441184997559
2019-11-08,280.22698974609375,193.2972869873047,37.254642486572266,70.44142150878906,110.34127044677734,93.3757553100586,98.91536712646484,137.38999938964844,13.368698120117188
2019-11-11,279.69195556640625,193.0379180908203,36.990234375,70.59610748291016,110.41477966308594,93.4773941040039,98.94685363769531,137.05999755859375,13.283056259155273
2019-11-12,280.28143310546875,193.5950469970703,36.751434326171875,70.06250762939453,110.9218521118164,93.51970672607422,99.04125213623047,137.42999267578125,13.291620254516602
2019-11-13,280.3721923828125,193.64303588867188,36.469974517822266,70.7043685913086,111.6416015625,93.7738265991211,99.2773208618164,137.97999572753906,13.317313194274902
2019-11-14,280.7803649902344,193.48941040039062,36.49555969238281,71.25342559814453,112.79486083984375,94.24816131591797,99.79663848876953,138.55999755859375,13.274493217468262
2019-11-15,282.8121032714844,194.9110107421875,36.78554916381836,71.64007568359375,112.67225646972656,94.17193603515625,99.81237030029297,138.2100067138672,13.343005180358887
2019-11-18,283.0207214355469,195.06468200683594,36.725852966308594,71.98807525634766,112.87667846679688,94.3328857421875,99.92255401611328,138.6199951171875,13.205978393554688
2019-11-19,282.93914794921875,195.35289001464844,36.80260467529297,72.1117935180664,113.81720733642578,94.51074981689453,100.11925506591797,138.69000244140625,13.086080551147461
2019-11-20,281.886962890625,194.1809539794922,36.64054870605469,72.07311248779297,114.9949722290039,94.8580322265625,100.26089477539062,138.75999450683594,13.257363319396973
2019-11-21,281.4333801269531,193.7487335205078,36.56379318237305,71.06008911132812,114.27525329589844,94.620849609375,100.02484130859375,138.0,13.377262115478516
2019-11-22,282.0592041015625,193.87364196777344,36.56379318237305,70.79714965820312,114.42245483398438,94.6039047241211,100.30021667480469,137.74000549316406,13.368698120117188
2019-11-25,284.2453308105469,196.16937255859375,36.93053436279297,71.02143096923828,114.7578125,94.64625549316406,100.6464614868164,137.0800018310547,13.368698120117188
2019-11-26,284.88934326171875,196.5440216064453,36.81965255737305,71.9648666381836,115.42852020263672,94.8241195678711,100.90611267089844,137.74000549316406,13.445775032043457
2019-11-27,286.1592102050781,197.9176788330078,36.8623046875,72.30511474609375,115.09315490722656,94.57855224609375,100.89824676513672,137.00999450683594,13.377262115478516
2019-11-29,285.09796142578125,197.01470947265625,36.28233337402344,71.97260284423828,114.84778594970703,94.50227355957031,100.69364929199219,137.86000061035156,13.111772537231445
2019-12-02,282.6760559082031,194.9974822998047,36.2738037109375,70.88223266601562,113.31649017333984,94.16299438476562,100.2565689086914,137.7899932861328,13.094644546508789
2019-12-03,280.7803649902344,193.4701690673828,36.08616638183594,71.33848571777344,115.69248962402344,95.002685546875,101.0297622680664,139.11000061035156,13.103208541870117
2019-12-04,282.5128173828125,194.4499969482422,36.35910415649414,71.63233184814453,114.5372314453125,94.63799285888672,100.8956298828125,138.9199981689453,13.308749198913574
2019-12-05,283.0207214355469,194.83416748046875,36.521141052246094,71.67098999023438,113.98017120361328,94.41742706298828,100.78518676757812,139.0,13.334441184997559
2019-12-06,285.6059265136719,196.9186553955078,36.73436737060547,71.81793212890625,113.34928131103516,94.12905883789062,100.72993469238281,137.6199951171875,13.420082092285156
2019-12-09,284.7080078125,196.02529907226562,36.58938217163086,71.95714569091797,113.59504699707031,94.20537567138672,100.71417999267578,137.5800018310547,13.402955055236816
2019-12-10,284.39044189453125,195.8619842529297,36.71731185913086,71.53953552246094,113.6032485961914,94.09516143798828,100.71417999267578,137.97000122070312,13.462904930114746
2019-12-11,285.1977233886719,196.8994598388672,37.254642486572266,70.81261444091797,114.4963150024414,94.48528289794922,101.10869598388672,138.9199981689453,13.402955055236816
2019-12-12,287.6558532714844,198.36907958984375,37.90285110473633,69.85372924804688,112.61183166503906,93.7388687133789,100.64315795898438,138.42999267578125,13.52285385131836
2019-12-13,287.8281555175781,199.02224731445312,37.88578796386719,69.8691635131836,113.9145736694336,94.29023742675781,101.29803466796875,139.0500030517578,13.591367721557617
2019-12-16,289.80560302734375,201.02027893066406,38.20722579956055,70.37184143066406,112.89044952392578,93.84912872314453,101.06922149658203,139.0399932861328,13.685572624206543
2019-12-17,289.8691711425781,201.1355743408203,38.55567169189453,69.70679473876953,112.73482513427734,93.85760498046875,100.99032592773438,139.00999450683594,13.745522499084473
2019-12-18,289.8872375488281,201.28929138183594,38.76475143432617,70.55638885498047,111.8090591430664,93.6031265258789,100.9193115234375,139.02000427246094,13.754085540771484
2019-12-19,291.0755615234375,202.5476531982422,38.782169342041016,71.18169403076172,111.9879379272461,93.67620849609375,101.01897430419922,139.3800048828125,13.814034461975098
2019-12-20,292.35162353515625,203.36410522460938,38.860565185546875,71.57249450683594,112.1356201171875,93.67620849609375,100.9873275756836,139.52000427246094,13.796906471252441
2019-12-23,292.7982482910156,203.9012908935547,38.9128303527832,71.21295166015625,111.97148895263672,93.59124755859375,101.03483581542969,139.9499969482422,13.800387382507324
2019-12-24,292.80731201171875,204.00717163085938,38.825721740722656,71.4005355834961,112.29148864746094,93.75263977050781,101.13764190673828,141.27000427246094,13.861298561096191
2019-12-26,294.3659973144531,205.80738830566406,39.1044807434082,71.71320343017578,112.56232452392578,93.88856506347656,101.3196029663086,142.3800048828125,13.965713500976562
2019-12-27,294.2930908203125,205.63409423828125,39.26128387451172,71.93987274169922,112.68537139892578,94.02445220947266,101.46198272705078,142.3300018310547,13.991819381713867
2019-12-30,292.67071533203125,204.28634643554688,38.99995040893555,72.01020812988281,112.27513885498047,93.9649887084961,101.64396667480469,142.6300048828125,13.965713500976562
2019-12-31,293.381591796875,204.6714324951172,39.087059020996094,72.52607727050781,111.1755142211914,93.62527465820312,101.22468566894531,142.89999389648438,13.878700256347656
2020-01-02,296.1253662109375,208.08885192871094,39.87977600097656,71.67411041259766,112.43103790283203,94.05843353271484,101.43826293945312,143.9499969482422,13.896102905273438
2020-01-03,293.8829040527344,206.18280029296875,39.139320373535156,72.11961364746094,114.16254425048828,94.68702697753906,101.78632354736328,145.86000061035156,14.061429023742676
2020-01-06,295.0041198730469,207.5112762451172,39.04351043701172,72.20560455322266,113.51420593261719,94.5851058959961,101.4461441040039,147.38999938964844,14.087533950805664
2020-01-07,294.1747131347656,207.4823760986328,39.01736831665039,71.4005355834961,112.95624542236328,94.44922637939453,101.18511199951172,147.97000122070312,14.078831672668457
2020-01-08,295.74249267578125,209.0418701171875,39.243858337402344,71.61940002441406,112.20941925048828,94.22834014892578,101.04276275634766,146.86000061035156,13.869998931884766
2020-01-09,297.747802734375,210.81324768066406,39.50518798828125,71.580322265625,112.60334777832031,94.29627227783203,101.5252914428711,146.02999877929688,13.809089660644531
2020-01-10,296.8908996582031,210.27410888671875,39.714263916015625,72.1274185180664,113.60444641113281,94.50018310546875,101.81002807617188,146.91000366210938,13.809089660644531
2020-01-13,298.93280029296875,212.69998168945312,40.332759857177734,72.99504089355469,113.25980377197266,94.38973999023438,101.56482696533203,145.82000732421875,13.704672813415527
2020-01-14,298.4770202636719,211.86253356933594,40.106266021728516,72.72146606445312,113.84245300292969,94.57662200927734,101.69136810302734,145.69000244140625,13.765583038330078
2020-01-15,299.1514892578125,211.94911193847656,39.792667388916016,73.37802124023438,114.59739685058594,94.81446075439453,101.91287231445312,146.5399932861328,13.695971488952637
2020-01-16,301.6400451660156,213.9803466796875,40.0452880859375,73.96424865722656,114.2363510131836,94.61907958984375,102.0552978515625,146.30999755859375,13.678568840026855
2020-01-17,302.57891845703125,215.03929138183594,40.27178192138672,74.03459930419922,113.25980377197266,94.54261779785156,102.03945922851562,146.5800018310547,13.722076416015625
2020-01-21,301.986328125,214.94302368164062,39.252567291259766,74.738037109375,114.44969940185547,94.91639709472656,102.5299301147461,146.74000549316406,13.643763542175293
2020-01-22,302.0227355957031,215.51101684570312,39.574886322021484,74.23780822753906,114.85177612304688,94.93336486816406,102.58528900146484,146.7899932861328,13.46103572845459
2020-01-23,302.3691711425781,216.2041015625,39.16545867919922,74.86309051513672,115.65595245361328,95.1712417602539,102.71978759765625,147.1199951171875,13.347916603088379
2020-01-24,299.6802062988281,214.38465881347656,38.851863861083984,74.60518646240234,116.59142303466797,95.51099395751953,102.89379119873047,147.97999572753906,13.147784233093262
2020-01-27,294.8764953613281,209.95645141601562,37.51033401489258,74.24559783935547,118.40506744384766,96.15655517578125,103.091552734375,148.99000549316406,12.904145240783691
2020-01-28,297.9665832519531,213.18133544921875,37.823936462402344,74.54263305664062,117.47774505615234,95.83377075195312,103.03622436523438,147.66000366210938,12.965055465698242
2020-01-29,297.72039794921875,213.5279083251953,38.006874084472656,74.26905059814453,118.62660217285156,96.29248046875,103.36843872070312,148.4600067138672,12.904145240783691
2020-01-30,298.68670654296875,214.28842163085938,37.44064712524414,74.32378387451172,118.64303588867188,96.38592529296875,103.43169403076172,148.47000122070312,12.791028022766113
2020-01-31,293.2631530761719,210.89019775390625,36.68276596069336,73.41712188720703,119.7261962890625,96.87010192871094,103.70068359375,149.3300018310547,12.686612129211426
2020-02-03,295.44171142578125,214.0766143798828,37.092201232910156,73.6594009399414,119.62919616699219,96.78760528564453,103.61898803710938,148.36000061035156,12.451674461364746
2020-02-04,299.944580078125,218.97657775878906,38.050437927246094,74.4175796508789,118.01814270019531,96.22623443603516,103.36519622802734,146.42999267578125,12.469077110290527
2020-02-05,303.4083251953125,219.69857788085938,38.26820373535156,74.4644775390625,116.72762298583984,95.80939483642578,103.3017807006836,146.61000061035156,12.660507202148438
2020-02-06,304.4292907714844,221.59500122070312,38.30305099487305,74.71459197998047,117.25374603271484,95.87744140625,103.2541732788086,147.39999389648438,12.712715148925781
2020-02-07,302.8067321777344,220.6419677734375,37.77167510986328,74.69895935058594,118.7168197631836,96.33677673339844,103.65077209472656,147.7899932861328,12.64310359954834
2020-02-10,305.06732177734375,223.30856323242188,37.980735778808594,75.53526306152344,119.04562377929688,96.5239028930664,103.89657592773438,148.1699981689453,12.529986381530762
2020-02-11,305.5959777832031,223.3470458984375,38.47726821899414,76.10587310791016,118.44549560546875,96.29426574707031,103.74586486816406,147.66000366210938,12.573493957519531
2020-02-12,307.56494140625,225.52267456054688,38.99995040893555,76.5592041015625,117.84556579589844,96.04756927490234,103.69831085205078,147.5399932861328,12.747520446777344
2020-02-13,307.23681640625,225.2338409423828,38.48598861694336,77.02035522460938,118.29759216308594,96.13263702392578,103.62693786621094,148.3800048828125,12.75622272491455
2020-02-14,307.72900390625,225.8788604736328,38.5034065246582,77.81758880615234,118.81546020507812,96.3708267211914,103.88072204589844,149.0,12.747520446777344
2020-02-18,306.9359130859375,225.96546936035156,38.25078582763672,77.73162841796875,119.62919616699219,96.5239028930664,104.07903289794922,150.91000366210938,12.843235969543457
2020-02-19,308.40338134765625,228.1314697265625,38.52954864501953,76.68426513671875,119.62098693847656,96.50688934326172,103.93624114990234,151.7899932861328,12.965055465698242
2020-02-20,307.1364440917969,226.0135955810547,37.92847442626953,77.59874725341797,120.55804443359375,96.78760528564453,104.28524780273438,152.41000366210938,12.912847518920898
2020-02-21,303.97344970703125,221.67202758789062,37.71070098876953,77.8254165649414,121.68413543701172,97.17887115478516,104.49141693115234,154.6999969482422,12.860639572143555
2020-02-24,293.8921813964844,213.12359619140625,36.29948043823242,76.7624282836914,123.50067901611328,97.93586730957031,104.50728607177734,156.08999633789062,12.617000579833984
2020-02-25,284.98651123046875,207.32833862304688,36.012001037597656,74.6833267211914,124.15824127197266,98.20804595947266,104.6103744506836,153.3000030517578,12.382062911987305
2020-02-26,283.9383544921875,208.39691162109375,36.29948043823242,73.87824249267578,123.50067901611328,98.15702819824219,104.2217788696289,153.97000122070312,12.26024341583252
2020-02-27,271.1861877441406,197.96163940429688,35.42836380004883,69.94673919677734,124.84053802490234,98.63333892822266,103.66659545898438,154.0,12.051411628723145
2020-02-28,270.0467834472656,198.11570739746094,35.297698974609375,68.25845336914062,127.65984344482422,99.73908996582031,104.83244323730469,148.3800048828125,11.84257698059082
2020-03-02,281.74151611328125,208.33912658691406,36.064273834228516,71.17386627197266,126.7205810546875,99.67097473144531,104.72827911376953,149.1999969482422,12.112320899963379
2020-03-03,273.67449951171875,201.65826416015625,35.82036590576172,71.00971221923828,128.68800354003906,100.82915496826172,105.92108917236328,153.88999938964844,12.138423919677734
2020-03-04,285.1779479980469,210.07192993164062,36.45628356933594,73.69068908691406,127.32149505615234,100.60773468017578,106.07217407226562,154.16000366210938,12.147126197814941
2020-03-05,275.69818115234375,203.6895294189453,35.689697265625,72.11180877685547,130.4907684326172,101.50191497802734,106.03239440917969,157.49000549316406,12.016606330871582
2020-03-06,271.1405334472656,200.2528076171875,34.95795440673828,70.86903381347656,137.28195190429688,102.53237915039062,106.77195739746094,157.5500030517578,11.625043869018555
2020-03-09,249.9658203125,186.3423309326172,32.57109832763672,65.40556335449219,141.00277709960938,103.4520492553711,104.1795654296875,157.80999755859375,10.720099449157715
2020-03-10,262.900390625,196.48883056640625,34.22622299194336,68.16885375976562,133.77523803710938,101.55299377441406,101.83377075195312,154.47999572753906,11.059453964233398
2020-03-11,250.08444213867188,187.9307403564453,32.6320686340332,64.07273864746094,128.8526611328125,100.53959655761719,98.48593139648438,153.92999267578125,10.859322547912598
2020-03-12,226.15704345703125,170.6990966796875,29.36538314819336,57.58197021484375,129.65106201171875,100.5907211303711,93.78627014160156,147.7899932861328,10.4242525100708
2020-03-13,245.49037170410156,185.15834045410156,31.482196807861328,62.60758590698242,126.7205810546875,99.93497467041016,97.84979248046875,143.27999877929688,10.537370681762695
2020-03-16,218.62791442871094,162.97857666015625,27.553457260131836,51.50868606567383,134.927734375,102.57498168945312,96.45818328857422,141.63999938964844,9.90217113494873
2020-03-17,230.4320831298828,175.33914184570312,29.452499389648438,54.48624801635742,125.93037414550781,100.00312805175781,92.50601959228516,143.55999755859375,9.745545387268066
2020-03-18,218.76463317871094,170.00599670410156,26.908828735351562,49.30308151245117,118.8262939453125,98.61500549316406,87.87793731689453,140.6999969482422,9.42359447479248
2020-03-19,219.2295379638672,171.02645874023438,27.117902755737305,49.476383209228516,122.06135559082031,98.9386215209961,83.53611755371094,138.0399932861328,9.623725891113281
2020-03-20,209.78201293945312,164.3262939453125,27.318260192871094,47.010826110839844,131.23980712890625,101.4593276977539,84.8800277709961,140.11000061035156,9.519309043884277
2020-03-23,204.41824340820312,164.44496154785156,26.664920806884766,44.828861236572266,136.648193359375,102.66007995605469,91.15412902832031,146.3000030517578,9.632426261901855
2020-03-24,222.93922424316406,177.17913818359375,28.668487548828125,48.861968994140625,134.1044921875,101.9617919921875,93.02290344238281,153.39999389648438,9.84126091003418
2020-03-25,226.27664184570312,175.8671112060547,29.67898178100586,51.4929313659668,133.8000030517578,102.0213851928711,97.47602844238281,151.3000030517578,10.006586074829102
2020-03-26,239.48892211914062,185.12838745117188,30.802724838256836,55.124305725097656,134.4585418701172,102.26836395263672,97.55557250976562,153.24000549316406,9.971781730651855
2020-03-27,232.35557556152344,178.76129150390625,29.051782608032227,55.17942810058594,138.0474853515625,103.02623748779297,97.35675048828125,152.25,9.936975479125977
2020-03-30,239.9014434814453,185.2634735107422,29.530895233154297,56.38465118408203,136.91160583496094,103.26475524902344,98.54158020019531,152.9199981689453,9.910870552062988
2020-03-31,236.32566833496094,183.68133544921875,29.731250762939453,55.02189254760742,135.80027770996094,103.4520492553711,98.21556854248047,148.0500030517578,9.789052963256836
2020-04-01,225.6898193359375,175.87680053710938,28.459421157836914,51.40629196166992,137.70289611816406,103.87325286865234,96.78855895996094,149.4499969482422,9.510608673095703
2020-04-02,230.89772033691406,179.4462127685547,29.417652130126953,51.57958221435547,138.57672119140625,103.89033508300781,97.04369354248047,151.89999389648438,9.693337440490723
2020-04-03,227.56028747558594,176.89939880371094,28.86013412475586,50.83124923706055,138.90646362304688,103.9670639038086,96.54142761230469,152.64999389648438,9.936975479125977
2020-04-06,242.8446502685547,189.54673767089844,30.43685531616211,54.59652328491211,138.543701171875,103.49810791015625,98.44678497314453,156.8800048828125,9.98918342590332
2020-04-07,243.09225463867188,189.46958923339844,30.593660354614258,55.10066223144531,137.09288024902344,103.0377197265625,98.59821319580078,156.0399932861328,10.058794975280762
2020-04-08,251.2523956298828,193.49246215820312,30.90726661682129,58.858070373535156,136.09539794921875,102.90977478027344,100.37598419189453,154.64999389648438,10.03269100189209
2020-04-09,255.07583618164062,193.77223205566406,30.794017791748047,62.158592224121094,136.34271240234375,103.13150787353516,105.0954360961914,158.69000244140625,10.058794975280762
2020-04-13,252.74696350097656,195.8656463623047,30.837574005126953,59.54337692260742,135.09788513183594,102.90977478027344,104.07503509521484,161.41000366210938,10.23282241821289
2020-04-14,260.2012634277344,204.38401794433594,31.543176651000977,61.213321685791016,135.06494140625,103.04624938964844,103.56481170654297,162.67999267578125,10.145808219909668
2020-04-15,254.67242431640625,202.03973388671875,30.7330322265625,58.78715133666992,138.6427001953125,103.9670639038086,104.25835418701172,161.85000610351562,9.936975479125977
2020-04-16,255.9010009765625,205.72500610351562,30.8985538482666,58.11761474609375,140.21722412109375,104.07789611816406,103.74018859863281,161.7100067138672,9.910870552062988
2020-04-17,262.8142395019531,207.69302368164062,31.586729049682617,59.95298767089844,138.3376922607422,103.80504608154297,104.0829849243164,158.57000732421875,9.954378128051758
2020-04-20,258.18402099609375,205.2329864501953,31.18601417541504,57.7237434387207,139.4505615234375,104.07789611816406,103.4930419921875,159.6999969482422,9.789052963256836
2020-04-21,250.3447723388672,197.66001892089844,30.323612213134766,56.67610168457031,141.20648193359375,104.36774444580078,103.12635803222656,158.61000061035156,9.32787799835205
2020-04-22,255.9010009765625,203.5254364013672,31.151168823242188,57.542579650878906,139.76377868652344,104.04380798339844,103.19013214111328,161.72999572753906,9.458398818969727
2020-04-23,255.88270568847656,203.09133911132812,31.037925720214844,57.06208038330078,140.50579833984375,104.11199951171875,103.62855529785156,163.33999633789062,9.432295799255371
2020-04-24,259.4493408203125,206.29415893554688,30.99437713623047,57.3062744140625,140.8355712890625,104.13754272460938,103.55683135986328,162.63999938964844,9.310476303100586
2020-04-27,263.1902160644531,207.95347595214844,31.621572494506836,59.26766586303711,138.21401977539062,103.5833740234375,102.71977996826172,161.55999755859375,9.136448860168457
2020-04-28,261.9799499511719,204.03672790527344,31.68255615234375,59.75606155395508,139.80506896972656,104.03527069091797,102.99881744384766,160.83999633789062,9.145150184631348
2020-04-29,268.8382263183594,211.27210998535156,32.60594177246094,60.654052734375,139.07965087890625,103.9841079711914,103.67642211914062,161.72999572753906,9.310476303100586
2020-04-30,266.3351745605469,211.18528747558594,31.91775894165039,59.95298767089844,137.4556121826172,103.73686981201172,102.97486114501953,158.8000030517578,9.484503746032715
2020-05-01,259.2842712402344,205.2329864501953,30.767879486083984,57.928565979003906,138.63270568847656,103.88024139404297,102.56727600097656,159.77999877929688,9.362685203552246
2020-05-04,259.99951171875,207.62545776367188,31.098905563354492,57.64498519897461,137.98056030273438,103.89730834960938,102.72714233398438,160.33999633789062,9.475802421569824
2020-05-05,262.4017333984375,209.9794158935547,31.27313232421875,57.928565979003906,137.0973663330078,103.82048034667969,102.59123992919922,161.02000427246094,9.719440460205078
2020-05-06,260.6230163574219,211.27210998535156,31.17731475830078,56.88876724243164,134.88511657714844,103.43644714355469,101.44043731689453,158.9499969482422,9.528009414672852
2020-05-07,263.767822265625,213.9926300048828,31.429929733276367,57.70010757446289,137.1386260986328,104.06800842285156,101.71219635009766,161.38999938964844,9.588920593261719
2020-05-08,268.1322326660156,216.92530822753906,32.091976165771484,59.07075119018555,135.3556671142578,103.72660064697266,101.22467041015625,160.4199981689453,9.789052963256836
2020-05-11,268.1872253417969,218.8643798828125,31.882917404174805,58.21215057373047,134.2991180419922,103.43644714355469,100.33756256103516,159.4199981689453,9.65853214263916
2020-05-12,262.8417663574219,214.28196716308594,31.760961532592773,55.565406799316406,135.67759704589844,103.77782440185547,101.30457305908203,160.0399932861328,9.580219268798828
2020-05-13,258.1932067871094,211.60008239746094,31.69997787475586,54.21843719482422,136.62686157226562,103.9912109375,101.53638458251953,161.5800018310547,9.484503746032715
2020-05-14,261.28314208984375,214.00222778320312,31.82193374633789,54.4074821472168,137.964111328125,104.15335083007812,102.37548828125,163.00999450683594,9.649829864501953
2020-05-15,262.4842224121094,215.39144897460938,31.386377334594727,54.19479751586914,137.60919189453125,104.08507537841797,102.73512268066406,163.92999267578125,9.745545387268066
2020-05-18,270.4793701171875,219.40464782714844,32.61465072631836,57.40078353881836,134.58799743652344,103.44495391845703,103.31852722167969,162.69000244140625,10.0239896774292
2020-05-19,267.70123291015625,218.854736328125,32.35332107543945,56.628841400146484,135.09152221679688,103.735107421875,103.39842987060547,164.25999450683594,9.997884750366211
2020-05-20,272.24896240234375,223.22488403320312,32.780155181884766,57.13298416137695,135.49598693847656,103.76075744628906,104.53330993652344,164.64999389648438,10.171913146972656
2020-05-21,270.369384765625,220.7938232421875,32.40559005737305,57.180240631103516,135.83441162109375,103.8290023803711,104.453369140625,162.25,10.128406524658203
2020-05-22,270.8827819824219,221.55593872070312,31.734821319580078,57.95219802856445,136.65167236328125,104.02530670166016,104.453369140625,163.2100067138672,10.050094604492188
2020-05-26,274.2202453613281,220.9578399658203,32.43172836303711,60.1184196472168,134.81918334960938,103.75218963623047,104.30950927734375,160.88999938964844,10.154509544372559
2020-05-27,278.3004455566406,222.16366577148438,32.536258697509766,61.315731048583984,134.57151794433594,103.83756256103516,104.74105834960938,161.17999267578125,10.0239896774292
2020-05-28,277.7869567871094,221.87425231933594,32.30976104736328,61.60719680786133,134.07627868652344,103.74365234375,104.82898712158203,161.72000122070312,10.076197624206543
2020-05-29,279.024658203125,225.12538146972656,32.867279052734375,60.99277114868164,135.03379821777344,104.0765380859375,105.50828552246094,162.91000366210938,10.250225067138672
2020-06-01,280.15240478515625,225.80067443847656,33.62514877319336,62.40277862548828,134.12464904785156,104.0355453491211,105.4618148803711,163.66000366210938,10.311135292053223
2020-06-02,282.4721984863281,227.31529235839844,34.42658233642578,62.90692138671875,133.63694763183594,103.86463165283203,105.79830932617188,162.60000610351562,10.4242525100708
2020-06-03,286.23138427734375,228.33782958984375,35.228004455566406,64.92346954345703,131.86001586914062,103.2495346069336,105.73418426513672,159.60000610351562,10.4242525100708
2020-06-04,285.4795227050781,226.73646545410156,34.73147201538086,64.27755737304688,129.9508056640625,102.83943176269531,105.41372680664062,161.27999877929688,10.511265754699707
2020-06-05,292.7962951660156,231.2319793701172,35.64613342285156,66.71158599853516,129.02516174316406,102.32676696777344,105.95851135253906,158.00999450683594,10.720099449157715
2020-06-08,296.33538818359375,233.02638244628906,35.863922119140625,68.36580657958984,129.52101135253906,102.43785095214844,106.31101989746094,159.72000122070312,10.65048885345459
2020-06-09,294.12579345703125,234.71463012695312,35.62001037597656,67.23147583007812,130.9922332763672,102.8052749633789,106.08670806884766,161.25999450683594,10.685293197631836
2020-06-10,292.4845275878906,237.53155517578125,35.88134765625,65.52213287353516,132.9344482421875,103.57416534423828,106.78370666503906,163.57000732421875,10.754905700683594
2020-06-11,275.6230773925781,225.76210021972656,34.00844192504883,61.315731048583984,135.44696044921875,103.9415283203125,105.50990295410156,162.38999938964844,10.40684986114502
2020-06-12,278.9237976074219,227.55641174316406,34.73147201538086,63.51344299316406,134.14111328125,103.71090698242188,106.0226058959961,162.6199951171875,10.450357437133789
2020-06-15,281.52783203125,230.32516479492188,34.416053771972656,64.41146087646484,134.21560668945312,103.62541961669922,107.52879333496094,162.3300018310547,10.546072006225586
2020-06-16,286.9465026855469,234.28053283691406,34.63508605957031,65.6796875,132.1575164794922,103.41183471679688,107.23233032226562,162.25,10.633086204528809
2020-06-17,285.7546081542969,235.02334594726562,34.96803665161133,64.72654724121094,132.7030487060547,103.57416534423828,107.02404022216797,162.55999755859375,10.580878257751465
2020-06-18,285.8645935058594,235.6600341796875,34.985565185546875,64.01759338378906,134.10804748535156,103.80484771728516,107.26438903808594,162.24000549316406,10.641786575317383
2020-06-19,284.2309265136719,235.6214599609375,34.97679901123047,63.088104248046875,134.21560668945312,103.83898162841797,107.34452056884766,164.02999877929688,10.728801727294922
2020-06-22,286.05438232421875,238.4472198486328,35.4061279296875,63.02508544921875,134.23204040527344,103.74504089355469,107.2403564453125,165.08999633789062,10.8419189453125
2020-06-23,287.37115478515625,240.47659301757812,35.747833251953125,62.765140533447266,133.3146209716797,103.71090698242188,107.04009246826172,166.47999572753906,10.78971004486084
2020-06-24,280.040771484375,235.51904296875,35.274688720703125,60.977020263671875,134.7445068359375,103.90734100341797,106.74363708496094,165.89999389648438,10.519967079162598
2020-06-25,283.04296875,237.7610626220703,35.42364501953125,61.75583267211914,135.1329345703125,103.92444610595703,106.85582733154297,165.8000030517578,10.615683555603027
2020-06-26,276.3202819824219,232.14630126953125,34.99432373046875,60.57051086425781,136.57937622070312,104.20639038085938,106.95191955566406,166.5399932861328,10.485162734985352
2020-06-29,280.38153076171875,234.67823791503906,35.152034759521484,61.73992156982422,136.14956665039062,104.30891418457031,107.44863891601562,166.6300048828125,10.65919017791748
2020-06-30,283.97308349609375,239.27825927734375,35.03813171386719,62.4718017578125,135.4884033203125,104.12093353271484,107.75306701660156,167.3699951171875,10.71139907836914
2020-07-01,285.9622497558594,242.07115173339844,35.43240737915039,63.91168212890625,135.2252655029297,103.95846557617188,108.1786880493164,166.6199951171875,10.798412322998047
2020-07-02,287.5369873046875,243.7139892578125,36.23849105834961,63.728721618652344,135.3658447265625,104.08674621582031,108.44365692138672,166.97999572753906,10.8419189453125
2020-07-06,291.9757080078125,249.7056884765625,37.79807662963867,63.6968879699707,134.8114471435547,103.93280792236328,108.72472381591797,167.97999572753906,10.928933143615723
2020-07-07,288.9643859863281,247.98541259765625,37.167232513427734,62.43203353881836,136.70635986328125,104.2663345336914,108.86920928955078,169.0399932861328,10.937634468078613
2020-07-08,291.17462158203125,251.25180053710938,38.131019592285156,62.34451675415039,136.1602783203125,104.10387420654297,108.69256591796875,170.08999633789062,11.076855659484863
2020-07-09,289.5169982910156,253.3682098388672,38.131019592285156,61.9547119140625,138.32821655273438,104.4373550415039,109.30287170410156,169.6300048828125,10.946335792541504
2020-07-10,292.4730529785156,255.09803771972656,37.88568878173828,62.14565658569336,137.6331787109375,104.23210144042969,109.10212707519531,169.19000244140625,11.015946388244629
2020-07-13,289.94061279296875,249.85060119628906,37.63159942626953,61.40581130981445,138.08828735351562,104.34326934814453,108.81303405761719,169.39999389648438,10.902827262878418
2020-07-14,293.6978759765625,251.61903381347656,37.68416976928711,61.92288589477539,138.28684997558594,104.33475494384766,109.44740295410156,170.19000244140625,10.955038070678711
2020-07-15,296.3962097167969,252.13128662109375,37.79807662963867,62.52748489379883,137.64137268066406,104.3005142211914,109.6642074584961,170.33999633789062,11.085556983947754
2020-07-16,295.4200439453125,250.4110870361328,37.26361083984375,61.779701232910156,138.29505920410156,104.37750244140625,109.96932983398438,168.72999572753906,10.998544692993164
2020-07-17,296.2765808105469,250.70103454589844,37.47389221191406,62.58317184448242,138.00555419921875,104.35184478759766,110.26642608642578,170.1199951171875,11.015946388244629
2020-07-20,298.6708679199219,257.81353759765625,37.95578384399414,61.83539581298828,138.34475708007812,104.42028045654297,110.57160949707031,170.94000244140625,11.007245063781738
2020-07-21,299.3062744140625,255.1270751953125,38.306251525878906,61.98652648925781,138.42747497558594,104.53143310546875,110.71615600585938,173.0,11.163869857788086
2020-07-22,301.010009765625,256.0257873535156,38.13977813720703,62.933189392089844,138.84121704101562,104.56565856933594,111.07745361328125,175.6300048828125,11.233481407165527
2020-07-23,297.41845703125,249.33840942382812,37.833126068115234,62.67066955566406,140.4630584716797,104.6682357788086,111.15776062011719,177.17999267578125,11.207376480102539
2020-07-24,295.5029602050781,246.97068786621094,37.79807662963867,62.20927429199219,140.45481872558594,104.61688995361328,110.9088363647461,178.6999969482422,11.224780082702637
2020-07-27,297.65789794921875,251.37750244140625,38.3851203918457,62.7979621887207,139.93344116210938,104.45445251464844,110.57160949707031,182.22999572753906,11.32919692993164
2020-07-28,295.77001953125,248.17874145507812,38.069679260253906,64.04691314697266,140.9016571044922,104.70246124267578,110.45916748046875,183.75,11.26828670501709
2020-07-29,299.4075927734375,251.03916931152344,38.68300247192383,65.28791809082031,140.66172790527344,104.83924865722656,111.06143188476562,185.1300048828125,11.32919692993164
2020-07-30,298.33935546875,252.3535614013672,38.192344665527344,64.86627960205078,141.58848571777344,104.98463439941406,110.94094848632812,183.75999450683594,11.198675155639648
2020-07-31,300.6968078613281,256.8569641113281,37.929508209228516,64.74696350097656,141.49754333496094,105.01029205322266,111.09354400634766,185.42999267578125,11.2595853805542
2020-08-03,302.7873229980469,260.3262939453125,38.192344665527344,63.88780212402344,140.78500366210938,104.95895385742188,111.24238586425781,185.63999938964844,11.372702598571777
2020-08-04,303.9568786621094,261.2926025390625,38.70052719116211,64.8424301147461,142.1270751953125,105.31839752197266,111.65277099609375,189.58999633789062,11.433612823486328
2020-08-05,305.84478759765625,261.9400939941406,39.121097564697266,64.51628875732422,140.8844757080078,104.96751403808594,111.4998779296875,191.35000610351562,11.529328346252441
2020-08-06,307.8891906738281,265.4095458984375,39.24375915527344,64.61968231201172,141.67141723632812,105.08736419677734,111.97469329833984,193.88999938964844,11.616342544555664
2020-08-07,308.1102294921875,262.345947265625,38.43768310546875,65.54248046875,140.7270050048828,104.86481475830078,111.66085052490234,190.80999755859375,11.459716796875
2020-08-10,309.0311584472656,261.2249450683594,38.5340576171875,65.64588928222656,140.0974884033203,104.75357055664062,111.41941833496094,190.14999389648438,11.52062702178955
2020-08-11,306.480224609375,256.2771301269531,38.428916931152344,64.69924926757812,138.43238830566406,104.39410400390625,110.71929931640625,179.94000244140625,11.337898254394531
2020-08-12,310.7533264160156,262.72283935546875,38.945858001708984,65.35154724121094,137.17320251464844,104.0859603881836,110.44572448730469,179.10000610351562,11.459716796875
2020-08-13,310.1914367675781,263.3220520019531,38.83195114135742,64.54808807373047,135.70700073242188,103.8720474243164,109.4478988647461,183.3300018310547,11.52062702178955
2020-08-14,310.2006530761719,263.0128479003906,38.76185989379883,64.5560531616211,135.1768341064453,103.92340087890625,108.96507263183594,182.5399932861328,11.52062702178955
2020-08-17,311.18609619140625,266.0665283203125,39.25252151489258,65.08106994628906,135.5164031982422,104.09453582763672,109.19037628173828,186.5,11.712057113647461
2020-08-18,311.8583984375,268.6275939941406,39.208717346191406,64.77084350585938,136.48562622070312,104.27428436279297,109.50426483154297,188.17999267578125,11.738161087036133
2020-08-19,310.5599365234375,266.82037353515625,38.72681427001953,63.63325500488281,135.6324005126953,104.13734436035156,109.21455383300781,182.24000549316406,11.70335578918457
2020-08-20,311.52685546875,270.5216369628906,38.604156494140625,64.23784637451172,136.8584442138672,104.4369125366211,109.60079193115234,183.5,11.685953140258789
2020-08-21,312.6319580078125,272.39654541015625,38.796905517578125,64.34124755859375,137.67857360839844,104.51390075683594,109.8019790649414,182.02999877929688,11.572834968566895
2020-08-24,315.7999267578125,274.09735107421875,39.22623825073242,64.75493621826172,137.4548797607422,104.36844635009766,109.60884094238281,181.0,11.633745193481445
2020-08-25,316.9049987792969,276.2524108886719,39.62051773071289,64.9219970703125,136.40284729003906,104.12022399902344,109.13404083251953,181.22000122070312,11.729459762573242
2020-08-26,320.0821533203125,282.1473693847656,39.72565460205078,64.3253402709961,135.88096618652344,104.07743835449219,109.17427825927734,183.36000061035156,11.755563735961914
2020-08-27,320.781982421875,281.2679443359375,39.392704010009766,65.27201080322266,133.56971740722656,103.70944213867188,108.30525207519531,181.24000549316406,11.712057113647461
2020-08-28,322.8540344238281,282.69818115234375,39.909645080566406,65.70157623291016,133.4702606201172,103.88060760498047,108.63516235351562,184.38999938964844,11.790369987487793
2020-08-31,321.6845397949219,284.96923828125,39.024715423583984,65.0333480834961,134.356689453125,103.99188995361328,109.11796569824219,184.8300018310547,11.781668663024902
2020-09-01,324.71435546875,289.83978271484375,39.69060516357422,65.08106994628906,135.89346313476562,104.33269500732422,109.80747985839844,185.0500030517578,11.799071311950684
2020-09-02,329.4110107421875,292.5843811035156,39.58546447753906,66.2902603149414,137.187255859375,104.47831726074219,110.24297332763672,182.6199951171875,11.642447471618652
2020-09-03,318.0745849609375,277.750244140625,38.83195114135742,65.4947509765625,137.5769500732422,104.6153564453125,110.00104522705078,181.13999938964844,11.538029670715332
2020-09-04,315.4775695800781,274.0489807128906,38.84947204589844,65.15267944335938,134.9645538330078,104.03297424316406,108.83170318603516,181.63999938964844,11.433612823486328
2020-09-08,306.85784912109375,260.8770751953125,38.17482376098633,64.35717010498047,135.79391479492188,104.25564575195312,108.93651580810547,181.2899932861328,11.155168533325195
2020-09-09,312.91741943359375,268.54052734375,38.74433135986328,64.99357604980469,135.428955078125,104.20426940917969,109.00907135009766,183.0500030517578,11.2595853805542
2020-09-10,307.4840087890625,263.18682861328125,38.122257232666016,64.19805908203125,136.11740112304688,104.33269500732422,109.08975219726562,182.4600067138672,11.146468162536621
2020-09-11,307.6405334472656,261.3602600097656,38.4902458190918,63.840049743652344,136.40762329101562,104.4954605102539,109.1703872680664,182.4499969482422,11.224780082702637
2020-09-14,311.6926574707031,265.9119873046875,39.112335205078125,65.3992691040039,136.39927673339844,104.40123748779297,109.44458770751953,183.88999938964844,11.233481407165527
2020-09-15,313.26739501953125,269.680908203125,39.524131774902344,66.18685150146484,136.067626953125,104.349853515625,109.5655288696289,183.4499969482422,11.294389724731445
2020-09-16,312.0241394042969,265.3804626464844,39.471561431884766,66.53687286376953,135.66119384765625,104.28992462158203,109.63812255859375,183.97000122070312,11.50322437286377
2020-09-17,309.2798156738281,261.2346496582031,39.3138542175293,65.24018859863281,136.07591247558594,104.32417297363281,109.66232299804688,182.9600067138672,11.633745193481445
2020-09-18,305.71917724609375,257.90069580078125,39.0071907043457,63.76847457885742,135.6529541015625,104.22994232177734,109.46072387695312,183.1999969482422,11.685953140258789
2020-09-21,302.31658935546875,258.5191345214844,38.64795684814453,61.85127258300781,136.34124755859375,104.41837310791016,109.3558578491211,179.52000427246094,11.398808479309082
2020-09-22,305.3955993652344,263.3220520019531,38.35882568359375,62.59111785888672,136.23345947265625,104.41837310791016,109.42036437988281,178.64999389648438,11.346599578857422
2020-09-23,298.31317138671875,255.28175354003906,37.763023376464844,60.705753326416016,136.4159393310547,104.41837310791016,108.63002014160156,174.7899932861328,11.216078758239746
2020-09-24,299.10833740234375,256.47039794921875,37.58779525756836,61.03190994262695,136.93838500976562,104.46975708007812,108.35586547851562,175.44000244140625,11.26828670501709
2020-09-25,303.9440002441406,262.43304443359375,37.622833251953125,62.2905387878418,136.93838500976562,104.55538177490234,108.242919921875,174.94000244140625,11.26828670501709
2020-09-28,308.9921875,267.8834228515625,38.04339599609375,63.565216064453125,136.54861450195312,104.53827667236328,108.7913589477539,176.6999969482422,11.364002227783203
2020-09-29,307.30950927734375,266.6754150390625,38.01711654663086,63.10826873779297,136.70620727539062,104.6153564453125,108.65426635742188,178.19000244140625,11.233481407165527
2020-09-30,309.6394958496094,268.50189208984375,38.63043975830078,63.30067825317383,135.3958740234375,104.33269500732422,108.63813018798828,177.1199951171875,11.364002227783203
2020-10-01,311.6272888183594,272.76361083984375,38.98967361450195,64.56732177734375,135.61920166015625,104.39185333251953,108.9404296875,178.6999969482422,11.224780082702637
2020-10-02,308.6686096191406,265.090576171875,38.542823791503906,65.68165588378906,135.11276245117188,104.2890396118164,108.95654296875,178.5399932861328,11.085556983947754
2020-10-05,314.1423034667969,270.7440185546875,39.05976486206055,66.0584487915039,132.47276306152344,103.62910461425781,108.59288024902344,179.41000366210938,11.372702598571777
2020-10-06,309.6764831542969,265.9119873046875,39.12985610961914,65.62553405761719,133.18666076660156,103.86907196044922,108.50396728515625,177.3000030517578,11.416210174560547
2020-10-07,315.06689453125,270.5119934082031,39.559181213378906,65.72174072265625,132.21531677246094,103.56912231445312,108.53627014160156,177.22000122070312,11.459716796875
2020-10-08,317.85919189453125,271.951904296875,39.883358001708984,66.82002258300781,132.9293975830078,103.75765228271484,108.80301666259766,177.85000610351562,11.572834968566895
2020-10-09,320.6977233886719,276.1073913574219,40.154972076416016,66.55549621582031,132.90452575683594,103.70626831054688,109.05353546142578,181.0800018310547,11.607641220092773
2020-10-12,325.85699462890625,284.6309509277344,40.50544738769531,66.86813354492188,133.3278350830078,103.81763458251953,109.68399047851562,180.55999755859375,11.485821723937988
2020-10-13,323.7303466796875,284.6213073730469,40.33897399902344,65.72174072265625,134.28256225585938,104.04903411865234,109.57891845703125,177.72000122070312,11.511924743652344
2020-10-14,321.6962585449219,282.2439270019531,40.067352294921875,64.9200668334961,134.58975219726562,104.08330535888672,109.68399047851562,178.27000427246094,11.59023666381836
2020-10-15,321.29876708984375,280.349853515625,39.778221130371094,65.25678253173828,134.35733032226562,103.9719467163086,109.57083892822266,178.9199981689453,11.625043869018555
2020-10-16,321.1045227050781,278.8133239746094,39.91841506958008,64.79177856445312,133.98367309570312,103.91191864013672,109.38493347167969,178.3000030517578,11.546731948852539
2020-10-19,316.22265625,274.2616271972656,39.804508209228516,63.78166961669922,133.47727966308594,103.74053192138672,109.1747817993164,178.38999938964844,11.555431365966797
2020-10-20,317.4894104003906,274.85101318359375,40.24259948730469,64.23863220214844,132.20716857910156,103.5177001953125,108.94847106933594,179.25,11.685953140258789
2020-10-21,316.88836669921875,274.6383972167969,40.35650634765625,64.0462417602539,131.7504425048828,103.38056945800781,108.77068328857422,180.60000610351562,11.59023666381836
2020-10-22,318.6265869140625,274.62884521484375,40.34773635864258,64.03820037841797,130.3807373046875,103.0206527709961,108.52818298339844,178.8300018310547,11.625043869018555
2020-10-23,319.7083740234375,275.1700744628906,40.58430099487305,64.42301177978516,131.17767333984375,103.16635131835938,108.80301666259766,178.63999938964844,11.538029670715332
2020-10-26,313.8002624511719,271.04351806640625,40.058597564697266,63.501075744628906,132.3980712890625,103.44059753417969,109.029296875,178.5500030517578,11.372702598571777
2020-10-27,312.7183837890625,273.1598205566406,40.23383331298828,62.48294448852539,133.28631591796875,103.67198181152344,109.47386932373047,179.02000427246094,11.45101547241211
2020-10-28,302.030029296875,262.51031494140625,39.22623825073242,60.9918212890625,133.41085815429688,103.66338348388672,108.93231201171875,176.1300048828125,11.146468162536621
2020-10-29,305.0997314453125,267.1007385253906,39.62051773071289,61.80953598022461,132.11573791503906,103.2263412475586,108.64942169189453,175.39999389648438,11.007245063781738
2020-10-30,301.9191589355469,260.3262939453125,39.17365646362305,61.40068054199219,130.81239318847656,102.89208221435547,108.08368682861328,176.1999969482422,11.007245063781738
2020-11-02,305.3031311035156,260.9060974121094,39.67308044433594,62.86775207519531,131.79222106933594,103.06876373291016,108.50727844238281,177.91000366210938,11.207376480102539
2020-11-03,310.6935119628906,265.4190673828125,39.84830856323242,64.07830047607422,131.027587890625,102.83721923828125,108.61256408691406,178.9199981689453,11.27698802947998
2020-11-04,317.6373291015625,277.26708984375,41.10124206542969,64.19053649902344,133.86993408203125,103.70333862304688,110.24048614501953,178.82000732421875,11.398808479309082
2020-11-05,323.8321533203125,284.4957275390625,41.80217742919922,64.49516296386719,134.1026153564453,103.68617248535156,110.65362548828125,182.92999267578125,11.45101547241211
2020-11-06,323.75811767578125,284.7083435058594,41.99494171142578,64.05425262451172,132.48207092285156,103.33460235595703,110.30535125732422,183.19000244140625,11.407508850097656
2020-11-09,327.826416015625,278.8905944824219,42.28407669067383,66.3230209350586,129.69789123535156,102.57136535644531,109.47108459472656,175.0800018310547,11.546731948852539
2020-11-10,327.3455810546875,273.8943786621094,41.80217742919922,67.29304504394531,128.949951171875,102.2798080444336,109.18762969970703,175.66000366210938,11.772966384887695
2020-11-11,329.7772521972656,280.0213317871094,42.073795318603516,67.54957580566406,129.41539001464844,102.44273376464844,109.39014434814453,174.89999389648438,11.764266014099121
2020-11-12,326.5780944824219,278.70703125,41.75837326049805,66.66771697998047,131.61770629882812,103.02587890625,109.82746887207031,175.9600067138672,11.668549537658691
2020-11-13,331.0995178222656,281.1519775390625,42.34540939331055,68.44746398925781,131.4431915283203,102.88866424560547,109.95706176757812,177.16000366210938,11.616342544555664
2020-11-16,335.2323913574219,283.34564208984375,42.871116638183594,69.21707153320312,131.12734985351562,102.81147003173828,110.31341552734375,177.14999389648438,11.720759391784668
2020-11-17,333.4294738769531,282.4469299316406,42.82730484008789,69.28119659423828,131.98333740234375,103.07733917236328,110.66984558105469,176.5,11.755563735961914
2020-11-18,329.41668701171875,280.3594970703125,42.678348541259766,67.93437194824219,132.3656768798828,103.04307556152344,110.9046630859375,175.49000549316406,11.772966384887695
2020-11-19,330.8035888671875,282.55322265625,42.74843978881836,68.19893646240234,133.04718017578125,103.15446472167969,111.5202407836914,175.16000366210938,11.772966384887695
2020-11-20,328.5382995605469,280.62042236328125,42.98501968383789,67.83015441894531,134.227294921875,103.33460235595703,111.42301177978516,175.69000244140625,11.833876609802246
2020-11-23,330.50775146484375,280.63018798828125,43.098907470703125,67.95841979980469,133.6123046875,103.1287612915039,111.5607681274414,172.22999572753906,11.868682861328125
2020-11-24,335.8334045410156,284.5729064941406,43.677188873291016,68.3191909790039,132.2825927734375,102.96585845947266,111.30965423583984,169.58999633789062,12.12102222442627
2020-11-25,335.31561279296875,286.3221435546875,43.431861877441406,68.3592758178711,131.87542724609375,103.00016021728516,111.37449645996094,169.50999450683594,12.225438117980957
2020-11-27,336.2494812011719,288.9603271484375,43.84367370605469,68.05463409423828,133.1551971435547,103.30888366699219,111.77134704589844,167.7899932861328,12.199334144592285
2020-11-30,334.7608947753906,289.550048828125,42.69587707519531,67.34115600585938,132.9889678955078,103.2402572631836,112.16010284423828,166.6699981689453,12.129722595214844
2020-12-01,338.4222412109375,293.26092529296875,43.5369987487793,68.20694732666016,131.02816772460938,102.69107055664062,111.73483276367188,170.17999267578125,12.094917297363281
2020-12-02,339.1342468261719,293.63763427734375,43.59833908081055,67.66983032226562,129.98828125,102.51945495605469,111.3615493774414,171.4600067138672,12.147126197814941
2020-12-03,339.041748046875,294.0533142089844,44.09775924682617,68.23900604248047,131.03639221191406,102.79405212402344,111.79976654052734,172.80999755859375,12.164528846740723
2020-12-04,341.96356201171875,295.2515869140625,44.55336380004883,69.28119659423828,129.1147003173828,102.39071655273438,111.18296813964844,172.32000732421875,12.216736793518066
2020-12-07,341.2607727050781,296.9235534667969,44.55336380004883,68.67993927001953,130.2794189453125,102.70823669433594,111.28038024902344,174.88999938964844,12.216736793518066
2020-12-08,342.25933837890625,297.928466796875,44.57088088989258,68.43944549560547,130.89500427246094,102.81114959716797,111.15052032470703,175.5,12.234140396118164
2020-12-09,339.1897277832031,291.18310546875,44.18537139892578,68.01454162597656,130.46243286132812,102.66532897949219,110.74473571777344,172.5,12.242840766906738
2020-12-10,339.0787658691406,292.3524475097656,44.7548828125,67.71792602539062,131.6187744140625,102.89701080322266,111.29662322998047,172.1699981689453,12.425569534301758
2020-12-11,338.68115234375,291.7049560546875,44.439456939697266,67.6537857055664,132.08468627929688,103.10295867919922,111.41024017333984,172.49000549316406,12.390765190124512
2020-12-14,337.1647644042969,293.8213806152344,44.20841598510742,67.35716247558594,131.71865844726562,103.04287719726562,111.32904815673828,171.5399932861328,12.425569534301758
2020-12-15,341.7231140136719,296.96209716796875,44.686439514160156,68.73605346679688,131.2777557373047,102.93990325927734,111.54818725585938,173.94000244140625,12.521285057067871
2020-12-16,342.25933837890625,298.5953674316406,44.898895263671875,68.81624603271484,130.92825317382812,102.8541030883789,111.45894622802734,174.89999389648438,12.590896606445312
2020-12-17,344.1732177734375,300.54742431640625,45.19102096557617,69.48162841796875,130.58184814453125,102.7793960571289,111.62155151367188,176.74000549316406,12.73882007598877
2020-12-18,342.7990417480469,299.6390380859375,45.13790512084961,68.08670043945312,130.1904754638672,102.69352722167969,111.54019927978516,176.44000244140625,12.782326698303223
2020-12-21,341.5733947753906,299.0785217285156,44.47398376464844,67.7018814086914,130.7067413330078,102.76227569580078,111.32069396972656,175.8800048828125,12.651805877685547
2020-12-22,340.9976501464844,299.8917236328125,44.11989212036133,68.17488098144531,131.3813934326172,102.93397521972656,111.62968444824219,174.49000549316406,12.512584686279297
2020-12-23,341.3041076660156,298.3813171386719,44.57136154174805,67.73395538330078,130.47360229492188,102.71930694580078,111.65406036376953,175.64999389648438,12.669209480285645
2020-12-24,342.6319274902344,299.6980895996094,44.37660598754883,68.32697296142578,130.9899139404297,102.86528015136719,112.03629302978516,176.35000610351562,12.704015731811523
2020-12-28,345.5754699707031,302.71868896484375,44.50053787231445,68.7342529296875,131.04823303222656,102.87383270263672,112.1094970703125,175.7100067138672,12.625701904296875
2020-12-29,344.91619873046875,302.9897766113281,45.164466857910156,68.14776611328125,130.88165283203125,102.8566665649414,112.15826416015625,176.35000610351562,12.660507202148438
2020-12-30,345.4082336425781,302.9993896484375,45.76641845703125,68.52246856689453,131.16485595703125,102.92539978027344,112.30464935302734,177.6999969482422,12.73882007598877
2020-12-31,347.1632080078125,303.7449035644531,45.739864349365234,69.18228149414062,131.35641479492188,102.99407196044922,112.3289794921875,178.36000061035156,12.791028022766113
2021-01-04,342.4369201660156,299.4560546875,46.031982421875,66.93405151367188,131.19813537597656,103.01982879638672,111.75977325439453,182.3300018310547,12.721415519714355
2021-01-05,344.7953186035156,301.9247741699219,47.138526916503906,67.03178405761719,130.22372436523438,102.7793960571289,111.40198516845703,182.8699951171875,13.078174591064453
2021-01-06,346.85675048828125,297.742431640625,46.74017333984375,67.14582061767578,127.55046081542969,102.17835998535156,110.49931335449219,179.89999389648438,13.095576286315918
2021-01-07,352.01019287109375,304.9454040527344,47.18279266357422,67.0155029296875,126.42626953125,101.8177261352539,110.48304748535156,179.47999572753906,13.156486511230469
2021-01-08,354.0158996582031,308.8663330078125,48.43096160888672,67.66715240478516,126.01822662353516,101.5257797241211,110.4017105102539,173.33999633789062,13.260902404785156
2021-01-11,351.62945556640625,304.4032897949219,47.77589416503906,66.7711181640625,125.80998992919922,101.32833099365234,109.93006896972656,173.0,13.16518783569336
2021-01-12,351.7037353515625,303.919189453125,48.24506378173828,66.9258804321289,125.7100830078125,101.31114196777344,110.1659164428711,174.1199951171875,13.417527198791504
2021-01-13,352.6508483886719,305.9716491699219,48.35129165649414,67.74047088623047,127.12571716308594,101.6631851196289,111.01981353759766,173.3699951171875,13.382722854614258
2021-01-14,351.4158630371094,304.33544921875,48.802757263183594,68.13960266113281,125.93492889404297,101.43134307861328,110.53995513916016,173.27999877929688,13.504541397094727
2021-01-15,348.8531799316406,301.9247741699219,48.11227798461914,68.9216079711914,126.43457794189453,101.70609283447266,110.71075439453125,171.1300048828125,13.313111305236816
2021-01-19,351.5924072265625,306.329833984375,48.90898513793945,68.72611999511719,126.84261322021484,101.76620483398438,110.90592193603516,172.5800018310547,13.356618881225586
2021-01-20,356.4579162597656,313.4554138183594,49.76766586303711,70.03759765625,126.9676513671875,101.80912780761719,110.8733901977539,175.38999938964844,13.36531925201416
2021-01-21,356.7828674316406,315.9627990722656,49.85618591308594,69.70361328125,126.07646942138672,101.6631851196289,110.43424224853516,175.27999877929688,13.356618881225586
2021-01-22,355.5200500488281,315.05279541015625,49.422428131103516,69.86653900146484,126.48456573486328,101.8177261352539,110.35293579101562,173.89999389648438,13.13038158416748
2021-01-25,356.9221496582031,317.6571044921875,49.794212341308594,70.3960189819336,127.97518157958984,102.2298583984375,110.8245849609375,174.0500030517578,13.269603729248047
2021-01-26,356.3651123046875,318.12176513671875,49.431270599365234,70.89290618896484,127.7337417602539,102.19551086425781,110.8165054321289,173.6199951171875,13.295707702636719
2021-01-27,347.65533447265625,309.2536315917969,48.05916976928711,69.6384506225586,128.05845642089844,102.3157730102539,110.62127685546875,172.52000427246094,13.260902404785156
2021-01-28,350.645263671875,311.08343505859375,48.39555358886719,70.0131607055664,127.35066223144531,102.04956817626953,110.4423828125,172.67999267578125,13.199993133544922
2021-01-29,343.6255187988281,304.53875732421875,47.1916389465332,69.20673370361328,126.58441925048828,101.8692398071289,110.27156066894531,172.61000061035156,13.217395782470703
2021-02-01,349.34521484375,312.14837646484375,48.466373443603516,70.78701782226562,126.73115539550781,101.99640655517578,110.48915100097656,174.22999572753906,13.469736099243164
2021-02-02,354.28509521484375,317.2408142089844,49.094886779785156,71.21057891845703,125.91410064697266,101.73861694335938,110.19585418701172,172.11000061035156,13.574152946472168
2021-02-03,354.5636901855469,315.9822082519531,49.34275817871094,71.03137969970703,124.79686737060547,101.48944854736328,109.93509674072266,171.85000610351562,13.669867515563965
2021-02-04,358.59356689453125,319.7192687988281,49.360450744628906,71.5201187133789,124.4633560180664,101.45513916015625,110.12248229980469,168.14999389648438,13.739479064941406
2021-02-05,360.0050048828125,320.8035583496094,49.78536605834961,71.77264404296875,123.42121887207031,101.24030303955078,109.8292007446289,169.80999755859375,13.809089660644531
2021-02-08,362.6048583984375,322.9528503417969,49.8738899230957,72.16363525390625,123.96311950683594,101.28325653076172,110.30178833007812,171.52000427246094,14.02662467956543
2021-02-09,362.3634338378906,322.885009765625,50.405025482177734,72.4161605834961,124.0548095703125,101.36056518554688,110.1306381225586,172.0800018310547,14.078831672668457
2021-02-10,362.2055358886719,322.1493225097656,50.58207702636719,72.80716705322266,124.8802490234375,101.61840057373047,110.39144134521484,172.7100067138672,14.052728652954102
2021-02-11,362.79052734375,323.9209289550781,51.122066497802734,72.96192932128906,124.19658660888672,101.54105377197266,110.0980453491211,171.2100067138672,14.02662467956543
2021-02-12,364.58270263671875,325.7314453125,51.16632080078125,72.97822570800781,122.65413665771484,101.2059555053711,109.7395248413086,170.69000244140625,14.200651168823242
2021-02-16,364.2669372558594,324.85040283203125,51.290252685546875,72.4161605834961,120.78646850585938,100.47561645507812,108.96546173095703,168.24000549316406,14.392083168029785
2021-02-17,364.3504943847656,323.29168701171875,51.30795669555664,72.32654571533203,121.5536117553711,100.54430389404297,109.5113754272461,166.3300018310547,14.435589790344238
2021-02-18,362.79986572265625,321.878173828125,50.59978485107422,72.01702117919922,121.0616226196289,100.53572845458984,109.299560546875,166.32000732421875,14.383380889892578
2021-02-19,362.1590270996094,320.4743347167969,50.927310943603516,72.43245697021484,119.45252227783203,100.13192749023438,108.50916290283203,167.00999450683594,14.374680519104004
2021-02-22,359.37353515625,312.16778564453125,49.431270599365234,73.0352554321289,118.54370880126953,99.96868896484375,107.83284759521484,169.50999450683594,14.696629524230957
2021-02-23,359.8099670410156,311.2384033203125,49.65258026123047,73.49140930175781,118.20189666748047,100.0459976196289,107.9143295288086,169.1199951171875,14.766240119934082
2021-02-24,363.77484130859375,313.80389404296875,49.33389663696289,74.05347442626953,117.42649841308594,99.90853118896484,108.07733154296875,169.0,14.992477416992188
2021-02-25,355.00946044921875,302.8639221191406,48.209659576416016,72.63610076904297,115.50881958007812,98.5767822265625,106.36619567871094,165.82000732421875,14.870658874511719
2021-02-26,353.1800537109375,304.1322021484375,47.56343460083008,71.57714080810547,119.32746887207031,99.46175384521484,107.77583312988281,161.80999755859375,14.55740737915039
2021-03-01,361.7413024902344,313.2810363769531,48.838165283203125,71.89483642578125,117.75142669677734,99.34996032714844,107.88119506835938,161.52999877929688,14.435589790344238
2021-03-02,358.9185485839844,308.2564697265625,48.360145568847656,71.20245361328125,117.759765625,99.53053283691406,107.75869750976562,162.41000366210938,14.496499061584473
2021-03-03,354.1644592285156,299.310791015625,48.26276779174805,70.79515838623047,116.4825668334961,98.99749755859375,106.95854187011719,160.6199951171875,14.583512306213379
2021-03-04,349.78173828125,294.4119873046875,47.138526916503906,69.98872375488281,115.7313232421875,98.50746154785156,106.08493041992188,159.0399932861328,14.809749603271484
2021-03-05,356.216552734375,298.8460998535156,47.6519660949707,70.7544174194336,115.95671081542969,98.36988830566406,105.94609069824219,159.13999938964844,15.114296913146973
2021-03-08,354.4429626464844,290.3844909667969,46.36837387084961,71.3653564453125,115.05513000488281,97.98302459716797,104.95816802978516,157.49000549316406,14.905464172363281
2021-03-09,359.5035095214844,301.8376159667969,47.386390686035156,71.83782958984375,116.6495132446289,98.44727325439453,105.75015258789062,160.83999633789062,14.905464172363281
2021-03-10,361.7413024902344,300.9759826660156,47.17394256591797,72.55464935302734,116.88326263427734,98.65362548828125,106.24822235107422,161.66000366210938,15.001178741455078
2021-03-11,365.4090270996094,307.9078369140625,48.66112518310547,73.40182495117188,116.0401382446289,98.61920166015625,106.31352996826172,161.52000427246094,15.22741413116455
2021-03-12,365.9012451171875,305.41009521484375,47.79359817504883,74.6318130493164,113.57760620117188,97.90567016601562,105.08882904052734,161.49000549316406,15.157803535461426
2021-03-15,368.083251953125,308.6726989746094,47.9086799621582,75.73965454101562,114.24540710449219,98.0260009765625,105.44802856445312,162.1999969482422,15.105595588684082
2021-03-16,367.6189880371094,310.3669738769531,48.11227798461914,75.43012237548828,113.78628540039062,98.0088119506836,105.37456512451172,162.35000610351562,15.044686317443848
2021-03-17,368.87255859375,311.6448669433594,48.17424774169922,75.49528503417969,112.93485260009766,97.84546661376953,105.47256469726562,163.50999450683594,15.044686317443848
2021-03-18,363.5054931640625,302.09912109375,47.28901290893555,74.72956085205078,111.79124450683594,97.23503875732422,104.86836242675781,162.55999755859375,14.331171989440918
2021-03-19,362.8329162597656,303.1640319824219,47.87327575683594,73.71134185791016,112.48406219482422,97.17485809326172,105.02348327636719,163.24000549316406,14.644421577453613
2021-03-22,365.73016357421875,308.84930419921875,47.731632232666016,74.232666015625,113.7445068359375,97.49297332763672,105.39909362792969,163.0,14.618317604064941
2021-03-23,362.85162353515625,307.501953125,46.81983947753906,74.12677001953125,114.77133178710938,97.97441101074219,105.70933532714844,161.80999755859375,14.20935344696045
2021-03-24,361.0069580078125,302.3157958984375,45.74871063232422,73.71134185791016,115.38904571533203,98.10338592529297,106.02774810791016,162.3699951171875,14.583512306213379
2021-03-25,363.0379333496094,301.7923583984375,45.9611701965332,74.46185302734375,114.4791488647461,97.97441101074219,105.90528869628906,161.77999877929688,14.252860069274902
2021-03-26,368.8882141113281,306.3193664550781,47.15623474121094,76.06779479980469,114.07843780517578,97.64772033691406,105.83179473876953,162.24000549316406,14.592214584350586
2021-03-29,368.701904296875,306.23211669921875,46.82868957519531,75.62533569335938,113.11013793945312,97.31241607666016,105.57868194580078,160.30999755859375,14.609617233276367
2021-03-30,367.7237854003906,304.6908264160156,46.97918701171875,75.72364044189453,113.70280456542969,97.2264633178711,105.90528869628906,157.57000732421875,14.374680519104004
2021-03-31,369.21429443359375,309.3534240722656,47.21820068359375,75.26483154296875,113.06837463378906,97.08892059326172,106.18289184570312,159.9600067138672,14.45299243927002
2021-04-01,373.20135498046875,314.62677001953125,47.67852020263672,76.63312530517578,114.9449691772461,97.5190200805664,106.84874725341797,161.97999572753906,14.696629524230957
2021-04-05,378.55804443359375,320.90826416015625,47.86441421508789,76.92810821533203,114.44347381591797,97.24378967285156,106.32520294189453,161.9199981689453,14.479094505310059
2021-04-06,378.33441162109375,320.68524169921875,48.12998580932617,77.12472534179688,115.22085571289062,97.71688842773438,107.03692626953125,163.22000122070312,14.531305313110352
2021-04-07,378.7723083496094,321.4608154296875,47.42179870605469,77.18208312988281,114.41838836669922,97.65664672851562,106.82427978515625,162.75999450683594,14.574810981750488
2021-04-08,380.57025146484375,324.8148193359375,47.81129837036133,76.89531707763672,115.36293029785156,97.99219512939453,107.21692657470703,164.50999450683594,14.65312385559082
2021-04-09,383.33709716796875,326.78253173828125,47.40409469604492,76.80519104003906,114.9449691772461,97.73409271240234,106.99604797363281,163.27000427246094,14.600915908813477
2021-04-12,383.47686767578125,326.3560791015625,47.12082290649414,77.25582885742188,114.89482879638672,97.67388153076172,106.97151947021484,162.27999877929688,14.609617233276367
2021-04-13,384.6133117675781,330.1656799316406,47.31557846069336,77.64092254638672,115.75582885742188,98.07821655273438,107.44600677490234,163.42999267578125,14.766240119934082
2021-04-14,383.29986572265625,326.2009582519531,47.554588317871094,77.23125457763672,115.38805389404297,97.95777130126953,107.29875183105469,162.72000122070312,15.105595588684082
2021-04-15,387.41741943359375,331.1446228027344,47.98834228515625,78.58318328857422,117.31895446777344,98.58574676513672,107.96138763427734,165.35000610351562,15.201309204101562
2021-04-16,388.7122802734375,331.532470703125,48.11227798461914,78.75524139404297,116.40784454345703,98.31905364990234,107.22513580322266,166.35000610351562,15.175206184387207
2021-04-19,386.802490234375,328.49835205078125,47.93523406982422,78.91089630126953,116.07344818115234,98.21582794189453,106.94695281982422,165.88999938964844,15.192608833312988
2021-04-20,383.9705810546875,326.1040344238281,47.54573059082031,79.55818176269531,116.60841369628906,98.50833129882812,107.15145874023438,166.47999572753906,15.166504859924316
2021-04-21,387.603759765625,328.8958435058594,47.83786392211914,80.08255767822266,116.8425064086914,98.5599136352539,107.51963806152344,168.1300048828125,15.105595588684082
2021-04-22,384.063720703125,324.93115234375,47.6696662902832,79.64830017089844,117.3524398803711,98.63734436035156,107.62594604492188,167.0399932861328,15.22741413116455
2021-04-23,388.22784423828125,329.0218811035156,48.360145568847656,80.11532592773438,117.07658386230469,98.50833129882812,107.7159652709961,166.39999389648438,15.34923267364502
2021-04-26,389.0383605957031,331.1640319824219,48.42210388183594,80.35294342041016,116.90937805175781,98.40510559082031,107.66687774658203,166.83999633789062,15.45365047454834
2021-04-27,388.95452880859375,329.7294616699219,48.39555358886719,80.34474182128906,115.88961029052734,98.01795959472656,107.1842269897461,166.4199981689453,15.5841703414917
2021-04-28,388.8428039550781,328.6147155761719,48.75849914550781,80.17269134521484,115.96477508544922,98.14700317382812,107.2005615234375,166.91000366210938,15.610275268554688
2021-04-29,391.32073974609375,329.79730224609375,48.64341735839844,80.86094665527344,115.62208557128906,97.97496032714844,107.06967163085938,166.22000122070312,15.714690208435059
2021-04-30,388.7495422363281,327.6356201171875,47.78474044799805,81.18048095703125,115.88961029052734,98.0610122680664,107.29056549072266,165.66000366210938,15.5841703414917
2021-05-03,389.5880432128906,325.8907470703125,47.78474044799805,81.02479553222656,115.95906829833984,98.22798919677734,107.54875183105469,167.80999755859375,15.758199691772461
2021-05-04,387.1845703125,320.0262145996094,47.244754791259766,80.50042724609375,116.74592590332031,98.35712432861328,107.61433410644531,166.5800018310547,16.00183868408203
2021-05-05,387.30560302734375,318.95013427734375,47.466060638427734,79.1648941040039,116.93850708007812,98.47764587402344,107.74543762207031,167.27000427246094,16.062746047973633
2021-05-06,390.3985290527344,321.3541259765625,47.91753387451172,79.60733795166016,117.13106536865234,98.52064514160156,107.95039367675781,170.05999755859375,16.14105987548828
2021-05-07,393.2397766113281,323.9618225097656,48.41325759887695,80.6561050415039,116.55339050292969,98.55510711669922,107.99137878417969,171.58999633789062,16.297683715820312
2021-05-10,389.34576416015625,315.7802734375,47.54573059082031,80.63152313232422,115.3730697631836,98.35712432861328,107.4094009399414,172.11000061035156,16.184566497802734
2021-05-11,385.87091064453125,315.3441467285156,47.4129524230957,79.61551666259766,114.72008514404297,98.19353485107422,107.01595306396484,172.13999938964844,16.358591079711914
2021-05-12,377.673095703125,307.18206787109375,46.10280990600586,77.5999526977539,113.5146255493164,97.72007751464844,106.43402099609375,170.42999267578125,16.341190338134766
2021-05-13,382.2098388671875,309.55694580078125,46.04084396362305,78.60774993896484,113.69046020507812,98.04721069335938,106.83563232421875,171.1300048828125,15.88871955871582
2021-05-14,388.078857421875,316.3909912109375,46.872962951660156,79.54180145263672,114.75360870361328,98.262451171875,107.41763305664062,172.69000244140625,16.01923942565918
2021-05-17,387.09130859375,314.4716796875,46.82868957519531,79.62371826171875,114.51081848144531,98.16775512695312,107.29464721679688,174.6999969482422,16.219371795654297
2021-05-18,383.7562561035156,312.3487854003906,47.45720672607422,79.64009857177734,114.21782684326172,98.16775512695312,106.94217681884766,175.0399932861328,16.14105987548828
2021-05-19,382.7502136230469,312.70733642578125,47.31557846069336,79.38611602783203,113.94154357910156,97.87505340576172,106.75370025634766,175.16000366210938,15.810406684875488
2021-05-20,386.8677978515625,318.7561950683594,47.58998489379883,80.2791976928711,114.87913513183594,98.27960968017578,107.4831771850586,175.9600067138672,15.64508056640625
2021-05-21,386.55108642578125,316.991943359375,47.0411491394043,80.197265625,115.24752044677734,98.31405639648438,107.55694580078125,176.0399932861328,15.793004989624023
2021-05-24,390.4916687011719,322.3235168457031,47.43064880371094,81.1968765258789,115.67443084716797,98.40878295898438,107.85200500488281,176.35000610351562,16.010540008544922
2021-05-25,389.6252746582031,322.7694396972656,47.89982604980469,81.17228698730469,116.74592590332031,98.77033996582031,108.25370025634766,177.9499969482422,15.958331108093262
2021-05-26,390.3985290527344,323.8938903808594,48.2539176940918,81.53280639648438,116.54507446289062,98.65841674804688,108.19627380371094,177.63999938964844,15.98443603515625
2021-05-27,390.6034240722656,322.68212890625,48.26276779174805,81.3443374633789,116.07624816894531,98.48625183105469,107.86844635009766,177.7100067138672,16.236774444580078
2021-05-28,391.30218505859375,323.6999816894531,48.572601318359375,81.83595275878906,115.89212036132812,98.47764587402344,107.95863342285156,178.3800048828125,16.184566497802734
2021-06-01,390.9574279785156,322.6239929199219,49.572914123535156,83.31076049804688,115.8660888671875,98.45954132080078,107.9725570678711,177.89999389648438,16.471710205078125
2021-06-02,391.572265625,323.2541198730469,49.65258026123047,84.28578186035156,116.13435363769531,98.571533203125,108.14502716064453,178.77000427246094,16.558727264404297
2021-06-03,390.1190490722656,319.89044189453125,49.121437072753906,83.97444152832031,115.69839477539062,98.32172393798828,107.71797180175781,175.27000427246094,16.419506072998047
2021-06-04,393.6870422363281,325.31890869140625,49.56406021118164,84.01541137695312,117.28282165527344,98.86439514160156,108.48175048828125,177.16000366210938,16.602231979370117
2021-06-07,393.3050537109375,326.2882385253906,49.31618881225586,85.00680541992188,116.92242431640625,98.7868881225586,108.39141845703125,177.8699951171875,16.62833595275879
2021-06-08,393.3887634277344,326.4433288574219,49.077178955078125,85.71145629882812,117.7439956665039,99.0711441040039,108.80205535888672,177.32000732421875,16.79366111755371
2021-06-09,392.802001953125,326.5207824707031,48.935543060302734,85.8261489868164,118.78355407714844,99.38124084472656,109.19625091552734,176.97999572753906,16.715349197387695
2021-06-10,394.6278076171875,329.92333984375,49.327640533447266,86.44065856933594,119.49608612060547,99.73442840576172,109.68901824951172,177.74000549316406,16.776260375976562
2021-06-11,395.2799987792969,330.7861328125,49.15871047973633,86.09652709960938,119.30323791503906,99.58795928955078,109.77935791015625,175.74000549316406,16.724050521850586
2021-06-14,396.1650085449219,333.95587158203125,49.292076110839844,86.43246459960938,118.38951110839844,99.27792358398438,109.37692260742188,174.7100067138672,16.62833595275879
2021-06-15,395.43841552734375,331.7748107910156,48.954219818115234,85.50659942626953,118.24691009521484,99.29509735107422,109.45907592773438,174.0500030517578,16.558727264404297
2021-06-16,393.23046875,330.5632019042969,48.287391662597656,84.9494400024414,118.1463623046875,98.61458587646484,109.14695739746094,171.11000061035156,16.4630126953125
2021-06-17,393.1001281738281,334.7604064941406,48.554115295410156,84.84294891357422,119.91524505615234,98.96776580810547,109.75470733642578,165.85000610351562,16.036643981933594
2021-06-18,387.7970275878906,332.1334533691406,48.21625518798828,83.40089416503906,122.17037200927734,99.5277099609375,110.32964324951172,164.92999267578125,16.201969146728516
2021-06-21,393.34869384765625,334.1976623535156,48.420753479003906,85.12151336669922,120.12480926513672,99.20896911621094,109.68901824951172,166.9499969482422,16.402103424072266
2021-06-22,395.45159912109375,337.3129577636719,48.19847106933594,84.6790542602539,120.41828155517578,99.38986206054688,109.86968994140625,166.25,16.428205490112305
2021-06-23,394.9750061035156,337.4779052734375,48.491878509521484,84.53157806396484,120.10807800292969,99.19174194335938,109.6972885131836,166.13999938964844,16.532621383666992
2021-06-24,397.3114929199219,339.56451416015625,48.936431884765625,84.34923553466797,120.30094909667969,99.17447662353516,109.9107894897461,166.0399932861328,16.59353256225586
2021-06-25,398.7227783203125,339.14727783203125,49.34542465209961,84.91859436035156,119.05175018310547,98.96776580810547,109.62330627441406,166.58999633789062,16.5239200592041
2021-06-28,399.526611328125,343.271728515625,49.38987731933594,84.6710433959961,120.27569580078125,99.27792358398438,110.09143829345703,166.5800018310547,16.51521873474121
2021-06-29,399.7415771484375,344.5140380859375,49.354305267333984,84.43999481201172,120.4769287109375,99.32958984375,110.22283935546875,164.8300018310547,16.59353256225586
2021-06-30,400.07806396484375,343.9704284667969,49.03423309326172,83.99441528320312,121.01345825195312,99.4845962524414,110.34603881835938,165.6300048828125,16.75015640258789
2021-07-01,402.29315185546875,344.1063232421875,48.75861358642578,84.35748291015625,121.02013397216797,99.41307830810547,110.24976348876953,166.1999969482422,16.811065673828125
2021-07-02,405.36810302734375,348.0563049316406,48.70526123046875,84.61328887939453,121.7504653930664,99.77511596679688,110.56245422363281,167.2899932861328,16.967689514160156
2021-07-06,404.62969970703125,349.5605773925781,47.851722717285156,85.23214721679688,123.1775131225586,100.30091094970703,110.96562957763672,168.1199951171875,16.506515502929688
2021-07-07,406.0597229003906,350.2981872558594,47.79837417602539,85.52922058105469,124.26876068115234,100.59400177001953,111.34408569335938,168.75999450683594,16.306386947631836
2021-07-08,402.7510986328125,348.1824645996094,46.802581787109375,85.28990936279297,124.75562286376953,100.85258483886719,111.40168762207031,168.64999389648438,16.445608139038086
2021-07-09,407.0503845214844,350.3564147949219,47.61166000366211,86.6927261352539,123.001220703125,100.34404754638672,110.93267822265625,169.2100067138672,16.63703727722168
2021-07-12,408.5084533691406,351.724853515625,47.65612030029297,87.43537902832031,122.84172058105469,100.29230499267578,110.8750991821289,169.0,16.66314125061035
2021-07-13,407.1157531738281,351.724853515625,47.70058059692383,86.2141342163086,121.90159606933594,99.98198699951172,110.46370697021484,169.22000122070312,16.802364349365234
2021-07-14,407.72332763671875,352.3555908203125,47.90507125854492,86.81649017333984,123.28660583496094,100.41297912597656,110.97383117675781,171.0399932861328,16.63703727722168
2021-07-15,406.3306579589844,349.8807678222656,48.020652770996094,86.9567642211914,124.64647674560547,100.83535766601562,111.21244812011719,171.07000732421875,16.550024032592773
2021-07-16,403.1435852050781,347.0469970703125,47.6472282409668,86.89900207519531,124.41145324707031,100.81807708740234,111.05615997314453,169.41000366210938,16.550024032592773
2021-07-19,397.1900634765625,344.2035217285156,46.84703063964844,85.31468200683594,127.1395492553711,101.6800765991211,111.85424041748047,169.61000061035156,15.88871955871582
2021-07-20,402.8819274902344,348.201904296875,46.9981803894043,87.32810974121094,125.91402435302734,101.55079650878906,111.69795989990234,169.38999938964844,16.123659133911133
2021-07-21,406.1437683105469,350.8901672363281,47.30047607421875,87.3198471069336,124.31910705566406,100.96463775634766,111.30296325683594,168.75999450683594,16.445608139038086
2021-07-22,406.9942932128906,353.2096252441406,47.389381408691406,86.626708984375,125.49432373046875,101.1973876953125,111.76374816894531,169.08999633789062,16.576128005981445
2021-07-23,411.1814880371094,357.3341369628906,46.686988830566406,87.34461212158203,124.65486907958984,101.0422592163086,111.71440887451172,168.55999755859375,16.66314125061035
2021-07-26,412.19091796875,357.6156921386719,45.797882080078125,87.3858642578125,124.2855224609375,100.9732666015625,111.467529296875,168.16000366210938,16.784961700439453
2021-07-27,410.3122253417969,353.6753845214844,44.87321090698242,87.8809814453125,125.61180877685547,101.40428161621094,111.94478607177734,168.44000244140625,16.689247131347656
2021-07-28,410.14398193359375,355.0340881347656,46.09128952026367,87.57564544677734,125.62017822265625,101.49044799804688,112.1422348022461,169.2899932861328,16.767560958862305
2021-07-29,411.844970703125,355.6649475097656,46.32246017456055,87.59215545654297,124.92352294921875,101.18016052246094,111.82133483886719,171.1699981689453,17.063405990600586
2021-07-30,409.844970703125,353.811279296875,45.87791061401367,87.70767974853516,125.5111312866211,101.46463012695312,111.91184997558594,169.82000732421875,16.967689514160156
2021-08-02,408.98504638671875,353.8404541015625,46.20688247680664,87.51789855957031,126.6305160522461,101.90967559814453,112.23580932617188,169.61000061035156,16.784961700439453
2021-08-03,412.3123474121094,355.9852294921875,46.4024772644043,87.62516784667969,126.6977767944336,101.93559265136719,112.35118103027344,169.49000549316406,16.70665168762207
2021-08-04,410.2841796875,356.49951171875,46.642539978027344,87.35285186767578,126.9583740234375,101.90967559814453,112.37594604492188,169.52999877929688,16.436904907226562
2021-08-05,412.8825378417969,358.7607727050781,46.5714111328125,88.3760757446289,126.31120300292969,101.53878021240234,111.91434478759766,168.86000061035156,16.680545806884766
2021-08-06,413.5646667480469,357.1886291503906,46.18020248413086,88.21929931640625,124.20167541503906,100.9436264038086,110.99938201904297,164.63999938964844,16.541322708129883
2021-08-09,413.2283020019531,357.8485107421875,46.33135223388672,87.74893951416016,123.75630950927734,100.72798919677734,110.5212631225586,161.72000122070312,16.306386947631836
2021-08-10,413.7423400878906,356.01434326171875,46.393585205078125,86.91551208496094,123.18476104736328,100.53821563720703,110.27399444580078,161.77000427246094,16.602231979370117
2021-08-11,414.7704162597656,355.40283203125,46.51805877685547,87.42710876464844,123.10909271240234,100.65037536621094,110.44709014892578,164.0,16.75015640258789
2021-08-12,416.01348876953125,356.6839599609375,46.109073638916016,87.61689758300781,122.90741729736328,100.54682159423828,110.60370635986328,164.0399932861328,16.689247131347656
2021-08-13,416.7705993652344,357.9358825683594,45.99348831176758,88.09552001953125,124.84888458251953,101.12474822998047,111.3455810546875,166.38999938964844,16.59353256225586
2021-08-16,417.751953125,358.0911560058594,45.57560729980469,87.98823547363281,125.15141296386719,101.3490219116211,111.41151428222656,167.22000122070312,16.550024032592773
2021-08-17,415.0134582519531,354.9370422363281,44.73984146118164,87.89746856689453,125.10096740722656,101.29727935791016,111.21368408203125,166.97000122070312,16.36729621887207
2021-08-18,410.47113037109375,351.52093505859375,44.810977935791016,87.09705352783203,125.52119445800781,101.24552917480469,111.13951110839844,167.10000610351562,16.17586326599121
2021-08-19,411.10662841796875,353.21929931640625,44.04634475708008,87.51789855957031,126.4456558227539,101.46981048583984,111.39501190185547,166.61000061035156,15.949628829956055
2021-08-20,414.3778381347656,356.8780822753906,44.01077651977539,87.95523071289062,126.52975463867188,101.3749008178711,111.46917724609375,166.6999969482422,15.575469970703125
2021-08-23,418.02294921875,362.2157287597656,44.677608489990234,87.79019165039062,126.4456558227539,101.40077209472656,111.5516586303711,168.72999572753906,16.14105987548828
2021-08-24,418.6865539550781,363.3220520019531,45.691192626953125,87.40238189697266,125.46234893798828,101.12474822998047,111.29610443115234,168.64999389648438,16.48041343688965
2021-08-25,419.56512451171875,363.7393493652344,45.74454116821289,87.34461212158203,124.42021942138672,100.72798919677734,111.00762939453125,167.47999572753906,16.62833595275879
2021-08-26,417.08837890625,361.4296875,45.30887222290039,87.37760925292969,124.76486206054688,100.72798919677734,110.97462463378906,167.6699981689453,16.49781608581543
2021-08-27,420.8174743652344,364.94287109375,45.869014739990234,88.2935562133789,125.61357116699219,101.05575561523438,111.59288787841797,170.19000244140625,16.70665168762207
2021-08-30,422.6680603027344,369.0382080078125,45.966819763183594,89.17649841308594,125.9414291381836,101.25414276123047,111.78244018554688,169.35000610351562,16.767560958862305
2021-08-31,422.0418395996094,368.7374267578125,46.59808349609375,89.59733581542969,125.08417510986328,101.06442260742188,111.52694702148438,169.69000244140625,16.689247131347656
2021-09-01,422.26617431640625,369.3487548828125,47.19378662109375,91.03312683105469,125.29373168945312,101.10753631591797,111.67061614990234,169.6999969482422,16.61093521118164
2021-09-02,423.56536865234375,369.1741638183594,46.98040008544922,91.5117416381836,125.84066772460938,101.22835540771484,111.86878967285156,169.25,16.802364349365234
2021-09-03,423.4625244140625,370.30963134765625,47.229347229003906,91.52822875976562,124.69620513916016,100.98670196533203,111.46415710449219,171.05999755859375,16.819765090942383
2021-09-07,421.94842529296875,370.8336486816406,47.504974365234375,90.49676513671875,123.64434814453125,100.58966827392578,110.93570709228516,167.7100067138672,16.62833595275879
2021-09-08,421.4343566894531,369.5429382324219,46.81147003173828,90.95062255859375,124.48583984375,100.8658676147461,111.29076385498047,167.2899932861328,16.75015640258789
2021-09-09,419.63055419921875,368.2715759277344,46.72255325317383,89.10222625732422,125.9921875,101.15068817138672,112.01741027832031,168.02999877929688,16.62833595275879
2021-09-10,416.3218688964844,365.47662353515625,46.66920471191406,87.7984619140625,124.8813705444336,100.83133697509766,111.69538879394531,167.17999267578125,16.845870971679688
2021-09-13,417.3874206542969,365.22418212890625,46.79368591308594,88.39258575439453,125.63875579833984,100.95214080810547,111.96784210205078,167.74000549316406,16.976390838623047
2021-09-14,415.1349792480469,364.185791015625,46.4024772644043,88.23580169677734,127.161865234375,101.33197784423828,112.30638885498047,168.82000732421875,16.967689514160156
2021-09-15,418.6023864746094,366.89349365234375,46.393585205078125,88.516357421875,126.71588134765625,101.1593246459961,112.17428588867188,167.8300018310547,17.24613380432129
2021-09-16,417.9388122558594,367.14581298828125,45.869014739990234,88.59062194824219,126.13521575927734,100.8399887084961,112.01741027832031,164.02999877929688,17.124313354492188
2021-09-17,413.8677062988281,362.7980041503906,45.67340850830078,87.7984619140625,125.529296875,100.54651641845703,111.76966857910156,163.77000427246094,16.98509407043457
2021-09-20,406.9667053222656,355.30145263671875,44.446449279785156,87.26207733154297,127.08610534667969,101.05574798583984,112.11647033691406,164.94000244140625,16.784961700439453
2021-09-21,406.5823059082031,355.73858642578125,44.775413513183594,87.3033447265625,126.97672271728516,100.9953384399414,112.10823822021484,166.0399932861328,16.802364349365234
2021-09-22,410.5484313964844,359.0613708496094,45.33555221557617,88.15328979492188,127.73409271240234,101.09030151367188,112.4219970703125,165.4199981689453,16.99379539489746
2021-09-23,415.5366516113281,362.37432861328125,45.691192626953125,87.97999572753906,124.84772491455078,100.17534637451172,111.64579772949219,163.50999450683594,17.25483512878418
2021-09-24,416.2210998535156,362.7145080566406,45.14883804321289,87.03926086425781,123.62749481201172,99.87324523925781,111.40637969970703,163.3000030517578,17.333148956298828
2021-09-27,415.0303649902344,359.8192138671875,45.44224548339844,85.86856079101562,123.17308807373047,99.60570526123047,111.34854125976562,163.63999938964844,17.568086624145508
2021-09-28,406.666748046875,349.6370849609375,44.855430603027344,85.28736877441406,121.25437927246094,99.22590637207031,110.15950775146484,162.0500030517578,17.428863525390625
2021-09-29,407.3511657714844,349.0639343261719,44.43754959106445,85.92667388916016,121.46478271484375,99.32946014404297,110.13475799560547,161.32000732421875,17.446266174316406
2021-09-30,402.3723449707031,347.7815246582031,44.79319381713867,84.50688171386719,121.44795227050781,99.45030975341797,109.84577178955078,164.22000122070312,17.559383392333984
2021-10-01,407.1542663574219,349.93841552734375,44.74874496459961,85.7024917602539,122.47003936767578,99.85629272460938,110.64408874511719,164.58999633789062,17.794321060180664
2021-10-04,401.9035949707031,342.5933532714844,44.09080123901367,85.71910858154297,122.15819549560547,99.7353515625,110.46208953857422,165.36000061035156,18.08146858215332
2021-10-05,406.0853271484375,347.2179870605469,44.40198516845703,85.12960815429688,120.97865295410156,99.42442321777344,110.00708770751953,164.58999633789062,18.307703018188477
2021-10-06,407.7730712890625,349.4429626464844,44.15304183959961,85.94327545166016,121.66110229492188,99.4503173828125,110.0401382446289,165.02999877929688,18.00315284729004
2021-10-07,411.29864501953125,352.64910888671875,45.01546859741211,86.17577362060547,120.3888168334961,99.0530014038086,109.55207061767578,164.16000366210938,18.22939109802246
2021-10-08,410.5484313964844,350.8905334472656,45.18440246582031,85.3620834350586,119.5462417602539,98.83708190917969,109.04737854003906,164.22999572753906,18.290300369262695
2021-10-11,407.576171875,348.1993408203125,45.095481872558594,85.57797241210938,119.24291229248047,98.59521484375,108.840576171875,163.9199981689453,18.412118911743164
2021-10-12,406.57293701171875,346.9848937988281,44.864322662353516,86.6988525390625,121.28201293945312,99.04435729980469,109.53551483154297,164.66000366210938,18.412118911743164
2021-10-13,408.03564453125,349.7634582519531,45.486698150634766,87.32986450195312,122.4615707397461,99.2343978881836,110.08979034423828,167.58999633789062,18.516536712646484
2021-10-14,414.8990478515625,356.2049865722656,45.62895965576172,88.39263153076172,122.91653442382812,99.46761322021484,110.61102294921875,168.0,18.707965850830078
2021-10-15,418.0588073730469,358.44927978515625,46.18020248413086,88.32621765136719,122.20038604736328,98.97527313232422,110.21390533447266,165.3300018310547,18.864591598510742
2021-10-18,419.2965393066406,362.0538024902344,46.06462097167969,88.55040740966797,122.77340698242188,98.83708190917969,110.12294006347656,164.9199981689453,18.75147247314453
2021-10-19,422.5312805175781,364.7935791015625,46.6781005859375,88.59191131591797,121.07979583740234,98.4829330444336,109.51896667480469,165.4499969482422,18.794981002807617
2021-10-20,424.1909484863281,364.3175964355469,46.66920471191406,89.98678588867188,120.26244354248047,98.43974304199219,109.25423431396484,166.89999389648438,19.003814697265625
2021-10-21,425.29730224609375,366.54248046875,46.366912841796875,90.11135864257812,120.11917114257812,98.18067169189453,109.02256774902344,166.75,18.7166690826416
2021-10-22,424.85662841796875,363.46258544921875,46.26911544799805,90.53479766845703,121.44207763671875,98.43109130859375,109.46106719970703,167.77000427246094,18.803680419921875
2021-10-25,427.1350402832031,367.1837463378906,46.50917053222656,90.82538604736328,121.2566909790039,98.5520248413086,109.51070404052734,168.92999267578125,18.899396896362305
2021-10-26,427.5194396972656,368.33984375,46.26911544799805,91.07447052001953,122.2593765258789,98.67296600341797,109.98226165771484,167.67999267578125,18.925500869750977
2021-10-27,425.62548828125,369.1947937011719,45.895687103271484,90.30230712890625,124.48375701904297,99.22573852539062,110.65238189697266,168.1199951171875,18.57744598388672
2021-10-28,429.7322692871094,373.2948913574219,45.94013977050781,91.56433868408203,124.06253051757812,98.96662902832031,110.48693084716797,168.0800018310547,18.673158645629883
2021-10-29,430.6042785644531,375.131103515625,45.273311614990234,90.53479766845703,124.441650390625,99.00980377197266,110.42900085449219,166.64999389648438,18.57744598388672
2021-11-01,431.3450622558594,376.41357421875,45.62895965576172,90.9831314086914,123.54572296142578,99.00201416015625,110.2317123413086,167.52000427246094,18.7166690826416
2021-11-02,433.0889892578125,377.9874267578125,45.219966888427734,91.41488647460938,124.09406280517578,99.24406433105469,110.65445709228516,167.16000366210938,18.768875122070312
2021-11-03,435.73309326171875,381.99993896484375,45.433353424072266,91.72210693359375,122.81165313720703,98.93289947509766,110.37264251708984,165.77000427246094,18.290300369262695
2021-11-04,437.7864685058594,386.8967590332031,45.32666778564453,90.85028839111328,124.10253143310547,99.46876525878906,110.95288848876953,167.64999389648438,18.177181243896484
2021-11-05,439.305419921875,387.2658996582031,45.273311614990234,91.31526947021484,125.9586181640625,100.01331329345703,111.76526641845703,169.83999633789062,18.429523468017578
2021-11-08,439.68048095703125,386.74127197265625,45.691192626953125,91.24053955078125,125.72234344482422,99.5811767578125,111.50829315185547,170.4499969482422,18.542640686035156
2021-11-09,438.2271728515625,384.07916259765625,45.513370513916016,91.3982925415039,127.35906219482422,100.03923797607422,111.80670928955078,171.2899932861328,18.690563201904297
2021-11-10,434.70172119140625,378.43438720703125,45.32666778564453,90.974853515625,125.03056335449219,99.18355560302734,110.66275787353516,173.14999389648438,18.455625534057617
2021-11-11,434.8423156738281,379.4836730957031,46.109073638916016,91.1242904663086,124.84490966796875,98.86373138427734,110.34779357910156,174.1199951171875,18.586149215698242
2021-11-12,438.12396240234375,383.4768371582031,46.233543395996094,91.05786895751953,124.2965316772461,99.07117462158203,110.2317123413086,174.4499969482422,18.560041427612305
2021-11-15,438.2740478515625,383.389404296875,46.0824089050293,91.69720458984375,122.73580169677734,98.68219757080078,109.39448547363281,174.17999267578125,18.56874656677246
2021-11-16,440.0086364746094,386.1195068359375,46.14463806152344,91.0910873413086,122.42365264892578,98.59578704833984,109.21214294433594,172.9199981689453,18.542640686035156
2021-11-17,438.93975830078125,386.323486328125,45.90459060668945,91.37338256835938,123.39380645751953,98.9501953125,109.65145111083984,174.5,18.377315521240234
2021-11-18,440.43060302734375,390.3263854980469,45.344444274902344,91.38998413085938,123.85785675048828,99.01069641113281,109.90016174316406,173.94000244140625,18.43822479248047
2021-11-19,439.6429443359375,392.50262451171875,45.273311614990234,90.85028839111328,125.16553497314453,99.27864837646484,110.31462097167969,172.61000061035156,18.142377853393555
2021-11-22,438.40533447265625,387.946044921875,44.90877914428711,90.40194702148438,123.69760131835938,98.55257415771484,109.35305786132812,168.74000549316406,18.272897720336914
2021-11-23,438.9866638183594,386.1777648925781,44.864322662353516,91.1325912475586,121.9090576171875,98.14634704589844,108.5738525390625,167.27999877929688,18.60354995727539
2021-11-24,440.1585693359375,387.42138671875,44.80209732055664,92.23687744140625,123.86624145507812,98.4488525390625,109.09607696533203,167.1199951171875,18.533937454223633
2021-11-26,430.3416748046875,380.07635498046875,43.299495697021484,89.67130279541016,126.99623107910156,99.71944427490234,109.98303985595703,166.85000610351562,17.428863525390625
2021-11-29,435.62060546875,388.3249816894531,43.468421936035156,90.33551788330078,125.97542572021484,99.4947280883789,110.05762481689453,166.6199951171875,17.428863525390625
2021-11-30,427.1443786621094,382.6218566894531,43.42397689819336,88.62511444091797,127.89053344726562,100.09109497070312,110.29804229736328,165.5,16.950286865234375
2021-12-01,422.4001159667969,376.1122741699219,43.584014892578125,87.16380310058594,128.67945861816406,100.27969360351562,110.31380462646484,166.16000366210938,16.802364349365234
2021-12-02,428.8696594238281,378.8230895996094,44.11747360229492,89.77921295166016,128.83995056152344,100.06343078613281,110.57123565673828,165.24000549316406,16.950286865234375
2021-12-03,425.137939453125,372.2358093261719,43.49510192871094,89.48031616210938,130.3773193359375,100.6516342163086,111.49303436279297,166.6300048828125,16.967689514160156
2021-12-06,430.17303466796875,375.21844482421875,43.83295822143555,91.04957580566406,128.58656311035156,100.1499252319336,110.92833709716797,166.22000122070312,17.263538360595703
2021-12-07,439.0709533691406,386.5177917480469,44.526466369628906,92.36143493652344,127.54762268066406,99.76931762695312,110.97816467285156,166.80999755859375,17.524578094482422
2021-12-08,440.2336730957031,388.2472229003906,44.70428466796875,93.0256576538086,125.34300231933594,99.44927978515625,110.23908233642578,166.89999389648438,17.7595157623291
2021-12-09,437.26141357421875,382.5344543457031,44.49090576171875,91.68057250976562,126.04405975341797,99.70014953613281,110.14772033691406,165.8800048828125,17.489774703979492
2021-12-10,441.3775939941406,386.6927795410156,44.526466369628906,91.962890625,125.7400131225586,99.76931762695312,110.27227020263672,166.5800018310547,17.689905166625977
2021-12-13,437.4676818847656,381.1062316894531,43.8203239440918,92.8263931274414,127.5982894897461,100.24510955810547,110.77055358886719,167.0,17.602890014648438
2021-12-14,434.4578857421875,377.1615905761719,43.72113037109375,91.63906860351562,127.29420471191406,100.07207489013672,110.27227020263672,165.44000244140625,17.446266174316406
2021-12-15,441.2463684082031,385.7600402832031,43.59486389160156,92.92601013183594,126.06940460205078,99.92504119873047,110.41344451904297,166.14999389648438,17.533279418945312
2021-12-16,437.3552551269531,375.8403015136719,43.648983001708984,92.89280700683594,126.11852264404297,100.21592712402344,110.41011810302734,168.16000366210938,17.637697219848633
2021-12-17,432.7004089355469,373.9652404785156,43.43253707885742,92.77656555175781,127.54759216308594,100.4410400390625,110.66802978515625,167.8000030517578,17.428863525390625
2021-12-20,428.09942626953125,370.33758544921875,42.783206939697266,92.0542221069336,126.59202575683594,100.35448455810547,110.1854476928711,167.08999633789062,17.307043075561523
2021-12-21,435.7020263671875,378.62591552734375,43.504676818847656,93.09207916259766,126.10997772216797,99.95622253417969,110.40181732177734,167.02000427246094,17.672502517700195
2021-12-22,440.0585021972656,383.23699951171875,43.71210861206055,94.04691314697266,126.69351196289062,100.05143737792969,110.5765380859375,168.58999633789062,17.88133430480957
2021-12-23,442.79656982421875,386.1261901855469,43.937564849853516,93.94728088378906,125.59420776367188,99.84363555908203,110.41011810302734,168.97000122070312,17.97705078125
2021-12-27,449.06298828125,392.5079040527344,44.13596725463867,95.54216003417969,125.89857482910156,99.87830352783203,110.73461151123047,169.3699951171875,18.20328712463379
2021-12-28,448.6960754394531,390.68865966796875,43.991676330566406,95.89415740966797,125.39964294433594,99.86097717285156,110.59317779541016,168.63999938964844,18.16847801208496
2021-12-29,449.27008056640625,390.63037109375,43.79326629638672,96.53949737548828,124.02974700927734,99.35015869140625,109.98577880859375,168.58999633789062,18.255495071411133
2021-12-30,448.0280456542969,389.4629821777344,44.29495620727539,96.95853424072266,125.06986236572266,99.67913818359375,110.4267578125,169.8000030517578,18.16847801208496
2021-12-31,446.8988952636719,387.0309143066406,44.078399658203125,97.22671508789062,125.31513977050781,99.5666275024414,110.26039123535156,170.9600067138672,18.08146858215332
2022-01-03,449.4864501953125,390.75677490234375,44.39421844482422,96.46406555175781,122.02555084228516,98.64019775390625,109.08721160888672,168.3300018310547,18.151077270507812
2022-01-04,449.3359069824219,385.6885070800781,44.24082565307617,96.34673309326172,121.51823425292969,98.58826446533203,109.17874145507812,169.57000732421875,18.36861228942871
2022-01-05,440.7076721191406,373.8396911621094,43.518959045410156,93.58940887451172,120.85858917236328,98.17265319824219,108.53807067871094,169.05999755859375,18.290300369262695
2022-01-06,440.293701171875,373.57708740234375,43.71747589111328,93.67323303222656,121.17147827148438,97.93023681640625,108.39661407470703,166.99000549316406,18.44692611694336
2022-01-07,438.5528869628906,369.5301818847656,44.1144905090332,93.05303192138672,120.30046844482422,97.60986328125,107.9306869506836,167.75,18.48172950744629
2022-01-10,438.0072021484375,369.7733154296875,44.1144905090332,92.51667785644531,120.59644317626953,97.58392333984375,107.83085632324219,168.25999450683594,18.403417587280273
2022-01-11,441.99676513671875,375.32806396484375,45.134117126464844,92.65914154052734,121.39977264404297,97.81767272949219,108.15533447265625,170.2899932861328,18.760173797607422
2022-01-12,443.1916198730469,376.8165283203125,45.8830451965332,92.7680892944336,120.9347152709961,97.83500671386719,108.08043670654297,170.74000549316406,18.908098220825195
2022-01-13,437.0851745605469,367.3899841308594,45.233375549316406,92.5837173461914,122.00863647460938,98.1467056274414,108.42157745361328,170.16000366210938,18.707965850830078
2022-01-14,437.263916015625,369.67608642578125,45.215328216552734,91.74561309814453,120.16519165039062,97.47138977050781,107.46477508544922,169.6699981689453,18.95160484313965
2022-01-18,429.5201110839844,360.4733581542969,44.41226577758789,90.78181457519531,118.47390747070312,96.73543548583984,106.44136047363281,169.38999938964844,19.099529266357422
2022-01-19,425.0601806640625,356.5140686035156,44.601749420166016,89.55821228027344,119.29415893554688,96.96920013427734,106.60775756835938,172.0800018310547,19.203943252563477
2022-01-20,420.3556823730469,351.8835144042969,44.863426208496094,88.4100112915039,120.02984619140625,97.1770248413086,106.5495376586914,171.64999389648438,19.13433265686035
2022-01-21,412.103759765625,342.12628173828125,44.2137565612793,88.19212341308594,121.458984375,97.73978424072266,107.2484359741211,171.08999633789062,19.151737213134766
2022-01-24,413.85382080078125,343.6923828125,43.59115219116211,88.3597412109375,120.46115112304688,97.65319061279297,106.9156265258789,172.02999877929688,19.10822868347168
2022-01-25,408.8010559082031,335.7251281738281,43.50994110107422,88.00772857666016,120.26664733886719,97.5233383178711,106.61605834960938,172.5800018310547,19.282257080078125
2022-01-26,407.7755432128906,335.19989013671875,42.95952606201172,86.6332778930664,118.81209564208984,96.83068084716797,105.89221954345703,169.7899932861328,19.325763702392578
2022-01-27,405.761962890625,331.8241882324219,42.46324157714844,85.20015716552734,120.993896484375,97.23760223388672,106.13350677490234,167.60000610351562,19.421480178833008
2022-01-28,415.8392333984375,342.23321533203125,42.670780181884766,87.95745849609375,121.03619384765625,97.46269226074219,106.24996948242188,167.10000610351562,19.438880920410156
2022-01-31,423.32891845703125,353.17724609375,44.06938171386719,89.0385971069336,120.41040802001953,97.46269226074219,106.29991149902344,168.08999633789062,19.50849151611328
2022-02-01,426.1893310546875,355.5801086425781,44.3400764465332,88.72012329101562,120.01071166992188,97.33098602294922,106.47665405273438,168.22999572753906,19.58680534362793
2022-02-02,430.3294677734375,358.4693908691406,44.267887115478516,89.8515396118164,120.4171371459961,97.53031921386719,106.4849853515625,168.83999633789062,19.665117263793945
2022-02-03,420.2144775390625,343.935546875,43.79868698120117,88.8960952758789,119.47718048095703,97.11431884765625,105.6263427734375,168.60000610351562,19.70862579345703
2022-02-04,422.1903991699219,348.2744140625,43.90696334838867,88.01612854003906,117.71585083007812,96.3690185546875,104.5760269165039,168.86000061035156,19.865249633789062
2022-02-07,420.8355407714844,345.47271728515625,43.81673049926758,87.8904037475586,117.79206085205078,96.39501953125,104.76773834228516,170.11000061035156,19.908756256103516
2022-02-08,424.2979736328125,349.3541564941406,44.24082565307617,87.47975158691406,117.00450897216797,96.08303833007812,104.3759536743164,170.6300048828125,19.734729766845703
2022-02-09,430.50811767578125,356.7572021484375,44.93560791015625,89.4576416015625,117.22468566894531,96.21305847167969,104.7260513305664,171.2100067138672,19.934860229492188
2022-02-10,422.7737731933594,348.68292236328125,44.63784408569336,87.34566497802734,115.3616714477539,95.3290786743164,103.30060577392578,170.55999755859375,19.8304443359375
2022-02-11,414.437255859375,337.62213134765625,43.96110534667969,86.54946899414062,117.07227325439453,96.3170166015625,104.0675048828125,173.80999755859375,20.12628936767578
2022-02-14,413.082275390625,338.04034423828125,43.65431594848633,85.76165008544922,115.61576843261719,95.64974975585938,103.14221954345703,174.74000549316406,20.230709075927734
2022-02-15,419.7440185546875,346.4454040527344,44.601749420166016,86.53270721435547,114.30316925048828,95.3637466430664,102.6253662109375,173.0800018310547,19.900056838989258
2022-02-16,420.2144775390625,346.35791015625,44.92658615112305,86.93498992919922,114.9805908203125,95.56307220458984,102.77543640136719,174.86000061035156,19.92616081237793
2022-02-17,411.23809814453125,336.055908203125,44.403236389160156,86.01309967041016,115.83585357666016,96.0743637084961,102.85047912597656,177.25,20.09148597717285
2022-02-18,408.5752868652344,332.2230529785156,43.96110534667969,85.49346160888672,117.05535125732422,96.38634490966797,103.10054779052734,177.1199951171875,20.1697998046875
2022-02-22,404.1906433105469,328.88623046875,43.338497161865234,85.18338012695312,117.36013793945312,96.37769317626953,102.96713256835938,177.49000549316406,20.45694351196289
2022-02-23,397.02081298828125,320.46185302734375,42.83320236206055,83.775390625,115.7427749633789,95.87504577636719,102.03350830078125,178.2899932861328,20.648374557495117
2022-02-24,402.99566650390625,331.2307434082031,41.94892120361328,85.18338012695312,115.81900787353516,96.10035705566406,102.51700592041016,177.13999938964844,20.73538589477539
2022-02-25,411.8873596191406,336.36712646484375,42.724918365478516,87.2366943359375,115.90364837646484,96.0743637084961,102.93380737304688,176.5500030517578,20.422136306762695
2022-02-28,410.83349609375,337.369140625,42.16548538208008,85.93766021728516,118.44408416748047,97.16631317138672,104.03416442871094,178.3800048828125,20.77019500732422
2022-03-01,404.5763854980469,332.2034912109375,41.60604476928711,85.48509216308594,119.81349182128906,98.1126937866211,104.39002990722656,181.6199951171875,21.605527877807617
2022-03-02,412.01910400390625,337.7778015136719,41.67822265625,87.08585357666016,115.71796417236328,96.63806915283203,102.80292510986328,179.72999572753906,22.31033706665039
2022-03-03,409.96783447265625,332.95263671875,41.09172439575195,87.79822540283203,116.89662170410156,97.0544204711914,103.1788101196289,180.8000030517578,22.55397605895996
2022-03-04,406.63702392578125,328.12750244140625,40.26158142089844,88.20048522949219,118.91471099853516,98.01724243164062,103.27903747558594,183.67999267578125,23.502426147460938
2022-03-07,394.649658203125,316.0257568359375,38.75471115112305,86.4572982788086,118.00737762451172,97.60092163085938,102.02605438232422,186.41000366210938,24.015810012817383
2022-03-08,391.6575622558594,314.556884765625,38.88103103637695,86.03824615478516,116.8203125,96.96768951416016,101.416259765625,191.50999450683594,24.424772262573242
2022-03-09,402.1581726074219,325.8804016113281,39.98186492919922,87.36241149902344,115.67556762695312,96.36917877197266,101.59171295166016,185.82000732421875,22.48436737060547
2022-03-10,400.3422546386719,322.261474609375,39.232940673828125,87.58031463623047,114.01360321044922,95.9267807006836,100.43061065673828,186.39999389648438,22.214624404907227
2022-03-11,395.25189208984375,315.5782775878906,38.411827087402344,86.88468170166016,114.39521789550781,95.9007797241211,100.38883972167969,185.08999633789062,22.597482681274414
2022-03-14,392.3632507324219,309.5177917480469,37.48242950439453,86.20585632324219,111.72417449951172,94.68640899658203,98.93536376953125,182.3000030517578,21.936176300048828
2022-03-15,400.9914245605469,319.2264099121094,37.53656768798828,86.78414154052734,111.5291519165039,94.64303588867188,99.71221923828125,178.88999938964844,21.396692276000977
2022-03-16,409.88323974609375,331.0654602050781,40.559349060058594,87.81498718261719,112.62300872802734,94.51290893554688,100.56427001953125,180.00999450683594,21.21396255493164
2022-03-17,415.01123046875,335.0733642578125,40.3518180847168,89.17269134521484,111.78356170654297,94.33075714111328,101.54993438720703,180.88999938964844,22.232023239135742
2022-03-18,419.5566711425781,341.9316101074219,40.929298400878906,89.17269134521484,113.14873504638672,94.60832214355469,101.75040435791016,179.3000030517578,22.336442947387695
2022-03-21,419.43402099609375,340.9809875488281,40.29767990112305,88.62792205810547,110.52861022949219,93.37663269042969,100.33870697021484,180.6699981689453,23.17177391052246
2022-03-22,424.3420104980469,347.68218994140625,41.02855682373047,88.85419464111328,109.11251831054688,92.86485290527344,100.09647369384766,179.36000061035156,23.119565963745117
2022-03-23,418.87713623046875,342.6854553222656,40.75785827636719,87.85733795166016,111.50375366210938,93.48938751220703,100.38050842285156,181.80999755859375,23.693857192993164
2022-03-24,425.19146728515625,350.30224609375,40.97441482543945,88.41348266601562,110.63032531738281,92.96891021728516,100.4222640991211,183.1300048828125,23.458919525146484
2022-03-25,427.2679138183594,350.0101013183594,40.64958190917969,89.51740264892578,109.09559631347656,92.01480102539062,99.6286849975586,182.3800048828125,23.632946014404297
2022-03-28,430.30706787109375,355.4255676269531,40.78492736816406,90.46961212158203,110.0283432006836,92.22296142578125,100.18000793457031,179.05999755859375,22.606184005737305
2022-03-29,435.6303405761719,361.5423583984375,41.47971725463867,93.12403869628906,110.85930633544922,92.68270111083984,101.0237045288086,179.13999938964844,22.693199157714844
2022-03-30,432.9404296875,357.5488586425781,41.36241149902344,92.44991302490234,111.72417449951172,93.04698944091797,101.2575912475586,180.5800018310547,23.102163314819336
2022-03-31,426.2769470214844,353.1171875,40.73980712890625,91.32072448730469,111.99552154541016,93.22046661376953,101.0237045288086,180.64999389648438,22.675796508789062
2022-04-01,427.4850158691406,352.44512939453125,41.416561126708984,93.09876251220703,112.42185974121094,92.61347961425781,101.36270904541016,179.5,22.823719024658203
2022-04-04,431.14715576171875,359.7014465332031,42.14743423461914,92.64373016357422,111.64054870605469,92.55268859863281,101.71427154541016,180.3699951171875,23.258787155151367
2022-04-05,425.7011413574219,351.7146301269531,41.37144088745117,92.18868255615234,109.11833953857422,91.44982147216797,99.93130493164062,179.24000549316406,23.067358016967773
2022-04-06,421.44439697265625,344.0783386230469,40.830047607421875,93.28414916992188,108.23509216308594,91.12853240966797,99.34532928466797,179.66000366210938,22.884628295898438
2022-04-07,423.5679931640625,344.89654541015625,40.505210876464844,92.35722351074219,107.41983032226562,90.90275573730469,98.8849105834961,180.33999633789062,22.962940216064453
2022-04-08,422.4354553222656,340.0751647949219,40.54130172729492,92.50889587402344,106.25641632080078,90.44251251220703,98.1064224243164,181.47000122070312,23.25008773803711
2022-04-11,415.2150573730469,332.0298767089844,40.03600311279297,91.51455688476562,104.57492065429688,90.00831604003906,97.15213775634766,182.3699951171875,23.058656692504883
2022-04-12,413.67657470703125,330.62725830078125,39.90968322753906,91.37971496582031,104.43055725097656,90.44251251220703,97.2191162109375,183.77000427246094,23.74606704711914
2022-04-13,418.4145812988281,337.34796142578125,40.433021545410156,92.02854919433594,104.6428451538086,90.64224243164062,97.72136688232422,184.64999389648438,24.268146514892578
2022-04-14,413.20465087890625,329.63385009765625,39.90968322753906,91.63250732421875,102.54524230957031,89.82596588134766,96.58297729492188,184.0399932861328,24.450876235961914
2022-04-18,413.3745422363281,329.8869934082031,39.77433776855469,91.26174926757812,102.03569030761719,89.56544494628906,95.84630584716797,184.61000061035156,24.729320526123047
2022-04-19,420.0474853515625,337.26025390625,39.5758171081543,93.25047302246094,101.27139282226562,88.97492218017578,95.08457946777344,181.82000732421875,24.094120025634766
2022-04-20,419.7360534667969,332.341552734375,39.34122085571289,94.80096435546875,103.3095474243164,89.66963195800781,96.07234191894531,182.7100067138672,24.120223999023438
2022-04-21,413.4594421386719,325.465087890625,38.58325958251953,94.14369201660156,102.54524230957031,89.17469024658203,95.05110931396484,182.05999755859375,24.085418701171875
2022-04-22,402.1145324707031,316.9425048828125,38.24038314819336,92.49205017089844,101.8998031616211,89.21808624267578,94.94226837158203,180.2899932861328,23.624244689941406
2022-04-25,404.4458312988281,321.0138244628906,37.960662841796875,92.25611877441406,102.91889953613281,89.79119110107422,95.99698638916016,177.0500030517578,23.450218200683594
2022-04-26,392.7327575683594,308.89715576171875,37.13052749633789,90.7392807006836,103.95496368408203,90.39039611816406,95.94676208496094,177.32000732421875,23.77216911315918
2022-04-27,393.8370056152344,308.5271301269531,37.56364440917969,90.14097595214844,102.62165832519531,89.88673400878906,95.0259780883789,175.97999572753906,23.937496185302734
2022-04-28,403.78515625,319.4847106933594,38.10503005981445,91.8010482788086,102.77452087402344,89.75645446777344,95.31058502197266,176.92999267578125,24.13762664794922
2022-04-29,388.8629455566406,305.1083068847656,38.24038314819336,87.58769226074219,101.44122314453125,89.27889251708984,94.25582122802734,176.91000366210938,23.95490074157715
2022-05-02,391.20367431640625,310.2024230957031,38.18624496459961,85.47256469726562,99.6828842163086,88.6137466430664,93.69706726074219,173.6300048828125,24.320358276367188
2022-05-03,392.99700927734375,310.5335388183594,38.465965270996094,86.5343246459961,100.35491943359375,88.71807098388672,94.3011474609375,174.08999633789062,23.981002807617188
2022-05-04,404.9649353027344,321.0333557128906,38.88103103637695,87.5286865234375,100.90785217285156,89.29190063476562,95.22400665283203,175.8000030517578,24.729320526123047
2022-05-05,390.5713195800781,304.8647766113281,37.44634246826172,85.19446563720703,98.14312744140625,88.39637756347656,93.76419067382812,175.1300048828125,24.598800659179688
2022-05-06,388.24005126953125,301.2122802734375,36.93202209472656,84.18327331542969,96.69696044921875,87.89209747314453,92.96717071533203,175.4199981689453,24.624906539916992
2022-05-09,375.8096923828125,289.4267272949219,35.867279052734375,80.47547912597656,97.54766082763672,88.54418182373047,93.29435729980469,172.8800048828125,23.511127471923828
2022-05-10,376.6780090332031,292.9429626464844,36.03871536254883,79.00924682617188,98.43238067626953,88.83981323242188,93.68868255615234,171.4199981689453,23.371906280517578
2022-05-11,370.6939697265625,284.2547607421875,35.786067962646484,78.8406982421875,100.32939147949219,89.3875503540039,94.12495422363281,172.82000732421875,23.946195602416992
2022-05-12,370.30712890625,283.5826721191406,35.55147171020508,79.45586395263672,100.14225006103516,89.68315887451172,94.16690826416016,170.1699981689453,24.059314727783203
2022-05-13,379.1602783203125,294.09222412109375,36.534996032714844,81.55412292480469,98.66204833984375,89.21369171142578,93.67190551757812,168.7899932861328,24.38996696472168
2022-05-16,377.621826171875,290.6832580566406,36.390628814697266,81.04008483886719,98.55998229980469,89.5875244140625,93.79776763916016,170.39999389648438,24.79022979736328
2022-05-17,385.3896484375,298.2123107910156,37.28392028808594,82.14400482177734,97.36900329589844,88.90936279296875,93.26082611083984,169.3300018310547,24.52048683166504
2022-05-18,369.85394287109375,283.57293701171875,36.390628814697266,79.75920867919922,99.44466400146484,89.54402923583984,93.60481262207031,169.4199981689453,23.989702224731445
2022-05-19,367.58868408203125,282.053466796875,36.968109130859375,79.40531158447266,99.6828842163086,89.86576080322266,93.8564682006836,171.91000366210938,24.294252395629883
2022-05-20,367.7491760253906,281.1769104003906,37.12150573730469,79.91090393066406,100.81426239013672,90.2830581665039,94.31790924072266,172.02999877929688,24.329057693481445
2022-05-23,374.62982177734375,285.8521423339844,37.40122604370117,80.83782958984375,99.15544891357422,89.73533630371094,93.98234558105469,172.8300018310547,24.51178741455078
2022-05-24,371.7699890136719,279.7743225097656,36.75155258178711,81.52040100097656,101.11199951171875,90.50911712646484,95.2155990600586,174.1300048828125,24.494384765625
2022-05-25,375.0545349121094,283.68975830078125,36.93202209472656,82.21139526367188,101.51187133789062,90.69175720214844,96.19722747802734,173.0800018310547,24.668411254882812
2022-05-26,382.5486755371094,291.5500183105469,37.50950241088867,82.3125228881836,101.05245971679688,90.64824676513672,96.22239685058594,172.75999450683594,24.938154220581055
2022-05-27,391.93994140625,301.0661315917969,37.94261932373047,84.52033996582031,101.2991714477539,90.77865600585938,96.72579956054688,172.85000610351562,25.23400115966797
2022-05-31,389.74078369140625,300.2674560546875,38.4749870300293,83.48384857177734,99.15544891357422,89.83094787597656,96.01264190673828,171.13999938964844,25.059972763061523
2022-06-01,386.58831787109375,298.04669189453125,38.204288482666016,82.79283905029297,99.0421142578125,89.3251953125,95.45256805419922,172.22999572753906,25.181793212890625
2022-06-02,393.95025634765625,306.2088623046875,38.86298370361328,83.93046569824219,99.09326934814453,89.45576477050781,95.49462890625,174.35000610351562,25.756084442138672
2022-06-03,387.4849548339844,298.2414855957031,38.231361389160156,82.8097152709961,98.88021850585938,89.28165435791016,95.19185638427734,172.5800018310547,25.99972152709961
2022-06-06,388.6648254394531,299.2349548339844,38.43889236450195,82.5484848022461,97.05650329589844,88.611328125,94.51904296875,171.82000732421875,26.112838745117188
2022-06-07,392.3929443359375,301.816162109375,38.55619430541992,83.68607330322266,98.10469818115234,88.96829223632812,95.02363586425781,172.94000244140625,26.286867141723633
2022-06-08,388.1267395019531,299.64410400390625,38.763729095458984,81.75635528564453,97.2354507446289,88.63748168945312,94.47702026367188,172.77999877929688,26.521804809570312
2022-06-09,378.8960266113281,291.61822509765625,37.84645462036133,79.81820678710938,97.5593032836914,88.55914306640625,93.85466766357422,172.22999572753906,26.5653133392334
2022-06-10,367.9096984863281,281.33270263671875,37.4278678894043,78.04859161376953,96.9542236328125,87.6885986328125,92.94641876220703,174.5399932861328,26.304271697998047
2022-06-13,353.94085693359375,268.2518005371094,36.11747741699219,74.1469955444336,93.91187286376953,86.13033294677734,90.80189514160156,169.92999267578125,26.008424758911133
2022-06-14,352.8742370605469,268.73883056640625,36.61797332763672,73.58241271972656,92.72733306884766,85.44263458251953,90.33094024658203,168.57000732421875,25.72127914428711
2022-06-15,357.9049987792969,275.4496765136719,37.10026550292969,75.32675170898438,94.45728302001953,86.63525390625,91.74375915527344,170.77000427246094,25.738679885864258
2022-06-16,346.0596618652344,264.3363342285156,35.96278381347656,73.3464584350586,95.20726013183594,87.20108032226562,91.84471893310547,172.69000244140625,25.85179901123047
2022-06-17,346.80572509765625,267.55047607421875,36.09927749633789,73.90263366699219,95.5140151977539,87.22721099853516,92.02970123291016,171.27000427246094,24.929454803466797
2022-06-21,355.5360107421875,274.3006286621094,36.681678771972656,74.93067932128906,93.89484405517578,86.7745132446289,91.1046142578125,170.6300048828125,24.86854362487793
2022-06-22,354.8914794921875,273.9005432128906,36.02648162841797,75.8829116821289,96.47701263427734,87.87139892578125,91.7690200805664,171.30999755859375,24.424772262573242
2022-06-23,358.370361328125,277.9797058105469,36.135677337646484,77.3245849609375,97.26953887939453,88.36760711669922,92.4754409790039,170.25999450683594,23.876585006713867
2022-06-24,369.7643127441406,287.5043029785156,36.99106979370117,78.96980285644531,95.92308044433594,88.05419921875,92.58479309082031,170.08999633789062,24.10282325744629
2022-06-27,368.35198974609375,285.3964538574219,37.03657531738281,78.85106658935547,95.1049575805664,87.55802154541016,91.73538208007812,169.89999389648438,24.050615310668945
2022-06-28,360.8254699707031,276.70135498046875,36.8090705871582,77.89276123046875,95.5481185913086,87.671142578125,91.71014404296875,169.6199951171875,24.337759017944336
2022-06-29,360.5316467285156,276.9551086425781,36.663475036621094,77.40937805175781,97.03948974609375,88.37631225585938,92.2568130493164,169.49000549316406,23.920093536376953
2022-06-30,357.6025390625,273.52008056640625,36.490577697753906,77.26522827148438,97.89164733886719,89.05530548095703,92.53430938720703,168.4600067138672,23.18047332763672
2022-07-01,361.3847351074219,275.3253173828125,36.26308059692383,78.65601348876953,98.89665222167969,90.01000213623047,93.70393371582031,168.32000732421875,23.293594360351562
2022-07-05,362.0672302246094,280.0388488769531,35.980979919433594,78.43553161621094,99.67371368408203,90.34130859375,93.67861938476562,164.75,21.727344512939453
2022-07-06,363.2900695800781,281.83453369140625,35.7625846862793,78.29136657714844,98.00007629394531,89.57406616210938,93.2148208618164,162.13999938964844,21.405393600463867
2022-07-07,368.7310485839844,287.8654479980469,36.481475830078125,78.50336456298828,97.13764953613281,89.0248031616211,93.20640563964844,162.22999572753906,22.292936325073242
2022-07-08,368.42779541015625,288.2264709472656,36.481475830078125,78.08783721923828,96.06175994873047,88.48426055908203,93.05462646484375,162.3000030517578,22.68449592590332
2022-07-11,364.21905517578125,282.0687255859375,35.50778579711914,77.91822052001953,97.71827697753906,89.18173217773438,93.31602478027344,161.42999267578125,22.6409912109375
2022-07-12,360.9960632324219,279.33624267578125,35.37128448486328,77.6129150390625,98.29895782470703,89.39098358154297,93.450927734375,160.8300018310547,21.614227294921875
2022-07-13,359.10028076171875,278.7604675292969,35.28938674926758,77.23977661132812,99.42607116699219,89.77462768554688,94.15086364746094,161.60000610351562,21.736047744750977
2022-07-14,358.2281799316406,279.7558288574219,34.97089385986328,76.54438018798828,98.61489868164062,89.27764129638672,93.55213165283203,159.3300018310547,21.53591537475586
2022-07-15,365.0721740722656,284.8304443359375,35.152889251708984,77.84188079833984,99.16992950439453,89.582763671875,94.30265808105469,159.00999450683594,21.814359664916992
2022-07-18,362.0577392578125,282.4200134277344,35.39858627319336,77.2906723022461,98.13671112060547,89.32124328613281,93.64492797851562,159.16000366210938,22.223325729370117
2022-07-19,371.84027099609375,291.1053161621094,35.980979919433594,79.29205322265625,97.6073226928711,88.91148376464844,93.90629577636719,159.5399932861328,22.31033706665039
2022-07-20,374.21014404296875,295.7211608886719,35.8262825012207,79.10547637939453,97.86348724365234,88.82430267333984,93.80512237548828,158.0399932861328,22.292936325073242
2022-07-21,378.0207824707031,299.9663391113281,36.23577880859375,79.73303985595703,99.55415344238281,89.83561706542969,95.0868911743164,160.27000427246094,21.91877555847168
2022-07-22,374.513427734375,294.706298828125,35.87178421020508,80.1485595703125,101.2277603149414,90.86442565917969,95.82052612304688,160.6699981689453,21.657732009887695
2022-07-25,374.96844482421875,293.0278015136719,35.999183654785156,80.28425598144531,100.23724365234375,90.5418472290039,95.010986328125,160.22999572753906,22.04929542541504
2022-07-26,370.53216552734375,287.27008056640625,35.71708297729492,80.36906433105469,100.31410217285156,90.57670593261719,94.99411010742188,160.0399932861328,22.092802047729492
2022-07-27,380.1535339355469,299.41009521484375,36.38137435913086,80.8524398803711,99.75054168701172,90.75979614257812,95.62657928466797,161.6699981689453,22.597482681274414
2022-07-28,384.9216003417969,302.33770751953125,36.53607940673828,83.47289276123047,100.54464721679688,91.65780639648438,96.41926574707031,163.63999938964844,22.614885330200195
2022-07-29,390.53326416015625,307.8514709472656,36.36317443847656,83.92236328125,100.27140045166016,91.69268035888672,96.64695739746094,164.10000610351562,22.719301223754883
2022-08-01,389.376708984375,307.6660461425781,36.05378341674805,83.24394226074219,102.6863021850586,92.22891998291016,96.8379898071289,165.02999877929688,22.258129119873047
2022-08-02,386.8079528808594,306.7486572265625,35.880882263183594,82.1753921508789,100.5135269165039,90.95379638671875,95.65457153320312,164.0500030517578,22.1450138092041
2022-08-03,392.8651428222656,315.102294921875,36.16297912597656,82.43828582763672,102.09603881835938,91.32935333251953,96.69429016113281,164.4499969482422,21.95357894897461
2022-08-04,392.5997619628906,316.5758056640625,36.41777420043945,82.31106567382812,102.06181335449219,91.792236328125,96.84645080566406,167.1699981689453,21.718645095825195
2022-08-05,391.9361572265625,313.9897155761719,36.45417785644531,82.5400619506836,99.63243103027344,90.46470642089844,95.53618621826172,165.2899932861328,21.64033317565918
2022-08-08,391.4811706542969,312.97479248046875,36.49967575073242,83.2778549194336,101.24063110351562,90.99748229980469,95.91657257080078,166.69000244140625,21.9013729095459
2022-08-09,389.9266052246094,309.432373046875,36.36317443847656,83.73579406738281,100.84712982177734,90.72673034667969,95.48548889160156,167.1999969482422,22.084102630615234
2022-08-10,398.1166076660156,318.0688781738281,36.81816864013672,85.00787353515625,100.18844604492188,90.77913665771484,96.38996887207031,166.77999877929688,22.38865089416504
2022-08-11,398.1166076660156,316.26348876953125,36.96377182006836,84.80432891845703,97.85311126708984,90.17650604248047,95.46011352539062,166.33999633789062,22.823719024658203
2022-08-12,404.8562927246094,322.4213562011719,37.35506057739258,86.26296997070312,98.84541320800781,90.5345687866211,96.56748962402344,167.8699951171875,22.7018985748291
2022-08-15,406.5246887207031,325.0269470214844,37.18217086791992,86.61065673828125,98.75984954833984,90.8227767944336,96.49983978271484,165.7100067138672,22.42345428466797
2022-08-16,407.32098388671875,324.2657470703125,37.17306137084961,86.38169860839844,99.17046356201172,90.71798706054688,96.12793731689453,165.4199981689453,22.171113967895508
2022-08-17,404.4297790527344,320.5672607421875,37.018375396728516,85.86438751220703,98.13540649414062,90.10664367675781,95.22342681884766,164.35000610351562,22.258129119873047
2022-08-18,405.605224609375,321.3381652832031,36.8090705871582,85.29621887207031,98.28079223632812,90.2812728881836,95.46857452392578,163.9199981689453,22.597482681274414
2022-08-19,400.1546630859375,315.072998046875,36.3085823059082,84.39725494384766,96.69825744628906,89.50397491455078,94.33586120605469,162.72000122070312,22.58877944946289
2022-08-22,391.82244873046875,306.7779846191406,35.990081787109375,82.55702209472656,96.37319946289062,89.11094665527344,93.70188903808594,161.63999938964844,22.788915634155273
2022-08-23,390.87451171875,306.52423095703125,36.18117904663086,81.49696350097656,95.84283447265625,88.89264678955078,93.8033447265625,162.77000427246094,23.16307258605957
2022-08-24,392.1258239746094,307.41229248046875,36.172080993652344,81.96339416503906,95.14137268066406,88.59567260742188,93.52438354492188,163.25,23.40671157836914
2022-08-25,397.66168212890625,312.8479919433594,36.954673767089844,83.18456268310547,96.4673080444336,89.16337585449219,94.488037109375,163.75,23.076059341430664
2022-08-26,384.2011413574219,300.02490234375,36.4086799621582,81.08989715576172,97.19439697265625,89.0585708618164,93.92166137695312,161.75999450683594,23.17177391052246
2022-08-29,381.66070556640625,297.0679931640625,36.18117904663086,80.360595703125,96.39031982421875,88.55199432373047,93.22850799560547,161.86000061035156,23.511127471923828
2022-08-30,377.470947265625,293.7597961425781,35.753482818603516,79.2496337890625,96.62984466552734,88.52577209472656,93.34688568115234,160.50999450683594,22.858524322509766
2022-08-31,374.59869384765625,292.0519714355469,35.880882263183594,78.87651062011719,95.70597076416016,88.15898895263672,92.3663101196289,159.27000427246094,22.379947662353516
2022-09-01,375.7742004394531,292.1788330078125,35.598785400390625,79.02067565917969,93.9537353515625,87.4581527709961,91.81024932861328,157.8699951171875,21.9013729095459
2022-09-02,371.8117980957031,288.0508117675781,35.27119064331055,77.91822052001953,94.48523712158203,87.94812774658203,91.87806701660156,159.25999450683594,22.04929542541504
2022-09-06,370.4089660644531,285.9819030761719,34.852596282958984,78.62208557128906,92.14495086669922,86.96821594238281,90.6319808959961,158.3300018310547,21.91877555847168
2022-09-07,377.06329345703125,291.7591552734375,35.161991119384766,80.15705108642578,93.60228729248047,87.53692626953125,91.86959075927734,159.94000244140625,21.396692276000977
2022-09-08,379.5279846191406,293.2717590332031,34.97089385986328,80.37754821777344,92.64217376708984,87.21318817138672,91.65766906738281,158.97999572753906,21.483705520629883
2022-09-09,385.42401123046875,299.6833190917969,35.48958206176758,81.25102996826172,92.84788513183594,87.22193908691406,91.86959075927734,159.82000732421875,22.092802047729492
2022-09-12,389.5664367675781,303.2452697753906,36.01738739013672,82.03971099853516,92.0849609375,87.01193237304688,91.66617584228516,160.6300048828125,22.397350311279297
2022-09-13,372.62701416015625,286.61627197265625,34.907196044921875,78.90193939208984,92.2992935180664,86.52198028564453,91.00495910644531,158.5399932861328,22.28423309326172
2022-09-14,374.0489501953125,288.8901062011719,35.08009338378906,78.00302124023438,92.6164779663086,86.56573486328125,91.4372787475586,157.92999267578125,22.379947662353516
2022-09-15,369.8022766113281,284.0791015625,34.707000732421875,76.56135559082031,92.55646514892578,86.26824188232422,90.99650573730469,154.97999572753906,21.727344512939453
2022-09-16,366.9811096191406,282.3419494628906,34.38850021362305,76.56983184814453,91.7849349975586,86.33826446533203,90.78457641601562,155.83999633789062,21.649030685424805
2022-09-19,369.82696533203125,284.5406494140625,34.49769592285156,76.4595947265625,91.9992446899414,86.09326171875,90.93714904785156,155.9600067138672,21.718645095825195
2022-09-20,365.58184814453125,282.2724914550781,34.30659866333008,74.60237121582031,91.08197021484375,85.55958557128906,90.03015899658203,155.07000732421875,21.69253921508789
2022-09-21,359.2048034667969,277.2181701660156,33.733306884765625,73.42359161376953,92.6078872680664,85.90076446533203,90.3692398071289,155.7899932861328,21.5620174407959
2022-09-22,356.1875915527344,273.8061828613281,33.56950759887695,72.49072265625,90.24189758300781,84.60587310791016,89.09770965576172,155.6999969482422,21.6229305267334
2022-09-23,350.21966552734375,269.3481750488281,32.74142074584961,71.52721405029297,90.61050415039062,84.71088409423828,88.84344482421875,153.00999450683594,20.892011642456055
2022-09-26,346.75506591796875,268.23370361328125,32.341026306152344,69.52130889892578,88.87889862060547,83.30223846435547,87.3006820678711,151.22999572753906,20.40473747253418
2022-09-27,345.8699035644531,268.34124755859375,32.304622650146484,68.59550476074219,86.53862762451172,82.73355865478516,85.98680877685547,151.5399932861328,20.622270584106445
2022-09-28,352.67535400390625,273.67913818359375,32.58672332763672,70.01849365234375,89.43610382080078,84.59715270996094,87.71604919433594,154.69000244140625,21.19655990600586
2022-09-29,345.3083190917969,265.78955078125,31.858726501464844,67.96114349365234,88.97317504882812,84.20343780517578,87.0633316040039,154.66000366210938,21.0660400390625
2022-09-30,339.9686584472656,261.28271484375,31.740434646606445,68.72409057617188,87.82447052001953,83.98468780517578,86.84294128417969,154.6699981689453,20.80500030517578
2022-10-03,348.9442138671875,267.4124755859375,32.25912857055664,69.94990539550781,89.21993255615234,84.98143005371094,88.44950866699219,158.42999267578125,21.274873733520508
2022-10-04,359.7568054199219,275.8201599121094,33.31471633911133,71.36434173583984,88.97076416015625,85.15674591064453,88.85772705078125,160.6999969482422,21.849164962768555
2022-10-05,358.9192199707031,275.6734619140625,33.33291244506836,69.96705627441406,88.12008666992188,84.35025787353516,88.18583679199219,159.80999755859375,22.240726470947266
2022-10-06,355.21673583984375,273.5030822753906,33.13271713256836,68.0211410522461,87.63028717041016,83.88562774658203,87.98174285888672,159.6300048828125,22.379947662353516
2022-10-07,345.3083190917969,263.0815734863281,32.441123962402344,66.38385009765625,86.77957153320312,83.47360229492188,87.10576629638672,157.8800048828125,22.614885330200195
2022-10-10,342.6717529296875,260.4516906738281,31.986133575439453,65.75806427001953,85.43048858642578,82.98269653320312,86.32330322265625,155.47999572753906,22.362546920776367
2022-10-11,340.50164794921875,256.8735656738281,31.47653579711914,66.42670440673828,85.80856323242188,83.1930923461914,86.14471435546875,155.16000366210938,22.04059410095215
2022-10-12,339.3785095214844,256.78558349609375,31.5129337310791,65.73233032226562,86.2296371459961,83.46484375,86.04265594482422,155.99000549316406,22.04059410095215
2022-10-13,348.3351135253906,262.8078308105469,31.603931427001953,66.93244934082031,85.40472412109375,83.11418151855469,86.19574737548828,154.91000366210938,22.345142364501953
2022-10-14,340.39691162109375,254.90853881835938,31.1307373046875,65.2694320678711,84.70010375976562,82.6495590209961,85.37078094482422,152.97999572753906,21.9013729095459
2022-10-17,349.14410400390625,263.32598876953125,31.986133575439453,67.72969055175781,84.28762817382812,82.73719024658203,85.77899169921875,153.4199981689453,21.849164962768555
2022-10-18,353.24639892578125,265.4083557128906,31.995229721069336,68.46690368652344,84.48526763916016,82.9476318359375,86.28929138183594,153.75,21.614227294921875
2022-10-19,350.7431335449219,264.44049072265625,31.412832260131836,66.76101684570312,82.94715118408203,82.0797348022461,85.10710906982422,151.69000244140625,21.605527877807617
2022-10-20,347.8021240234375,263.0912780761719,31.6130313873291,66.46955871582031,81.5293197631836,81.46610260009766,84.36722564697266,151.4499969482422,21.6229305267334
2022-10-21,356.25408935546875,269.26025390625,32.09532928466797,66.99246215820312,80.0599594116211,81.6501693725586,84.60533905029297,154.14999389648438,21.649030685424805
2022-10-24,360.6134338378906,272.22247314453125,30.875940322875977,66.9839096069336,79.3982925415039,81.54500579833984,84.56283569335938,153.64999389648438,21.709941864013672
2022-10-25,366.3719482421875,277.8536071777344,31.1307373046875,69.61559295654297,81.70977783203125,82.56188201904297,85.69396209716797,154.0,21.831762313842773
2022-10-26,363.6116638183594,271.7140808105469,31.64033317565918,69.5727310180664,82.8869857788086,82.98269653320312,86.08516693115234,154.97999572753906,22.240726470947266
2022-10-27,361.66998291015625,266.7672424316406,31.394634246826172,69.67559814453125,83.75489044189453,83.57003021240234,86.48490142822266,154.74000549316406,22.27553367614746
2022-10-28,370.2743225097656,274.93048095703125,31.203535079956055,71.21004486083984,83.17915344238281,83.14047241210938,86.66350555419922,153.16000366210938,22.014490127563477
2022-10-31,367.5997619628906,271.733642578125,31.112539291381836,71.13291931152344,82.58625793457031,82.76351928710938,86.19574737548828,151.91000366210938,21.857866287231445
2022-11-01,365.9912109375,268.9571533203125,31.68582534790039,71.10718536376953,83.35808563232422,82.74859619140625,86.81590270996094,153.4600067138672,22.188518524169922
2022-11-02,356.80621337890625,259.738037109375,31.421934127807617,69.15267944335938,82.99626922607422,82.60801696777344,86.3979263305664,152.38999938964844,22.38865089416504
2022-11-03,353.1322326660156,254.6641387939453,31.603931427001953,69.05838775634766,82.54832458496094,82.24784088134766,86.0908203125,151.80999755859375,22.371248245239258
2022-11-04,358.2148742675781,258.7604064941406,32.94161605834961,70.00135040283203,81.1614761352539,82.0721206665039,86.26142883300781,156.47000122070312,23.128267288208008
2022-11-07,361.6414489746094,261.6052551269531,32.959815979003906,70.00135040283203,80.35175323486328,81.78221130371094,85.9458236694336,155.85000610351562,22.928136825561523
2022-11-08,363.5926818847656,263.51177978515625,33.1964111328125,70.21565246582031,81.23039245605469,82.326904296875,86.3040771484375,159.4499969482422,22.64969253540039
2022-11-09,356.10186767578125,257.43084716796875,32.62311935424805,69.49559020996094,81.4974365234375,82.60801696777344,86.08230590820312,158.64999389648438,22.127609252929688
2022-11-10,375.671142578125,276.4262390136719,33.80611038208008,74.57894897460938,84.63297271728516,84.46173095703125,88.96564483642578,163.47999572753906,22.327739715576172
2022-11-11,379.3070068359375,281.5197448730469,34.725196838378906,74.57038116455078,84.32283020019531,84.28600311279297,89.2044677734375,164.55999755859375,22.754106521606445
2022-11-14,376.0804443359375,279.0561218261719,34.515892028808594,72.75305938720703,84.11607360839844,84.08396911621094,88.75237274169922,164.9199981689453,22.414752960205078
2022-11-15,379.2879638671875,282.917724609375,35.307586669921875,73.54170227050781,85.47711944580078,84.70767974853516,89.98930358886719,165.5,22.675796508789062
2022-11-16,376.3945617675781,279.0561218261719,34.74339294433594,72.8730697631836,87.34637451171875,85.33147430419922,90.75703430175781,165.1199951171875,22.42345428466797
2022-11-17,375.2428283691406,278.4402160644531,34.807098388671875,72.37586975097656,86.42466735839844,84.75165557861328,90.27080535888672,163.9199981689453,22.04929542541504
2022-11-18,376.9466247558594,278.44989013671875,34.606895446777344,73.29310607910156,85.83028411865234,84.45295715332031,90.26229858398438,162.7899932861328,21.892671585083008
2022-11-21,375.5758972167969,275.5854797363281,34.170101165771484,73.67884826660156,86.19208526611328,84.40021514892578,90.12574768066406,161.8800048828125,21.814359664916992
2022-11-22,380.6300048828125,279.5546875,34.25199890136719,74.0817642211914,87.415283203125,84.88341522216797,90.92766571044922,162.07000732421875,22.04059410095215
2022-11-23,383.02862548828125,282.36053466796875,34.534095764160156,74.14176177978516,88.93999481201172,85.34024810791016,91.84044647216797,163.0800018310547,21.736047744750977
2022-11-25,382.9429931640625,280.50299072265625,34.37030029296875,74.61324310302734,88.63846588134766,85.31389617919922,91.9343032836914,163.22000122070312,21.54461669921875
2022-11-28,376.8323669433594,276.38714599609375,34.21560287475586,72.61590576171875,88.8882827758789,85.3490219116211,91.26889038085938,161.92999267578125,21.41409683227539
2022-11-29,376.1851806640625,274.29498291015625,34.952693939208984,73.81600952148438,87.84598541259766,84.98882293701172,90.81676483154297,162.72999572753906,21.69253921508789
2022-11-30,388.03521728515625,286.7989196777344,35.96278381347656,75.50476837158203,88.4920425415039,85.75314331054688,91.92575073242188,164.80999755859375,22.17981719970703
2022-12-01,387.74969482421875,287.1509704589844,35.844478607177734,75.34188842773438,91.31900787353516,86.68978118896484,93.0759506225586,167.83999633789062,22.066699981689453
2022-12-02,387.3023376464844,286.0070495605469,35.980979919433594,75.1190185546875,92.46736145019531,86.8658218383789,93.6407699584961,167.25999450683594,21.831762313842773
2022-12-05,380.3350524902344,281.2068786621094,35.57148742675781,73.7474365234375,91.17221069335938,85.98555755615234,92.84486389160156,164.38999938964844,21.266172409057617
2022-12-06,374.8525085449219,275.3802185058594,35.5259895324707,73.0530776977539,92.34646606445312,86.51372528076172,93.12728118896484,164.83999633789062,20.926816940307617
2022-12-07,374.21490478515625,274.2559509277344,35.31669235229492,73.19880676269531,94.52240753173828,87.2707290649414,94.16278839111328,166.3300018310547,20.822402954101562
2022-12-08,377.1464538574219,277.50164794921875,35.744384765625,73.71314239501953,94.26336669921875,86.77781677246094,93.86326599121094,166.47000122070312,20.787595748901367
2022-12-09,374.32904052734375,275.7322082519531,35.50778579711914,73.57599639892578,91.81114196777344,86.13520812988281,93.1614990234375,167.05999755859375,20.81369972229004
2022-12-12,379.7259216308594,279.1929931640625,35.39858627319336,74.14176177978516,92.10472106933594,86.011962890625,93.04171752929688,165.67999267578125,21.039934158325195
2022-12-13,382.6003112792969,282.1943359375,35.651729583740234,75.51333618164062,92.99411010742188,86.78662109375,93.85470581054688,168.50999450683594,21.387990951538086
2022-12-14,380.1542053222656,280.1021728515625,35.67020797729492,74.99898529052734,93.39130401611328,87.02426147460938,93.9402847290039,168.10000610351562,21.55331802368164
2022-12-15,370.8548889160156,270.69732666015625,34.84796905517578,73.99603271484375,93.75567626953125,87.19363403320312,94.01925659179688,165.35000610351562,21.29227638244629
2022-12-16,366.47662353515625,268.11639404296875,34.94959259033203,72.08441162109375,92.7083740234375,86.97312927246094,93.61579895019531,166.7899932861328,21.022531509399414
2022-12-19,363.3689880371094,264.348388671875,34.97731018066406,71.16718292236328,91.150390625,86.26756286621094,92.67159271240234,166.32000732421875,20.98314094543457
2022-12-20,363.8662109375,264.142578125,34.96806716918945,70.9871597290039,89.53181457519531,85.64131164550781,91.58145141601562,169.0800018310547,21.079435348510742
2022-12-21,369.3069152832031,267.97430419921875,35.28218078613281,71.59579467773438,89.75686645507812,85.74715423583984,92.20803833007812,168.8000030517578,21.35080337524414
2022-12-22,364.0383605957031,261.418212890625,34.96806716918945,71.29499053955078,89.73954772949219,85.72066497802734,92.18229675292969,166.75999450683594,21.079435348510742
2022-12-23,366.13238525390625,262.00616455078125,34.92188262939453,71.92960357666016,88.42393493652344,85.3326187133789,91.89900970458984,167.25999450683594,21.4646053314209
2022-12-27,364.68853759765625,258.3019104003906,35.439239501953125,71.90353393554688,86.67552185058594,84.61820220947266,90.7144775390625,168.6699981689453,21.657190322875977
2022-12-28,360.1562194824219,254.89158630371094,34.92188262939453,70.6777572631836,86.16484832763672,84.41536712646484,90.43119812011719,167.91000366210938,21.412080764770508
2022-12-29,366.6391296386719,261.1046447753906,35.503910064697266,72.2251968383789,87.1429214477539,84.82989501953125,91.07498168945312,168.85000610351562,21.385820388793945
2022-12-30,365.67340087890625,260.9478759765625,35.01426696777344,71.7035903930664,86.17351531982422,84.47708892822266,90.49987030029297,169.63999938964844,21.578407287597656
2023-01-03,364.1339111328125,259.18389892578125,35.309898376464844,71.77313995361328,87.81804656982422,85.13858032226562,91.1264877319336,171.05999755859375,21.061925888061523
2023-01-04,366.94512939453125,260.418701171875,36.37233352661133,73.39881896972656,89.02114868164062,85.79125213623047,91.78743743896484,172.6699981689453,20.685508728027344
2023-01-05,362.7570495605469,256.34197998046875,36.261470794677734,71.42540740966797,89.39331817626953,85.66777801513672,91.71875,170.52000427246094,20.580459594726562
2023-01-06,371.0758361816406,263.4173583984375,37.01903533935547,73.34666442871094,91.03787231445312,86.77025604248047,93.220947265625,173.7100067138672,20.694259643554688
2023-01-09,370.8654479980469,265.1225891113281,37.29619598388672,73.37273406982422,91.52256774902344,86.99076080322266,93.59004974365234,174.10000610351562,20.93937110900879
2023-01-10,373.46630859375,267.3666076660156,37.564117431640625,73.53791046142578,90.00786590576172,86.44392395019531,93.2724609375,174.74000549316406,20.93937110900879
2023-01-11,378.1898193359375,271.9921875,37.721168518066406,76.1720199584961,91.47064208984375,86.99956512451172,94.07075500488281,174.6199951171875,21.31578826904297
2023-01-12,379.5667724609375,273.4621887207031,37.905941009521484,77.13699340820312,93.27095031738281,87.77574157714844,95.13513946533203,176.63999938964844,21.490867614746094
2023-01-13,381.0392150878906,275.34368896484375,38.15538024902344,76.65885925292969,92.39677429199219,87.30826568603516,94.8261489868164,178.75999450683594,21.700963973999023
2023-01-17,380.3412780761719,275.90228271484375,37.94289779663086,76.87619018554688,91.79955291748047,87.03487396240234,94.4828109741211,177.58999633789062,21.84977912902832
2023-01-18,374.3364562988281,272.3155822753906,37.68421936035156,75.75474548339844,94.02397155761719,88.21672821044922,95.59011840820312,177.0800018310547,21.613422393798828
2023-01-19,371.611328125,269.6402282714844,37.970611572265625,75.33744812011719,93.43541717529297,88.04915618896484,95.3926773071289,179.88999938964844,21.832271575927734
2023-01-20,378.5340576171875,277.0194091796875,38.552642822265625,76.2328872680664,91.92070007324219,87.46702575683594,94.89482116699219,179.2899932861328,21.963579177856445
2023-01-23,383.0758972167969,283.1736755371094,38.829803466796875,76.58061981201172,91.48792266845703,87.18478393554688,94.6201171875,179.6300048828125,22.016103744506836
2023-01-24,382.6648254394531,282.5954895019531,38.85751724243164,76.77186584472656,92.8035888671875,87.68754577636719,95.11798095703125,180.27999877929688,21.8935489654541
2023-01-25,382.8082580566406,281.9683837890625,38.894474029541016,76.806640625,93.02860260009766,87.78453826904297,95.16090393066406,181.11000061035156,21.832271575927734
2023-01-26,387.01544189453125,287.4660339355469,39.26401901245117,77.66729736328125,92.59583282470703,87.46702575683594,95.1265640258789,179.47000122070312,21.92856216430664
2023-01-27,387.9046936035156,290.3275146484375,39.07924270629883,78.53663635253906,92.36214447021484,87.33473205566406,94.85191345214844,179.22000122070312,21.683454513549805
2023-01-30,383.0377197265625,284.45745849609375,38.29396438598633,77.53690338134766,92.02460479736328,87.06131744384766,94.4913558959961,178.75999450683594,21.403329849243164
2023-01-31,388.6696472167969,288.7203674316406,38.210819244384766,79.1625747680664,92.76031494140625,87.50233459472656,95.16950225830078,179.41000366210938,21.770994186401367
2023-02-01,392.80029296875,294.8941955566406,38.681983947753906,79.64939880371094,93.87539672851562,88.13165283203125,96.13556671142578,181.6699981689453,21.359560012817383
2023-02-02,398.5183410644531,305.47796630859375,38.45101547241211,81.4576416015625,93.99687194824219,88.09626770019531,96.27336120605469,177.89999389648438,21.201988220214844
2023-02-03,394.2824401855469,300.0488586425781,37.767372131347656,79.92759704589844,92.59107208251953,87.15052795410156,95.17981719970703,173.4600067138672,20.668001174926758
2023-02-06,391.87286376953125,297.5107421875,37.213043212890625,79.34513854980469,91.90555572509766,86.39924621582031,94.44794464111328,173.82000732421875,20.729276657104492
2023-02-07,396.9980163574219,303.6748352050781,37.36086654663086,79.17127227783203,91.16793823242188,86.18710327148438,94.1379623413086,173.97999572753906,21.12320327758789
2023-02-08,392.6568908691406,298.2751159667969,37.314674377441406,78.79745483398438,91.6018295288086,86.50528717041016,94.23269653320312,174.41000366210938,21.16697120666504
2023-02-09,389.2529602050781,295.6390075683594,37.49020767211914,77.93679809570312,90.73406982421875,86.11640930175781,93.44051361083984,173.02999877929688,21.000646591186523
2023-02-10,390.1612548828125,293.6986389160156,37.12990188598633,78.20631408691406,89.71874237060547,85.70096588134766,92.78614044189453,173.36000061035156,21.298282623291016
2023-02-13,394.7413330078125,298.4025573730469,37.43478012084961,78.90176391601562,90.47372436523438,85.90426635742188,93.13054656982422,172.47999572753906,21.254512786865234
2023-02-14,394.55975341796875,300.6074523925781,37.37010192871094,78.27584075927734,90.26546478271484,85.51535034179688,92.89805603027344,172.61000061035156,21.324542999267578
2023-02-15,395.8410339355469,302.910400390625,37.055992126464844,78.58879852294922,89.42373657226562,85.259033203125,92.5450439453125,170.88999938964844,21.096942901611328
2023-02-16,390.39080810546875,297.22650146484375,37.06523513793945,77.82377624511719,88.15676879882812,84.97618865966797,91.80455017089844,170.75,21.035663604736328
2023-02-17,389.4154968261719,295.1293640136719,36.658729553222656,77.51949310302734,88.84232330322266,85.21487426757812,92.16618347167969,171.25999450683594,20.878093719482422
2023-02-21,381.6034240722656,288.1422119140625,36.19680404663086,75.96337890625,87.11544799804688,84.2867660522461,90.85736083984375,170.6199951171875,20.904354095458984
2023-02-22,381.07757568359375,288.3577575683594,36.021263122558594,75.276611328125,87.91378784179688,84.43702697753906,91.11569213867188,169.66000366210938,20.632984161376953
2023-02-23,383.1046447753906,290.8763122558594,36.19680404663086,75.8416748046875,88.77291870117188,84.76409149169922,91.83036041259766,169.57000732421875,20.79055404663086
2023-02-24,379.0121765136719,286.00579833984375,35.38380813598633,74.51155853271484,87.61878204345703,84.2514419555664,91.14152526855469,168.35000610351562,20.720523834228516
2023-02-27,380.3030090332031,288.053955078125,35.568580627441406,74.62457275390625,87.86172485351562,84.50774383544922,91.16735076904297,169.00999450683594,20.73802947998047
2023-02-28,378.8974914550781,287.6816101074219,35.31913375854492,74.52027130126953,88.26089477539062,84.64031219482422,91.20183563232422,169.77999877929688,20.79930877685547
2023-03-01,377.4440002441406,285.36883544921875,36.07670211791992,73.58139038085938,87.31272888183594,83.96365356445312,90.63322448730469,170.75999450683594,21.158218383789062
2023-03-02,380.3795471191406,287.7305603027344,36.20603561401367,74.44202423095703,86.53849792480469,83.61823272705078,90.71100616455078,170.66000366210938,21.079435348510742
2023-03-03,386.47998046875,293.67901611328125,36.52939224243164,75.57219696044922,88.63494873046875,84.29133605957031,91.73927307128906,172.49000549316406,21.412080764770508
2023-03-06,386.7477111816406,294.01220703125,36.400054931640625,75.276611328125,87.94776916503906,84.1407699584961,91.4886703491211,171.6199951171875,21.307035446166992
2023-03-07,380.8193359375,290.4058837890625,35.790306091308594,73.52052307128906,88.48709106445312,84.1496353149414,91.22946166992188,168.6199951171875,20.869338989257812
2023-03-08,381.44085693359375,291.8563232421875,35.9381217956543,74.3637924194336,88.5740737915039,84.12307739257812,91.08253479003906,168.5399932861328,20.755537033081055
2023-03-09,374.4034118652344,286.7995910644531,35.14360427856445,72.65987396240234,88.79154968261719,84.64563751220703,90.99614715576172,170.1999969482422,20.501676559448242
2023-03-10,369.0009460449219,282.77191162109375,34.958831787109375,70.25178527832031,91.8536148071289,86.20446014404297,92.30089569091797,173.8699951171875,20.720523834228516
2023-03-13,368.47503662109375,284.8690490722656,35.01426696777344,71.17329406738281,92.06239318847656,87.24958038330078,92.3786849975586,177.86000061035156,20.589214324951172
2023-03-14,374.5659484863281,291.41534423828125,35.032737731933594,71.86006927490234,90.54874420166016,86.42586517333984,92.10218048095703,176.8300018310547,20.326597213745117
2023-03-15,372.2232666015625,292.94403076171875,34.43223571777344,71.80791473388672,92.29727935791016,87.6746826171875,92.98352813720703,178.2100067138672,19.853885650634766
2023-03-16,378.7539978027344,300.666259765625,34.958831787109375,71.65142059326172,91.57525634765625,86.88642883300781,92.8453140258789,178.57000732421875,19.915164947509766
2023-03-17,374.3253479003906,299.24530029296875,34.74634552001953,70.0257568359375,92.94971466064453,87.913818359375,93.3118896484375,183.77000427246094,19.853885650634766
2023-03-20,377.9247131347656,300.30731201171875,34.87568664550781,70.82555389404297,92.13201904296875,87.55956268310547,93.03536987304688,183.83999633789062,19.93267059326172
2023-03-21,382.8870849609375,304.596435546875,35.18979263305664,70.51258850097656,91.34039306640625,86.7978744506836,93.48470306396484,180.3699951171875,20.002702713012695
2023-03-22,376.36016845703125,300.4544677734375,35.32837677001953,67.87846374511719,92.55827331542969,87.9404067993164,94.02906799316406,183.44000244140625,20.055225372314453
2023-03-23,377.3776550292969,304.0173645019531,35.818023681640625,67.45249938964844,92.55827331542969,88.44523620605469,94.29692840576172,185.74000549316406,20.002702713012695
2023-03-24,379.8539733886719,305.1362609863281,35.72563171386719,69.18226623535156,92.94971466064453,88.47180938720703,94.59071350097656,183.64999389648438,20.0989933013916
2023-03-27,380.5642395019531,303.045654296875,35.531620025634766,69.10324096679688,90.76624298095703,87.38240051269531,93.45877838134766,181.9499969482422,20.475412368774414
2023-03-28,379.7099914550781,301.4360046386719,36.03974533081055,68.93641662597656,90.93153381347656,87.32926177978516,93.30325317382812,183.44000244140625,20.571706771850586
2023-03-29,385.2290954589844,306.9323425292969,36.14137268066406,70.46424102783203,90.74883270263672,87.1787109375,93.73528289794922,182.52999877929688,20.440399169921875
2023-03-30,387.48468017578125,309.8375244140625,36.50167465209961,71.38619995117188,91.16639709472656,87.31155395507812,93.8648910522461,184.17999267578125,20.589214324951172
2023-03-31,392.9460754394531,314.9903869628906,36.45547866821289,72.91401672363281,92.53216552734375,87.78983306884766,94.7116928100586,183.22000122070312,20.781801223754883
2023-04-03,394.4435119628906,314.2248840332031,36.52939224243164,72.33448028564453,92.96733856201172,88.2033920288086,95.28374481201172,184.5399932861328,21.12320327758789
2023-04-04,392.2550048828125,313.1648864746094,36.52939224243164,72.23789978027344,93.4295425415039,88.7713623046875,95.40508270263672,187.97999572753906,21.096942901611328
2023-04-05,391.22802734375,310.0731506347656,36.24299621582031,71.8515625,94.40633392333984,89.1440658569336,95.71714782714844,187.8300018310547,21.17572784423828
2023-04-06,392.7541809082031,312.1637268066406,36.39080810546875,72.34327697753906,94.6505355834961,89.17073059082031,95.63048553466797,186.49000549316406,21.114450454711914
2023-04-10,393.1573181152344,311.9869689941406,36.42776870727539,72.67696380615234,93.12432098388672,88.2921371459961,95.18842315673828,185.11000061035156,21.114450454711914
2023-04-11,393.26287841796875,309.9847717285156,36.64949035644531,72.9842758178711,93.3161849975586,88.25664520263672,95.16242980957031,186.27999877929688,21.22825050354004
2023-04-12,391.65997314453125,307.2464904785156,36.39080810546875,72.63304138183594,93.2202377319336,88.51400756835938,94.96306610107422,187.19000244140625,21.394575119018555
2023-04-13,396.86224365234375,313.2630310058594,36.88969421386719,72.41352081298828,92.4876937866211,88.2211685180664,95.12774658203125,189.72000122070312,21.394575119018555
2023-04-14,395.892822265625,312.6741027832031,36.69568634033203,71.28960418701172,91.64176177978516,87.78628540039062,94.81570434570312,186.36000061035156,21.42083740234375
2023-04-17,397.31329345703125,312.93902587890625,36.85274124145508,72.77352142333984,90.55158233642578,87.22721099853516,94.21765899658203,185.52999877929688,21.333297729492188
2023-04-18,397.5725402832031,312.9587097167969,36.806549072265625,72.60670471191406,90.87425231933594,87.36919403076172,94.52967071533203,186.25,21.37706756591797
2023-04-19,397.5054016113281,312.8114929199219,36.43700408935547,73.03694915771484,90.78704833984375,87.18281555175781,94.06160736083984,185.36000061035156,21.079435348510742
2023-04-20,395.3360900878906,310.42645263671875,36.38157653808594,72.31693267822266,91.56324768066406,87.68866729736328,94.41698455810547,186.08999633789062,20.89560317993164
2023-04-21,395.6432800292969,310.7503356933594,36.03974533081055,72.32569885253906,91.04866790771484,87.47566986083984,94.47769165039062,184.25,20.851831436157227
2023-04-24,396.05596923828125,310.1025695800781,35.95658874511719,72.05351257324219,91.92951965332031,87.90167236328125,94.8936996459961,184.80999755859375,21.018156051635742
2023-04-25,389.76904296875,304.2528381347656,35.28218078613281,71.34229278564453,93.28130340576172,88.7713623046875,95.30975341796875,185.75,20.720523834228516
2023-04-26,388.11810302734375,306.0981140136719,35.48543167114258,70.65741729736328,92.28707885742188,88.42526245117188,94.8936996459961,184.74000549316406,20.40538215637207
2023-04-27,395.84478759765625,314.421142578125,35.96583938598633,72.2554702758789,91.3713607788086,87.8484115600586,94.54700469970703,184.75,20.431642532348633
2023-04-28,399.22344970703125,316.59027099609375,36.15061569213867,73.1423110961914,92.84525299072266,88.505126953125,95.28374481201172,184.8000030517578,20.624229431152344
2023-05-01,398.8203125,316.22711181640625,36.03050231933594,72.59790802001953,90.1680908203125,87.46342468261719,93.74610900878906,183.97000122070312,20.44915199279785
2023-05-02,394.3378601074219,313.4691467285156,35.67943572998047,71.3686294555664,92.41510009765625,88.60205841064453,94.876708984375,187.52000427246094,19.985193252563477
2023-05-03,391.6311950683594,311.41778564453125,35.6240119934082,71.08765411376953,92.9309310913086,89.18034362792969,95.03326416015625,189.11000061035156,19.731332778930664
2023-05-04,388.85723876953125,310.31854248046875,35.910404205322266,71.67594909667969,92.0129165649414,89.16250610351562,94.77237701416016,190.44000244140625,19.81011390686035
2023-05-05,396.05596923828125,316.9141540527344,36.39080810546875,72.87012481689453,91.70689392089844,88.6821517944336,94.39837646484375,187.4600067138672,20.25656509399414
2023-05-08,396.16156005859375,317.6993408203125,36.4092903137207,72.44864654541016,90.42166900634766,88.13951110839844,93.72005462646484,187.69000244140625,20.352859497070312
2023-05-09,394.4242248535156,315.6872863769531,36.187557220458984,72.14134216308594,90.09818267822266,88.03275299072266,93.68524932861328,189.02000427246094,20.414134979248047
2023-05-10,396.2671203613281,319.12249755859375,36.169090270996094,72.83499145507812,90.97248077392578,88.6910400390625,94.42446899414062,188.75,20.352859497070312
2023-05-11,395.5760498046875,320.1628723144531,36.03974533081055,72.03594970703125,91.93419647216797,89.02019500732422,94.78975677490234,187.1300048828125,20.002702713012695
2023-05-12,395.0577392578125,319.0144348144531,35.61477279663086,72.02716827392578,91.1648178100586,88.48644256591797,94.20706939697266,186.80999755859375,19.845130920410156
2023-05-15,396.4206848144531,320.741943359375,36.27070999145508,71.90425109863281,90.22057342529297,88.29070281982422,93.70262145996094,187.2100067138672,20.072734832763672
2023-05-16,393.7715759277344,321.1051330566406,36.012027740478516,70.10423278808594,89.94950866699219,88.0060806274414,93.23296356201172,184.8699951171875,19.853885650634766
2023-05-17,398.5515441894531,324.99176025390625,36.17832946777344,71.05253601074219,89.68724060058594,87.72140502929688,93.22429656982422,184.22999572753906,20.090240478515625
2023-05-18,402.3908386230469,331.0279541015625,35.984317779541016,70.71009063720703,89.02274322509766,87.17874908447266,92.83289337158203,181.83999633789062,19.906408309936523
2023-05-19,401.8053283691406,330.2820129394531,36.012027740478516,70.59593963623047,88.39324951171875,86.84961700439453,92.7198715209961,183.63999938964844,19.88014793395996
2023-05-22,401.96856689453125,331.39117431640625,36.30766677856445,71.02619171142578,88.07848358154297,86.68948364257812,92.68505096435547,183.2100067138672,19.897655487060547
2023-05-23,397.4573669433594,327.19036865234375,35.744110107421875,70.35885620117188,88.33204650878906,86.83181762695312,92.87641143798828,183.42999267578125,19.9764404296875
2023-05-24,394.5777893066406,325.5119934082031,35.476192474365234,68.8486099243164,87.89485931396484,86.60942077636719,92.51112365722656,181.9499969482422,19.985193252563477
2023-05-25,397.9948425292969,333.43267822265625,35.402286529541016,68.83982849121094,87.67632293701172,86.06678009033203,92.20673370361328,180.1999969482422,19.670053482055664
2023-05-26,403.149169921875,341.9519348144531,36.03050231933594,69.63006591796875,88.38449096679688,86.22692108154297,92.59811401367188,180.9199981689453,19.985193252563477
2023-05-30,403.302734375,343.50274658203125,35.61477279663086,69.89350128173828,89.26757049560547,86.90298461914062,93.29386138916016,182.0399932861328,19.521236419677734
2023-05-31,401.0663146972656,341.5495300292969,35.28218078613281,70.24472045898438,90.04568481445312,87.23213195800781,93.5982437133789,182.32000732421875,19.30238914489746
2023-06-01,404.8768310546875,345.4952392578125,35.910404205322266,70.25349426269531,90.39898681640625,87.47466278076172,93.88533020019531,183.75999450683594,19.617530822753906
2023-06-02,410.7318420410156,348.0863342285156,36.52939224243164,71.96571350097656,89.40840911865234,86.77914428710938,93.6323013305664,181.0500030517578,19.87139320373535
2023-06-05,409.9448547363281,348.33172607421875,36.5201530456543,71.46522521972656,89.2418212890625,86.75238037109375,93.4316177368164,182.13999938964844,19.81886863708496
2023-06-06,410.8374328613281,348.2728271484375,36.843502044677734,72.15010070800781,89.767822265625,86.805908203125,93.61485290527344,182.33999633789062,19.845130920410156
2023-06-07,409.4168701171875,342.3642272949219,36.685218811035156,73.47599029541016,88.43531036376953,86.17279815673828,92.7771987915039,180.14999389648438,19.923917770385742
2023-06-08,411.8932189941406,346.6141052246094,36.945926666259766,73.0193862915039,89.46973419189453,86.75238037109375,93.39669036865234,182.52999877929688,19.95893096923828
2023-06-09,412.63232421875,347.9391174316406,37.113521575927734,72.59790802001953,89.3470230102539,86.4403076171875,93.15240478515625,182.0399932861328,19.836376190185547
2023-06-12,416.3756408691406,353.8182678222656,37.18800735473633,72.6154556274414,89.61001586914062,86.58300018310547,93.44905090332031,181.8800048828125,19.565006256103516
2023-06-13,419.1208190917969,356.5369567871094,37.56044387817383,73.08084869384766,88.7245864868164,85.96771240234375,93.03023529052734,180.5399932861328,19.82762336730957
2023-06-14,419.6198425292969,359.1280822753906,37.83978271484375,73.35304260253906,89.43466186523438,86.08363342285156,93.31815338134766,180.63999938964844,19.87139320373535
2023-06-15,424.8221740722656,363.407470703125,38.19359588623047,73.73941040039062,90.29376220703125,86.75238037109375,94.12963104248047,181.91000366210938,20.291582107543945
2023-06-16,423.3751220703125,361.12054443359375,38.0632438659668,73.68670654296875,89.943115234375,86.37788391113281,93.96385955810547,181.6300048828125,20.545442581176758
2023-06-20,421.17852783203125,360.6036071777344,37.318363189697266,72.81742858886719,90.56552124023438,86.63648986816406,94.30414581298828,179.75,20.36161231994629
2023-06-21,419.0205383300781,355.6893615722656,37.141456604003906,72.37841796875,90.78470611572266,86.71672821044922,94.199462890625,179.49000549316406,20.65924644470215
2023-06-22,420.5331115722656,359.8861083984375,37.011104583740234,71.34229278564453,89.68891143798828,86.22631072998047,93.71082305908203,177.7100067138672,20.274072647094727
2023-06-23,417.3539123535156,356.31842041015625,36.47106170654297,70.35885620117188,90.5831069946289,86.58300018310547,93.97258758544922,178.1999969482422,20.055225372314453
2023-06-26,415.648681640625,351.5417785644531,36.59210968017578,71.9832763671875,90.67951965332031,86.7969970703125,94.07728576660156,178.50999450683594,20.081485748291016
2023-06-27,420.20562744140625,357.586181640625,36.96455001831055,72.87012481689453,90.44281005859375,86.49381256103516,93.97258758544922,177.69000244140625,19.757593154907227
2023-06-28,420.4175109863281,358.2840881347656,36.74108123779297,72.9754867553711,90.82852172851562,86.84156036376953,94.38265991210938,177.27999877929688,19.69631576538086
2023-06-29,422.0745544433594,357.5665588378906,36.545555114746094,73.79063415527344,89.189208984375,85.94986724853516,93.66720581054688,177.08999633789062,19.705068588256836
2023-06-30,427.0553283691406,363.0803527832031,36.83419418334961,74.19911193847656,90.24119567871094,86.13715362548828,94.35649108886719,178.27000427246094,19.87139320373535
2023-07-03,427.5466613769531,363.9353942871094,37.243873596191406,74.92725372314453,89.72962188720703,85.76351165771484,94.09212493896484,178.47000122070312,19.87139320373535
2023-07-05,426.91082763671875,363.9255676269531,37.02041244506836,75.09596252441406,88.87698364257812,85.35236358642578,93.41810607910156,177.83999633789062,19.993947982788086
2023-07-06,423.5678405761719,361.15399169921875,36.26622772216797,74.51876831054688,87.6199722290039,84.65515899658203,92.47274017333984,177.30999755859375,19.950178146362305
2023-07-07,422.4984436035156,359.9548645019531,36.6759033203125,74.3500747680664,87.09256744384766,84.54789733886719,92.38520050048828,178.63999938964844,20.116500854492188
2023-07-10,423.5678405761719,360.07281494140625,36.70384216308594,74.66974639892578,87.20684814453125,84.9858627319336,92.86663818359375,178.77999877929688,20.160274505615234
2023-07-11,426.2653503417969,361.8517761230469,37.07627868652344,75.73529815673828,87.65516662597656,85.1646499633789,93.30432891845703,179.4499969482422,20.396625518798828
2023-07-12,429.6950378417969,366.4219970703125,37.90495681762695,76.14376831054688,88.63084411621094,85.99591827392578,94.12715911865234,181.8800048828125,20.545442581176758
2023-07-13,433.10552978515625,372.643310546875,38.3984375,76.63215637207031,89.56259155273438,86.71099853515625,94.79244232177734,182.00999450683594,20.834325790405273
2023-07-14,432.8357238769531,372.5647888183594,38.18428039550781,76.48119354248047,89.03520202636719,86.28193664550781,94.05712890625,181.42999267578125,20.694259643554688
2023-07-17,434.338623046875,376.0439453125,38.2308464050293,75.98393249511719,89.0791244506836,86.42493438720703,94.21469116210938,181.55999755859375,20.527938842773438
2023-07-18,437.56597900390625,379.1202392578125,37.951507568359375,75.56658172607422,89.48348999023438,86.5232925415039,94.45103454589844,183.63999938964844,20.79930877685547
2023-07-19,438.5390319824219,379.03179931640625,37.87702178955078,76.41903686523438,90.49435424804688,86.8182601928711,94.98502349853516,183.6699981689453,20.913108825683594
2023-07-20,435.62957763671875,370.2943420410156,37.597694396972656,76.17041778564453,89.39556884765625,86.12999725341797,94.34601593017578,182.74000549316406,20.97438621520996
2023-07-21,435.62957763671875,369.1837463378906,37.541831970214844,76.52560424804688,89.42194366455078,86.20149993896484,94.51232147216797,182.17999267578125,21.08818817138672
2023-07-24,437.5755920410156,369.7734680175781,38.053924560546875,77.15605926513672,89.09669494628906,85.99591827392578,94.39849853515625,181.39999389648438,21.4646053314209
2023-07-25,438.7702941894531,372.27972412109375,38.37050247192383,76.60552978515625,88.92970275878906,85.83499908447266,94.24971008300781,182.41000366210938,21.543392181396484
2023-07-26,438.8377380371094,371.04132080078125,38.59396743774414,76.95183563232422,89.0176010131836,86.12999725341797,94.68736267089844,183.3000030517578,21.438344955444336
2023-07-27,435.9281921386719,370.1567687988281,38.11910629272461,75.28244018554688,87.28594207763672,85.19143676757812,93.53189849853516,180.4199981689453,21.385820388793945
2023-07-28,440.1961364746094,376.8990478515625,39.040897369384766,75.22028350830078,87.7342300415039,85.46855926513672,94.1446762084961,181.86000061035156,21.51712989807129
2023-07-31,441.03424072265625,377.0956115722656,39.05951690673828,75.70866394042969,87.94520568847656,85.5758056640625,94.40725708007812,182.35000610351562,21.60466957092285
2023-08-01,439.772216796875,376.220947265625,38.56603240966797,75.58435821533203,86.50406646728516,85.0757827758789,93.466552734375,180.4600067138672,21.490867614746094
2023-08-02,433.6546325683594,367.96502685546875,37.64425277709961,75.14923858642578,85.57852935791016,84.90548706054688,92.89562225341797,179.60000610351562,21.16697120666504
2023-08-03,432.41180419921875,367.3753356933594,37.79322814941406,74.33230590820312,83.6041259765625,84.27825164794922,92.0611801147461,179.5399932861328,21.36831283569336
2023-08-04,430.4560546875,365.6553649902344,37.74666976928711,73.7284927368164,85.08495330810547,85.17436218261719,93.01859283447266,180.19000244140625,21.403329849243164
2023-08-07,434.2134094238281,368.75128173828125,37.69080352783203,74.6519775390625,84.24758911132812,84.96824645996094,92.79019927978516,179.77999877929688,21.412080764770508
2023-08-08,432.32513427734375,365.6160583496094,37.23456954956055,74.1724624633789,85.22599029541016,85.39837646484375,93.15910339355469,178.63999938964844,21.385820388793945
2023-08-09,429.4349060058594,361.59625244140625,37.327674865722656,74.1635971069336,85.66670227050781,85.45213317871094,93.24695587158203,177.7899932861328,21.534637451171875
2023-08-10,429.58905029296875,362.26458740234375,37.383541107177734,73.87944030761719,84.25640869140625,84.79798126220703,92.58818817138672,177.60000610351562,21.42083740234375
2023-08-11,429.33856201171875,359.9548645019531,36.83419418334961,73.994873046875,84.0625,84.34991455078125,92.27196502685547,177.60000610351562,21.385820388793945
2023-08-14,431.70855712890625,363.99444580078125,36.657283782958984,73.50648498535156,83.87739562988281,84.21553802490234,92.23682403564453,177.05999755859375,21.280773162841797
2023-08-15,426.6795959472656,360.1318664550781,36.238285064697266,72.6806640625,83.36616516113281,84.05422973632812,91.75373840332031,176.58999633789062,21.02691078186035
2023-08-16,423.5485534667969,356.31842041015625,35.91240692138672,71.78382873535156,82.71388244628906,83.73161315917969,91.34091186523438,175.57000732421875,20.93937110900879
2023-08-17,420.3211975097656,352.4263610839844,35.99620819091797,71.2066421508789,82.36131286621094,83.62409210205078,91.094970703125,175.3000030517578,20.99189567565918
2023-08-18,420.52349853515625,351.9841003417969,35.754119873046875,71.42862701416016,82.65219116210938,83.87500762939453,91.43755340576172,175.3300018310547,21.14071273803711
2023-08-21,423.259521484375,357.65509033203125,35.83792495727539,70.77152252197266,81.55038452148438,83.35523986816406,90.8929443359375,175.80999755859375,21.08818817138672
2023-08-22,422.1131286621094,357.1440124511719,35.76343536376953,70.97576904296875,82.17621612548828,83.39112091064453,91.17401123046875,176.10000610351562,21.096942901611328
2023-08-23,426.8144836425781,362.7756652832031,36.33140182495117,72.09461212158203,84.21232604980469,84.29618072509766,92.45641326904297,177.88999938964844,21.14071273803711
2023-08-24,420.899169921875,355.02105712890625,36.191734313964844,71.81934356689453,83.65703582763672,83.98252868652344,92.14020538330078,177.85000610351562,21.158218383789062
2023-08-25,423.866455078125,357.7730407714844,36.22898483276367,71.87261199951172,83.93026733398438,83.95564270019531,92.19290924072266,177.6199951171875,21.36831283569336
2023-08-28,426.5543518066406,360.4659729003906,36.58279800415039,72.54747009277344,84.01840209960938,84.18865966796875,92.48277282714844,178.1300048828125,21.333297729492188
2023-08-29,432.7201232910156,368.3385314941406,37.0483512878418,73.42657470703125,84.89104461669922,84.78905487060547,93.2206039428711,179.8699951171875,21.412080764770508
2023-08-30,434.5024108886719,370.3926696777344,36.927303314208984,73.69296264648438,84.8028793334961,84.78006744384766,93.0888442993164,180.32000732421875,21.438344955444336
2023-08-31,433.8665466308594,371.5032958984375,36.47106170654297,73.15130615234375,85.18191528320312,84.95033264160156,93.24695587158203,180.02000427246094,21.525882720947266
2023-09-01,434.67578125,371.1101379394531,36.89937210083008,73.27561950683594,83.85487365722656,84.43107604980469,92.58320617675781,180.11000061035156,21.77974510192871
2023-09-05,432.79718017578125,371.5819091796875,36.60142517089844,72.42316436767578,82.67908477783203,83.91897583007812,91.92205810546875,178.63999938964844,21.884796142578125
2023-09-06,429.8877258300781,368.30902099609375,36.39657974243164,72.27220153808594,82.8824234008789,83.70333099365234,91.83391571044922,177.8300018310547,21.937314987182617
2023-09-07,428.5678405761719,365.67498779296875,35.9682731628418,72.72506713867188,83.11228942871094,83.9908447265625,92.2394027709961,178.02000427246094,21.8935489654541
2023-09-08,429.21331787109375,366.18609619140625,36.042762756347656,72.44091796875,83.43054962158203,84.00883483886719,92.30992126464844,178.0800018310547,21.937314987182617
2023-09-11,432.0361633300781,370.500732421875,36.48968505859375,72.44979858398438,82.8293685913086,83.86508178710938,92.13362884521484,178.41000366210938,22.06862449645996
2023-09-12,429.66607666015625,366.39251708984375,36.37795639038086,72.4142837524414,83.30677032470703,83.98184967041016,92.10721588134766,177.49000549316406,22.147411346435547
2023-09-13,430.1671142578125,367.78814697265625,36.33140182495117,71.62399291992188,83.28907012939453,84.08065795898438,92.30992126464844,177.0800018310547,22.217443466186523
2023-09-14,433.87615966796875,370.7956237792969,36.573486328125,72.92042541503906,82.68791198730469,83.89200592041016,92.14242553710938,177.1699981689453,22.401275634765625
2023-09-15,428.64874267578125,364.4464416503906,36.43382263183594,72.64515686035156,82.18399810791016,83.63150024414062,92.00138092041016,178.33999633789062,22.348752975463867
2023-09-18,428.9001159667969,364.82635498046875,36.387271881103516,71.99693298339844,82.65255737304688,83.71234893798828,92.17769622802734,179.38999938964844,22.34000015258789
2023-09-19,428.0106201171875,364.048828125,36.17311477661133,71.66837310791016,82.04255676269531,83.40690612792969,91.86917877197266,179.22000122070312,22.357507705688477
2023-09-20,424.07574462890625,358.802734375,36.024139404296875,71.73053741455078,82.29891967773438,83.34398651123047,91.90444946289062,179.35000610351562,22.173673629760742
2023-09-21,417.0664978027344,352.22784423828125,35.400306701660156,69.28861999511719,80.18598175048828,82.72411346435547,90.97885131835938,178.0500030517578,22.103641510009766
2023-09-22,416.1286926269531,352.2770690917969,35.819297790527344,68.76471710205078,80.83138275146484,83.04752349853516,91.5342025756836,178.6199951171875,22.12114906311035
2023-09-25,417.87860107421875,353.9502868652344,35.6610107421875,68.70256042480469,78.8421630859375,82.43663024902344,90.6438980102539,177.6999969482422,22.016103744506836
2023-09-26,411.73944091796875,348.6352844238281,35.15821838378906,67.45050811767578,78.56809997558594,82.40966796875,90.38827514648438,176.27999877929688,21.98984146118164
2023-09-27,411.90380859375,349.4522399902344,35.21408462524414,66.99763488769531,78.16143035888672,82.04134368896484,89.96514892578125,174.10000610351562,22.112396240234375
2023-09-28,414.2917785644531,352.3755187988281,35.30719757080078,67.64051055908203,78.4001693725586,82.26592254638672,90.12382507324219,173.22999572753906,22.086132049560547
2023-09-29,413.2862854003906,352.6313781738281,35.33512878417969,67.83778381347656,78.40897369384766,82.28388977050781,89.92990112304688,171.4499969482422,21.84977912902832
2023-10-02,413.1219482421875,355.5743713378906,35.15821838378906,66.59146118164062,77.09639739990234,81.61644744873047,89.10600280761719,169.64999389648438,21.683454513549805
2023-10-03,407.5918884277344,349.3341369628906,34.692665100097656,65.2913818359375,75.43791961669922,80.94088745117188,88.07946014404297,169.16000366210938,21.587162017822266
2023-10-04,410.5599670410156,354.0881042480469,34.59025573730469,66.08936309814453,76.502197265625,81.45433044433594,88.849365234375,169.13999938964844,20.98314094543457
2023-10-05,410.4052734375,353.04473876953125,34.720603942871094,66.45698547363281,76.120849609375,81.607421875,88.74317932128906,168.8300018310547,20.860584259033203
2023-10-06,415.2778625488281,358.960205078125,35.22339630126953,66.63630676269531,75.198486328125,81.13004302978516,88.47769165039062,169.6999969482422,20.93937110900879
2023-10-09,417.9366149902344,360.7908935546875,35.05580520629883,67.362548828125,76.96338653564453,82.16590118408203,89.57501983642578,172.82000732421875,21.37706756591797
2023-10-10,420.1118469238281,362.78900146484375,35.558589935302734,67.68534088134766,76.8569564819336,82.00376892089844,89.61044311523438,172.52999877929688,21.324542999267578
2023-10-11,421.83282470703125,365.3775939941406,35.78205871582031,68.85991668701172,78.46219635009766,82.45413208007812,90.15911102294922,173.7899932861328,21.201988220214844
2023-10-12,419.2611389160156,364.10784912109375,35.381683349609375,67.85569763183594,76.33367919921875,81.6614761352539,89.2210464477539,173.25999450683594,21.193233489990234
2023-10-13,417.1728515625,359.5310363769531,35.2513313293457,67.68534088134766,77.69947814941406,82.18390655517578,89.71662902832031,178.8300018310547,21.75348663330078
2023-10-16,421.5621032714844,363.5960693359375,35.51203918457031,68.49229431152344,76.448974609375,81.697509765625,89.09715270996094,177.9600067138672,21.683454513549805
2023-10-17,421.5427551269531,362.40509033203125,35.41892623901367,68.39366149902344,75.60643005371094,80.89583587646484,88.3891830444336,178.2899932861328,21.744731903076172
2023-10-18,415.9256591796875,357.651123046875,34.878883361816406,66.941162109375,74.9412841796875,80.51754760742188,87.68123626708984,180.8699951171875,21.937314987182617
2023-10-19,412.2711181640625,354.30462646484375,34.67405319213867,65.35415649414062,73.406982421875,80.1212158203125,86.97327423095703,183.08999633789062,22.164918899536133
2023-10-20,407.2051086425781,349.0191650390625,34.25505447387695,64.91480255126953,73.82381439208984,80.58960723876953,87.31840515136719,183.58999633789062,21.998594284057617
2023-10-23,406.4993896484375,350.0723571777344,34.22712326049805,64.27821350097656,74.71070861816406,80.96790313720703,87.99982452392578,182.97000122070312,21.858531951904297
2023-10-24,409.5641174316406,353.4779052734375,34.66474151611328,65.10308837890625,75.69512939453125,81.11203002929688,88.49541473388672,182.9499969482422,21.622177124023438
2023-10-25,403.6860046386719,344.826171875,34.208499908447266,63.704383850097656,74.01007843017578,80.40043640136719,87.69007110595703,183.72000122070312,21.77974510192871
2023-10-26,398.85205078125,338.2513122558594,34.04090881347656,64.92378997802734,75.145263671875,81.012939453125,88.32725524902344,184.00999450683594,21.595914840698242
2023-10-27,397.04412841796875,339.8753662109375,34.01296615600586,63.883697509765625,74.82597351074219,81.13905334472656,88.15026092529297,186.14999389648438,21.884796142578125
2023-10-30,401.7910461425781,343.70416259765625,34.366790771484375,64.28717803955078,74.4889907836914,80.86881256103516,87.88477325439453,185.10000610351562,21.534637451171875
2023-10-31,404.314453125,345.347900390625,34.171260833740234,65.38104248046875,74.12535858154297,80.69768524169922,87.7608871459961,184.08999633789062,21.455852508544922
2023-11-01,408.6263427734375,351.3420104980469,34.48783493041992,65.7845230102539,75.7325439453125,81.62712860107422,89.01681518554688,183.50999450683594,21.490867614746094
2023-11-02,416.4574279785156,357.7200927734375,35.093040466308594,67.94536590576172,77.45903015136719,82.13296508789062,90.07379150390625,184.1199951171875,21.718469619750977
2023-11-03,420.2569580078125,361.9228515625,35.80998611450195,69.56822967529297,77.98409271240234,82.76522827148438,90.51792907714844,184.7899932861328,21.60466957092285
2023-11-06,421.2236633300781,363.399169921875,36.098628997802734,68.56402587890625,77.22761535644531,82.2864990234375,90.03826141357422,183.35000610351562,21.69220733642578
2023-11-07,422.4225158691406,366.8342590332031,36.033451080322266,67.9991683959961,78.36672973632812,82.75618743896484,90.75772094726562,182.58999633789062,21.22825050354004
2023-11-08,422.73193359375,367.070556640625,35.79136657714844,68.22332000732422,79.70162963867188,83.09040069580078,91.21956634521484,180.77000427246094,20.99189567565918
2023-11-09,419.4350891113281,364.24566650390625,35.456172943115234,67.14737701416016,77.86836242675781,82.26844024658203,90.29585266113281,181.49000549316406,20.93937110900879
2023-11-10,425.9803466796875,372.43475341796875,35.70756149291992,67.77500915527344,78.30443572998047,82.35875701904297,90.74881744384766,179.50999450683594,21.044418334960938
2023-11-13,425.5743103027344,371.2732849121094,35.69825744628906,67.21012878417969,78.1264419555664,82.3135986328125,90.75772094726562,180.50999450683594,21.35080337524414
2023-11-14,433.830810546875,379.2655334472656,36.64797592163086,70.94004821777344,79.89739990234375,83.55106353759766,92.17881774902344,182.1199951171875,21.31578826904297
2023-11-15,434.74920654296875,379.5509948730469,36.95523452758789,71.14627075195312,78.7761001586914,82.90072631835938,91.6991958618164,181.63999938964844,21.17572784423828
2023-11-16,435.28094482421875,379.8758239746094,36.60142517089844,70.99383544921875,79.75502014160156,83.52396392822266,92.45420837402344,183.69000244140625,20.668001174926758
2023-11-17,435.8223876953125,379.96435546875,36.64797592163086,70.94004821777344,80.12877655029297,83.57815551757812,92.72069549560547,183.6699981689453,20.965635299682617
2023-11-20,439.1771545410156,384.5904235839844,37.104217529296875,71.46006774902344,80.61825561523438,83.69561004638672,93.09373474121094,183.3699951171875,21.22825050354004
2023-11-21,438.219970703125,382.3561706542969,36.871437072753906,70.9579849243164,80.5826644897461,83.80396270751953,93.12035369873047,185.35000610351562,21.35080337524414
2023-11-22,439.91192626953125,383.92108154296875,36.79695129394531,71.30765533447266,80.86741638183594,83.77687072753906,93.49340057373047,184.55999755859375,21.16697120666504
2023-11-24,440.1825866699219,383.3797607421875,36.81557083129883,71.51387786865234,79.91520690917969,83.34329986572266,93.01376342773438,185.52000427246094,21.02691078186035
2023-11-27,439.38983154296875,383.0450744628906,36.666603088378906,71.7739028930664,81.25008392333984,83.97560119628906,93.76875305175781,186.77000427246094,20.8868465423584
2023-11-28,439.8248291015625,384.0489807128906,36.97385787963867,72.24909973144531,81.41027069091797,84.3459243774414,94.14178466796875,189.25999450683594,21.14071273803711
2023-11-29,439.5154724121094,383.67498779296875,36.759708404541016,72.75120544433594,82.43367004394531,84.78852844238281,94.90569305419922,189.5399932861328,21.289527893066406
2023-11-30,441.24609375,382.7104187011719,36.83419418334961,73.28022003173828,81.48143768310547,84.3730239868164,94.40827941894531,188.75,20.930618286132812
2023-12-01,443.8564453125,383.80303955078125,36.99248123168945,75.0823974609375,83.01608276367188,85.16909790039062,95.54496765136719,192.00999450683594,20.834325790405273
2023-12-04,441.52642822265625,380.239990234375,36.573486328125,75.62934112548828,82.685791015625,84.81591033935547,95.10812377929688,187.86000061035156,20.694259643554688
2023-12-05,441.439453125,381.1946716308594,36.35002136230469,75.12724304199219,84.46233367919922,85.41361999511719,95.86592102050781,187.14999389648438,20.51042938232422
2023-12-06,439.6605224609375,378.98992919921875,36.303466796875,74.903076171875,85.58719635009766,85.76687622070312,96.2225112915039,187.83999633789062,20.011457443237305
2023-12-07,443.0152893066406,384.2852478027344,36.48038101196289,75.11827087402344,85.09618377685547,85.6400375366211,96.23143768310547,188.14999389648438,20.046472549438477
2023-12-08,444.919921875,385.99786376953125,36.32209014892578,74.99273681640625,84.39983367919922,85.08759307861328,95.71437072753906,185.63999938964844,20.134010314941406
2023-12-11,446.6504211425781,389.2951354980469,36.53624725341797,75.19896697998047,84.22129821777344,85.09666442871094,95.68761444091797,183.58999633789062,20.063980102539062
2023-12-12,448.6903991699219,392.3955383300781,36.545555114746094,75.15413665771484,84.47127532958984,85.27778625488281,96.23143768310547,183.49000549316406,19.757593154907227
2023-12-13,454.8778991699219,397.38580322265625,36.9086799621582,78.03226470947266,86.45314025878906,86.54570007324219,97.84510040283203,187.6300048828125,19.985193252563477
2023-12-14,456.3377380371094,397.041259765625,37.44871520996094,80.28274536132812,88.7020492553711,87.2651138305664,98.88566589355469,188.72999572753906,20.317842483520508
2023-12-15,455.58642578125,398.9605712890625,37.225250244140625,79.15302276611328,88.8005599975586,87.19246673583984,98.7425308227539,187.0,20.352859497070312
2023-12-18,458.1491394042969,401.4734802246094,37.206634521484375,78.97370147705078,88.09303283691406,87.001708984375,98.3309326171875,187.85000610351562,20.498884201049805
2023-12-19,460.93505859375,403.52484130859375,37.5232048034668,79.57442474365234,88.56771087646484,87.16522216796875,98.45620727539062,189.1300048828125,20.655014038085938
2023-12-20,454.5478210449219,397.5286560058594,36.84772491455078,78.60609436035156,89.16777801513672,87.59214782714844,98.7156753540039,188.10000610351562,20.416229248046875
2023-12-21,458.8577575683594,402.1540222167969,37.540283203125,79.30318450927734,88.6035385131836,87.45587158203125,98.67988586425781,189.42999267578125,20.452964782714844
2023-12-22,459.7799377441406,402.755615234375,37.36002731323242,79.61178588867188,88.20050811767578,87.3741455078125,98.50990295410156,190.27000427246094,20.416229248046875
2023-12-26,461.7213439941406,405.2212219238281,37.65412521362305,80.2017822265625,88.45127868652344,87.42864227294922,98.7156753540039,191.72000122070312,20.61827850341797
2023-12-27,462.55615234375,406.0460510253906,37.8723258972168,80.59207916259766,90.01862335205078,88.10990142822266,99.63723754882812,192.58999633789062,20.526437759399414
2023-12-28,462.7308654785156,405.8487243652344,38.16642761230469,81.16390228271484,89.36479187011719,87.77381134033203,99.37779235839844,191.47000122070312,20.351940155029297
2023-12-29,461.3913269042969,404.0923156738281,38.147457122802734,80.2017822265625,88.55873107910156,87.55580139160156,99.0109634399414,191.1699981689453,20.241731643676758
2024-01-02,458.8092346191406,397.2541809082031,37.701560974121094,80.89160919189453,88.04824829101562,87.22879791259766,98.33990478515625,190.72000122070312,20.076417922973633
2024-01-03,455.062255859375,393.0506591796875,37.49285125732422,78.95826721191406,88.41544342041016,87.43773651123047,98.11621856689453,189.1300048828125,20.33357048034668
2024-01-04,453.5964050292969,391.02777099609375,37.36951446533203,78.81304931640625,87.072021484375,86.91087341308594,97.57042694091797,189.32000732421875,20.223363876342773
2024-01-05,454.2177429199219,391.4915466308594,37.41694641113281,78.61334991455078,86.23910522460938,86.59297943115234,97.22148132324219,189.35000610351562,20.324386596679688
2024-01-08,460.7021179199219,399.58294677734375,37.521305084228516,79.73886108398438,87.08993530273438,86.88362884521484,97.96410369873047,187.8699951171875,20.03049659729004
2024-01-09,460.00323486328125,400.372314453125,36.99003601074219,79.2033462524414,86.53465270996094,86.84729766845703,98.13412475585938,187.92999267578125,20.177440643310547
2024-01-10,462.604736328125,403.0859069824219,36.90464401245117,79.29412078857422,86.1316146850586,86.71102905273438,98.00885009765625,187.5,20.03968048095703
2024-01-11,462.40087890625,403.9245910644531,37.05644607543945,78.55890655517578,86.61524200439453,87.17431640625,98.59935760498047,187.8699951171875,20.186626434326172
2024-01-12,462.7211608886719,404.13177490234375,37.18925857543945,79.03087615966797,86.44507598876953,87.41046142578125,98.81409454345703,189.7100067138672,20.260099411010742
2024-01-16,461.0224304199219,404.0923156738281,36.287994384765625,78.4499740600586,84.92252349853516,86.70195770263672,97.8119888305664,187.91000366210938,20.085603713989258
2024-01-17,458.4598083496094,401.81292724609375,35.747222900390625,77.01585388183594,84.7882308959961,86.42037200927734,97.606201171875,185.83999633789062,20.05805015563965
2024-01-18,462.5367736816406,407.516357421875,36.041324615478516,76.59832763671875,84.00005340576172,86.22960662841797,97.41831970214844,187.3699951171875,20.186626434326172
2024-01-19,468.3028259277344,415.5978088378906,36.420806884765625,77.51507568359375,84.26873779296875,86.23871612548828,97.51673889160156,187.92999267578125,20.149890899658203
2024-01-22,469.2929382324219,416.14056396484375,36.09825134277344,77.97798919677734,84.77027130126953,86.50212097167969,97.78517150878906,187.22000122070312,20.232547760009766
2024-01-23,470.66168212890625,417.8673095703125,36.41132354736328,77.44245147705078,84.09857940673828,86.28411102294922,97.42724609375,187.9499969482422,20.342756271362305
2024-01-24,471.1761474609375,420.1861572265625,36.81926727294922,76.3351058959961,83.60596466064453,86.03885650634766,97.23937225341797,186.39999389648438,20.517253875732422
2024-01-25,473.73883056640625,420.69927978515625,36.86670684814453,77.31538391113281,84.15229797363281,86.41129302978516,97.88358306884766,187.13999938964844,20.673383712768555
2024-01-26,473.13702392578125,418.19293212890625,36.89516067504883,77.09754180908203,83.99109649658203,86.25686645507812,97.606201171875,187.00999450683594,20.76522445678711
2024-01-29,476.8839416503906,422.47540283203125,36.91413879394531,77.60584259033203,84.9583740234375,86.77462005615234,98.00885009765625,188.3300018310547,20.59072494506836
2024-01-30,476.5151062011719,419.6631774902344,36.62002944946289,76.87969970703125,85.72859191894531,86.89273834228516,98.32199096679688,188.58999633789062,20.72848892211914
2024-01-31,468.73968505859375,411.4435729980469,36.420806884765625,76.14449310302734,86.57048034667969,87.61940002441406,98.572509765625,188.4499969482422,20.50806999206543
2024-02-01,474.87457275390625,416.2885437011719,36.77183151245117,77.52416229248047,88.26863098144531,88.1620864868164,99.33484649658203,190.41000366210938,20.260099411010742
2024-02-02,479.873779296875,423.32403564453125,36.66747283935547,76.56201934814453,86.31890106201172,87.01476287841797,98.42797088623047,188.61000061035156,20.03049659729004
2024-02-05,478.1264953613281,422.77142333984375,36.714908599853516,74.95545196533203,84.57579803466797,86.16792297363281,97.48517608642578,187.57000732421875,20.11315155029297
2024-02-06,479.5146179199219,421.9228515625,37.549774169921875,75.96295166015625,85.40242767333984,86.63232421875,98.03288269042969,188.5500030517578,20.186626434326172
2024-02-07,483.51397705078125,426.2645568847656,37.597206115722656,75.85404205322266,84.98912048339844,86.47754669189453,97.74555206298828,188.5,20.278467178344727
2024-02-08,483.7275085449219,427.0539245605469,37.388484954833984,76.47125244140625,84.49493408203125,86.19525909423828,97.24275970458984,188.3300018310547,20.3886775970459
2024-02-09,486.5232238769531,431.2574768066406,37.549774169921875,76.58924865722656,84.32422637939453,86.04045867919922,97.11703491210938,187.60000610351562,20.44378089904785
2024-02-12,486.30963134765625,429.5701599121094,37.84386444091797,76.60741424560547,84.4230728149414,86.12239074707031,97.12598419189453,187.11000061035156,20.452964782714844
2024-02-13,479.6116638183594,422.8701171875,37.1323356628418,75.02806091308594,82.97647857666016,85.17539978027344,96.05752563476562,184.52999877929688,20.33357048034668
2024-02-14,483.97021484375,427.4782409667969,37.663612365722656,75.61803436279297,83.39877319335938,85.49409484863281,96.50643920898438,184.4199981689453,20.140705108642578
2024-02-15,487.3094787597656,428.7511291503906,37.84386444091797,77.3789291381836,83.83006286621094,85.73085021972656,96.85663604736328,185.66000366210938,20.186626434326172
2024-02-16,484.8826904296875,424.8633728027344,38.02412414550781,76.58016967773438,83.34486389160156,85.3575210571289,96.50643920898438,186.33999633789062,20.232547760009766
2024-02-20,482.2131652832031,421.6564025878906,38.08104705810547,76.44401550292969,83.41674041748047,85.50318908691406,96.8296890258789,187.47000122070312,20.122337341308594
2024-02-21,482.6500244140625,419.96905517578125,38.147457122802734,76.8706283569336,82.82374572753906,85.23004913330078,96.58727264404297,187.47999572753906,20.204994201660156
2024-02-22,492.6387023925781,432.263916015625,38.53642272949219,77.01585388183594,83.22805786132812,85.23912811279297,96.73989868164062,187.55999755859375,20.260099411010742
2024-02-23,492.97845458984375,430.9910583496094,38.5174446105957,76.97955322265625,84.34220123291016,85.63069152832031,97.02723693847656,188.6199951171875,19.96620750427246
2024-02-26,491.1729431152344,430.76409912109375,38.346675872802734,76.1353988647461,84.0905990600586,85.50318908691406,96.72193145751953,188.1999969482422,20.149890899658203
2024-02-27,492.08538818359375,431.80023193359375,38.42258071899414,76.2261734008789,83.49761962890625,85.31198120117188,96.58727264404297,188.0,20.306018829345703
2024-02-28,491.4349670410156,429.5010070800781,37.91976547241211,76.9977035522461,84.0277328491211,85.62158203125,96.57829284667969,188.33999633789062,20.223363876342773
2024-02-29,493.20166015625,433.1816711425781,37.93873596191406,77.65122985839844,84.6207504272461,85.79460906982422,96.66808319091797,189.30999755859375,20.195810317993164
2024-03-01,497.8320007324219,439.7039794921875,38.40360641479492,78.57703399658203,85.14800262451172,86.186279296875,97.25654602050781,192.88999938964844,20.29683494567871
2024-03-04,497.298095703125,438.13507080078125,38.31822204589844,79.31226348876953,84.80549621582031,85.9945297241211,97.0763168334961,196.00999450683594,20.36112403869629
2024-03-05,492.3280334472656,430.27069091796875,37.976688385009766,78.35013580322266,86.01329040527344,86.52406311035156,97.6080322265625,197.19000244140625,20.204994201660156
2024-03-06,494.8227844238281,432.9743957519531,38.526939392089844,78.74042510986328,86.51802825927734,86.73406982421875,97.8693618774414,198.80999755859375,20.37030792236328
2024-03-07,499.73468017578125,439.54620361328125,38.76411437988281,78.7222900390625,86.43690490722656,86.8801498413086,98.1126937866211,199.94000244140625,20.425413131713867
2024-03-08,496.735107421875,433.20135498046875,38.726165771484375,79.62994384765625,86.2836685180664,86.94406127929688,98.24784851074219,201.6300048828125,20.36112403869629
2024-03-11,496.3080139160156,431.5929870605469,38.811546325683594,79.24871063232422,86.23860168457031,86.83448791503906,98.26587677001953,202.0,20.53562355041504
2024-03-12,501.6470031738281,437.7799072265625,39.238468170166016,79.0762710571289,85.5175552368164,86.4784164428711,97.95047760009766,199.7899932861328,20.48051643371582
2024-03-13,500.86065673828125,434.41510009765625,39.11513137817383,78.67689514160156,85.10292053222656,86.28669738769531,97.8513412475586,201.19000244140625,20.76522445678711
2024-03-14,499.8704833984375,433.3197937011719,38.91590881347656,77.49691772460938,83.79603576660156,85.64759826660156,97.13037872314453,200.35000610351562,20.829513549804688
2024-03-15,496.4381408691406,428.16900634765625,38.67873001098633,77.324462890625,83.76897430419922,85.50151824951172,97.15742492675781,199.7100067138672,20.902986526489258
2024-03-18,499.3885192871094,432.2525634765625,38.745140075683594,77.36077880859375,83.51660919189453,85.40109252929688,96.99518585205078,200.02999877929688,21.095849990844727
2024-03-19,502.1636657714844,433.32952880859375,38.555397033691406,77.33353424072266,83.7509536743164,85.64759826660156,97.27457427978516,199.8000030517578,21.086666107177734
2024-03-20,506.8083801269531,438.4674377441406,38.99179458618164,77.84183502197266,83.72392272949219,85.84846496582031,97.45480346679688,202.17999267578125,21.03156280517578
2024-03-21,508.4832763671875,440.5423278808594,39.039241790771484,78.40458679199219,83.90416717529297,85.85758972167969,97.59900665283203,201.97000122070312,21.004011154174805
2024-03-22,507.5192565917969,441.0462951660156,38.76411437988281,77.41776275634766,84.70633697509766,86.27755737304688,97.93241882324219,200.35000610351562,20.857065200805664
2024-03-25,506.1170959472656,439.4455871582031,38.792572021484375,76.9417495727539,84.28275299072266,86.04932403564453,97.59900665283203,200.99000549316406,21.03156280517578
2024-03-26,505.1822509765625,438.0228271484375,38.76411437988281,76.6304931640625,84.51707458496094,86.17713928222656,97.57195281982422,201.63999938964844,20.866249084472656
2024-03-27,509.4277038574219,439.5147399902344,38.83052062988281,78.6078109741211,85.35530090332031,86.50579071044922,98.24784851074219,203.10000610351562,20.847881317138672
2024-03-28,509.3302307128906,438.7045593261719,38.97282791137695,79.1662368774414,85.2831802368164,86.42366027832031,98.15774536132812,205.72000122070312,21.095849990844727
2024-04-01,508.44427490234375,439.63330078125,39.039241790771484,77.8388442993164,83.69343566894531,85.64167022705078,97.21784210205078,207.82000732421875,21.196876525878906
2024-04-02,505.21148681640625,435.8392028808594,39.16256332397461,76.8593521118164,83.23224639892578,85.45855712890625,97.07312774658203,210.88999938964844,21.389741897583008
2024-04-03,505.7664489746094,436.8173828125,39.19103240966797,76.9417495727539,83.2141342163086,85.55925750732422,97.13644409179688,212.74000549316406,21.646896362304688
2024-04-04,499.593017578125,430.13812255859375,39.0487174987793,76.44740295410156,83.81098175048828,85.8522720336914,97.24500274658203,211.52000427246094,21.702001571655273
2024-04-05,504.8122253417969,435.2068786621094,39.13410949707031,76.8410415649414,82.6444320678711,85.2845687866211,96.81983947753906,215.13999938964844,21.812210083007812
2024-04-08,505.0945739746094,435.3353271484375,39.390254974365234,77.66492462158203,82.63540649414062,85.09227752685547,96.810791015625,216.47999572753906,21.80302619934082
2024-04-09,505.6788635253906,436.9458923339844,39.6558952331543,78.6993637084961,83.404052734375,85.43108367919922,97.30833435058594,217.6699981689453,21.68363380432129
2024-04-10,500.6153564453125,433.1319274902344,39.11513137817383,75.44043731689453,81.58641815185547,84.29566192626953,95.92427825927734,215.61000061035156,21.793842315673828
2024-04-11,504.39349365234375,440.0483093261719,39.35231018066406,75.6967544555664,81.21565246582031,84.1766128540039,95.72526550292969,219.8000030517578,21.757104873657227
2024-04-12,497.431396484375,433.03314208984375,38.45103454589844,74.79962921142578,81.64971160888672,84.52455139160156,95.94237518310547,216.88999938964844,21.784656524658203
2024-04-15,491.199462890625,425.9092712402344,38.204376220703125,73.52719116210938,80.38367462158203,83.98432159423828,94.88397216796875,220.9499969482422,21.812210083007812
2024-04-16,490.3036193847656,425.94879150390625,37.701560974121094,72.49275207519531,79.85015106201172,83.65469360351562,94.56735229492188,221.22000122070312,21.77547264099121
2024-04-17,487.40185546875,420.75164794921875,37.673095703125,71.9618148803711,80.73635864257812,84.18577575683594,95.0829849243164,219.58999633789062,21.43566131591797
2024-04-18,486.3989562988281,418.3507080078125,37.824893951416016,71.9709701538086,80.32941436767578,83.89275360107422,94.89303588867188,220.33999633789062,21.426477432250977
2024-04-19,482.15350341796875,409.69537353515625,37.673095703125,72.3188247680664,80.61882019042969,84.00262451171875,94.99252319335938,221.02999877929688,21.527503967285156
2024-04-22,486.59368896484375,413.8155517578125,38.08104705810547,72.95960998535156,80.4831771850586,84.01177978515625,95.22771453857422,215.57000732421875,21.527503967285156
2024-04-23,492.3679504394531,419.9908752441406,38.39411544799805,73.62788391113281,80.51026916503906,84.1216812133789,95.39055633544922,215.0399932861328,21.61934471130371
2024-04-24,492.1341857910156,421.4136657714844,38.526939392089844,73.76519012451172,79.9405746459961,83.86527252197266,95.0196762084961,214.63999938964844,21.5917911529541
2024-04-25,490.2646179199219,419.37823486328125,38.61231994628906,73.3440933227539,79.3799057006836,83.54481506347656,94.73925018310547,215.9199981689453,21.711183547973633
2024-04-26,494.9093933105469,425.8499755859375,39.05820846557617,73.38072967529297,79.79588317871094,83.77372741699219,95.10107421875,216.6199951171875,21.72955322265625
2024-04-29,496.6620788574219,427.5790710449219,39.437686920166016,74.13138580322266,80.4650650024414,84.11251068115234,95.49909973144531,216.17999267578125,21.711183547973633
2024-04-30,488.7943115234375,419.5166320800781,38.88744354248047,72.87722778320312,79.77779388427734,83.71878814697266,94.9744644165039,211.8699951171875,21.43566131591797
2024-05-01,487.2071838378906,416.4832458496094,38.92538833618164,72.90469360351562,80.36581420898438,84.0503158569336,95.36949920654297,213.7899932861328,21.123403549194336
2024-05-02,491.7641906738281,421.7989501953125,39.9310188293457,73.92997741699219,80.71068572998047,84.44522857666016,95.9598388671875,213.1300048828125,21.196876525878906
2024-05-03,497.85980224609375,430.2764892578125,40.29153060913086,74.42430877685547,81.52738189697266,84.9135971069336,96.63188934326172,212.9600067138672,21.224430084228516
2024-05-06,503.0010986328125,434.989501953125,40.329471588134766,74.48838806152344,81.84502410888672,84.987060546875,96.90435028076172,215.1999969482422,21.463214874267578
2024-05-07,503.55615234375,435.0586242675781,40.10178756713867,75.19327545166016,82.3441390991211,85.20748138427734,96.94973754882812,214.2100067138672,21.444847106933594
2024-05-08,503.60479736328125,434.8017578125,40.111270904541016,74.56163024902344,81.84502410888672,84.96868896484375,96.70455932617188,213.5800018310547,21.334636688232422
2024-05-09,506.5064697265625,435.750244140625,40.2346076965332,76.09039306640625,82.24430084228516,85.22586059570312,96.85894012451172,216.9499969482422,21.417293548583984
2024-05-10,507.158935546875,436.7778625488281,40.31998825073242,75.87984466552734,81.78150939941406,84.9503402709961,96.55016326904297,218.7100067138672,21.38055992126465
2024-05-13,507.22705078125,437.78564453125,40.62357711791992,76.12700653076172,81.9902114868164,85.05136108398438,96.58648681640625,216.25999450683594,21.518320083618164
2024-05-14,509.5543212890625,440.6015625,40.84177780151367,76.71288299560547,82.45303344726562,85.29930877685547,96.86802673339844,218.08999633789062,21.426477432250977
2024-05-15,515.8641357421875,447.48834228515625,41.27818298339844,77.77477264404297,83.57829284667969,85.94219207763672,97.73079681396484,220.88999938964844,21.499950408935547
2024-05-16,514.802734375,446.5794372558594,41.36355972290039,77.7198486328125,83.49662017822266,85.77687072753906,97.576416015625,220.02999877929688,21.5550537109375
2024-05-17,515.5427856445312,446.3619689941406,41.5438232421875,77.710693359375,82.93399047851562,85.51055145263672,97.34937286376953,223.66000366210938,21.77547264099121
2024-05-20,516.13671875,449.4743347167969,41.39202880859375,77.25298309326172,82.68896484375,85.38197326660156,97.30397033691406,224.55999755859375,21.968339920043945
2024-05-21,517.4026489257812,450.35369873046875,41.13587951660156,77.22550964355469,83.115478515625,85.60236358642578,97.46741485595703,224.22999572753906,21.876497268676758
2024-05-22,515.9127197265625,450.2647705078125,41.003055572509766,76.52980041503906,83.21530151367188,85.4921646118164,97.32210540771484,220.11000061035156,21.564237594604492
2024-05-23,512.1444091796875,448.2392883300781,40.69947052001953,74.88203430175781,82.67988586425781,85.18910217285156,96.89527893066406,215.72000122070312,21.454030990600586
2024-05-24,515.5330200195312,452.4780578613281,40.813316345214844,74.93695068359375,82.9249267578125,85.29930877685547,97.15865325927734,215.9199981689453,21.600976943969727
2024-05-28,515.8932495117188,454.18731689453125,40.75638961791992,74.44261932373047,81.73612976074219,84.82176208496094,96.577392578125,218.19000244140625,21.986709594726562
2024-05-29,512.2807006835938,450.9860534667969,40.14921951293945,73.71942901611328,80.74698638916016,84.40847778320312,96.05973815917969,216.16000366210938,21.757104873657227
2024-05-30,508.8824462890625,446.1544189453125,40.035377502441406,74.79962921142578,81.52738189697266,84.83094024658203,96.65007019042969,216.57000732421875,21.47239875793457
2024-05-31,513.5173950195312,445.3244323730469,39.64641189575195,76.20024108886719,82.0809555053711,85.22586059570312,97.07691955566406,215.3000030517578,21.371374130249023
2024-06-03,513.9360961914062,447.71551513671875,40.063838958740234,76.02631378173828,83.40857696533203,85.78404998779297,97.7469711303711,217.22000122070312,21.06829833984375
2024-06-04,514.5106811523438,448.9407653808594,39.50409698486328,76.61217498779297,84.38290405273438,86.2538070678711,98.1298599243164,215.27000427246094,20.857065200805664
2024-06-05,520.6256103515625,457.9913024902344,40.13973617553711,76.52063751220703,85.0020751953125,86.56700897216797,98.45803833007812,217.82000732421875,20.930538177490234
2024-06-06,520.6158447265625,457.83319091796875,40.33896255493164,76.66710662841797,84.8746109008789,86.53015899658203,98.39423370361328,219.42999267578125,21.2060604095459
2024-06-07,519.9829711914062,457.4281005859375,39.883583068847656,75.94391632080078,83.31752014160156,85.61823272705078,97.50992584228516,211.60000610351562,20.902986526489258
2024-06-10,521.589599609375,459.2757568359375,40.12076187133789,76.20024108886719,82.76207733154297,85.43401336669922,97.30935668945312,213.5399932861328,21.2060604095459
2024-06-11,522.845703125,462.42767333984375,39.98702621459961,75.92561340332031,83.6180191040039,85.88539123535156,97.72871398925781,214.14999389648438,21.178508758544922
2024-06-12,527.139892578125,468.48443603515625,40.38822937011719,76.60303497314453,84.24630737304688,86.36431884765625,98.3304214477539,214.72000122070312,21.25197982788086
2024-06-13,528.2012329101562,471.0237121582031,40.292701721191406,76.91427612304688,85.48469543457031,86.93546295166016,98.79537963867188,212.97000122070312,21.270347595214844
2024-06-14,528.5228271484375,473.4641418457031,40.34046936035156,76.89595794677734,86.20404815673828,87.13809204101562,98.8774185180664,215.72999572753906,21.187692642211914
2024-06-17,532.7291870117188,479.2640380859375,40.598388671875,76.59387969970703,85.3481216430664,86.73281860351562,98.41246032714844,214.61000061035156,21.26116371154785
2024-06-18,534.0825805664062,479.4122619628906,40.9709358215332,76.89595794677734,86.13121795654297,87.11045837402344,98.86830139160156,215.47000122070312,21.43566131591797
2024-06-20,532.6318359375,475.7169189453125,40.90407180786133,76.67626190185547,85.55753326416016,86.88938903808594,98.54010772705078,218.16000366210938,21.481582641601562
2024-06-21,531.9176635742188,474.4423828125,40.760780334472656,76.86849212646484,85.55753326416016,86.90782165527344,98.56745910644531,214.77999877929688,21.307085037231445
2024-06-24,530.1885986328125,469.041015625,40.760780334472656,77.46353912353516,85.9035415649414,86.98149871826172,98.66773223876953,215.6300048828125,21.481582641601562
2024-06-25,532.2303466796875,474.40478515625,40.665260314941406,76.51148223876953,86.04924011230469,87.05519104003906,98.63127136230469,214.55999755859375,21.27953338623047
2024-06-26,532.8945922851562,475.3844909667969,40.579280853271484,76.27347564697266,84.8199691772461,86.53015899658203,98.09339904785156,212.5800018310547,21.316268920898438
2024-06-27,533.7345581054688,476.6116027832031,40.60793685913086,77.01496124267578,85.1568832397461,86.72359466552734,98.28485107421875,214.99000549316406,21.426477432250977
2024-06-28,531.6343994140625,474.1375427246094,40.684364318847656,77.62944030761719,83.57247924804688,86.26302337646484,97.65579223632812,215.00999450683594,21.334636688232422
2024-07-01,532.728515625,476.9184265136719,40.77988815307617,76.89727020263672,82.130126953125,85.62090301513672,97.07579040527344,215.57000732421875,21.61016082763672
2024-07-02,536.3135986328125,481.9258728027344,40.90407180786133,77.25872039794922,82.76954650878906,85.94426727294922,97.69789123535156,215.55999755859375,21.637712478637695
2024-07-03,538.7069702148438,485.9437561035156,41.505882263183594,77.18456268310547,83.85660552978516,86.51712036132812,98.42063903808594,217.99000549316406,21.757104873657227
2024-07-05,541.8134155273438,491.0106201171875,41.67782974243164,77.39774322509766,84.55081176757812,86.99755859375,98.93294525146484,220.92999267578125,21.839763641357422
2024-07-08,542.438720703125,492.1783142089844,41.6873779296875,77.64797973632812,84.73350524902344,87.02527618408203,98.92379760742188,218.19000244140625,21.54587173461914
2024-07-09,542.9661865234375,492.6039123535156,41.85932540893555,77.62944030761719,84.35900115966797,86.90516662597656,98.74082946777344,218.55999755859375,21.398923873901367
2024-07-10,548.3389892578125,497.739990234375,42.09813690185547,78.20406341552734,84.62388610839844,86.98831176757812,98.97869110107422,219.36000061035156,21.398923873901367
2024-07-11,543.61083984375,486.8244934082031,42.34650802612305,80.44695281982422,85.44601440429688,87.54265594482422,99.50931549072266,223.25,21.47239875793457
2024-07-12,547.0397338867188,489.6844787597656,42.51844787597656,81.05863952636719,85.81138610839844,87.72745513916016,99.87525939941406,223.11000061035156,21.389741897583008
2024-07-15,548.5441284179688,491.0007019042969,42.06948471069336,81.60546112060547,84.82488250732422,87.45030212402344,99.32633209228516,223.8300018310547,21.233612060546875
2024-07-16,551.7970581054688,491.1887512207031,42.30830001831055,82.60640716552734,86.02149963378906,87.83834075927734,99.9026870727539,228.2899932861328,21.178508758544922
2024-07-17,544.0602416992188,476.7699890136719,41.62051010131836,83.1717529296875,86.03976440429688,87.9122543334961,99.94844055175781,227.22999572753906,21.178508758544922
2024-07-18,539.8792114257812,474.51361083984375,41.22885513305664,82.4395751953125,85.38207244873047,87.66278839111328,99.51844787597656,225.77999877929688,21.02237892150879
2024-07-19,536.2940673828125,470.3077087402344,40.82765197753906,82.29129028320312,84.87966918945312,87.3856201171875,99.15251159667969,221.72999572753906,20.737672805786133
2024-07-22,541.8232421875,477.3142395019531,41.171539306640625,83.1439437866211,84.63302612304688,87.30245208740234,99.09761047363281,221.8000030517578,20.792776107788086
2024-07-23,540.9734497070312,475.6318359375,40.80854415893555,83.0790786743164,84.51426696777344,87.36711120605469,99.0244140625,222.5800018310547,20.599910736083984
2024-07-24,528.7135009765625,458.5708312988281,40.216285705566406,81.8556900024414,83.60079956054688,87.17308044433594,98.42063903808594,221.8000030517578,20.59072494506836
2024-07-25,525.958740234375,453.5138244628906,40.05389404296875,81.58690643310547,84.28589630126953,87.36711120605469,98.81401824951172,218.3300018310547,20.636646270751953
2024-07-26,531.8493041992188,458.16510009765625,40.46465301513672,83.01419830322266,84.943603515625,87.78289031982422,99.3629379272461,220.6300048828125,20.425413131713867
2024-07-29,532.161865234375,459.08544921875,40.33091735839844,83.44053649902344,85.40034484863281,87.93071746826172,99.57334899902344,220.32000732421875,20.33357048034668
2024-07-30,529.4656982421875,452.78155517578125,40.14942169189453,84.08929443359375,85.72918701171875,88.11552429199219,99.65568542480469,222.52000427246094,20.2692813873291
2024-07-31,538.072021484375,466.1809997558594,41.028255462646484,83.792724609375,86.60610961914062,88.76226806640625,100.23204040527344,226.5500030517578,20.737672805786133
2024-08-01,530.452392578125,454.8893737792969,40.31181335449219,84.63611602783203,87.35305786132812,89.14131164550781,100.56442260742188,225.77000427246094,20.489700317382812
2024-08-02,520.576171875,444.0926208496094,39.7386589050293,84.58978271484375,90.07513427734375,90.5221176147461,101.54683685302734,225.33999633789062,20.11315155029297
2024-08-05,505.41510009765625,430.8515319824219,38.6114501953125,82.17081451416016,90.55172729492188,90.61479949951172,101.28975677490234,222.47999572753906,20.076417922973633
2024-08-06,510.0747985839844,434.9683532714844,38.8311653137207,83.792724609375,88.5262222290039,89.80853271484375,100.62870788574219,220.6999969482422,19.911104202270508
2024-08-07,506.6654052734375,430.2577209472656,39.069976806640625,83.21808624267578,87.90298461914062,89.48417663574219,100.16961669921875,220.5500030517578,20.094785690307617
2024-08-08,518.3782958984375,443.41973876953125,39.958370208740234,84.03368377685547,87.36223602294922,89.21544647216797,100.21552276611328,224.00999450683594,20.278467178344727
2024-08-09,520.6640014648438,445.73541259765625,40.178077697753906,84.42293548583984,88.2237777709961,89.57685852050781,100.72966766357422,224.55999755859375,20.397859573364258
2024-08-12,520.9376831054688,446.6953430175781,40.31181335449219,83.8019790649414,88.54454040527344,89.82707977294922,100.94084930419922,228.41000366210938,20.682567596435547
2024-08-13,529.5048217773438,457.77911376953125,40.760780334472656,84.53416442871094,89.15861511230469,90.22557067871094,101.64781951904297,228.05999755859375,20.489700317382812
2024-08-14,531.1751708984375,457.92755126953125,40.541072845458984,84.75659942626953,89.71768951416016,90.34603118896484,102.09771728515625,226.1999969482422,20.36112403869629
2024-08-15,540.2796020507812,469.49627685546875,40.99004364013672,84.69172668457031,88.9936294555664,89.7807388305664,101.7855453491211,226.91000366210938,20.526437759399414
2024-08-16,541.4910278320312,470.0998840332031,41.46767044067383,84.6453857421875,89.30525970458984,89.9568099975586,102.08855438232422,231.99000549316406,20.397859573364258
2024-08-19,546.6683349609375,476.27520751953125,41.86887741088867,85.3497543334961,89.71768951416016,90.07727813720703,102.3272476196289,231.61000061035156,20.28765106201172
2024-08-20,545.779541015625,475.2756652832031,41.54409408569336,85.24781036376953,90.43256378173828,90.43871307373047,102.59351348876953,232.4600067138672,20.204994201660156
2024-08-21,547.655029296875,477.49237060546875,41.70648193359375,85.70193481445312,90.48756408691406,90.62406158447266,102.82305908203125,232.14999389648438,20.10396957397461
2024-08-22,543.3568725585938,469.9217529296875,41.19064712524414,85.9521713256836,89.58935546875,90.20702362060547,102.40069580078125,229.3699951171875,20.085603713989258
2024-08-23,549.1302490234375,475.0182800292969,41.8784294128418,87.8428726196289,90.17593383789062,90.62406158447266,102.9883041381836,232.02000427246094,20.44378089904785
2024-08-26,547.8212280273438,470.4066467285156,41.524986267089844,87.80580139160156,89.94680786132812,90.5128402709961,102.8597640991211,232.75999450683594,20.655014038085938
2024-08-27,548.5733642578125,471.81195068359375,41.582298278808594,87.935546875,89.7909927368164,90.47577667236328,102.77711486816406,233.38999938964844,20.55398941040039
2024-08-28,545.3887939453125,466.45806884765625,41.324378967285156,87.59262084960938,89.6810302734375,90.42943572998047,102.56597900390625,231.75,20.306018829345703
2024-08-29,545.4375610351562,465.7752685546875,41.34348678588867,87.32386016845703,89.38772583007812,90.27189636230469,102.39154052734375,232.9499969482422,20.53562355041504
2024-08-30,550.6444702148438,471.3270568847656,41.42945861816406,88.16724395751953,88.4345703125,89.9568099975586,102.10690307617188,231.2899932861328,20.306018829345703
2024-09-03,539.3126831054688,457.01708984375,40.60793685913086,88.12091827392578,89.88092803955078,90.54981231689453,102.41559600830078,230.2899932861328,19.901920318603516
2024-09-04,538.2088012695312,455.82952880859375,40.598388671875,88.37113952636719,91.03949737548828,91.07962799072266,103.05144500732422,230.42999267578125,19.754974365234375
2024-09-05,536.8997802734375,456.2550964355469,40.65570068359375,88.0838394165039,91.55441284179688,91.29342651367188,103.55828094482422,232.35000610351562,19.800893783569336
2024-09-06,527.8635864257812,444.033203125,39.910606384277344,88.00042724609375,91.54522705078125,91.42354583740234,103.51220703125,230.6300048828125,19.534557342529297
2024-09-09,533.773681640625,449.7434387207031,40.24494171142578,88.98284912109375,91.94059753417969,91.55365753173828,103.74256896972656,231.60000610351562,19.58966064453125
2024-09-10,536.0986938476562,453.8998107910156,40.09210205078125,90.27110290527344,92.58427429199219,91.94403839111328,104.0282211303711,232.6199951171875,19.304954528808594
2024-09-11,541.5985107421875,463.75640869140625,40.38822937011719,90.09501647949219,92.51071166992188,91.87896728515625,104.0743179321289,232.25,19.479450225830078
2024-09-12,546.1605224609375,468.3086853027344,40.722572326660156,90.47500610351562,92.07854461669922,91.73026275634766,104.00056457519531,236.3300018310547,19.855998992919922
2024-09-13,549.0130004882812,470.4066467285156,40.91362380981445,91.42035675048828,92.32682037353516,91.90685272216797,104.3231201171875,238.67999267578125,19.892736434936523
2024-09-16,549.8237915039062,468.3284912109375,41.047359466552734,91.72618865966797,93.17274475097656,92.14852142333984,104.78385925292969,238.66000366210938,20.03968048095703
2024-09-17,550.0484619140625,468.57586669921875,41.095123291015625,91.08670043945312,92.72217559814453,91.98120880126953,104.79309844970703,237.33999633789062,20.177440643310547
2024-09-18,548.4171142578125,466.5471496582031,40.95183563232422,90.9754867553711,91.57280731201172,91.58154296875,104.35997772216797,235.50999450683594,20.048864364624023
2024-09-19,557.7754516601562,478.34344482421875,41.82111358642578,90.99401092529297,91.26937103271484,91.50720977783203,104.45211029052734,239.1699981689453,20.407045364379883
2024-09-20,556.8113403320312,477.4329833984375,41.735145568847656,90.63257598876953,90.91995239257812,91.47930908203125,104.54425048828125,242.2100067138672,20.407045364379883
2024-09-23,558.2027587890625,478.69854736328125,42.05992889404297,91.53157043457031,90.72686767578125,91.42354583740234,104.3968276977539,242.67999267578125,20.416229248046875
2024-09-24,559.7999267578125,481.0075988769531,43.4928092956543,91.66130828857422,90.70849609375,91.52577209472656,104.57192993164062,246.07000732421875,20.756038665771484
2024-09-25,558.5652465820312,481.45355224609375,43.0342903137207,91.04962158203125,89.95449829101562,91.15398406982422,103.95451354980469,245.72999572753906,20.58154296875
2024-09-26,560.7798461914062,485.0707092285156,44.6104621887207,90.2247543334961,90.16597747802734,91.08892822265625,103.95451354980469,246.97999572753906,20.397859573364258
2024-09-27,559.9664306640625,482.37518310546875,44.52449035644531,90.33972930908203,90.63493347167969,91.451416015625,104.36919403076172,245.02000427246094,20.498884201049805
2024-09-30,562.21044921875,483.68328857421875,43.808048248291016,91.0500259399414,90.20276641845703,91.20045471191406,104.11116027832031,243.05999755859375,20.452964782714844
2024-10-01,557.1738891601562,476.9444580078125,44.12328338623047,90.46122741699219,90.8540267944336,91.53231811523438,104.61151885986328,245.61000061035156,20.81114387512207
2024-10-02,557.4091186523438,477.61834716796875,44.9925651550293,90.1434555053711,90.08836364746094,91.27128601074219,104.38031005859375,245.66000366210938,20.98564338684082
2024-10-03,556.3899536132812,477.2615051269531,44.45762252807617,89.32099914550781,89.23970794677734,90.80520629882812,103.70513916015625,245.49000549316406,21.28871726989746
2024-10-04,561.4461669921875,482.9400329589844,44.86838150024414,88.89107513427734,88.1419677734375,89.92894744873047,103.1409683227539,245.0,21.343822479248047
2024-10-07,556.370361328125,477.7669677734375,45.240936279296875,88.10600280761719,87.47779083251953,89.6026840209961,102.61380767822266,244.1699981689453,21.637712478637695
2024-10-08,561.6322631835938,484.9022216796875,44.12328338623047,88.28357696533203,87.62538146972656,89.67723846435547,102.81725311279297,242.3699951171875,21.132587432861328
2024-10-09,565.5223999023438,488.7176513671875,43.88447189331055,88.37702941894531,87.12722778320312,89.34165954589844,102.61380767822266,241.0500030517578,20.948904037475586
2024-10-10,564.5326538085938,488.1626892089844,43.97043991088867,87.59195709228516,86.78592681884766,89.33233642578125,102.50282287597656,242.82000732421875,21.36219024658203
2024-10-11,567.913330078125,488.9257507324219,44.28567886352539,88.58265686035156,86.43537902832031,89.36030578613281,102.48433685302734,245.47000122070312,21.38055992126465
2024-10-14,572.557861328125,493.028564453125,44.10417938232422,89.11537170410156,86.4999771118164,89.20184326171875,102.4935531616211,245.07000732421875,21.0499324798584
2024-10-15,568.1091918945312,486.43829345703125,43.168025970458984,90.190185546875,87.55158996582031,89.65860748291016,102.99300384521484,245.9199981689453,20.645830154418945
2024-10-16,570.5785522460938,486.49774169921875,43.50236892700195,91.18087768554688,87.92056274414062,89.7984390258789,103.31671142578125,247.14999389648438,20.59072494506836
2024-10-17,570.6275024414062,486.834716796875,43.43550109863281,90.46122741699219,86.52764892578125,89.33233642578125,102.549072265625,248.6300048828125,20.61827850341797
2024-10-18,572.822509765625,490.02581787109375,43.8653678894043,91.13414764404297,86.59220886230469,89.43487548828125,102.42884063720703,251.27000427246094,20.50806999206543
2024-10-21,571.8817138671875,490.9672546386719,43.55967712402344,89.34903717041016,85.07935333251953,88.74504852294922,101.38374328613281,251.22000122070312,20.572359085083008
2024-10-22,571.5779418945312,491.50238037109375,43.46415710449219,89.47987365722656,85.16242218017578,88.66114807128906,101.37449645996094,253.92999267578125,20.930538177490234
2024-10-23,566.355224609375,483.970703125,43.20623779296875,90.13410949707031,84.93177032470703,88.45606231689453,101.03227996826172,250.8699951171875,20.81114387512207
2024-10-24,567.580078125,487.8951110839844,43.13936996459961,90.33037567138672,85.47601318359375,88.65181732177734,101.33749389648438,252.8000030517578,20.801959991455078
2024-10-25,567.384033203125,490.8681335449219,43.10115432739258,89.47987365722656,84.99634552001953,88.45606231689453,101.0970230102539,253.32000732421875,20.948904037475586
2024-10-28,569.1381225585938,490.9474182128906,43.29220962524414,89.76026916503906,84.76571655273438,88.2509994506836,101.0137939453125,253.3300018310547,20.3886775970459
2024-10-29,570.0592041015625,495.6646423339844,43.15847396850586,89.11537170410156,84.8948745727539,88.28827667236328,101.13401794433594,256.0899963378906,20.351940155029297
2024-10-30,568.3346557617188,491.91864013671875,42.7381591796875,89.50791931152344,85.1439437866211,88.15778350830078,101.00455474853516,257.5,20.609094619750977
2024-10-31,557.193603515625,479.501220703125,42.46113586425781,87.99384307861328,85.28231811523438,88.11115264892578,100.80106353759766,253.50999450683594,20.746854782104492
2024-11-01,559.5451049804688,483.0490417480469,42.49934768676758,87.0218505859375,84.07994842529297,87.58938598632812,100.24881744384766,252.47000122070312,20.526437759399414
2024-11-04,558.3399658203125,481.641845703125,42.7381591796875,87.97515106201172,85.38504028320312,88.05693817138672,100.9913330078125,252.8300018310547,20.87543296813965
2024-11-05,565.0912475585938,487.7861022949219,43.32086181640625,89.1434097290039,85.83856201171875,88.10367584228516,101.47398376464844,253.39999389648438,21.004011154174805
2024-11-06,579.142578125,501.03594970703125,42.78592300415039,87.24616241455078,83.48760223388672,87.1966552734375,100.4158935546875,245.6999969482422,20.7744083404541
2024-11-07,583.62060546875,508.92437744140625,43.731624603271484,88.29292297363281,84.53352355957031,87.89795684814453,101.60391235351562,249.64999389648438,20.98564338684082
2024-11-08,586.1487426757812,509.51898193359375,42.652191162109375,89.6107177734375,85.60717010498047,88.08497619628906,101.95660400390625,247.9600067138672,20.664199829101562
2024-11-11,586.707275390625,509.22174072265625,42.32740020751953,89.16210174560547,85.19066619873047,87.84185791015625,101.7616958618164,242.13999938964844,20.33357048034668
2024-11-12,584.8847045898438,508.3000793457031,41.524986267089844,87.92842102050781,83.91336822509766,87.29014587402344,100.84284210205078,240.0500030517578,20.223363876342773
2024-11-13,585.1688232421875,507.64599609375,41.257511138916016,88.4144287109375,83.11735534667969,87.23406219482422,100.4622802734375,237.6300048828125,20.159074783325195
2024-11-14,581.4060668945312,504.11798095703125,41.028255462646484,87.62000274658203,83.59866333007812,87.2247085571289,100.43445587158203,237.00999450683594,20.140705108642578
2024-11-15,573.9591064453125,492.10693359375,41.028255462646484,87.66673278808594,83.37651062011719,87.26211547851562,100.4808578491211,236.58999633789062,20.03968048095703
2024-11-18,576.310791015625,495.52587890625,41.4963264465332,88.3022689819336,83.5246353149414,87.45845794677734,100.66647338867188,241.08999633789062,20.498884201049805
2024-11-19,578.4174194335938,498.93499755859375,41.46767044067383,88.73218536376953,83.95037841796875,87.6455078125,100.87996673583984,243.25,20.563173294067383
2024-11-20,578.613525390625,498.6476135253906,41.4199104309082,88.62003326416016,83.68197631835938,87.51456451416016,100.63864135742188,244.6199951171875,20.55398941040039
2024-11-21,581.7196044921875,500.4413146972656,41.33393478393555,89.2742691040039,83.6171875,87.46781921386719,100.51800537109375,246.66000366210938,20.700937271118164
2024-11-22,583.5226440429688,501.24407958984375,41.34348678588867,89.94718170166016,83.66345977783203,87.52392578125,100.61080169677734,249.83999633789062,20.719303131103516
2024-11-25,585.501953125,502.0368347167969,41.37215042114258,91.19956970214844,85.829345703125,88.4683609008789,101.86380767822266,242.47999572753906,20.425413131713867
2024-11-26,588.5592041015625,504.732421875,41.20020294189453,91.5640640258789,85.49613189697266,88.28134155273438,101.60391235351562,242.9499969482422,20.425413131713867
2024-11-27,586.7757568359375,500.7584533691406,41.257511138916016,92.15287017822266,86.08849334716797,88.63666534423828,101.97516632080078,243.49000549316406,20.315204620361328
2024-11-29,590.4208984375,505.1584777832031,41.324378967285156,91.74165344238281,86.97705841064453,89.01071166992188,102.6063003540039,245.58999633789062,20.33357048034668
2024-12-02,591.4791870117188,510.65863037109375,41.486778259277344,90.4051513671875,87.18602752685547,89.00321960449219,102.7674331665039,243.44000244140625,20.186626434326172
2024-12-03,591.7534790039062,512.224365234375,41.572750091552734,89.94718170166016,86.43370056152344,88.74996948242188,102.40418243408203,243.92999267578125,20.416229248046875
2024-12-04,595.427978515625,518.5570678710938,41.67782974243164,89.70419311523438,87.36248779296875,89.08761596679688,102.8978271484375,244.6699981689453,20.306018829345703
2024-12-05,594.4481201171875,517.1200561523438,41.95485305786133,89.48924255371094,87.53897857666016,89.0782470703125,102.869873046875,242.86000061035156,20.278467178344727
2024-12-06,595.5750122070312,521.748046875,41.88798522949219,89.35838317871094,87.66899871826172,89.35962677001953,103.10273742675781,242.9499969482422,20.122337341308594
2024-12-09,592.508056640625,517.6849365234375,42.74771499633789,89.6107177734375,86.86095428466797,89.05010223388672,102.84194946289062,245.36000061035156,20.315204620361328
2024-12-10,590.6658935546875,515.9208984375,42.05992889404297,88.31161499023438,86.45228576660156,88.89065551757812,102.6836166381836,248.58999633789062,20.36112403869629
2024-12-11,595.232177734375,525.1571044921875,42.231876373291016,88.10600280761719,85.63494110107422,88.62802124023438,102.40418243408203,250.9600067138672,20.61827850341797
2024-12-12,592.1650390625,521.7679443359375,42.021724700927734,87.96581268310547,84.59469604492188,88.29035949707031,101.82676696777344,247.27999877929688,20.53562355041504
2024-12-13,592.0474853515625,525.76171875,42.05992889404297,87.71345520019531,83.73091888427734,87.8776626586914,101.25862121582031,244.2899932861328,20.526437759399414
2024-12-16,594.5755615234375,533.3329467773438,41.83067321777344,87.40504455566406,83.98168182373047,87.90580749511719,101.38900756835938,244.8800048828125,20.416229248046875
2024-12-17,592.1257934570312,530.9842529296875,41.73061752319336,86.98446655273438,84.1860122680664,87.90580749511719,101.39833068847656,243.94000244140625,20.278467178344727
2024-12-18,574.4783935546875,511.8279724121094,40.75923538208008,83.39554595947266,83.13333129882812,87.22634887695312,100.14118957519531,239.25999450683594,20.094785690307617
2024-12-19,574.302001953125,509.54876708984375,40.895225524902344,82.10578155517578,81.87458038330078,86.83111572265625,99.59908294677734,239.60000610351562,20.094785690307617
2024-12-20,581.199951171875,513.998291015625,41.060359954833984,83.48900604248047,82.3407974243164,87.15106201171875,99.99163055419922,242.10000610351562,20.223363876342773
2024-12-23,584.6802978515625,519.0060424804688,41.293495178222656,83.81551361083984,81.58554077148438,86.76522827148438,99.70188903808594,240.9600067138672,20.238842010498047
2024-12-24,591.1790771484375,526.0436401367188,41.41977310180664,84.37227630615234,81.93052673339844,86.81227111816406,100.01033020019531,241.44000244140625,20.354934692382812
2024-12-26,591.2183837890625,525.6863403320312,41.274070739746094,84.5987548828125,81.8838882446289,86.87815856933594,100.10380554199219,243.07000732421875,20.296886444091797
2024-12-27,584.9950561523438,518.6983642578125,41.08950424194336,83.74945831298828,81.21256256103516,86.65229034423828,99.6832046508789,241.39999389648438,20.393630981445312
2024-12-30,578.3192138671875,511.79974365234375,40.75923538208008,83.33424377441406,81.86527252197266,87.16048431396484,100.11312866210938,240.6300048828125,20.57744598388672
2024-12-31,576.21533203125,507.45208740234375,40.62323760986328,84.06087493896484,81.42701721191406,87.00048828125,99.86077117919922,242.1300048828125,20.683862686157227
2025-01-02,574.7994995117188,506.45953369140625,40.56495666503906,83.31536865234375,81.65081024169922,87.04754638671875,99.8701171875,245.4199981689453,20.887025833129883
2025-01-03,581.9864501953125,514.747802734375,40.94379806518555,84.4100112915039,81.38972473144531,86.90638732910156,99.63648223876953,243.49000549316406,20.780607223510742
2025-01-06,585.3389892578125,520.663818359375,41.08950424194336,83.32481384277344,81.02611541748047,86.82168579101562,99.38407135009766,243.19000244140625,20.819305419921875
2025-01-07,578.7223510742188,511.37286376953125,40.79808807373047,82.53214263916016,80.11233520507812,86.42646789550781,98.92610931396484,244.55999755859375,20.91604995727539
2025-01-08,579.5678100585938,511.4622497558594,40.60380935668945,82.74918365478516,80.21490478515625,86.57701873779297,99.08499908447266,245.86000061035156,20.877351760864258
2025-01-10,570.7193603515625,503.44195556640625,39.91413116455078,80.72976684570312,79.68343353271484,85.94651794433594,98.51484680175781,248.2100067138672,21.438467025756836
2025-01-13,571.604248046875,501.82403564453125,39.64214324951172,81.7206039428711,79.65545654296875,85.79595184326172,98.23444366455078,245.74000549316406,21.5932559967041
2025-01-14,572.3908081054688,501.3475341796875,40.0889778137207,82.4660873413086,79.52491760253906,85.82416534423828,98.34661102294922,247.02999877929688,21.583581924438477
2025-01-15,582.8025512695312,512.8816528320312,40.613529205322266,82.93791198730469,80.89556884765625,86.72759246826172,99.5242919921875,248.8800048828125,21.931861877441406
2025-01-16,581.6817016601562,509.2884216308594,40.56495666503906,84.65536499023438,81.15662384033203,86.93461608886719,99.72058868408203,250.60000610351562,21.83511734008789
2025-01-17,587.521728515625,517.8844604492188,40.8855094909668,84.5987548828125,81.29647064208984,87.00048828125,99.8047103881836,249.27000427246094,21.738372802734375
2025-01-21,592.899658203125,520.921875,41.322635650634766,86.18409729003906,82.0237808227539,87.29222106933594,100.38419342041016,253.1300048828125,21.631956100463867
2025-01-22,596.2326049804688,527.5823364257812,41.351776123046875,84.68367004394531,81.5948715209961,87.06636047363281,100.06642150878906,254.42999267578125,21.612606048583984
2025-01-23,599.4868774414062,528.703857421875,41.44891357421875,85.30648803710938,80.96084594726562,86.84051513671875,99.92621612548828,254.07000732421875,21.53521156311035
2025-01-24,597.7368774414062,525.716064453125,41.72090530395508,85.5990219116211,81.324462890625,87.01931762695312,100.12248229980469,255.64999389648438,21.544885635375977
2025-01-27,589.2815551757812,510.41009521484375,40.96322250366211,86.74085998535156,82.28484344482422,87.58395385742188,100.81416320800781,252.99000549316406,21.21595573425293
2025-01-28,594.3449096679688,517.953857421875,41.26435470581055,85.69338989257812,82.22889709472656,87.5933609008789,100.6739501953125,255.17999267578125,21.235305786132812
2025-01-29,591.680419921875,516.9812622070312,41.274070739746094,84.56100463867188,82.0610580444336,87.48983001708984,100.54310607910156,254.1999969482422,21.274002075195312
2025-01-30,594.8560791015625,519.1847534179688,41.97346115112305,85.63677215576172,82.36876678466797,87.67806243896484,100.76741790771484,258.04998779296875,21.293350219726562
2025-01-31,591.6903686523438,518.430419921875,41.49748611450195,85.44804382324219,81.82797241210938,87.53690338134766,100.44026947021484,258.55999755859375,21.25465202331543
2025-02-03,587.70849609375,514.28125,41.19635772705078,85.26874542236328,82.49421691894531,87.59920501708984,100.59882354736328,259.94000244140625,21.419116973876953
2025-02-04,591.6510620117188,520.5942993164062,41.93460464477539,85.33480072021484,82.7468490600586,87.81633758544922,100.79580688476562,262.5,21.47716522216797
2025-02-05,594.0498657226562,522.9566650390625,41.827754974365234,86.53324127197266,84.11300659179688,88.32614135742188,101.4993667602539,264.1300048828125,21.34172248840332
2025-02-06,596.114501953125,525.6863403320312,42.00260925292969,86.75027465820312,84.07560729980469,88.2222671508789,101.3117446899414,263.42999267578125,21.351396560668945
2025-02-07,590.6580200195312,519.0557250976562,41.963748931884766,86.46719360351562,83.53287506103516,87.92963409423828,100.87083435058594,263.8999938964844,21.36107063293457
2025-02-10,594.6693115234375,525.3389282226562,42.468868255615234,86.429443359375,83.28022003173828,87.91075134277344,100.89900970458984,268.3699951171875,21.670652389526367
2025-02-11,595.1216430664062,524.0882568359375,42.30373001098633,86.80690002441406,82.7468490600586,87.68417358398438,100.6738510131836,267.3900146484375,21.83511734008789
2025-02-12,593.204345703125,524.39599609375,42.536865234375,86.00479888916016,81.62397766113281,87.0799560546875,100.1297836303711,267.6700134277344,21.5932559967041
2025-02-13,599.4672241210938,531.9398193359375,42.8088493347168,86.863525390625,82.98078155517578,87.73136901855469,100.90838623046875,270.30999755859375,21.699676513671875
2025-02-14,599.4376831054688,534.1732177734375,43.139122009277344,86.46719360351562,83.42058563232422,88.09954833984375,101.30236053466797,266.2900085449219,21.7093505859375
2025-02-18,601.1975708007812,535.3842163085938,43.411109924316406,86.85408782958984,82.43806457519531,87.62752532958984,100.88964080810547,270.70001220703125,22.02860450744629
2025-02-19,602.6133422851562,535.5330810546875,43.34311294555664,86.9201431274414,82.54098510742188,87.76913452148438,100.94590759277344,270.8500061035156,22.20274543762207
2025-02-20,600.1062622070312,533.2599487304688,43.74137878417969,87.3353500366211,82.84980773925781,87.9485092163086,101.18981170654297,270.989990234375,22.231767654418945
2025-02-21,589.842041015625,522.1923828125,43.61509704589844,86.47662353515625,83.85102844238281,88.4677505493164,101.5462646484375,270.739990234375,21.92218589782715
2025-02-24,587.157958984375,516.0281982421875,42.944847106933594,86.81633758544922,84.09431457519531,88.65657043457031,101.80890655517578,272.2099914550781,21.844791412353516
2025-02-25,584.2378540039062,509.526611328125,42.9739875793457,87.88267517089844,85.54470825195312,89.35516357421875,102.58753967285156,268.6199951171875,21.60293197631836
2025-02-26,584.5328979492188,510.7575378417969,43.401397705078125,87.51464080810547,86.04999542236328,89.60061645507812,102.80329132080078,269.0299987792969,21.419116973876953
2025-02-27,575.20263671875,496.5731201171875,42.55629348754883,87.86380004882812,85.4417495727539,89.49677276611328,102.37177276611328,264.92999267578125,21.44814109802246
2025-02-28,584.178955078125,504.41473388671875,41.97346115112305,88.60928344726562,86.48979187011719,89.98766326904297,102.82205963134766,263.2699890136719,21.283676147460938
2025-03-03,573.944091796875,493.3768615722656,41.604339599609375,89.02449035644531,86.89341735839844,90.3143081665039,103.14691162109375,266.739990234375,21.148235321044922
2025-03-04,567.1504516601562,491.8879699707031,41.95403289794922,87.99591827392578,85.82333374023438,90.03026580810547,102.80792236328125,269.05999755859375,21.21595573425293
2025-03-05,573.2460327148438,498.3002624511719,43.20711898803711,88.9773178100586,85.13809204101562,89.52848815917969,102.47835540771484,269.6199951171875,21.157909393310547
2025-03-06,563.0703125,484.59234619140625,42.93513107299805,86.69367218017578,84.85649871826172,89.48114776611328,102.158203125,268.25,21.051490783691406
2025-03-07,566.2262573242188,488.15576171875,43.148834228515625,87.21266174316406,84.58428955078125,89.36752319335938,101.99810791015625,268.3900146484375,21.235305786132812
2025-03-10,551.1444702148438,469.2366638183594,42.119171142578125,86.3728256225586,85.46663665771484,89.9924087524414,102.34651947021484,266.0400085449219,21.099863052368164
2025-03-11,546.5628662109375,468.1149597167969,42.468868255615234,85.36310577392578,84.85649871826172,89.67049407958984,101.6779556274414,269.1600036621094,21.21595573425293
2025-03-12,549.46337890625,473.3956604003906,42.70199966430664,85.098876953125,84.34960174560547,89.4054183959961,101.37664031982422,270.3299865722656,21.21595573425293
2025-03-13,542.138671875,464.8790588378906,42.52715301513672,83.419189453125,85.09117126464844,89.76517486572266,101.69679260253906,275.1300048828125,21.138561248779297
2025-03-14,553.3369750976562,476.11541748046875,43.30426025390625,85.08944702148438,84.64058685302734,89.45272827148438,101.64970397949219,275.239990234375,21.25465202331543
2025-03-17,557.6039428710938,479.202392578125,44.04250717163086,86.54267120361328,85.06298828125,89.52848815917969,101.85685729980469,276.7300109863281,21.399770736694336
2025-03-18,551.5770874023438,471.0332336425781,43.819091796875,86.08972930908203,85.1474609375,89.63261413574219,102.10169219970703,279.9599914550781,21.351396560668945
2025-03-19,557.5842895507812,477.3363342285156,43.92594528198242,86.19351959228516,85.58865356445312,89.90719604492188,102.704345703125,281.1099853515625,21.48683738708496
2025-03-20,555.9718627929688,475.7183532714844,43.51796340942383,86.13690948486328,85.6449966430664,90.03972625732422,102.55369567871094,280.75,21.525535583496094
2025-03-21,556.1552734375,477.2866516113281,43.30426025390625,85.18380737304688,85.13809204101562,89.9639892578125,102.41244506835938,278.489990234375,21.399770736694336
2025-03-24,566.115234375,487.7604064941406,43.49853515625,86.49549865722656,84.2651138305664,89.44326782226562,101.96987915039062,277.25,21.47716522216797
2025-03-25,567.4760131835938,490.54388427734375,43.37225341796875,85.52498626708984,84.25572967529297,89.5947494506836,102.07343292236328,278.4700012207031,21.506187438964844
2025-03-26,560.7013549804688,481.51751708984375,43.109981536865234,85.85865783691406,83.70191192626953,89.3864517211914,101.65913391113281,278.239990234375,21.47716522216797
2025-03-27,559.2123413085938,478.7738342285156,43.32368469238281,85.63938903808594,83.45784759521484,89.31070709228516,101.5367202758789,281.9700012207031,21.53521156311035
2025-03-28,547.95068359375,466.1687927246094,42.51743698120117,85.52498626708984,84.61244201660156,90.03026580810547,102.1487808227539,284.05999755859375,21.467491149902344
2025-03-31,551.62890625,466.14886474609375,42.449440002441406,86.31626892089844,85.4478530883789,90.2953872680664,102.34651947021484,288.1400146484375,21.767396926879883
2025-04-01,553.1869506835938,469.90655517578125,42.58543395996094,86.35440063476562,86.18832397460938,90.61261749267578,102.71233367919922,287.57000732421875,21.777070999145508
2025-04-02,556.6878051757812,473.3361511230469,42.64371871948242,86.87873840332031,86.13179779052734,90.52713775634766,102.94866943359375,288.1600036621094,21.912511825561523
2025-04-03,529.2537231445312,447.9967956542969,41.74032974243164,83.91382598876953,86.5274429321289,91.45795440673828,102.93920135498047,286.4200134277344,21.032142639160156
2025-04-04,498.2696838378906,420.1722412109375,39.41872787475586,80.27203369140625,87.46949768066406,91.71440887451172,102.82575988769531,279.7200012207031,20.267866134643555
2025-04-07,497.3821716308594,421.1861877441406,37.951934814453125,78.16511535644531,84.83175659179688,90.62213897705078,100.82180786132812,273.7099914550781,19.948610305786133
2025-04-08,489.5918273925781,413.60125732421875,37.41767883300781,76.06775665283203,83.23025512695312,90.16620635986328,99.54569244384766,275.20001220703125,19.50358772277832
2025-04-09,541.0084228515625,463.2461853027344,40.01126480102539,80.60570526123047,83.72012329101562,89.88126373291016,101.2093734741211,285.3800048828125,20.20981788635254
2025-04-10,517.3019409179688,443.5432434082031,39.32158660888672,78.76573944091797,81.41209411621094,89.32086944580078,99.48898315429688,292.3500061035156,19.958282470703125
2025-04-11,526.5320434570312,451.7147216796875,40.555240631103516,79.7286148071289,81.85486602783203,88.81747436523438,99.47008514404297,297.92999267578125,20.248516082763672
2025-04-14,531.6402587890625,454.7764892578125,40.92436981201172,81.37791442871094,82.43896484375,89.52983093261719,100.08450317382812,296.2300109863281,20.258190155029297
2025-04-15,530.151123046875,455.283447265625,40.8855094909668,81.62579345703125,82.7309799194336,89.79578399658203,100.62329864501953,297.7799987792969,20.20981788635254
2025-04-16,518.3668823242188,441.5550842285156,40.40953826904297,81.56858825683594,83.19257354736328,90.18519592285156,101.04867553710938,307.4700012207031,20.46135139465332
2025-04-17,519.1064453125,441.4756164550781,40.72037887573242,82.78887939453125,82.45777130126953,89.92876434326172,100.9068832397461,306.1199951171875,20.674190521240234
2025-04-21,506.7503662109375,430.55047607421875,40.710662841796875,81.06330871582031,81.0164566040039,89.4443588256836,99.8198471069336,315.5899963378906,20.500049591064453
2025-04-22,519.934814453125,441.85333251953125,41.322635650634766,82.63634490966797,81.46863555908203,89.51081848144531,100.06559753417969,311.1099853515625,20.59679412841797
2025-04-23,527.9915161132812,451.8737487792969,41.79861068725586,82.78887939453125,82.25995635986328,89.6058120727539,100.50987243652344,303.6499938964844,20.44200325012207
2025-04-24,539.1051635742188,464.58819580078125,42.2843017578125,83.09394836425781,83.12663269042969,90.09024047851562,101.54022216796875,308.07000732421875,20.625816345214844
2025-04-25,543.0004272460938,469.76739501953125,42.20659637451172,82.95095825195312,83.73898315429688,90.43214416503906,102.0790023803711,304.7300109863281,20.65484046936035
2025-04-28,543.2073974609375,469.6182556152344,42.2843017578125,83.46574401855469,84.26651763916016,90.79307556152344,102.3153305053711,309.07000732421875,20.538747787475586
2025-04-29,546.6293334960938,472.7198486328125,42.400875091552734,83.91382598876953,84.97305297851562,91.10652923583984,102.55164337158203,306.05999755859375,20.277538299560547
2025-04-30,546.84619140625,472.6601867675781,42.50772476196289,84.2093734741211,84.28535461425781,91.2490005493164,102.06954956054688,303.7699890136719,19.900236129760742
2025-05-01,550.7216186523438,478.8334655761719,42.498008728027344,84.48583984375,83.85800170898438,90.85162353515625,101.7108154296875,297.4599914550781,19.996980667114258
2025-05-02,558.8966674804688,485.9411926269531,43.71223831176758,85.52498626708984,82.95028686523438,90.24176025390625,101.46405792236328,297.9800109863281,20.08405113220215
2025-05-05,555.6917724609375,483.0583801269531,44.04250717163086,85.3343276977539,82.48698425292969,90.07977294921875,101.32169342041016,306.8800048828125,19.967958450317383
2025-05-06,551.0471801757812,478.56512451171875,43.86766052246094,84.676513671875,82.76119232177734,90.30847930908203,101.52098083496094,315.4800109863281,20.267866134643555
2025-05-07,553.3646240234375,480.4438781738281,43.36254119873047,84.77183532714844,83.11104583740234,90.54669952392578,101.72978973388672,310.75,20.01633071899414
2025-05-08,557.22021484375,485.4044189453125,43.333396911621094,84.43817138671875,82.18441772460938,89.84154510498047,101.21729278564453,304.6300048828125,20.277538299560547
2025-05-09,556.5103149414062,485.0863342285156,43.624813079833984,85.00064849853516,82.30734252929688,89.90824890136719,101.17935180664062,306.8399963378906,20.432329177856445
2025-05-12,574.9015502929688,504.84881591796875,44.567054748535156,85.42012023925781,81.54146575927734,89.33648681640625,101.16035461425781,298.19000244140625,20.567771911621094
2025-05-13,578.6981201171875,512.5431518554688,44.64476776123047,84.33330535888672,81.2105484008789,89.26978302001953,101.24578094482422,299.4599914550781,20.887025833129883
2025-05-14,579.437744140625,515.6148681640625,44.98474884033203,83.5038833618164,80.67159271240234,88.93627166748047,100.73328399658203,293.1600036621094,20.780607223510742
2025-05-15,582.2679443359375,516.1814575195312,44.9653205871582,85.02925109863281,81.3807373046875,89.51753997802734,101.45458221435547,297.8399963378906,20.57744598388672
2025-05-16,585.9559936523438,518.4281616210938,44.936180114746094,86.08746337890625,81.59822082519531,89.54612731933594,101.64437866210938,294.239990234375,20.500049591064453
2025-05-19,586.5969848632812,518.9251708984375,45.03331756591797,86.10652923583984,81.36183166503906,89.49848175048828,101.65386199951172,298.0299987792969,20.471027374267578
2025-05-20,584.6246948242188,517.1954956054688,44.98474884033203,85.60125732421875,80.77559661865234,89.38414001464844,101.4071044921875,303.5799865722656,20.732234954833984
2025-05-21,574.7733154296875,510.00811767578125,44.868186950683594,83.32275390625,79.39515686035156,88.76472473144531,100.27772521972656,305.82000732421875,20.70321273803711
2025-05-22,575.0001220703125,510.9624938964844,44.722476959228516,82.94140625,79.8111801147461,89.09825134277344,100.79021453857422,303.1099853515625,20.59679412841797
2025-05-23,571.0753173828125,506.2305908203125,44.90704345703125,83.02720642089844,79.94354248046875,89.35555267333984,100.86615753173828,309.75,20.712886810302734
2025-05-27,582.9483642578125,518.1398315429688,44.80018997192383,84.47630310058594,81.05925750732422,89.72718811035156,101.7772445678711,304.5,20.529071807861328
2025-05-28,579.5758056640625,515.8433837890625,44.596195220947266,84.3905029296875,80.70940399169922,89.47942352294922,101.53048706054688,303.80999755859375,20.46135139465332
2025-05-29,581.863525390625,516.857421875,44.76133346557617,85.15318298339844,81.45637512207031,89.85106658935547,101.98603057861328,305.6099853515625,20.354934692382812
2025-05-30,581.2127685546875,516.042236328125,44.21735763549805,85.15318298339844,81.57929992675781,90.1178970336914,102.28024291992188,303.6000061035156,20.20014190673828
2025-06-02,584.4866943359375,520.1181030273438,44.53791427612305,85.26758575439453,80.820068359375,89.81195068359375,101.99066925048828,311.6700134277344,20.625816345214844
2025-06-03,587.81982421875,524.183837890625,44.64476776123047,85.09598541259766,80.6777114868164,89.72589874267578,102.03829956054688,308.9100036621094,20.76125717163086
2025-06-04,587.6619262695312,525.6452026367188,45.198455810546875,85.3343276977539,81.98737335205078,90.38558197021484,102.78131103515625,310.8999938964844,20.683862686157227
2025-06-05,584.8218994140625,521.6886596679688,45.43158721923828,85.26758575439453,82.04432678222656,90.11788940429688,102.46695709228516,309.3299865722656,20.780607223510742
2025-06-06,590.8275146484375,526.788330078125,45.57728958129883,85.67752075195312,81.00037384033203,89.40084838867188,101.84777069091797,305.17999267578125,20.945072174072266
2025-06-09,591.3599243164062,527.5638427734375,45.96584701538086,85.79192352294922,81.0857925415039,89.5633773803711,102.1526107788086,306.6199951171875,20.964420318603516
2025-06-10,594.7127685546875,531.0530395507812,46.22812271118164,86.52600860595703,81.50336456298828,89.71632385253906,102.40027618408203,306.7099914550781,20.91604995727539
2025-06-11,593.0166015625,529.2636108398438,46.42239761352539,86.05885314941406,81.75011444091797,90.08921813964844,102.72412872314453,308.3699951171875,21.25465202331543
2025-06-12,595.3734741210938,530.5062255859375,46.50010299682617,86.47833251953125,82.72762298583984,90.48115539550781,103.29566955566406,312.20001220703125,21.25465202331543
2025-06-13,588.7171020507812,523.8458862304688,45.76185989379883,85.63938903808594,81.93045043945312,90.14656829833984,102.676513671875,316.2900085449219,21.912511825561523
2025-06-16,594.318359375,531.132568359375,46.32286834716797,85.70612335205078,81.10478210449219,89.88842010498047,102.49553680419922,311.7799987792969,21.8641414642334
2025-06-17,589.2398071289062,525.953369140625,45.714778900146484,85.40105438232422,82.0917739868164,90.32823181152344,102.84798431396484,311.94000244140625,22.328510284423828
2025-06-18,589.1510009765625,525.8638916015625,45.7049674987793,85.69659423828125,82.234130859375,90.38558197021484,102.9241714477539,310.260009765625,22.38655662536621
2025-06-20,587.7673950195312,523.7166748046875,45.44015884399414,85.63938903808594,82.08229064941406,90.44294738769531,103.00991821289062,310.1300048828125,22.50265121459961
2025-06-23,593.572998046875,529.1017456054688,45.81285858154297,86.9264144897461,82.3480224609375,90.75845336914062,103.26710510253906,311.0799865722656,21.670652389526367
2025-06-24,600.1304321289062,537.1928100585938,46.99961853027344,87.15521240234375,82.94591522216797,91.07394409179688,103.75289154052734,306.19000244140625,21.148235321044922
2025-06-25,600.4666748046875,538.566162109375,47.03884506225586,85.05785369873047,83.0503158569336,91.1121826171875,103.62908172607422,307.1199951171875,21.119211196899414
2025-06-26,605.16455078125,543.6018676757812,47.35270309448242,84.97889709472656,83.4678726196289,91.43724822998047,104.01010131835938,306.7799987792969,21.196605682373047
2025-06-27,608.1712646484375,545.4629516601562,47.166351318359375,85.19070434570312,82.9364013671875,91.19821166992188,103.83863830566406,301.2200012207031,21.090187072753906
2025-06-30,611.0791015625,548.9959716796875,47.313472747802734,85.73944854736328,83.7525863647461,91.5615234375,104.4101791381836,304.8299865722656,21.099863052368164
2025-07-01,610.8812866210938,544.3681640625,47.4017448425293,86.36521911621094,83.96023559570312,91.39175415039062,104.5363540649414,307.54998779296875,21.21595573425293
2025-07-02,613.650634765625,548.159912109375,47.60770797729492,86.5673828125,83.42681121826172,91.19994354248047,104.51725769042969,309.25,21.564233779907227
2025-07-03,618.4869995117188,553.553955078125,47.823482513427734,86.66365814208984,82.84574127197266,90.88345336914062,104.2686538696289,307.1400146484375,21.5545597076416
2025-07-07,613.8779907226562,549.3840942382812,47.14673614501953,85.92236328125,82.05509185791016,90.5957260131836,103.64722442626953,307.3699951171875,21.53521156311035
2025-07-08,613.5418090820312,549.6925659179688,47.440975189208984,85.7972183227539,81.95030212402344,90.4614486694336,103.3508529663086,304.1600036621094,21.60293197631836
2025-07-09,617.2210083007812,553.5838012695312,47.362510681152344,85.86460876464844,82.80763244628906,90.93141174316406,103.94361877441406,305.5199890136719,21.564233779907227
2025-07-10,618.9617309570312,552.7876586914062,47.490013122558594,86.40372467041016,82.86478424072266,90.88345336914062,103.96271514892578,306.20001220703125,21.496511459350586
2025-07-11,616.7858276367188,551.5436401367188,47.33308792114258,86.4133529663086,81.72167205810547,90.4614486694336,103.33171844482422,309.1400146484375,21.777070999145508
2025-07-14,617.9627685546875,553.5440673828125,47.4017448425293,86.97172546386719,81.55022430419922,90.42308807373047,103.30303955078125,308.010009765625,21.5932559967041
2025-07-15,615.322021484375,554.0515747070312,47.745018005371094,85.69131469726562,80.97868347167969,90.06822967529297,102.93018341064453,306.7300109863281,21.5545597076416
2025-07-16,617.3792724609375,554.6187744140625,47.970603942871094,86.49999237060547,81.0929946899414,90.31758880615234,103.09271240234375,308.260009765625,21.583581924438477
2025-07-17,621.1574096679688,559.1072387695312,48.24522399902344,86.40372467041016,81.07394409179688,90.28882598876953,103.34129333496094,307.5899963378906,21.757720947265625
2025-07-18,620.702392578125,558.56982421875,48.13733673095703,86.5866470336914,81.19776916503906,90.53817749023438,103.53250885009766,308.3900146484375,21.796419143676758
2025-07-21,621.8794555664062,561.4658813476562,48.451194763183594,86.94285583496094,81.92173767089844,90.85468292236328,103.93404388427734,313.1300048828125,21.748046875
2025-07-22,621.9684448242188,558.5598754882812,48.48061752319336,88.43506622314453,82.41707611083984,91.11363220214844,104.18262481689453,316.1000061035156,21.7093505859375
2025-07-23,627.2598266601562,561.1076049804688,48.971012115478516,88.60833740234375,81.95984649658203,90.78756713867188,104.02009582519531,312.17999267578125,21.651302337646484
2025-07-24,627.4674072265625,562.3018188476562,48.70619583129883,88.30028533935547,81.81694030761719,90.65326690673828,103.86711120605469,310.2699890136719,21.670652389526367
2025-07-25,630.1181030273438,563.6553344726562,48.55907440185547,88.30989837646484,82.33132934570312,90.8642807006836,104.20175170898438,307.3999938964844,21.44814109802246
2025-07-28,629.9598999023438,565.4168701171875,48.23542022705078,86.89471435546875,81.79790496826172,90.66285705566406,103.99140930175781,305.4100036621094,21.670652389526367
2025-07-29,628.2982788085938,564.5410766601562,48.255035400390625,88.29064178466797,83.17913055419922,91.25748443603516,104.67977142333984,306.25,21.951210021972656
2025-07-30,627.5070190429688,565.2974243164062,47.90195083618164,87.03912353515625,82.75048065185547,90.94100189208984,104.28779602050781,300.9599914550781,21.9028377532959
2025-07-31,625.1531372070312,562.3018188476562,47.62732696533203,85.81646728515625,82.79808807373047,91.01773071289062,104.31646728515625,302.9599914550781,21.719024658203125
2025-08-01,614.9066162109375,551.2252197265625,47.27423858642578,85.60466766357422,83.9751968383789,92.06559753417969,105.24188995361328,309.1099853515625,21.370746612548828
2025-08-04,624.2530517578125,561.3961791992188,47.7646369934082,86.48074340820312,84.20470428466797,92.190673828125,105.42428588867188,310.9100036621094,21.293350219726562
2025-08-05,621.088134765625,557.5845336914062,47.90195083618164,86.87545776367188,84.46288299560547,92.1233139038086,105.50109100341797,311.1600036621094,21.10953712463379
2025-08-06,625.845458984375,564.600830078125,48.12752914428711,86.20155334472656,83.9751968383789,92.05596923828125,105.47229766845703,310.5,21.06116485595703
2025-08-07,625.3212280273438,566.5115356445312,48.52965545654297,86.45186614990234,83.83177947998047,91.98859405517578,105.3666763305664,313.1199951171875,21.12888526916504
2025-08-08,630.1972045898438,571.7960815429688,48.490421295166016,85.73944854736328,83.4684066772461,91.77690887451172,105.03070831298828,313.04998779296875,21.12888526916504
2025-08-11,628.9509887695312,570.104248046875,48.353111267089844,85.17146301269531,83.56401824951172,91.8057861328125,105.19389343261719,308.54998779296875,21.157909393310547
2025-08-12,635.6467895507812,577.2697143554688,48.94158935546875,85.6528091430664,83.14329528808594,91.78654479980469,105.28988647460938,308.2699890136719,21.07084083557129
2025-08-13,637.82275390625,577.558349609375,49.53006362915039,86.45186614990234,83.83177947998047,92.11370849609375,105.8466796875,309.2099914550781,21.04181671142578
2025-08-14,637.882080078125,577.110595703125,48.921974182128906,85.83572387695312,83.2102279663086,91.8154067993164,105.48188018798828,307.25,21.12888526916504
2025-08-15,636.388671875,574.57275390625,48.98081970214844,86.32670593261719,82.61737823486328,91.6325912475586,105.34748077392578,307.42999267578125,21.06116485595703
2025-08-18,636.2501220703125,574.3438110351562,49.2652473449707,85.59505462646484,82.37833404541016,91.54600524902344,105.1554946899414,306.95001220703125,21.080514907836914
2025-08-19,632.7984008789062,566.5513305664062,48.86312484741211,87.06800079345703,82.8564453125,91.77690887451172,105.31867980957031,305.2699890136719,20.91604995727539
2025-08-20,631.1170654296875,563.1876220703125,48.79446792602539,87.31829833984375,83.03810119628906,91.91162109375,105.3666763305664,308.3599853515625,21.148235321044922
2025-08-21,628.5850830078125,560.5802001953125,48.686580657958984,87.0583724975586,82.62693786621094,91.6422119140625,104.96348571777344,307.2900085449219,21.274002075195312
2025-08-22,638.2380981445312,569.2284545898438,49.65756607055664,88.74312591552734,83.23893737792969,92.15218353271484,105.78907775878906,310.5799865722656,21.36107063293457
2025-08-25,635.42919921875,567.5863647460938,49.37313461303711,88.2328872680664,82.9998779296875,91.96937561035156,105.51067352294922,309.8299865722656,21.467491149902344
2025-08-26,638.0897216796875,569.8654174804688,49.245635986328125,88.00184631347656,82.95206451416016,92.20991516113281,105.58748626708984,312.0799865722656,21.30302619934082
2025-08-27,639.543701171875,570.7412719726562,48.95139694213867,88.55058288574219,82.8564453125,92.38313293457031,105.62586975097656,312.7099914550781,21.32237434387207
2025-08-28,641.8085327148438,574.3140258789062,49.13774871826172,88.31953430175781,83.4014892578125,92.59481048583984,105.78907775878906,315.0299987792969,21.457815170288086
2025-08-29,637.98095703125,567.666015625,48.90235900878906,88.8008804321289,82.8086166381836,92.51783752441406,105.40509796142578,318.07000732421875,21.48683738708496
2025-09-02,633.2533569335938,562.908935546875,48.86312484741211,87.32792663574219,82.19239807128906,92.24175262451172,105.05249786376953,325.5899963378906,21.83511734008789
2025-09-03,636.685302734375,567.3375854492188,49.049476623535156,87.3760757446289,83.09464263916016,92.560302734375,105.67867279052734,328.1400146484375,21.641630172729492
2025-09-04,642.00634765625,572.472900390625,48.892547607421875,88.03071594238281,83.72815704345703,92.97541809082031,106.40116882324219,326.69000244140625,21.48683738708496
2025-09-05,640.1469116210938,573.2988891601562,49.48102569580078,89.0223159790039,85.00477600097656,93.42915344238281,107.09477996826172,331.04998779296875,21.312700271606445
2025-09-08,641.7195434570312,576.0953979492188,49.93218994140625,88.50243377685547,86.13739776611328,93.71875,107.47048950195312,334.82000732421875,21.457815170288086
2025-09-09,643.203125,577.7276000976562,50.206809997558594,88.30028533935547,85.64787292480469,93.4967269897461,107.27781677246094,334.05999755859375,21.51586151123047
2025-09-10,645.0624389648438,577.9166259765625,50.55009078979492,88.15586853027344,86.13739776611328,93.74771118164062,107.59571838378906,335.260009765625,21.66097640991211
2025-09-11,650.4231567382812,581.2803955078125,51.28568649291992,89.76359558105469,86.71330261230469,93.89253234863281,108.0966567993164,334.760009765625,21.496511459350586
2025-09-12,650.2055053710938,583.8480834960938,51.25625991821289,89.3496322631836,86.3389663696289,93.62223052978516,107.90398406982422,335.4200134277344,21.62228012084961
2025-09-15,653.6671142578125,588.8440551757812,51.628963470458984,89.20523071289062,86.54054260253906,93.77668762207031,108.24115753173828,338.9100036621094,21.815767288208008
2025-09-16,652.76708984375,588.3463745117188,52.011470794677734,88.7334976196289,86.722900390625,93.8345947265625,108.14482879638672,339.5899963378906,22.038280487060547
2025-09-17,651.9561157226562,587.1720581054688,52.23705291748047,88.61797332763672,86.50214385986328,93.63186645507812,107.9521484375,336.9700012207031,21.806095123291016
2025-09-18,655.0023803710938,592.466552734375,52.10955047607422,88.81051635742188,85.60948181152344,93.32295227050781,107.73059844970703,335.6199951171875,21.7093505859375
2025-09-19,658.2465209960938,596.4772338867188,51.991851806640625,88.2328872680664,85.44630432128906,93.28433227539062,107.64389038085938,339.17999267578125,21.53521156311035
2025-09-22,661.3607177734375,600.0083618164062,52.246864318847656,88.25213623046875,85.13914489746094,93.12989044189453,107.40304565429688,345.04998779296875,21.53521156311035
2025-09-23,657.7606201171875,596.02294921875,52.276283264160156,88.7334976196289,85.73426055908203,93.39053344726562,107.61499786376953,346.4599914550781,21.757720947265625
2025-09-24,655.6678466796875,593.9305419921875,52.0997428894043,87.8607177734375,85.40792083740234,93.1395263671875,107.18148803710938,343.32000732421875,21.9028377532959
2025-09-25,652.6429443359375,591.3699340820312,51.79569625854492,87.59830474853516,85.40792083740234,92.93679809570312,106.98881530761719,344.75,22.057626724243164
2025-09-26,656.3819580078125,593.801025390625,51.69761657714844,88.46330261230469,85.33113098144531,92.88853454589844,107.13331604003906,346.739990234375,22.067302703857422
2025-09-29,658.2266845703125,596.5509643554688,52.16839599609375,88.49246978759766,86.03180694580078,93.15884399414062,107.48974609375,352.4599914550781,21.88348960876465
2025-09-30,660.7061157226562,598.18505859375,52.374366760253906,88.85206604003906,85.78225708007812,93.1202392578125,107.3837890625,355.4700012207031,21.796419143676758
2025-10-01,662.95751953125,601.0545043945312,52.78629684448242,88.9881362915039,86.00379180908203,93.43396759033203,107.81501007080078,356.0299987792969,21.757720947265625
2025-10-02,663.7210693359375,603.5254516601562,53.031494140625,88.52162170410156,86.25422668457031,93.5307846069336,107.98904418945312,354.7900085449219,21.612606048583984
2025-10-03,663.7113037109375,600.9848022460938,53.18842315673828,88.85206604003906,86.09046936035156,93.34681701660156,107.85368347167969,357.6400146484375,21.680326461791992
2025-10-06,666.0914916992188,605.498291015625,53.433624267578125,88.01622772216797,85.4066162109375,93.07568359375,107.50562286376953,364.3800048828125,21.9028377532959
2025-10-07,663.6219482421875,602.3099365234375,53.021690368652344,87.69550323486328,85.89784240722656,93.30809020996094,107.70865631103516,366.260009765625,21.989906311035156
2025-10-08,667.5791625976562,609.2147827148438,53.44343185424805,87.23870086669922,85.96525573730469,93.32743835449219,107.57331085205078,372.29998779296875,22.018930435180664
2025-10-09,665.6452026367188,608.4774169921875,52.89418411254883,86.76246643066406,85.89784240722656,93.2596664428711,107.36060333251953,365.42999267578125,21.815767288208008
2025-10-10,647.6542358398438,587.3546142578125,50.942405700683594,85.65448760986328,87.28484344482422,93.8406753540039,107.66030883789062,369.1199951171875,21.351396560668945
2025-10-13,657.5919189453125,599.8190307617188,52.42340850830078,86.19876098632812,87.2366714477539,93.88906860351562,108.02772521972656,378.0899963378906,21.62228012084961
2025-10-14,656.78857421875,595.8236083984375,51.9526252746582,87.08319854736328,87.51600646972656,94.13115692138672,108.38545989990234,380.7900085449219,21.380420684814453
2025-10-15,659.7044067382812,600.0281982421875,52.80591583251953,88.34668731689453,87.3233642578125,94.02464294433594,108.38545989990234,387.3900146484375,21.457815170288086
2025-10-16,655.2116088867188,597.8063354492188,53.149192810058594,88.0356674194336,87.97832489013672,94.46038818359375,108.6948471069336,396.45001220703125,21.419116973876953
2025-10-17,658.9308471679688,601.7320556640625,53.13938522338867,88.60910034179688,87.8434829711914,94.30545806884766,108.48214721679688,388.989990234375,21.399770736694336
2025-10-20,665.7840576171875,609.3142700195312,53.865169525146484,89.50325012207031,88.18062591552734,94.43133544921875,108.81087493896484,403.1499938964844,21.612606048583984
2025-10-21,665.7741088867188,609.1549682617188,53.26688766479492,89.25055694580078,88.61404418945312,94.60563659667969,108.83020782470703,377.239990234375,21.390094757080078
2025-10-22,662.3128051757812,603.286376953125,53.21784591674805,89.62960052490234,88.67184448242188,94.62501525878906,108.93656921386719,377.2799987792969,21.728696823120117
2025-10-23,666.2402954101562,608.3578491210938,53.688629150390625,89.57129669189453,88.06503295898438,94.31514739990234,108.80122375488281,378.7900085449219,22.096324920654297
2025-10-24,671.6851806640625,614.8540649414062,54.04171371459961,89.83370208740234,88.10355377197266,94.40230560302734,108.98491668701172,377.5199890136719,22.106000900268555
2025-10-27,679.6095581054688,625.8041381835938,54.63999557495117,90.0864028930664,88.40214538574219,94.40230560302734,109.16863250732422,367.010009765625,22.057626724243164
2025-10-28,681.41455078125,630.6165771484375,54.62038040161133,88.31752014160156,88.63331604003906,94.48944854736328,109.17829132080078,364.3800048828125,21.85446548461914
2025-10-29,681.7418823242188,633.4562377929688,54.934234619140625,86.04325103759766,87.73754119873047,93.87939453125,108.55950164794922,363.0,21.970558166503906
2025-10-30,674.2440185546875,623.7715454101562,54.36537551879883,86.45145416259766,87.22704315185547,93.74383544921875,107.97937774658203,370.1300048828125,21.98023223876953
2025-10-31,676.4556274414062,626.7805786132812,54.23787307739258,86.67499542236328,86.96698760986328,93.78256225585938,107.5442886352539,368.1199951171875,22.13502311706543
2025-11-03,677.72509765625,629.7796020507812,54.581153869628906,86.54864501953125,86.74948120117188,93.7378921508789,107.25511932373047,368.7799987792969,22.299488067626953
2025-11-04,669.691650390625,616.996337890625,53.58074188232422,86.6944351196289,86.94282531738281,93.85444641113281,107.40067291259766,362.32000732421875,22.144697189331055
2025-11-05,672.012451171875,621.01171875,54.06132888793945,86.77218627929688,85.99546813964844,93.40762329101562,107.08045196533203,366.510009765625,22.076976776123047
2025-11-06,664.8021850585938,609.4439086914062,53.65920639038086,86.35425567626953,86.76881408691406,93.88358306884766,107.64326477050781,366.07000732421875,22.106000900268555
2025-11-07,665.4567260742188,607.5209350585938,53.50227737426758,87.69550323486328,86.58515167236328,93.92245483398438,107.42979431152344,368.30999755859375,22.15437126159668
2025-11-10,675.8406982421875,620.9618530273438,54.4438362121582,87.64690399169922,86.5658187866211,93.79615783691406,107.4880142211914,378.3800048828125,22.39623260498047
2025-11-11,677.387939453125,619.307861328125,54.502685546875,88.6285400390625,86.96215057373047,94.08759307861328,107.91497802734375,379.8699951171875,22.54134750366211
2025-11-12,677.7648315429688,618.8196411132812,54.51249313354492,87.96763610839844,87.1168212890625,94.10699462890625,107.8082275390625,385.989990234375,22.289813995361328
2025-11-13,666.5180053710938,606.1858520507812,53.87498092651367,86.8888168334961,86.40147399902344,93.83501434326172,107.27454376220703,382.8699951171875,22.173721313476562
2025-11-14,666.4088134765625,606.6441040039062,53.90440368652344,87.07347106933594,85.90847778320312,93.67960357666016,106.98341369628906,375.9599914550781,22.222091674804688
2025-11-17,660.2003173828125,601.4630737304688,53.26688766479492,86.35425567626953,86.12112426757812,93.78645324707031,107.05133819580078,371.6499938964844,22.193069458007812
2025-11-18,654.65625,594.1397705078125,53.0020751953125,86.70414733886719,86.09213256835938,93.9418716430664,107.09986114501953,374.3500061035156,22.376882553100586
2025-11-19,657.185302734375,597.6868896484375,52.81571960449219,86.02381134033203,85.91813659667969,93.87387084960938,107.10955810546875,374.9599914550781,22.15437126159668
2025-11-20,647.1683349609375,583.5385131835938,52.08993911743164,85.6642074584961,86.2564697265625,94.0972900390625,107.25511932373047,374.8500061035156,21.94153594970703
2025-11-21,653.6148681640625,587.9224853515625,52.08012390136719,87.05403900146484,86.51748657226562,94.40813446044922,107.6335678100586,374.2699890136719,21.796419143676758
2025-11-24,663.2351684570312,602.9575805664062,52.629371643066406,87.28729248046875,87.01048278808594,94.55384063720703,108.06053924560547,380.20001220703125,21.9028377532959
2025-11-25,669.4735717773438,606.6740112304688,52.81571960449219,88.09398651123047,87.23281860351562,94.79668426513672,108.36133575439453,380.0799865722656,21.786745071411133
2025-11-26,674.09521484375,612.034423828125,53.19823455810547,88.48274993896484,87.6194839477539,94.8743896484375,108.7300796508789,383.1199951171875,22.018930435180664
2025-11-28,677.7747192382812,616.996337890625,53.27669143676758,88.7743148803711,87.20381164550781,94.7092514038086,108.54570770263672,387.8800048828125,22.309162139892578
2025-12-01,674.6803588867188,614.923828125,53.237464904785156,87.7538070678711,86.11824798583984,94.20069885253906,107.96424865722656,389.75,22.367210388183594
2025-12-02,675.9299926757812,619.736328125,53.257080078125,87.44280242919922,86.15705108642578,94.27864074707031,108.03243255615234,387.239990234375,22.270465850830078
2025-12-03,678.2706298828125,621.2507934570312,53.29631042480469,87.66634368896484,86.39957427978516,94.47349548339844,108.27591705322266,386.8800048828125,22.376882553100586
2025-12-04,678.7664794921875,620.6729125976562,53.28650665283203,87.45252227783203,85.93391418457031,94.18121337890625,108.08112335205078,387.1300048828125,22.4349308013916
2025-12-05,680.0557861328125,623.20361328125,53.688629150390625,87.35533142089844,85.53617095947266,93.98637390136719,107.97398376464844,386.44000244140625,22.570371627807617
2025-12-08,678.0126953125,622.008056640625,53.5709342956543,86.6847152709961,85.25482940673828,93.79151153564453,107.74998474121094,385.4200134277344,22.289813995361328
2025-12-09,677.4276123046875,622.7752075195312,53.482662200927734,86.35425567626953,85.3421401977539,93.65512084960938,107.61361694335938,387.3999938964844,22.24144172668457
2025-12-10,681.92041015625,625.3258666992188,54.0809440612793,86.66526794433594,85.67198181152344,93.95713806152344,108.11035919189453,389.04998779296875,22.376882553100586
2025-12-11,683.5072021484375,623.3032836914062,53.8259391784668,87.0443115234375,85.55557250976562,93.96688079833984,107.95450592041016,393.239990234375,22.357534408569336
2025-12-12,676.1581420898438,611.3868408203125,53.19823455810547,86.9374008178711,84.73095703125,93.71356964111328,107.30194854736328,395.44000244140625,22.173721313476562
2025-12-15,675.1365966796875,608.3179931640625,53.04130935668945,87.20954895019531,84.78916931152344,93.79151153564453,107.42855834960938,395.79998779296875,22.067302703857422
2025-12-16,673.2918701171875,609.5235595703125,52.70604705810547,86.5680923461914,85.25482940673828,94.05455780029297,107.67207336425781,395.8900146484375,21.844791412353516
2025-12-17,665.8832397460938,598.224853515625,52.32801055908203,86.8888168334961,85.17723083496094,94.03507232666016,107.55518341064453,399.2900085449219,22.106000900268555
2025-12-18,670.9115600585938,606.8932495117188,52.92491149902344,86.43201446533203,85.58467864990234,94.27864074707031,107.96424865722656,398.57000732421875,21.951210021972656
2025-12-19,676.9923095703125,614.8042602539062,53.442222595214844,86.10155487060547,85.26525115966797,94.0665283203125,107.6865463256836,399.0199890136719,22.106000900268555
2025-12-22,681.2098999023438,617.7513427734375,53.73072052001953,86.54389953613281,85.08019256591797,93.96878814697266,107.66699981689453,408.2300109863281,22.389999389648438
2025-12-23,684.3233032226562,620.6444702148438,54.029170989990234,86.48505401611328,85.21653747558594,93.92970275878906,107.7745590209961,413.6400146484375,22.639999389648438
2025-12-24,686.7305297851562,622.4602661132812,54.13859939575195,87.05390930175781,85.73270416259766,94.17404174804688,108.19501495361328,411.92999267578125,22.6299991607666
2025-12-26,686.660888671875,622.4202880859375,54.51663589477539,87.1519775390625,85.45027160644531,94.26202392578125,108.18523406982422,416.739990234375,22.700000762939453
2025-12-29,684.2138671875,619.4074096679688,54.37736129760742,87.32852172851562,85.77166748046875,94.39885711669922,108.33189392089844,398.6000061035156,22.489999771118164
2025-12-30,683.3783569335938,617.9707641601562,54.596221923828125,87.50506591796875,85.56714630126953,94.30110931396484,108.20480346679688,398.8900146484375,22.639999389648438
2025-12-31,678.3152465820312,612.8628540039062,54.427101135253906,86.78909301757812,84.88541412353516,93.98834991455078,107.7452163696289,396.30999755859375,22.360000610351562
2026-01-02,679.55859375,611.6757202148438,55.94919204711914,86.81851196289062,84.7588119506836,93.91014099121094,107.71589660644531,398.2799987792969,22.389999389648438
2026-01-05,684.0845336914062,616.5341796875,56.565982818603516,87.0146713256836,85.17758178710938,94.193603515625,108.01901245117188,408.760009765625,22.809999465942383
2026-01-06,688.1529541015625,621.951416015625,56.98381042480469,87.65218353271484,85.00228881835938,94.12517547607422,108.01901245117188,413.17999267578125,22.799999237060547
2026-01-07,685.9347534179688,622.550048828125,56.556034088134766,86.79889678955078,85.49897003173828,94.30110931396484,108.09724426269531,409.2300109863281,22.59000015258789
2026-01-08,685.8651123046875,619.0083618164062,56.575931549072266,87.57372283935547,85.0704574584961,94.01766204833984,107.79411315917969,411.489990234375,22.8799991607666
2026-01-09,690.4010009765625,625.173828125,56.84453582763672,87.75025177001953,85.63532257080078,94.12517547607422,108.18523406982422,414.4700012207031,22.899999618530273
2026-01-12,691.4852294921875,625.6925659179688,57.64039611816406,87.8679428100586,85.3821029663086,94.00789642333984,108.0581283569336,422.2300109863281,23.190000534057617
2026-01-13,690.1026000976562,624.7647705078125,57.21261978149414,88.35832977294922,85.52818298339844,94.12517547607422,108.29279327392578,421.6300048828125,23.3700008392334
2026-01-14,686.7106323242188,618.0905151367188,57.45138168334961,89.12334442138672,86.02489471435547,94.32067108154297,108.56657409667969,425.94000244140625,23.389999389648438
2026-01-15,688.5806884765625,620.3153076171875,57.78962326049805,89.74124145507812,86.0053939819336,94.12517547607422,108.4296875,423.3299865722656,23.200000762939453
2026-01-16,688.0037231445312,619.7965087890625,57.57075881958008,90.83970642089844,85.50872039794922,93.7635498046875,108.11678314208984,421.2900085449219,23.15999984741211
2026-01-20,673.9981689453125,606.6276245117188,57.01365661621094,89.15277099609375,84.38872528076172,93.39212036132812,107.46165466308594,437.2300109863281,23.479999542236328
2026-01-21,681.77685546875,614.8282470703125,57.958744049072266,89.50585174560547,85.031494140625,93.636474609375,108.10700225830078,443.6000061035156,23.75
2026-01-22,685.3379516601562,619.2976684570312,58.39646911621094,88.6231460571289,85.4015884399414,93.62669372558594,108.3123550415039,451.7900085449219,23.739999771118164
2026-01-23,685.5865478515625,621.2530517578125,58.764556884765625,88.79969024658203,85.63532257080078,93.7830810546875,108.38079071044922,458.0,24.18000030517578
2026-01-26,689.0680541992188,623.9866333007812,58.864036560058594,88.68199920654297,86.04434967041016,93.919921875,108.46880340576172,464.70001220703125,24.290000915527344
2026-01-27,691.8134765625,629.6432495117188,60.02798843383789,88.65257263183594,85.50872039794922,93.81240844726562,108.35145568847656,476.1000061035156,24.6200008392334
2026-01-28,691.7438354492188,631.7283325195312,60.43586730957031,87.74044799804688,85.31392669677734,93.73420715332031,108.19501495361328,494.55999755859375,24.940000534057617
2026-01-29,690.3711547851562,627.947265625,60.127471923828125,88.96641540527344,85.33341217041016,93.83195495605469,108.22434997558594,495.8999938964844,25.299999237060547
2026-01-30,688.3120727539062,620.4050903320312,58.79439926147461,89.05469512939453,84.856201171875,93.77330780029297,108.11678314208984,444.95001220703125,24.43000030517578
2026-02-02,691.7339477539062,624.6650390625,58.97346878051758,88.13275909423828,84.6137466430664,93.58895111083984,108.01667022705078,427.1300048828125,23.540000915527344
2026-02-03,685.885009765625,615.0676879882812,59.291812896728516,87.93660736083984,84.81906127929688,93.67720794677734,108.06575775146484,454.2900085449219,24.149999618530273
2026-02-04,682.5626831054688,604.3230590820312,58.49595260620117,89.2018051147461,84.60397338867188,93.65760803222656,107.92835998535156,453.9700012207031,24.190000534057617
2026-02-05,674.0379638671875,595.6236572265625,58.22734832763672,89.07430267333984,85.52294158935547,94.20674133300781,108.4485092163086,441.8800048828125,23.760000228881836
2026-02-06,686.96923828125,608.2138671875,59.75938415527344,90.47682189941406,85.58160400390625,94.20674133300781,108.50739288330078,455.4599914550781,24.010000228881836
2026-02-09,690.2816772460938,612.8728637695312,60.19710922241211,90.85932159423828,85.56204223632812,94.22634887695312,108.50739288330078,467.0299987792969,24.25
2026-02-10,688.4613037109375,610.029541015625,60.286643981933594,92.07548522949219,86.54944610595703,94.63819885253906,108.7625732421875,462.3999938964844,24.139999389648438
2026-02-11,688.3021850585938,611.6657104492188,61.24168014526367,91.56548309326172,86.0899658203125,94.3734359741211,108.64480590820312,467.6300048828125,24.3700008392334
2026-02-12,677.668701171875,599.22509765625,60.5452995300293,91.45760345458984,87.23379516601562,94.95199584960938,109.1551513671875,451.3900146484375,23.799999237060547
2026-02-13,678.1461181640625,600.5020751953125,60.803955078125,92.77183532714844,87.71282958984375,95.32462310791016,109.51826477050781,462.6199951171875,23.8799991607666
2026-02-17,679.2402954101562,599.8834838867188,60.55524826049805,93.654541015625,87.8594741821289,95.3148193359375,109.62623596191406,448.20001220703125,23.59000015258789
2026-02-18,682.662109375,604.3629150390625,60.873592376708984,92.55607604980469,87.5270767211914,95.11870574951172,109.51826477050781,458.2799987792969,24.209999084472656
2026-02-19,680.8616333007812,602.0484008789062,60.724369049072266,92.35990905761719,87.61507415771484,95.20696258544922,109.60661315917969,459.55999755859375,24.43000030517578
2026-02-20,685.7855834960938,607.3758544921875,62.01764678955078,93.05626678466797,87.40977478027344,95.20696258544922,109.51826477050781,468.6199951171875,24.600000381469727
2026-02-23,678.7827758789062,599.9932250976562,61.331214904785156,93.06607818603516,87.73238372802734,95.55016326904297,109.63604736328125,481.2799987792969,24.75
2026-02-24,683.7164916992188,606.4380493164062,62.296199798583984,93.30146026611328,87.88880920410156,95.53054809570312,109.60661315917969,474.6099853515625,24.719999313354492
2026-02-25,689.4859008789062,615.227294921875,62.98263168334961,93.04646301269531,87.8985824584961,95.45210266113281,109.5771713256836,473.4200134277344,24.75
2026-02-26,685.6561889648438,607.8048095703125,62.38573455810547,93.6839599609375,88.25051879882812,95.70706176757812,109.64586639404297,477.4800109863281,24.760000228881836
2026-02-27,682.3637084960938,605.859375,62.25640869140625,93.8507080078125,88.78821563720703,96.0895004272461,109.60661315917969,483.75,25.100000381469727
2026-03-02,682.751708984375,606.6575317382812,61.18199157714844,94.08609008789062,87.89659881591797,95.51221466064453,109.2353286743164,490.0,25.809999465942383
2026-03-03,676.7337036132812,600.1629028320312,58.117916107177734,93.58589172363281,87.72003936767578,95.40403747558594,109.18608856201172,468.1400146484375,25.90999984741211
2026-03-04,681.5082397460938,609.311279296875,58.744659423828125,93.70358276367188,87.44540405273438,95.20734405517578,109.2845687866211,471.79998779296875,26.139999389648438
2026-03-05,677.70849609375,607.4755249023438,57.33200454711914,92.76203918457031,87.09227752685547,94.91230773925781,108.85125732421875,466.1300048828125,26.520000457763672
2026-03-06,668.82568359375,598.337158203125,57.02360534667969,91.7518310546875,86.7685775756836,94.85330963134766,108.48687744140625,473.510009765625,27.510000228881836
2026-03-09,674.6845703125,606.3283081054688,58.147762298583984,91.95780181884766,87.52386474609375,95.1483383178711,109.13684844970703,472.5299987792969,27.139999389648438
2026-03-10,673.6002807617188,606.3383178710938,58.37657165527344,91.82048797607422,86.59203338623047,94.84347534179688,108.38838195800781,477.8599853515625,27.600000381469727
2026-03-11,672.7548217773438,606.2584838867188,58.52579879760742,90.86913299560547,85.47383880615234,94.41075134277344,107.50206756591797,476.239990234375,28.1299991607666
2026-03-12,662.5390625,595.8530883789062,56.655517578125,90.24143981933594,85.30707550048828,94.10588836669922,106.92101287841797,466.8800048828125,28.860000610351562
2026-03-13,658.7890014648438,592.3213500976562,56.50629425048828,90.38855743408203,84.88529968261719,94.00753784179688,106.52709197998047,460.8399963378906,28.709999084472656
2026-03-16,665.493408203125,598.9656982421875,58.078125,91.14374542236328,85.54248809814453,94.43042755126953,107.03919982910156,460.42999267578125,28.309999465942383
2026-03-17,667.2440185546875,601.8887939453125,58.44620895385742,91.54586791992188,85.77790832519531,94.59761810302734,107.63993072509766,459.2699890136719,28.760000228881836
2026-03-18,657.9335327148438,593.4986572265625,57.262367248535156,90.19239044189453,85.2972640991211,94.1648941040039,107.05889129638672,444.739990234375,29.270000457763672
2026-03-19,656.3121948242188,591.623046875,57.322052001953125,89.82950592041016,85.817138671875,94.15505981445312,107.53160095214844,426.4100036621094,28.84000015258789
2026-03-20,646.9034423828125,580.6888427734375,55.352291107177734,87.04409790039062,84.18888092041016,93.30929565429688,106.21195220947266,413.3800048828125,28.940000534057617
2026-03-23,653.6959228515625,587.3545532226562,57.01365661621094,87.72083282470703,84.73817443847656,93.60432434082031,106.91117095947266,404.0400085449219,27.75
2026-03-24,651.5015869140625,583.3389282226562,56.22774124145508,87.14193725585938,84.36543273925781,93.28963470458984,106.69450378417969,404.1300048828125,28.239999771118164
2026-03-25,655.1322021484375,587.1747436523438,57.123085021972656,87.07254028320312,85.1795654296875,93.7813491821289,107.0785903930664,416.2900085449219,28.170000076293945
2026-03-26,643.432373046875,573.1600952148438,55.18317413330078,86.95359802246094,84.4635238647461,93.02409362792969,106.24149322509766,400.6400146484375,28.440000534057617
2026-03-27,632.4606323242188,561.9624633789062,54.91456985473633,86.23988342285156,84.00250244140625,93.03392791748047,105.98545837402344,414.70001220703125,29.100000381469727
2026-03-30,630.3460693359375,557.6671752929688,54.466896057128906,86.56700134277344,85.12071228027344,93.69283294677734,106.66496276855469,414.5799865722656,29.260000228881836
2026-03-31,648.6688842773438,576.54638671875,56.49634552001953,87.9250259399414,85.03243255615234,93.86002349853516,107.33464813232422,430.2900085449219,28.950000762939453
2026-04-01,653.5562744140625,583.6685791015625,56.9340705871582,88.24223327636719,84.94873046875,93.77813720703125,107.44935607910156,437.82000732421875,28.68000030517578
2026-04-02,654.144775390625,584.3378295898438,56.29737854003906,89.44166564941406,85.47066497802734,93.99520874023438,107.90422821044922,429.4100036621094,29.329999923706055
2026-04-06,657.23681640625,587.85400390625,56.814693450927734,89.57052612304688,85.33279418945312,93.74852752685547,107.7361068725586,427.6499938964844,29.479999542236328
2026-04-07,657.5260009765625,587.9439086914062,57.01365661621094,89.69938659667969,85.32295227050781,93.98534393310547,107.85477447509766,431.80999755859375,29.3700008392334
2026-04-08,674.27294921875,605.4246826171875,60.127471923828125,91.31515502929688,85.59868621826172,94.19255065917969,108.27009582519531,434.5299987792969,28.559999465942383
2026-04-09,678.162841796875,609.5202026367188,59.968299865722656,91.9693832397461,85.38202667236328,94.16294860839844,108.27009582519531,437.9100036621094,28.709999084472656
2026-04-10,677.7140502929688,610.3992309570312,60.24685287475586,92.16764068603516,85.17522430419922,94.00507354736328,107.98332214355469,437.1300048828125,28.5
2026-04-13,684.3369750976562,616.7122802734375,60.754215240478516,92.51457977294922,85.4312744140625,94.21229553222656,108.39865112304688,435.3599853515625,28.959999084472656
2026-04-14,692.675537109375,627.909912109375,61.91816711425781,93.39680480957031,85.88428497314453,94.51818084716797,108.754638671875,445.0899963378906,28.84000015258789
2026-04-15,698.1414184570312,636.7003173828125,61.87837219238281,93.46619415283203,85.51006317138672,94.31095886230469,108.715087890625,440.4599914550781,28.889999389648438
2026-04-16,699.8569946289062,639.7669067382812,62.127079010009766,94.3285903930664,84.96841430664062,94.14321899414062,108.21076965332031,440.0799865722656,29.110000610351562
2026-04-17,708.3152465820312,648.1376953125,63.3109245300293,95.83531188964844,85.74640655517578,94.65631103515625,108.81397247314453,445.92999267578125,28.290000915527344
2026-04-20,706.8988037109375,646.0799560546875,62.85330581665039,96.1822509765625,85.72671508789062,94.5675048828125,108.80408477783203,442.0899963378906,28.670000076293945
2026-04-21,702.2708129882812,643.6226806640625,61.9281120300293,94.47727966308594,85.2540054321289,94.153076171875,108.38876342773438,429.57000732421875,29.209999084472656
2026-04-22,709.3825073242188,654.390869140625,63.052268981933594,93.69417572021484,85.42142486572266,94.25175476074219,108.59642028808594,435.260009765625,29.510000228881836
2026-04-23,706.6295776367188,650.7048950195312,62.02759552001953,94.65570831298828,85.23432159423828,94.10375213623047,108.29975891113281,431.0400085449219,29.889999389648438
2026-04-24,712.10546875,663.1512451171875,63.41040802001953,94.46736907958984,85.39187622070312,94.29122924804688,108.37887573242188,433.25,29.860000610351562
2026-04-27,713.332275390625,663.5008544921875,63.3109245300293,93.95191192626953,84.96841430664062,94.07415008544922,108.07233428955078,429.8900146484375,30.09000015258789
2026-04-28,709.8612060546875,656.8281860351562,62.66428756713867,94.8143081665039,85.05705261230469,93.98534393310547,108.12176513671875,421.9100036621094,30.34000015258789
2026-04-29,709.7515258789062,660.84375,62.36583709716797,94.07086181640625,84.3972396850586,93.54132080078125,107.51856994628906,417.4100036621094,31.079999923706055
2026-04-30,716.8132934570312,667.0069580078125,63.65911865234375,95.48837280273438,84.3184585571289,93.71893310546875,107.6372299194336,423.6600036621094,31.100000381469727
2026-05-01,718.7982177734375,673.4099731445312,63.79838943481445,95.2207260131836,84.61992645263672,93.79020690917969,107.81095886230469,423.17999267578125,30.809999465942383
2026-05-04,716.1649780273438,672.141357421875,63.7685432434082,94.62596893310547,83.9774398803711,93.44371032714844,107.4635009765625,414.7099914550781,31.329999923706055
2026-05-05,721.9102172851562,680.8617553710938,65.06182861328125,94.92334747314453,84.44200897216797,93.58231353759766,107.860595703125,418.2699890136719,31.200000762939453
2026-05-06,731.9443359375,695.0062255859375,67.1410140991211,96.2417221069336,85.0844955444336,94.04759979248047,108.39667510986328,430.9599914550781,30.209999084472656
2026-05-07,729.7001342773438,694.1771240234375,66.24566650390625,95.54784393310547,84.65946960449219,93.76050567626953,107.94993591308594,431.67999267578125,30.25
2026-05-08,735.724609375,710.44921875,67.58869171142578,95.77583312988281,85.0844955444336,94.00799560546875,108.4065933227539,433.7699890136719,30.299999237060547
2026-05-11,737.4002685546875,712.5069580078125,67.53894805908203,95.84522247314453,84.57050323486328,93.69120788574219,108.13855743408203,434.6499938964844,31.059999465942383
2026-05-12,736.2831420898438,706.463623046875,65.47965240478516,95.84522247314453,84.00708770751953,93.37442016601562,107.77124786376953,432.92999267578125,31.690000534057617
2026-05-13,740.4025268554688,713.9254760742188,66.86246490478516,95.05220794677734,83.81929016113281,93.37442016601562,107.830810546875,430.5,31.3700008392334
2026-05-14,746.2474975585938,718.9998168945312,67.03158569335938,94.48719024658203,83.93790435791016,93.31501770019531,107.7613296508789,427.2099914550781,31.149999618530273
2026-05-15,737.2706298828125,708.1517944335938,64.73352813720703,93.08951568603516,82.6924819946289,92.57254791259766,107.07633209228516,417.2900085449219,31.190000534057617
2026-05-18,736.751953125,705.1051025390625,64.63404846191406,94.17990112304688,82.5936279296875,92.5329360961914,106.87779235839844,418.42999267578125,31.3799991607666
2026-05-19,731.8446044921875,700.7599487304688,63.9277229309082,94.44754028320312,82.05987548828125,92.17654418945312,106.34171295166016,411.5,31.610000610351562
2026-05-20,739.3452758789062,712.3671875,65.12151336669922,95.64696502685547,82.93958282470703,92.80023193359375,107.16567993164062,417.3999938964844,30.8799991607666
2026-05-21,740.8114624023438,713.7256469726562,65.68856811523438,95.82539367675781,83.24600219726562,92.85963439941406,107.38407897949219,416.989990234375,30.700000762939453
2026-05-22,743.7239990234375,716.7523193359375,65.53933715820312,95.92452239990234,83.70068359375,92.93882751464844,107.58263397216797,413.82000732421875,30.540000915527344
2026-05-26,748.6613159179688,729.4783935546875,68.04631042480469,96.37059020996094,84.1158218383789,93.3348159790039,107.9896469116211,414.0,30.030000686645508
2026-05-27,748.5316162109375,728.6492919921875,68.03636169433594,96.07321166992188,84.31351470947266,93.37442016601562,108.13855743408203,408.489990234375,29.489999771118164
2026-05-28,752.6609497070312,734.79248046875,68.2552261352539,95.70645141601562,84.7484130859375,93.59220886230469,108.46617126464844,412.7699890136719,29.719999313354492
2026-05-29,754.5361328125,737.49951171875,68.24527740478516,94.8638687133789,84.7681884765625,93.70111083984375,108.56543731689453,417.1199951171875,29.479999542236328
2026-06-01,756.5908203125,741.9246826171875,69.7176284790039,93.26793670654297,84.8138427734375,93.53919982910156,108.54849243164062,411.260009765625,29.989999771118164
2026-06-02,757.6182250976562,745.3408813476562,70.43390655517578,93.69417572021484,84.9924545288086,93.60873413085938,108.53852844238281,411.95001220703125,30.1200008392334
2026-06-03,752.3018798828125,743.39306640625,69.5584487915039,93.58514404296875,84.65506744384766,93.3703384399414,108.23957824707031,407.8699951171875,30.290000915527344
2026-06-04,755.1445922851562,739.7969970703125,68.74269104003906,95.2603759765625,84.8436050415039,93.48954010009766,108.4687728881836,411.2699890136719,29.8799991607666
2026-06-05,735.65478515625,704.2860107421875,64.25601196289062,95.94435119628906,84.406982421875,92.99288940429688,107.79115295410156,396.239990234375,29.229999542236328
2026-06-08,737.3204345703125,715.283935546875,65.4100112915039,94.63587951660156,83.97036743164062,92.8935546875,107.6815414428711,397.2699890136719,29.469999313354492
2026-06-09,735.1560668945312,707.052978515625,65.47965240478516,96.81665802001953,84.4665298461914,93.15180969238281,108.03031921386719,390.7799987792969,29.06999969482422
2026-06-10,723.56591796875,692.9285278320312,64.32565307617188,96.82657623291016,84.22836303710938,93.06241607666016,107.78119659423828,374.5799865722656,29.170000076293945
2026-06-11,735.8642578125,716.332763671875,67.15096282958984,96.75718688964844,85.31993103027344,93.70806121826172,108.69796752929688,386.32000732421875,28.850000381469727
2026-06-12,739.843994140625,720.5481567382812,67.52899932861328,97.64932250976562,85.11153411865234,93.54914093017578,108.62821197509766,386.5400085449219,28.549999237060547
2026-06-15,752.890380859375,743.1832885742188,69.75,96.96534729003906,85.06192016601562,93.64846801757812,108.60828399658203,396.54998779296875,28.219999313354492
2026-06-16,748.4019775390625,729.0587768554688,68.63999938964844,97.2032470703125,85.52831268310547,93.88685607910156,108.73783111572266,397.6300048828125,27.899999618530273
2026-06-17,739.0560302734375,721.7168579101562,68.55999755859375,94.774658203125,85.66724395751953,93.39019775390625,108.38905334472656,388.6000061035156,27.709999084472656
2026-06-18,746.739990234375,739.8070068359375,70.79000091552734,94.72509002685547,86.08401489257812,93.7279281616211,108.68800354003906,387.1199951171875,27.6299991607666
2026-06-22,744.3900146484375,737.9500122070312,71.20999908447266,95.74609375,85.4290771484375,93.3703384399414,108.39901733398438,384.5899963378906,27.40999984741211
2026-06-23,733.5800170898438,713.6500244140625,67.16999816894531,97.00499725341797,85.5382308959961,93.48954010009766,108.528564453125,377.32000732421875,27.1200008392334
2026-06-24,733.239990234375,710.6199951171875,67.25,97.01000213623047,86.70916748046875,94.09545135498047,109.02681732177734,365.9200134277344,26.450000762939453
2026-06-25,734.2999877929688,716.3800048828125,67.95999908447266,97.19000244140625,86.67940521240234,94.1550521850586,109.11650085449219,369.4599914550781,26.93000030517578
2026-06-26,728.989990234375,706.52001953125,67.19000244140625,98.66999816894531,86.6893310546875,94.3934326171875,109.11650085449219,373.6300048828125,26.56999969482422
2026-06-29,741.0,724.0800170898438,67.43000030517578,98.1500015258789,86.77864074707031,94.4232406616211,109.3157958984375,368.5799865722656,26.559999465942383
2026-06-30,746.77001953125,736.4000244140625,68.41000366210938,96.43000030517578,85.75653839111328,93.9365234375,108.68800354003906,368.3800048828125,26.65999984741211
2026-07-01,745.760009765625,725.1699829101562,66.4800033569336,96.81999969482422,85.1768798828125,93.70830535888672,108.45999908447266,370.6000061035156,26.450000762939453
2026-07-02,744.780029296875,712.5999755859375,65.69999694824219,98.0199966430664,85.16692352294922,93.79800415039062,108.63999938964844,378.1300048828125,26.56999969482422
2026-07-06,751.280029296875,722.8200073242188,67.56999969482422,97.23999786376953,85.1071548461914,93.85779571533203,108.66999816894531,382.1300048828125,27.0
2026-07-07,747.7100219726562,709.4299926757812,65.72000122070312,98.4000015258789,84.21077728271484,93.37943267822266,107.87999725341797,377.489990234375,27.350000381469727
2026-07-08,745.4000244140625,711.4400024414062,66.2300033569336,96.80000305175781,84.02153778076172,93.1900863647461,107.66999816894531,374.45001220703125,27.799999237060547
2026-07-09,751.7100219726562,723.280029296875,66.77999877929688,97.08999633789062,84.15100860595703,93.38939666748047,107.70999908447266,378.17999267578125,27.579999923706055
2026-07-10,754.9500122070312,725.510009765625,66.9000015258789,97.31999969482422,84.13109588623047,93.3096694946289,107.45999908447266,377.010009765625,27.520000457763672
2026-07-13,749.1699829101562,711.739990234375,64.5,97.83000183105469,83.63310241699219,92.97084045410156,106.95999908447266,367.1300048828125,28.329999923706055
2026-07-14,751.8300170898438,719.6900024414062,65.66999816894531,97.56999969482422,83.74266052246094,93.22994995117188,107.20999908447266,372.1499938964844,28.6299991607666
2026-07-15,754.8099975585938,717.739990234375,65.56999969482422,97.86000061035156,83.90201568603516,93.45915985107422,107.58000183105469,372.3500061035156,28.790000915527344
2026-07-16,750.719970703125,705.9400024414062,64.19000244140625,100.06999969482422,83.87213134765625,93.39936828613281,107.5,364.9599914550781,28.459999084472656
2026-07-17,743.2899780273438,695.3300170898438,63.290000915527344,100.0199966430664,84.1808853149414,93.51895141601562,107.55999755859375,368.4100036621094,28.979999542236328
2026-07-20,742.0900268554688,696.0599975585938,63.560001373291016,99.4800033569336,83.55342102050781,93.21998596191406,107.1500015258789,367.6000061035156,29.139999389648438
2026-07-21,748.280029296875,708.969970703125,65.33999633789062,99.5199966430664,83.32434844970703,92.99076843261719,107.1500015258789,374.80999755859375,29.56999969482422
2026-07-22,747.4099731445312,705.3499755859375,64.98999786376953,99.0199966430664,83.105224609375,92.78148651123047,107.1500015258789,379.1199951171875,29.860000610351562
2026-07-23,738.1799926757812,691.9600219726562,64.5999984741211,98.69000244140625,82.8363037109375,92.53234100341797,106.26000213623047,371.5199890136719,30.309999465942383
2026-07-24,738.9299926757812,684.22998046875,63.33000183105469,100.80999755859375,82.91598510742188,92.71172332763672,106.2300033569336,371.8999938964844,30.100000381469727
2026-07-27,739.0900268554688,682.1199951171875,63.619998931884766,100.54000091552734,83.41397857666016,92.96086883544922,106.51000213623047,374.6300048828125,29.010000228881836
2026-07-28,740.8599853515625,675.489990234375,62.36000061035156,100.94999694824219,83.90201568603516,93.23991394042969,106.83000183105469,369.3699951171875,28.600000381469727
2026-07-29,729.4600219726562,661.72998046875,61.06999969482422,100.66000366210938,82.51759338378906,92.85124969482422,106.22000122070312,371.0799865722656,29.420000076293945
2026-07-30,741.6900024414062,683.5499877929688,63.59000015258789,99.48999786376953,82.4677963256836,92.89111328125,106.41000366210938,377.1600036621094,29.31999969482422
2026-07-31,747.030029296875,687.989990234375,64.08999633789062,98.94999694824219,81.91999816894531,92.63199615478516,106.41000366210938,371.5400085449219,29.450000762939453
