Date,Equiponderado,Referencia_60_40,Markowitz,Michaud_Remuestreado,Min_CVaR,Min_CDaR,HERC,Ensamble_Equal
2008-01-04,-0.015724859380674194,-0.013948274618919152,-0.0060205614656088785,-0.014330518985694431,-0.0010950114184984238,-0.00485590081559337,-0.008036556597548442,-0.00980255950296502
2008-01-07,-0.0007509700258666889,0.00023490687827218762,-0.016390504142423355,-0.005642220587972922,-0.0014637665080660623,-0.0029385368077416204,0.00031709456687162296,-0.0035067670023605497
2008-01-08,-0.005654195761901503,-0.008694772383094594,0.010970397028615672,0.0064362535120068756,-0.0011537874234205216,2.9559473640310314e-05,-0.00402746500354078,-0.000852947748020718
2008-01-09,0.0072552115616060404,0.005531025610693215,-0.008991859519525386,0.0063225601570548505,-0.0003922404294054273,-0.0010218787011188417,0.0037689985599265287,0.002307117646377535
2008-01-10,0.0034077450425454734,0.002763064985277913,-0.001516779742741559,0.006780335972235608,-0.0025542958302015584,-0.0013327916018426522,-3.247048038638664e-05,0.0013052676804811158
2008-01-11,-0.0023182651657155445,-0.0022010751179561356,0.008419600952115702,-0.004931859717934065,0.004499598808378914,0.004115397848565461,0.0016023753599803355,0.0009349893263405104
2008-01-14,0.006522550088475456,0.004941902913317663,0.01227528103235478,0.012598085616345577,0.001512701278255205,0.004443347641195755,0.0032814586659859085,0.006506311495015651
2008-01-15,-0.013577328444324412,-0.010649562510854806,-0.015144124485177872,-0.02324154642033427,0.0011851964423331553,-0.0033178199920644307,-0.004636719447856927,-0.009914268425538757
2008-01-16,-0.009210886189297727,-0.0058836280934070504,-0.012284121238727594,-0.02002176927246225,-0.0032377100788207568,-0.0048166290220516975,-0.0057041359022851,-0.008683950455276378
2008-01-17,-0.007691386499316119,-0.012023645091348066,-0.007094559004945031,-0.015208665336138655,0.003152168803348251,-0.003054122008218576,-0.0010522279728801267,-0.006118158649614961
2008-01-18,2.1899963100768327e-05,-0.006591045619076676,0.007588142314430281,0.01065297863472714,-0.001092561900629967,-0.002045055162423305,-0.0016678522230800029,0.0008754594399103525
2008-01-22,-0.0005048923768314156,-0.001219227709811927,0.003186846253440406,-0.007127168594867441,0.003676105425372165,0.00400558744028352,0.003602184047298773,0.000790028601333442
2008-01-23,0.01042008359800968,0.011864360203717346,-0.010123097257176701,-0.008081897207949166,-0.0037809046840280667,-0.0021962651319580462,0.005971105321358265,0.0005963404630165035
2008-01-24,0.003220146926259101,0.0011247816149579622,0.024839321306570124,0.02268662107037584,-0.0035314187040066986,0.001236029966679009,-0.0034767352394086256,0.006343129957158887
2008-01-25,0.0005390203363961601,-0.0050455680265978214,0.007282299871033121,0.005444788699048,0.007841793016694628,0.008379628074669453,0.006799644650513258,0.0045099884313901
2008-01-28,0.01054598262139172,0.008342771991624915,0.013175207238098797,0.013918600085460106,-0.000625906506599643,0.0016736662811870236,0.004308842758932713,0.007276482873446796
2008-01-29,-0.0019982936354347035,0.00136204373337706,-0.002804975750430098,-0.00284686567933111,-0.0015582087264283196,0.0005199183381493415,-0.002477758940837305,-0.0013163423827507082
2008-01-30,-0.006023977477433401,-0.0046020231506845866,0.0052735250663426304,0.00334717021997428,-0.0011904810082841982,-0.003616354496109478,-0.0031101855176513204,-0.001609044497844272
2008-01-31,0.009770647396273431,0.012991833522046222,-0.004138003348402116,-0.001763555871606666,0.00572176767334222,0.007259156620670849,0.006144839196486602,0.005282495785135334
2008-02-01,0.006780372310729097,0.01098611196651524,-0.021197365547949664,-0.017159462083361787,0.0025118209914174574,0.00026481009711493836,0.002502081846776422,-0.0019860905384750604
2008-02-04,-0.004229843808432906,-0.009829788220452992,0.002356565950557879,0.0025634923842613095,-0.0034950133016782734,-0.0011594829747064214,-0.003866864158378022,-0.002442793199372517
2008-02-05,-0.01678549148162734,-0.013308634428912721,-0.012683981747529742,-0.019812549617212624,-0.0012985089589017751,-0.002374975935980162,-0.0052323033543237776,-0.01018103134170873
2008-02-06,-0.006650369928077703,-0.005490214887789814,0.006123762450520145,-0.00030006691333575564,-0.004987446218016545,-0.0034906989452557855,-0.0037529881369753057,-0.002533390392889549
2008-02-07,0.0032954852077451014,-0.000698657658547425,0.011004023835071233,0.008277271031819997,-0.006423375143988363,-0.0027138473339583477,-0.003417954378037836,0.0013397295357897734
2008-02-08,0.004308752781343721,-0.0003972847835891323,0.02019697178853118,0.012993109390484897,0.007185226095972932,0.011253938085356376,0.007664299442536739,0.009087006196652252
2008-02-11,0.0031443453613653975,0.003932170918387269,0.00491827730314462,0.006280562146496109,0.003671396679201415,0.003775550170654035,0.002818296272494646,0.004061486814434595
2008-02-12,-0.0008722467423465732,0.004621919075252048,-0.021164352438488913,-0.009712480038382645,-0.0025391295337392804,-0.004802551230000479,-0.0043297204654444725,-0.005760020358525013
2008-02-13,0.005126379153557027,0.0043579647112523085,0.004279908301906403,0.006805329631844536,-0.002471323517241566,0.0011712771888899563,-0.0007812153075738606,0.002605150781777919
2008-02-14,-0.006520034655283277,-0.0075969788307502974,0.01948275117577965,0.004943882432629378,-0.0015301549741904169,5.7802545701625394e-05,-0.0042837850525661286,0.0004636839902972742
2008-02-15,0.0014887588786063532,0.0007252640456326764,-0.004770298825131338,-0.0012453686626873997,0.0007303004330045253,5.415885036355486e-05,0.0013859410731784441,-0.00025792550685568285
2008-02-19,0.00499038713605279,-0.00120352029686454,0.03243891430829696,0.02211378174087443,0.0005932684534201461,0.004253645275099859,0.0015303851647903931,0.009206885032795199
2008-02-20,0.006004500315954675,0.0014125447248036162,0.005584586542342419,0.008378743804081877,0.0014074487593177842,0.0012666590170175944,0.004590118556044654,0.004252532437944937
2008-02-21,-0.00408293087029705,-0.00090086915937108,-0.005246808508417604,-0.004780029846033824,0.003826861411100873,0.0032379907204300178,0.001937288559455342,-0.000827939940199204
2008-02-22,0.005988906497218087,0.002551051371018588,0.013383093839507896,0.009167720244204957,0.0014164913759488256,0.0028367226449533276,0.00193702857734634,0.005230508791943916
2008-02-25,0.005125988619998023,0.004904046377035699,0.009094873754439193,0.006386022489449149,-0.0008540068732361406,0.0006562301510744575,-0.0008948054379201594,0.003334533581698138
2008-02-26,0.007333068337304472,0.005471933087820695,0.021299860975154218,0.014981178162401066,0.0071165773201016785,0.007866440164994956,0.00641910579251596,0.010076280298383086
2008-02-27,0.0022340046592723736,0.0003373143712319355,-0.0013737797875259508,0.003677653618351715,0.0007909794767413974,0.0008878073911805446,0.0018457708084885457,0.0012146593550589248
2008-02-28,0.0015996047393218586,-0.0011818268010410924,0.009628615845336473,0.004932362817831843,0.007398159844221855,0.007634226406814871,0.007156273452174823,0.005340263499820936
2008-02-29,-0.009332206931280672,-0.008936150374293643,-0.016348666482295923,-0.015492318257910316,0.0001603891566269891,-0.0013351230428873162,0.00018865307926203877,-0.007315150436781163
2008-03-03,0.0026895466587901224,-0.0024540928567226487,0.014681455636202033,0.010114298988805951,0.0008199314557653338,0.0016473938988259733,0.001825393855332581,0.004213153272115651
2008-03-04,-0.0083784817615336,-0.003797937825306614,-0.003549049663109761,-0.011710989093011246,-0.0038326618721108412,-0.0037216177816562406,-0.007020908276858137,-0.006031041072852557
2008-03-05,0.00782432051282158,0.0019185405640138598,0.02191780907923711,0.020114069875207814,0.0013226830827530777,0.0037933733159752304,0.0031196870483620777,0.008635689073968784
2008-03-06,-0.012902945049139502,-0.009270828921381894,0.0030350156000970435,-0.011867229247800204,0.0009635113880470455,0.0028363414359525805,-0.004079541033957124,-0.0042991420544871905
2008-03-07,-0.0024654858170709212,-0.0047107321837834846,-0.008840736808676511,-0.009177292988472122,-0.002079693702916884,-0.0021536869067940514,-0.0008298157318164798,-0.004313343842597218
2008-03-10,-0.0026607779912918043,-0.004829342063295749,0.014220161254498374,0.001009058204112412,0.004043092212491772,0.0065118708338924546,0.002541992513396311,0.0031624502623453614
2008-03-11,0.020558626444652377,0.016507281888843178,0.012500109081157012,0.02532887635982726,0.0013771175980854485,0.003256659412075031,0.004930560536409054,0.011941343644685291
2008-03-12,0.0014115828749352542,-0.0009142138345105489,0.010851381715853203,0.0021109085021268864,0.007989694249859666,0.0078103750244405655,0.00782345438467022,0.005376168102185847
2008-03-13,0.0003369521195372083,-0.0008475038346976158,0.0037145034688245214,0.002375057137782231,-0.003856287937178004,-0.002466938644265916,-0.001702793420136028,-0.00039563096047452116
2008-03-14,-0.007015486807985374,-0.004966530213879871,-0.00020420725171429413,-0.009337429771955294,0.0018046187814773466,0.0031347047693714917,0.0005793421541204456,-0.002217487211175057
2008-03-17,-0.006931938619009432,-0.00415469783589133,-0.04019930877873368,-0.03038294094830361,-0.0055633343745917375,-0.00849558778334029,-0.0016409730003019082,-0.013650902327869174
2008-03-18,0.018071746884478167,0.02201557274704559,0.022227978905743972,0.01601878601650351,0.005983466846123153,0.008303635448490223,0.009521828036992433,0.014294094097374737
2008-03-19,-0.018493869827886,-0.011668434893483636,-0.04322757608252369,-0.04072256233109939,-0.0056767419888849755,-0.009531004749216605,-0.007594285610149435,-0.019471143035225905
2008-03-20,0.0034265003041795746,0.01197495209863619,-0.04025193335608212,-0.0322082313072838,-0.0019560253679268905,-0.00454655062353448,0.003958701988421037,-0.007992472334635283
2008-03-24,0.010763560174805254,0.005080633576149843,0.018259590245372145,0.015598553412861468,-0.00438623022897831,-0.00297380204769368,0.0014432808160487636,0.00597305581023629
2008-03-25,0.008118319936060419,0.001954937311339085,0.010086946337599673,0.012714116257678699,0.004498332013637921,0.004511213797505426,0.006154419249208308,0.0068960435525288275
2008-03-26,-0.000987465207702582,-0.007189387885892578,0.029958457036673086,0.02241063639761487,0.003908203409791867,0.004913642639420072,-0.0008621236269664308,0.006885384118326487
2008-03-27,-0.0050828954624458685,-0.0024607127653660005,0.010998937733852316,0.002743071679950017,-0.0014357181689487358,0.00046979139662946706,-0.004712962886012253,0.00012558613264943024
2008-03-28,-0.005560927999470824,-0.0041533582495073326,-0.02370783893293458,-0.017850649327578638,-0.0015383996098921348,-0.004160199491184523,-0.0011865844350751585,-0.008374296439905523
2008-03-31,-0.0014742702691266296,0.0027906262453246482,-0.02401111785850404,-0.016778239572569725,-0.001427460868874993,-0.003083868532291318,0.0003830374348187432,-0.0062156389578080775
2008-04-01,0.011362792662602034,0.01745441451776423,-0.0055912621681417215,-0.01374292318689989,-0.0007109339380761053,0.0001783705831465707,0.004735826890553678,0.0021826509116438892
2008-04-02,0.005438937454393055,-0.0009008350525998323,0.029800491234092306,0.024285556916508945,0.0024369619322700963,0.0038897253643678047,0.002402388924660533,0.009391106634885587
2008-04-03,0.00561453755817286,0.0015124776753148049,0.005459927219738869,0.004329103817233278,0.0011910838322586458,0.0015697526263894945,0.003556257687519532,0.0033340621018206782
2008-04-04,0.0031465939268987882,0.002324773637297545,0.007059492449764662,0.006913998183992704,0.007280603412270513,0.005974138196613539,0.005385473961663384,0.005395572715059663
2008-04-07,0.001368541125526118,-0.0023678020045657,0.010748532450540612,0.009587076628154933,-0.0021150984592106644,-0.0016028024073325776,-0.0011568306759013618,0.002060409851985247
2008-04-08,-0.003055673698977812,-0.0005708288207571776,0.004000901980193646,0.00014441184739224329,-0.00034235944903776973,0.0004220331151156632,-0.002409767516390114,-0.00027896943370307194
2008-04-09,-0.0007890496659883931,-0.0019703336421564854,0.01673751998019623,0.011002355470809503,0.004154011446590937,0.005364714926198619,0.0005526988053476333,0.005085192222525432
2008-04-10,0.002474470115961242,-0.0007541659915311417,-0.0044422347210120155,-0.0014886384159717707,-0.0019802626311864286,-0.0026144155363842974,0.0006433581465887766,-0.0012020346413966652
2008-04-11,-0.008047462791817221,-0.009912542803619155,-0.00393702705497134,-0.006154102790624449,-0.0011249072312231219,-0.001956823956680158,-0.003717323003992867,-0.004976551291529666
2008-04-14,-0.0028258216303287793,-0.0030299758750301836,0.006851270150088678,0.0033282193792644353,-0.0018627796499160287,-0.0008718987542937831,-0.0034545978238684502,-0.0002406628885671968
2008-04-15,0.0027358667828529127,-0.000452816837163598,0.012038446549443629,0.010525586126270277,-0.0008177452484076221,0.0002311540868685678,-0.0004579732408351622,0.0034498058365993543
2008-04-16,0.014419206781128313,0.013531904607711892,0.009545304321500756,0.013319441092149602,0.00044624849342724026,0.0027645528477634467,0.006257979427914331,0.008630715441250698
2008-04-17,-0.0020068033769566796,-2.9520368988576566e-05,-0.004610607202399364,-0.0045898303860760475,-0.0017531840731546235,-0.002076282198598003,-0.0013029069611380966,-0.0023489771900319072
2008-04-18,0.003810993918920275,0.005960218388422837,0.000514583967766705,3.5267944264280766e-06,0.001876668904962058,0.0020997936984738694,0.0029106092449779674,0.002435649443681442
2008-04-21,0.00039865956264058873,0.0003528187161926903,0.001285857209258443,0.0008874760142553056,-1.1617682989860449e-05,0.000500479801965673,5.755947038648014e-05,0.0004924745624498658
2008-04-22,-0.002645212439410801,-0.002389692394750251,0.006165083091347773,0.0024955481385963087,0.00024401535729273835,0.0005301120843346415,-0.0016529779366859642,0.0003886475554283218
2008-04-23,0.0016818951614045662,-0.0013650009151041918,-0.00944604181607289,-0.004332700531078559,-0.0009196920810019141,-0.0023402382991999865,0.0011401473244700773,-0.0022635194067936364
2008-04-24,-0.003814156090420004,-0.00039237617234303464,-0.016752500294721973,-0.013845121651271306,-0.006369459710922579,-0.007124775811766232,-0.003950763768224502,-0.007483606053538997
2008-04-25,0.003518572612676137,0.004987799725130943,0.018324857668449324,0.010849472959943192,0.0022477508469928658,0.004316620088666964,0.0017584730804981305,0.006600277052804914
2008-04-28,0.0017340072445157615,0.0008472961987085199,0.0023165191433125454,0.0013727004772759292,0.0021349183166266827,0.0017258004999119783,0.002598452080328352,0.0018160728161347628
2008-04-29,-0.006910824852176372,-0.0016543855777010818,-0.024139530542491735,-0.018146589998824236,-0.0016853098851224923,-0.00433294190081518,-0.004171470086632553,-0.008782882527269109
2008-04-30,0.0017848405973201332,-0.002284475376829827,-0.0018421059614375187,0.0033195637889589153,0.001238151827279958,0.0006576508573436731,0.0025273021858530256,0.0007456091592274889
2008-05-01,0.004043602640854486,0.012336982044113369,-0.023200771020886024,-0.009518193548882054,0.0012952123870523997,-0.0005632747914373452,-0.00015683587210877162,-0.0022260608825149615
2008-05-02,0.001965678353532416,-0.0015435190403920648,0.02537131005539272,0.014293858902237984,-0.0017738241815274274,0.0005221534900531379,-0.0011902360793854512,0.005280785947481114
2008-05-05,0.0034849184836487795,-0.0023320247785350487,0.020794806531286396,0.011767322946229938,0.0033658431411699016,0.004217164482681207,0.004418529618312607,0.0065085820431567635
2008-05-06,0.003693842754940188,0.003904018245302387,0.013125698498506295,0.011037629628496576,0.00023582504252608115,0.0019407872105058816,0.00022714815071049558,0.004870183038499161
2008-05-07,-0.010014172728401946,-0.009157371188336143,0.0017815079428866666,-0.007079682194114211,0.0002517836337170788,-0.00020073226086006008,-0.003083389731904942,-0.003958396856454278
2008-05-08,0.006915195633253758,0.0010544856440103572,0.016260188162605434,0.013054429517889,0.007061700867615142,0.00743407580657582,0.0075047284257302015,0.008478724890232006
2008-05-09,0.0004155534445849766,-0.0006578760850320614,0.015500106331490342,0.007918991500611013,0.0024583460440376326,0.003567200204722443,0.001821411392983087,0.004460639140656446
2008-05-12,0.004229704900865381,0.005995876048854034,-0.016986697056201806,-0.006266975785423436,-0.001422051543147726,-0.002544596695212074,0.00015746037148840937,-0.002490078946628852
2008-05-13,-0.002917885682150279,-0.0032639243141422366,0.005509545747135689,0.004348686870463923,-0.004595707670168083,-0.00376732517324867,-0.005596265215808808,-0.001468064277692264
2008-05-14,-0.001094697146109358,0.0011024463590043126,-0.016189102654839742,-0.009809857811706114,-0.002498594292735395,-0.0035162923321560274,-0.0015272009001456822,-0.004829092870590578
2008-05-15,0.012981162341767187,0.009682077740927908,0.011348351475369282,0.013179384243311566,0.008335328422255315,0.008077879863192737,0.010344629000171917,0.010565766100947973
2008-05-16,0.004558456480869344,-0.0001257649144604261,0.014518185935756813,0.013530645242939784,0.0007825814701147965,0.002013421422295616,0.002996905760594252,0.005455093550768972
2008-05-19,0.0006507964233028128,0.002545625913689898,0.0014803692475819918,0.0012743518434602558,0.0003810844672721053,0.001357291073342256,0.0010726993371893753,0.001257548525807893
2008-05-20,-0.0007542565939701175,-0.0036734376774801803,0.013796506497458548,0.008923734279599476,0.0019116892125760293,0.0035381572250356374,0.0027919005772219247,0.00376577557913958
2008-05-21,-0.0040666020096758295,-0.011089259901139587,0.02916140724915814,0.020222307686137864,-0.0020550699478223237,0.0018794384163898894,-0.0008399830676197886,0.004831782863160024
2008-05-22,-0.006384301254483743,-0.0025547628970765813,-0.014403646690100627,-0.01144580197762086,-0.00706873182576437,-0.00769717714259017,-0.008451129135126518,-0.008331730354752043
2008-05-23,-0.0022285521345977994,-0.006233145066862723,0.0019166432050359225,-0.00042931802117525376,0.0025844172310986757,0.0022427546376681353,0.0016937137599773325,-8.620915420827697e-05
2008-05-27,-0.0019192773158147164,0.002472517531858259,-0.01605204680900939,-0.013569308140477314,-0.00329468881175682,-0.004752923457950597,-0.004966854492638841,-0.006032943512267272
2008-05-28,0.0005636600822728126,-0.000191721503682892,0.006318095139869359,0.005380715997190248,-0.0034207725748719047,-0.0037444714653481342,-0.0030889844910510483,0.000265296800368233
2008-05-29,-0.0050019844039763915,0.0011957341071604712,-0.02728790551036428,-0.023289064418025134,-0.0053223137834587835,-0.0069519847700423455,-0.0075417316285475156,-0.010595092695587916
2008-05-30,0.004280467981148849,0.002825954784506551,0.006702951134986752,0.006711000562069549,0.003941356051374539,0.004168353684112797,0.004639018997646649,0.004741560772197033
2008-06-02,-0.002323364377806284,-0.00395125868349681,0.013316980554570292,0.009689664002895136,0.003284129296236868,0.004648301843650853,0.0020246236734340747,0.0037494839987672933
2008-06-03,-0.004673963759948411,-0.0014418858825935698,-0.023606823102587087,-0.02043262132511636,-0.0005193431224953396,-0.0008644693502120448,-0.001308035714729709,-0.00754015678168496
2008-06-04,-0.0026046343518994096,-0.001754160449162894,-0.014954979696367372,-0.011736579505702083,-0.003326358076823707,-0.0039798606606858,-0.0035614583306274247,-0.005940154147780983
2008-06-05,0.012151312627832892,0.00986308703843813,0.03791948471583379,0.029740125517302884,0.004564494888332547,0.0035554826101146858,0.004718247648447384,0.014656729155878748
2008-06-06,-0.006595989867536588,-0.015893376785229472,0.025597392796895317,0.012560712053614599,0.0014777636254526014,0.005707075626704948,0.003769015541055068,0.003991947401677663
2008-06-09,-0.003793563452951356,-0.001449333604504894,0.010220970098277818,0.004724923311540171,-0.002840838432105191,-0.00439572205448822,-0.00378301954820578,-4.5467733851552e-05
2008-06-10,-0.009165798786197337,-0.00536915004131145,-0.003999832199005134,-0.00770301814545662,-0.005465584315698135,-0.005500367640816253,-0.007972539934116315,-0.006424728103567581
2008-06-11,-0.0013800579160091727,-0.008392391988281643,0.036853119042542945,0.023287458782302928,0.0010760291462983546,0.0029272220042733076,0.0024175505659924453,0.008601646121003313
2008-06-12,-0.0026623284848550847,-0.001278008453430111,-0.00022775292034904847,-0.0006998638746652431,-0.005276694671791863,-0.00616848942963895,-0.005998582418243567,-0.003135739975631895
2008-06-13,0.004919098405303257,0.0066265197914161505,-0.0063811457422226995,-0.002633841812050209,0.00043972854271559546,2.107316657613866e-06,0.0007351619493745893,0.0003453852498017593
2008-06-16,0.004749863967047472,0.0003841116196278153,-0.0009320991529979207,4.1261349224814496e-05,0.0010098498659700712,0.0011514118742448685,0.0033266976191369713,0.0014010034217005818
2008-06-17,-0.001453195909827952,-0.001557590567340069,0.010100938893533582,0.009002939762823145,0.0021579566598196893,0.0032450052862842177,-0.0001394901677404251,0.0030560037597147705
2008-06-18,0.0005392863817466726,-0.0036343070521615804,0.013636429449612741,0.012094150197356919,0.0027774895430064533,0.004540535534053954,0.0019989613679684925,0.004605820176136164
2008-06-19,0.00017063714495529642,-0.001585424928871189,-0.023318380212512868,-0.020174529718138972,-0.005160529484531879,-0.005727940918131348,-0.001611034365997617,-0.00827867065340099
2008-06-20,-0.00821215395938858,-0.007803442272254042,0.006886979878087062,0.00422204777845008,-0.0008955796210358872,0.0005893149768354292,-0.004074132075399008,-0.0013123203354114747
2008-06-23,-0.004809955675150149,-0.0007725318190164566,0.007067887014543305,0.00536945985301752,-0.00017089004987798676,-0.00023501107072522063,-0.0030432246939909777,0.0004883305657141183
2008-06-24,0.0006239182619346463,0.0010043391545816343,0.0002265167125339307,0.00019476549113771436,0.0022565569595229106,0.003080807078466845,0.0017790152252625268,0.0013123372568943047
2008-06-25,0.005970783938346873,0.0027543414925183724,-0.0038831007394535297,-0.001298838931813083,0.0014511793691809607,0.0015786856595753468,0.0038853438423318296,0.001468561712361717
2008-06-26,-0.006025346240340583,-0.014081460239172741,0.03317449023926228,0.02528233339584038,-0.0007546109737635561,0.00345602918436557,-0.0033940406841068364,0.005433920042652583
2008-06-27,0.0027576807717177043,-0.001239236859785425,0.002639074817902155,0.004240588559483815,0.0018161532646494244,0.0038465416661074624,0.002929295013170437,0.0024373274812771787
2008-06-30,-0.0021091939866477337,0.0023635205700906557,-0.017767118259694764,-0.012251060472826335,-0.0018377905017068715,-0.003978683673421552,-0.001261822276383707,-0.0054063002970005415
2008-07-01,0.002741962787720635,0.0007392711070094841,0.01764184135842781,0.013326195330381036,0.001578687010032734,0.0029933836778520246,0.0007482510487111107,0.0057521637667711486
2008-07-02,-0.005292120164365489,-0.009180459589415782,0.019091457779305734,0.012662707833886672,-0.0012349285084120214,0.0015393342031280294,-0.0030547429816525314,0.0022746100032838305
2008-07-03,-0.0032961072502876504,0.0007466873904067665,-0.0004306916133566277,-0.002383001971422843,-8.196442442038224e-05,-7.975776162493469e-05,-0.0020928979195574205,-0.0010730743133804893
2008-07-07,-0.00435382624884293,-0.004296064365309239,-0.013609737774095229,-0.012813066563058447,0.0004923312237454721,0.001826959404160563,-0.0017509131668200272,-0.004896710385522002
2008-07-08,0.011315342119123276,0.011598130233370432,-0.036252342173537004,-0.026961651200689878,0.003236797473092022,-0.0007197899026923074,0.005384863361366973,-0.00451100244011763
2008-07-09,-0.01352109408133463,-0.009652068915194602,-0.0006798543454127326,-0.0014151717141069023,-0.0023175666750568555,-0.0007111687751329056,-0.005802322596600682,-0.004929414955055401
2008-07-10,0.010638418858103649,0.0025657823684032887,0.027210803756022577,0.025870647167005406,0.0031589740843449483,0.006196688530568619,0.006626776198666833,0.01152898872403144
2008-07-11,-0.004395281849089069,-0.010719170935370892,0.013907290195510617,0.013658574157036384,-0.007635658751896786,-0.006579611352342266,-0.004141265112657048,-0.000999724531074016
2008-07-14,-0.0032011251299018163,-0.003210681857104988,0.000435374133368029,0.0009301803844976599,0.0010132103748603685,0.002718654029470368,-0.00019818934282940558,-0.00020060272932289982
2008-07-15,-0.007239493801060041,-0.00685338809549053,-0.03177366726815844,-0.024593697929187048,-0.00328499413622416,-0.0026202924473141785,-0.0050143851172185045,-0.011579569877855363
2008-07-16,0.00919295937312614,0.011060700153555583,-0.015301613234818875,-0.011664921160211327,-0.0015125968351536003,-0.0052858949047095045,-0.0007029870182719187,-0.0020686395438095804
2008-07-17,-0.00042305487133858415,0.004209584014689007,-0.023510696471376363,-0.016936239054803112,-0.0031487256549756733,-0.00615011202705769,-0.002830493133336323,-0.006900514562584339
2008-07-18,-0.005519655298138925,0.002478077301941442,-0.01706410158752202,-0.013243874160382163,-0.0038802895163186904,-0.008542030480284605,-0.004658559692155829,-0.007099495462799285
2008-07-21,0.00599800645615608,0.0012267383285174114,0.012128455356330331,0.011480315455965154,0.0029629570781628555,0.004146419380268462,0.004725069634979339,0.0060077987810731575
2008-07-22,-0.00026024483471774476,0.00563179947414213,-0.021851328561982672,-0.018798139542778293,-0.0007328521596860807,-0.005876304259690505,-0.0014831625045017031,-0.006025024956493038
2008-07-23,-0.00018890024615377497,0.0027228386681278586,-0.022580033246472054,-0.01977349711458201,-0.0016171823238980176,-0.0027206883034258137,-0.0037117859780254614,-0.006591683439807961
2008-07-24,-0.012904800506899485,-0.009547066367572642,0.0007373304694664412,-0.0016855637865371917,0.0006529500468899731,0.003847751475285886,-0.0025249527200285754,-0.0031430862301380347
2008-07-25,0.0006616057968393396,-0.0025112120935777,-0.012567431992670939,-0.006046965425903444,-0.004247667924979301,-0.003566038086687014,-0.0023769759777093765,-0.0043944098062377625
2008-07-28,-0.004493206430227412,-0.006533383049828761,0.0049737588513438765,0.0017684384268011823,0.0008162337619318674,0.0018636810794387258,2.1180768234720614e-05,-0.0002511800509468053
2008-07-29,0.012244278809629326,0.011585355227968865,-0.011383165019825612,-0.007116714564271305,0.0019254071630479409,0.0026690574596512843,0.003678121485520383,0.0019791419244992127
2008-07-30,0.0026445537954164415,0.011502743220847553,0.01977475863062716,0.00994731666296118,0.006677934874833463,0.004439877208433646,0.0036756509266734592,0.008353797105239006
2008-07-31,-0.0033240385530036894,-0.004867183499395031,-0.008345593028955432,-0.004754338199956877,0.0018727710702219201,0.002109341759178893,0.0008301322653998876,-0.0023525577232247656
2008-08-01,-0.00461597206290886,-0.0029742343320994036,-0.01113866609186931,-0.009156762206162064,-0.002926436340772199,-0.0019849426624559408,-0.004141629814679382,-0.005263697048802342
2008-08-04,-0.012865422181337266,-0.005832437329497994,-0.03304118296805746,-0.0267586932172502,-0.005791821487749429,-0.008343656822386209,-0.00910025320941789,-0.014402331318817376
2008-08-05,0.00789865187606251,0.014114391259339653,-0.00700720166905479,-0.009275677782954855,0.0024144819615069557,0.0010678277302527926,0.0011868659027328963,0.0015559754780531021
2008-08-06,0.003191539739577192,0.0028323076161400895,-0.010688382875121518,-0.003242105315404543,0.0012069510292267655,-0.0018877309453791567,0.0018400010832460602,-0.0009466746436866732
2008-08-07,-0.005879833891813666,-0.005398167633501434,0.005533720520664912,-0.0006195472712860659,0.0035193688665316287,0.004033201109253746,0.0004425079553151886,0.00020288015762203165
2008-08-08,0.003442648202128745,0.011020373240161859,-0.028039877907223613,-0.020981502109702406,0.0018484160806099218,-0.0004323406332720297,0.00016931295120551108,-0.004551991409937528
2008-08-11,-0.0015371966117605162,0.004379367893159557,-0.0010785289028877468,-0.012446624004222766,-0.0011905667231903504,0.0006250297786026669,-0.0046372687682365785,-0.002127409699540542
2008-08-12,-0.003859893831714387,-0.003657328156335606,-0.008636928544474398,-0.00811227642535188,0.001990204095452715,0.0007894023656494318,-0.0003032853128908823,-0.003042588364014642
2008-08-13,0.0009584061248954627,-0.004502589044407941,0.03348769942940177,0.023097476091203727,-0.00014272152995617633,0.0009377396354646791,0.0011196203447638026,0.007479775790690382
2008-08-14,0.0027225848037102205,0.005708871763083008,-0.00873329199482031,-0.0021888933696176368,0.002992073441837578,0.003143453176533431,0.0008047738910534969,0.0005161351117832604
2008-08-15,-0.003775818347556272,0.0044085587735526455,-0.013553056669498235,-0.009912484859691918,0.0016203349569297511,0.0009821261760472994,-0.0022487795968879924,-0.003242244455889375
2008-08-18,-0.0032916044631823675,-0.007237174107653329,0.005657391916335848,0.0008037488025027604,-0.0010729664303519317,0.0007951681248809022,-0.0004066289631216815,-0.0006481293943746346
2008-08-19,-0.0031072358024586584,-0.007101698209359826,0.015537019960847765,0.006032174007593119,-0.0020504387670736346,-0.00206238207173012,-0.0005931282072266389,0.0009866156024001117
2008-08-20,0.004672047611613038,0.00394754074248935,0.007913578043132084,0.007659290906807005,0.0030847593170594315,0.003344814901868901,0.0028892784314145104,0.004734234227760448
2008-08-21,0.004338933923552227,0.00016600320345551065,0.04292064902512014,0.026524618755505214,0.0020499249719192585,0.0017234781119406023,0.004320726029753086,0.011806998281509952
2008-08-22,0.0006181644648250205,0.007457880181570228,-0.03387697121590314,-0.019076204574008736,-0.001599581072495173,-0.0028568404308287358,-0.0021577826301070863,-0.007601194868537081
2008-08-25,-0.008559139817432261,-0.009546502238805212,-0.005745551944933419,-0.006051290533691047,-0.00077186650644553,0.0006412996546751123,-0.002613693517649937,-0.004702543129494157
2008-08-26,0.0023978593069864133,0.0018648580940928848,0.0005224406112178679,0.0008656591577505258,0.0008304076298828475,0.0013981026973608525,0.0017352839800665217,0.0013892370307333319
2008-08-27,0.006613526247026427,0.006372214409150945,0.009399618907847795,0.007463839257414005,0.0033376094012056235,0.003374712829408876,0.003839165632851094,0.005792514245160269
2008-08-28,0.004556222514122927,0.006643432914393288,-0.0196587290400052,-0.009123640182418978,-3.9744311985077507e-05,-0.0007479361862910005,0.0019223326935574473,-0.0023641408305356193
2008-08-29,-0.007495919089095948,-0.006937045888460137,-0.0036939332171558323,-0.006292098576782283,-0.004383131013087963,-0.002692110269463083,-0.005465076539030475,-0.005265613925759109
2008-09-02,-0.008838372579529845,-0.0015149129824836459,-0.025953281277717895,-0.01583739373418132,-0.0008291003995234366,0.0013127241603898042,-0.005644585800884179,-0.008172062649986378
2008-09-03,-0.001155697068145175,0.0004859708571357867,-0.005709689287704765,-0.003391293207134445,0.00037824135676497073,0.002490521220377866,-0.0003192723667917798,-0.0009841127553928215
2008-09-04,-0.016012488995932946,-0.016089089013561104,-0.014249308594031132,-0.01235482069559615,-0.005725051374540415,-0.001738464727470217,-0.009009917665220553,-0.010731751165662707
2008-09-05,0.0006840727275161723,0.0009544589635293246,-0.00998621591356374,-0.0049474324359621855,-0.0019513047969841805,-0.0029900502653239366,-0.0002284575738035234,-0.0026492954767849968
2008-09-08,0.008429101561063706,0.012288169554087203,-0.002241479421364542,0.004089630695121166,0.0033636010602289997,0.003904214483109817,0.004808691876591037,0.004928139212987068
2008-09-09,-0.021292802079427242,-0.015909715252848268,-0.03650662390164726,-0.02941539654425552,-0.0067026411107450785,-0.00520389387032732,-0.012803415925029055,-0.018088114542177576
2008-09-10,-0.0009560723271970746,0.0013462465249791038,0.001457330357001349,-0.0030034309173921176,-0.000313373945202839,-0.0013541738467217669,-0.002450652805300333,-0.0007161256191044367
2008-09-11,3.0295520982063975e-05,0.007823186332156357,-0.008440002465032511,-0.005376848266947162,0.0004356364026764589,-0.00027932988223181997,-0.0025720807697256634,-0.0010880621141900154
2008-09-12,0.004620599039701552,0.0007237770978886005,0.006750646340268222,0.006497441239215105,-0.0025381347489192027,-0.0034599575021789677,0.0013627423941557318,0.0018437359497122567
2008-09-15,-0.020419085797968268,-0.02091267809570221,-0.039397200039720554,-0.021323088017532788,-0.001942411441481383,0.003008233559421585,-0.009860839039049872,-0.01586837864787286
2008-09-16,-0.0020264366763955814,0.008583518248279482,-0.020333926513410584,0.0003756463437945652,-0.008855957566662763,0.00026595131364425635,-0.017451379626250284,-0.005718464208874173
2008-09-17,-0.011624627887914065,-0.02274804905228884,0.030049631327078136,-0.00020211288812842926,-0.0076479745829317455,0.0031026776913236818,-0.00857750831711748,-0.0024482818098002105
2008-09-18,0.018644189638947276,0.012065615277912825,0.00180449233266501,0.01593844668020039,0.000889857968027224,-9.65142681526219e-05,0.008703304761210274,0.00809218951279111
2008-09-19,0.030202892156112736,0.015828290130954985,0.03302315994618966,0.015687273225330943,0.0034422842666519985,-0.005745795602236,0.0229658812069426,0.016514723818163463
2008-09-22,-0.01586928761731381,-0.014409257341952272,0.03458285036130945,-0.0067875881058027335,-0.0043264269647496365,-0.00744256916378899,-0.0033769343805512457,-0.002261363111514668
2008-09-23,-0.009840172573693365,-0.013508543274511347,-0.009831336903593724,-0.004545417204136906,-0.0055948502386141685,-0.0008269078648657743,-0.009005044574359331,-0.007644151607689562
2008-09-24,-0.0008802620912232102,0.002898673146202752,-0.007241633518976603,-0.008500751775496633,0.001697274209978464,0.0004299760144341707,-0.0015497566806797496,-0.0018658799987092787
2008-09-25,0.012191936662891355,0.008176563682343669,0.01581867483819032,0.007006936118725477,0.003028731696118357,0.0015138885879665666,0.007306500327635417,0.007925296727630374
2008-09-26,-0.004959592128771991,3.370543781862096e-05,-0.01024051845637387,-0.00031421275713657514,-0.003973077345641147,0.0007873463945827395,-0.007794061864107898,-0.0038130290424482636
2008-09-29,-0.04767764711633349,-0.04188815856130832,-0.054394173977460054,-0.016644997448635786,-0.018588929794494922,-0.007058125637580902,-0.040779270176060464,-0.03295288820075683
2008-09-30,0.026806062268545955,0.01856284822637765,0.02314294111324384,-0.002893485872747549,0.0065046923212661815,0.0007086301588356014,0.026334435460133143,0.014480581858327898
2008-10-01,-0.0006833605676015103,0.003214889776102935,-0.020193546841361116,-0.004588068089665774,0.0024239925431623188,-0.00015918461329759472,0.002333145539781189,-0.002610235859110799
2008-10-02,-0.036594032123465396,-0.019245409526670927,-0.049603302066129,-0.03947882287944901,-0.009792539029674982,-0.009743156197547936,-0.0249616919502385,-0.026976997546647903
2008-10-03,-0.011927535040440116,-0.006667462649702323,-0.003591593629670729,-0.009804705752758438,-0.0016903217256429043,-0.0044582122539433945,-0.005876259165066009,-0.006520058941484773
2008-10-06,-0.021836300015727065,-0.02707374758881699,-0.004627370424646117,-0.011050837663369104,-0.0035891934498086565,-0.001665937843149857,-0.011830776002819867,-0.012093085033631976
2008-10-07,-0.021767965073009668,-0.026352976413382013,0.0025124966287368364,0.005272327978407459,-0.008090073324916975,-0.007605788075405211,-0.006322267025904141,-0.008740872445632049
2008-10-08,-0.0042630869183982265,-0.01985677697497741,-0.0038295838200126994,0.006919277710021672,-0.012629116013568985,-0.009738372111895273,-0.004624769746536511,-0.0065745973297869995
2008-10-09,-0.03495062289883431,-0.043953228856050276,-0.02260090273907677,-0.024282996555198028,-0.021088195114375666,-0.02054228322805598,-0.026041147842249774,-0.027712503580836392
2008-10-10,-0.016687782952357583,-0.01863741491300453,-0.02055444225647843,-0.035189167188696704,-0.012388072112848435,-0.00640983611331303,-0.026836042492703042,-0.01990275700716759
2008-10-13,0.06395993808004201,0.07656554149136761,0.01134343711483902,0.02402095200877017,0.015527805958041156,0.006567509996081452,0.041119327371687796,0.03398183871646406
2008-10-14,-0.02439986736535063,-0.01088942387019421,-0.005662822725066929,-0.012377302167806562,-0.010776326882236306,-0.009669000592543643,-0.015979652222134388,-0.012947342831692275
2008-10-15,-0.05344974969622641,-0.05553141011202984,0.009962568930022824,-0.01729146144405032,-0.007265311465925043,-0.0032431200336142845,-0.024081686598639556,-0.02203036449545212
2008-10-16,0.013144131049176184,0.023859782249559234,-0.00953389284843299,-0.01653031995300145,0.0025675021786806394,0.0007726549655399581,0.006227972054810814,0.0027021982741888785
2008-10-17,-0.007578873354143668,-0.0008241636685672369,-0.008765529219992366,-0.009825449273341794,0.004448318530836189,0.001905465087084086,-0.00426738915283844,-0.003283002902006343
2008-10-20,0.025995459830254173,0.0351176040779056,0.008825865171702064,0.016493972461266274,0.005014603168446756,0.007289537124559511,0.01864805120252441,0.01666968702523531
2008-10-21,-0.02500172658099656,-0.013333511817001296,0.0017331332763893216,-0.021401971192443612,-0.00011973999869310066,0.0006072923134877481,-0.009186475711997601,-0.0095785972971953
2008-10-22,-0.03567160386088643,-0.02845742898544524,0.013087417018809803,-0.030093953144583862,-0.0029440992827840773,0.0011408666019910763,-0.01537317899847302,-0.014142438717824843
2008-10-23,0.0014751106716637704,0.007438088483863259,0.005107088803374531,0.0006863307487008695,-0.0006271230944016358,0.0038276075174574153,0.0025117339011974326,0.0028691492068898586
2008-10-24,-0.030403029656752085,-0.03223514270527188,-0.008261962512519807,-0.010811250592767094,-0.008905873484198874,-0.006842928903622028,-0.016141759063834745,-0.016191105881808728
2008-10-27,-0.01730001078932484,-0.021207574730888763,0.00024627412444812373,-0.005127033051723262,-0.004643536177398695,-0.0010441792577064412,-0.009247579267243518,-0.008230410024869865
2008-10-28,0.06458225443863524,0.06467924835294753,-0.01214477941798872,0.014596645013802482,0.008728383904937314,-0.006412551878146927,0.025721530720774162,0.02227870870765554
2008-10-29,-0.00063045399535149,-0.0038597326561684068,-0.0026049287510618983,0.0022646459945426392,0.0035084516866102705,0.003978963948935416,0.003064152292593812,0.0009577086881899536
2008-10-30,0.019567221194730262,0.018062685100987654,-0.008535562819459502,-0.0045099801334046175,-0.005182796807250175,-0.011524485470910248,0.0032027768772514365,0.0014877315569052332
2008-10-31,0.003874270219682189,0.0026249941703075765,-0.00886847688095389,-0.005473911356457198,0.00041920951217828083,-0.008261282013299159,-0.0011497426173045972,-0.0023090239747211297
2008-11-03,-0.004939682762790135,0.002205544112964225,0.0014414577394023299,0.0006773029741688028,-0.0003931098653386219,0.001471403403684347,-0.000538535188169433,-6.687510654570025e-05
2008-11-04,0.039185749442064446,0.025184583233991656,0.012044649655954875,0.024212552499294455,0.018260301076701048,0.017298288500105376,0.02573490674302395,0.02343407365484291
2008-11-05,-0.03892641858132823,-0.023356754342474344,0.005366447021458093,-0.006751567071311727,-0.0059899647374868055,0.0037988173123284065,-0.012821772679250967,-0.01151552772680992
2008-11-06,-0.027376889229564577,-0.03413720088753488,-0.0030720144635783386,-0.00984985278530506,-0.00989936578679274,-0.0051155071631795,-0.014644147018083815,-0.01498227923379151
2008-11-07,0.019072017904994666,0.017669260534668385,-0.0036288148673200935,0.002263099104356248,0.0003844491617726558,-0.00357553540068772,0.005160325161406488,0.005228709757941214
2008-11-10,-0.008133799606057021,-0.007309775359063385,0.0010570148592793736,0.0023064187175769277,-0.0011305087084619444,0.0027922877734875688,-0.0020874880526329112,-0.0017435778138259184
2008-11-11,-0.01733987505351358,-0.01655732513323131,0.003710614518452803,-0.0042854513247608085,-0.0011841554813182588,0.0009982680170563512,-0.0067003935878945375,-0.005935853598970008
2008-11-12,-0.03130504998459234,-0.023969765671379144,0.006205602560739435,-0.010303559758315458,-0.003216773813894611,0.0028888874278435836,-0.012872176252978207,-0.010243381782871038
2008-11-13,0.04103707323329731,0.0336436402365796,-0.011955694029484328,0.005043488939164276,0.003679722302920875,-0.006189957433022554,0.01222219375391306,0.010715937525276581
2008-11-14,-0.030660987144884078,-0.026225267171121305,0.012654481322617199,0.001478576882895205,0.0017018620368899169,0.009236303389721442,-0.007843473223238596,-0.0056416063464292485
2008-11-17,-0.01108133773345316,-0.006086325983389914,0.004281527327227339,-0.0030231865589942404,-0.00018335179621179376,0.003115321180853671,-0.003088613081799327,-0.0021745575172882545
2008-11-18,5.489945658192544e-05,0.014239616121610222,0.009189776279615945,0.0026518109005095438,0.005272502341623577,0.00668652638519178,0.003987759878836082,0.0060639353745273695
2008-11-19,-0.03263207968481411,-0.033213032594863474,0.014950713195197203,0.0002664166492046369,0.0011425610868851367,0.010040271517313015,-0.007693704065635305,-0.006320818600435264
2008-11-20,-0.02353027303485087,-0.033554184413756266,0.029089643470226925,0.010166023996255793,0.011054764485027246,0.018732468057364945,0.0003835840823491602,0.0025734300029382506
2008-11-21,0.043608935090624745,0.028566658702405906,-0.014459200623159552,0.010847161062440899,0.0033389876982689456,-0.0035835599235690178,0.01759418657646718,0.01208211567284264
2008-11-24,0.048729500157620204,0.03898690707877333,-0.01548934529644449,0.0010105917038090231,0.006853361017835699,-0.005439318633207981,0.01881377315608969,0.0135534579226532
2008-11-25,0.0013559239127729867,0.010995424064551704,0.02911294132950658,0.01389607849496755,0.01244934500830124,0.014868462825141687,0.008171032481519569,0.01261907855185568
2008-11-26,0.028271822723696813,0.02660978218504401,0.0014574560619319975,0.0024352725517060884,0.01027835424830633,0.005483399671332217,0.013814092935965977,0.012872020760075957
2008-11-28,-0.007411335832390958,0.00876001163999037,0.012100993666240139,0.0026870933223882582,-0.0012363531537734752,0.001032612942262836,-0.002323604783449917,0.0017147284449603702
2008-12-01,-0.05945076409710393,-0.05183950035624209,0.037695033279404544,0.006255786670842435,-0.008039753593658711,0.011476306974031687,-0.01846522698225881,-0.012904318677522352
2008-12-02,0.03440223921582264,0.025701303345404408,0.0038726519068021247,0.008270018383904426,0.012283411612562923,0.005944487657225894,0.017392661025779754,0.01535356791887306
2008-12-03,0.01177726181500116,0.015003317250343479,0.002775056294387528,0.0009694135176379499,0.003896929202556048,0.0013208464923446298,0.006151898158489166,0.006016543836793675
2008-12-04,-0.017426972280105597,-0.011535523931319578,0.019704135497936964,0.00733732707485498,-4.6071952584958355e-05,0.004753297569791885,-0.004425110741085103,-0.00036667442927431097
2008-12-05,0.018698570015090944,0.014200543964044587,-0.01620640951131055,-0.0129314583458276,-0.003924484861300542,-0.010966834067103961,0.00015922057874963053,-0.0015305587056808664
2008-12-08,0.03474311194106888,0.019751637959802462,-0.002172867865372614,0.007487436229907125,0.00614327549341652,0.00021942028684059155,0.01598227630902891,0.011875314896234859
2008-12-09,-0.013440742554541092,-0.006912762433883432,0.019775714161400497,0.010239465983497509,0.002287077489333691,0.008360925909707244,0.00041291698714830466,0.00271808778509186
2008-12-10,0.02543439876576819,0.0038004117747784203,-0.002401933490996801,0.008712063668960315,0.006306587404862856,0.002023934383173267,0.010931177672087428,0.007938371856796132
2008-12-11,-0.021571520946035275,-0.012419809972318204,0.001961493571785548,0.0020669577255216973,-0.0012508501119065424,0.006093323265623779,-0.0047791538267450565,-0.0044659284426848906
2008-12-12,0.020305075021516465,0.008267958368619441,-1.5114099067597489e-05,0.006895215841366504,0.007997422253814387,0.003289198411700124,0.009626969555680692,0.00803717957454608
2008-12-15,-0.008439284207795309,-0.007527424627215154,0.011390423560047923,0.00802865155277667,-0.00017082566528805695,0.0026767757016232458,-0.0013684932390487306,0.000605293215713685
2008-12-16,0.044406400940331624,0.03453892861532721,0.024725501311572577,0.0318496950596945,0.022179456172130716,0.017793699741912448,0.028784338149205137,0.02913420571339553
2008-12-17,0.0030392507656925136,-0.0031829370721870574,0.02713342957813777,0.021012682322804222,0.005929266915736967,0.009107090215345781,0.00866789589942228,0.01021536613662534
2008-12-18,-0.014915296816324237,-0.008548454191049477,0.020983077992301893,0.007028677116279955,-0.00047395638048247754,0.008031716861174923,0.001879951545462268,0.002043462747586089
2008-12-19,0.004887750978507884,-0.0038983303357864566,0.0010644660020511173,0.0015963670768719936,-0.0009237008931690251,-0.004214242934299224,-0.0021440686302825977,-0.0005117373970521077
2008-12-22,-0.014281167121335663,-0.00868392577347733,-0.007687602595004114,-0.007210845747967685,-0.0048719634800672325,-0.0024840930950286765,-0.005891067607572983,-0.007323135267443261
2008-12-23,-0.0037724404016804504,-0.006417337256835458,-0.001332758688590702,-0.0018445195915612136,-0.0014266147265343339,-0.0005536578264773363,-0.0016400705566439265,-0.0024362743450805596
2008-12-24,0.002338063075986521,0.0030624995908592207,-0.0021457622155314207,-0.0004736405344190598,0.0002979101556429776,-0.0008438943720097855,0.0005831356641595249,0.0004168895218908538
2008-12-26,0.007598174519763389,0.005600379826769548,0.003308756077301523,0.005791247534568552,0.007205808551120021,0.005828818487856401,0.006241427756178728,0.005950159779714019
2008-12-29,-0.005217946826058011,-0.0008349037645706707,-0.00119947737741388,-0.0022722258120482187,-0.0005836160177600195,0.0023858019983185874,-0.0003162326158512326,-0.0011596944042336515
2008-12-30,0.01438224125276093,0.014742943707010077,0.009524006421377742,0.009854666246951164,0.0038696143390677526,0.002909464095684676,0.008789750457180981,0.009140480653078355
2008-12-31,0.012048062622054899,0.004235325565547755,-0.02091950344061119,-0.01049278137810837,-0.003987819668850354,-0.008687541790205245,0.0004896347054603395,-0.003887973738653301
2009-01-02,0.00814210935085146,0.012780793290076536,-0.025135810748523734,-0.018526038980013017,-0.010703798411608368,-0.012811075369290643,-0.0032401714825347544,-0.00694140037953474
2009-01-05,-0.004182974868246716,-0.001436423734447691,-0.02581131272330783,-0.02338398000442769,-0.002591755883940276,-0.003925095979317069,-0.00518500558784611,-0.0094411183886607
2009-01-06,0.012705825111758573,0.0037598907736611964,-0.010057008027623972,-0.002295767288851081,0.002549014086256301,-0.00020381429374436019,0.004256207876238279,0.0016246099166912014
2009-01-07,-0.0262176415746371,-0.017947898835810994,0.00392098803715045,-0.0035822903474389597,-0.006622785086669854,-0.0030236290261478394,-0.013499481791660693,-0.009771369063054383
2009-01-08,0.0039891007253391375,0.0035137976302617073,-0.0007991604474522067,0.0006531803383434643,0.004512258804227581,0.003280622439926561,0.004291205666280223,0.0028004572046123524
2009-01-09,-0.012847219782940511,-0.010865358797967913,0.0015114566493403718,-0.0039727805268162525,0.00017763438496936512,0.003913461161818778,-0.002384945358926361,-0.0035052281046448145
2009-01-12,-0.02347828534972256,-0.01156446102542905,0.010378164862565802,-0.0009443267874174861,-0.0014762416244479806,0.002471797523982652,-0.009109999612918024,-0.004890068813378124
2009-01-13,0.005589791418388142,0.0013674704591179708,0.0010529492237831895,0.0035970171999472724,0.001513007752102513,0.000993470181314989,0.002368776541098177,0.002341451716929142
2009-01-14,-0.019198283876843247,-0.016658447460963864,0.01646588067760525,0.003043542295612789,-0.0007935421125894332,0.004382102177247746,-0.005988664323935529,-0.0025748599268881956
2009-01-15,0.007653744799079013,-0.00012093442936333515,0.0016386582565381998,0.00432668072559164,0.0018765412550149825,3.604823630436235e-05,0.00393840209231134,0.002738013858307505
2009-01-16,0.00831970628891647,0.0008573036855030916,-0.015419134562498178,-0.004084900924812035,-0.003548077182798194,-0.007316440345831701,-0.0007089919676926165,-0.0032510059738058263
2009-01-20,-0.034778129450543614,-0.03204639756824996,-0.00017438952969319206,-0.010893719135054184,-0.00743228403204948,-0.002866550327185129,-0.01877012278164988,-0.015113591372482145
2009-01-21,0.02049742754194489,0.021446896263226094,-0.03158971564143803,-0.012803783453226494,-0.0018263999856455502,-0.010211043444891234,0.0021600882745809475,-0.0021925604133254304
2009-01-22,-0.01698439725269664,-0.011879255816499788,-0.0192462583664028,-0.01660607170791328,-0.007338834134095182,-0.007631825081159966,-0.013181959269267567,-0.013250572117203372
2009-01-23,0.014811405354819661,0.0026634408313493552,-0.00783083457728735,0.0024770271812840365,0.005512930042823635,0.001994749901393123,0.005506886895927732,0.0035896151233604217
2009-01-26,0.0007145501149523642,0.003100797691020306,-0.00874556581340927,-0.005160816224497223,-0.001148947706514619,-0.0032269750021113757,-0.002373137186025337,-0.0024202292149472695
2009-01-27,0.007171785915188731,0.008728040853302966,0.023513703403615024,0.016463056202733282,0.0053199402034516275,0.007970196626514641,0.010544550550017165,0.011353872988274947
2009-01-28,0.021844884536921298,0.017858080748105583,-0.02498764244460182,-0.001860350479936728,-0.0004213669060591387,-0.0062571817067506915,0.005731370638023843,0.0016091418506188355
2009-01-29,-0.026083860539020367,-0.02495213598613225,-0.02299756734024727,-0.0218888456549134,-0.012580252732224424,-0.012927281853286798,-0.02055026363167393,-0.020284197532399486
2009-01-30,-0.007696401697491336,-0.012530268738713693,-0.0031712844091312826,-0.0033737794160617856,-0.0010813721078275188,0.00044224455388714107,-0.0036442595067057533,-0.004433679855171101
2009-02-02,-0.0003989180681346219,0.0013999789764625194,0.018605515335677444,0.008642989477839026,0.005094709517073209,0.005941983100799626,0.00413009195718402,0.006125039597025934
2009-02-03,-5.7628846741230406e-05,0.004990626238969922,-0.023815523618173507,-0.012286830809250533,-0.0058402068626171155,-0.009518546945817014,-0.006000423836297592,-0.007525830753540902
2009-02-04,-0.0017596633319654496,-0.005062559855461535,-0.004169491240630282,-0.001950144155006478,-0.0026526771449898526,-0.004133851135902846,-0.0026026983670640784,-0.0031991336986735433
2009-02-05,0.007231309191398827,0.00986678119282113,0.0014130270386764029,0.0007513823518269077,0.005253443178298449,0.002420586816523179,0.0037577122396394336,0.004374251547245349
2009-02-06,0.018978991623082617,0.014779988681954721,-0.004192441029739809,0.006797554037612818,-0.001388958031551438,-0.004710593048815044,0.007717351181363317,0.005491501325683306
2009-02-09,-0.00018303180832136173,5.360742690975939e-05,0.0013092264648057951,-0.0008507120088058192,-0.0024259303406729098,-0.0021330645296641967,-4.185246705607951e-05,-0.0005342230709082076
2009-02-10,-0.021228744888640884,-0.022840169239725892,0.018698137690696625,0.0021843504983159313,0.0072680975862092646,0.011986165627260393,-0.0033124766202696078,-0.0011791441593288741
2009-02-11,0.010120373536762593,0.0066284934287477205,0.011070640586051133,0.01397620058755113,0.007702116184248839,0.007247501233000698,0.009170096535052184,0.009424131813765954
2009-02-12,-0.0008282085741675093,0.000301575853006151,-0.006135560924922685,-0.0027437921611205038,0.0024347709120764614,4.1693523807688016e-05,-0.001630957389226262,-0.001320230798067059
2009-02-13,-0.015458976974389846,-0.009660713888459831,-0.02667126629084059,-0.015929977496394958,-0.007377584202454222,-0.008022767365374727,-0.014092298771771053,-0.013823797185065533
2009-02-17,-0.020754009574649998,-0.018896563882556717,0.031149009755211125,0.018738208843057866,0.010807796594129653,0.01413154008695633,-0.0004263400904207489,0.004745314366366567
2009-02-18,-0.0007528510439833655,-0.004426047974333048,-0.008523100816266501,-0.00016816225304601187,-0.00364896385365569,-0.0061574752221554676,-0.004079001059503801,-0.0039954934022701045
2009-02-19,-0.010616369502974423,-0.008600576524263647,-0.017000061528701364,-0.013243019627431785,-0.00755180327293764,-0.005569640081281739,-0.009901597720235716,-0.010307286579021642
2009-02-20,0.005001740144071345,-0.004501989674596446,0.0097159085666576,0.010496647650063265,0.004641779188847672,0.0027066190972385882,0.004025471203403811,0.004571391569353199
2009-02-23,-0.018448988025046534,-0.020412273215011375,0.009237694193386908,-0.0005111527297079701,-0.0036964309826176167,-0.00017122473240183616,-0.007477239780231939,-0.005858544451353237
2009-02-24,0.01885949161170844,0.020086321957626063,-0.0010488419332683515,-0.006715220647067525,-0.0027255276164380128,-0.0038086324723013614,0.007177375322798558,0.004363853574781389
2009-02-25,-0.010038904429775687,-0.00838311962789641,-0.011583811334601173,-0.012747242449134943,-0.009737475934869337,-0.009257685745595616,-0.010297840423653733,-0.010306394414172766
2009-02-26,-0.011411662512127897,-0.010781300239556821,-0.01052569686025262,-0.011129058953442104,-0.005453257929027119,-0.002700806412374887,-0.008325961376992576,-0.008550804246162644
2009-02-27,-0.010061183760470908,-0.01368488895054286,-0.005757654408613092,-0.00603084975630789,-0.002440094574731549,-0.0018080965985556685,-0.006696354733475739,-0.006609496108330144
2009-03-02,-0.02666698911368763,-0.022556100699005,0.01655532354479545,0.001089364164290433,0.002069865368420723,0.006410585698554564,-0.007855914247520144,-0.004359225914168494
2009-03-03,-0.0008938769331181282,-0.004876494538569375,-0.006680580748532835,-0.004833707283064736,-0.00219834991873727,-0.0017111718659706722,-0.0024084289488653437,-0.0033951275300209346
2009-03-04,0.01619080046963499,0.011504668113381196,-0.004581201263807997,-0.0012972543006884386,-0.0020629682329759906,-0.0036999138044645588,0.005640606132917109,0.002901314726338068
2009-03-05,-0.011764077280587561,-0.01895329074924028,0.027809956089345184,0.013201256764383652,0.00856136340734102,0.010336246431832667,0.0015159406340847024,0.0046313017269450085
2009-03-06,0.001642261785662262,-0.0008926712049433793,-0.006711959946173915,-0.0021106597854990542,-0.0038935327763217746,-0.003980038378233766,-0.0012117752918814758,-0.0024748849741340695
2009-03-09,-0.009788870032124869,-0.0069013824832842505,-0.005850880040849115,-0.01336312304697057,-0.004400596805103634,-0.003291191083440167,-0.008534868239265013,-0.007373920933313515
2009-03-10,0.03350928307184227,0.03275332634763676,-0.019199946662699276,0.0020513663174580973,-0.0010414133129888568,-0.004592047805009291,0.012441438185688394,0.007816308403188558
2009-03-11,0.0001755030123240975,0.006754743546479942,0.010820329260622374,0.005529214469423403,0.007724675094638841,0.0072302987787148144,0.0037926200153727786,0.005979601508771878
2009-03-12,0.030671318724037014,0.025278759287091744,0.004768522929147442,0.012250877631748874,0.00797059433452329,0.004645136864204349,0.0163933427355607,0.014644401650454488
2009-03-13,-0.0012693655480751432,0.0045853043316913455,-0.0050362317291274715,-0.0003262966767591433,8.449352579119225e-05,0.0002172071641807441,-0.00047513300302953147,-0.00030970747056542473
2009-03-16,-0.012366002913797676,-0.00402858419478802,-0.015769288144102042,-0.012889428255443617,-0.006342396988311885,-0.005604703319824917,-0.009344676940544585,-0.009430708990878783
2009-03-17,0.018695419594858903,0.017493865257899054,-0.004172558511959115,0.0061975532447802574,0.0018660486898573478,-0.0010854096394819065,0.0071844474078755355,0.006571590754171051
2009-03-18,0.027904789687025942,0.02704424226830161,0.03648949625806946,0.03300177664696999,0.031196552150139004,0.032617393334635016,0.030157961887385405,0.031179933188153645
2009-03-19,-0.005804582759179317,-0.008833364752960524,-0.0005412664791373524,-0.004553910237049473,-0.0012837602479285168,-0.0019901002491244787,-0.0028983792575743095,-0.0036683893597283376
2009-03-20,-0.016458812768239794,-0.01283468150240823,-0.0034195049546442923,-0.01240370782543801,-0.0024387901564341553,-0.00165291477341235,-0.009384678485842112,-0.008463125109902167
2009-03-23,0.04152185635461142,0.0415522069186796,-0.006636747689360312,0.016901835755008452,0.0026032181006485217,-0.0015922235419700875,0.017545580535250172,0.015924851519293376
2009-03-24,-0.02038810589664135,-0.012674862300293108,0.005275599190326132,-0.009662237557271872,-0.004651383644796657,-0.003220198476562898,-0.009669790978340297,-0.007935028780288143
2009-03-25,0.0021051932612255967,0.004095710558056676,-0.010603303219383109,-0.0022671504083076927,-0.0035755798352506826,-0.004608318067177093,-0.002988616092226798,-0.0025414304966838277
2009-03-26,0.015191403455587131,0.013229374146366279,0.006418070836330414,0.00892142156409607,0.005150067318729392,0.0025690358680613805,0.01032344359583817,0.008913199215870598
2009-03-27,-0.014888546473509994,-0.011151993690548019,0.0028401620698693332,-0.003940660675970371,-0.0034420699653030895,-0.001554031769704194,-0.005967669695091412,-0.005491433645435511
2009-03-30,-0.022309580307690303,-0.019024742995948665,0.004077313249195042,-0.006408210396533365,-0.0001949817771373821,0.002417665048691637,-0.009086974039189571,-0.007275662747457227
2009-03-31,0.014479042709611397,0.006192782405681143,0.004091073000483934,0.007469487024433327,0.0028391053028739674,0.0026277893809758817,0.00884145202048977,0.006691134631623647
2009-04-01,0.008557777455775947,0.012470200797703553,0.0053477806949900975,0.010274515577542071,0.003936183251203244,0.002578873105735414,0.006195209464569633,0.007025696833598631
2009-04-02,0.0200919439148265,0.01480158603127865,-0.009006217527998203,-0.006394191886881888,-0.0031692122522449435,-0.007429416907902048,0.005753479781375729,0.0022151519314611316
2009-04-03,0.010518869901741047,0.0014846361332860134,-0.015372530236761654,-0.012588963859916166,-0.00831845771154906,-0.011026032475776194,-0.0020706411674214194,-0.005136162469093569
2009-04-06,-0.008925373451722065,-0.005653985062836687,-0.0035114075189319857,-0.008224002118300619,-0.004174126890308122,-0.004648644971031201,-0.005764691858223987,-0.005870084933223792
2009-04-07,-0.015942352288514858,-0.012945839260146934,0.002537700813397131,-0.0003200794512546738,-0.00031226200987997683,0.0036730166324309053,-0.0062106061421852736,-0.004218035269219492
2009-04-08,0.009575279303107592,0.008404519017998737,0.007278240902139301,0.006881736985152474,0.005759619512166815,0.004871805877496117,0.00819486274634542,0.007272065269168762
2009-04-09,0.026609480037718247,0.021211046530790232,-0.009851563908622251,0.00160749234832077,-0.0008298219251077082,-0.0041795878731428,0.009232280345709696,0.006228935027167523
2009-04-13,0.006061464390167195,0.0024786238166867426,0.007858150953893018,0.009455504355504133,0.00602863306228846,0.0075888880052490705,0.0068578812690323655,0.006613049094313198
2009-04-14,-0.016033149610295092,-0.008361680886312048,0.005192659205484367,-0.0026284479461399102,0.0014834452305193377,0.003711220192463209,-0.004897997012287568,-0.003118367677856183
2009-04-15,0.01209108445089607,0.006756323106277336,-0.0006523143296149243,0.004762166834188677,0.001253776163892546,0.0017746971005625511,0.0058992736633420775,0.00454687907692577
2009-04-16,0.005666185978504116,0.007176772945762353,-0.006490082896355496,-0.0035120007433101005,-0.002120310423668673,-0.0045979540694421304,0.0006750535835122469,-0.00046575464656997185
2009-04-17,-0.0015248805602598153,0.0008635567801249734,-0.009905649037712544,-0.005933015844170767,-0.006811526466753518,-0.00694870066635383,-0.004774451830558096,-0.004999784172473486
2009-04-20,-0.025908536297137144,-0.02275149135789973,0.012111366317840492,0.0016631494353952253,0.0016724712465646325,0.0066157756311083366,-0.008368953364118747,-0.005104423807692765
2009-04-21,0.01466335118776272,0.010077935916689687,-0.007665988074884039,0.0009855737719409363,-0.0011717513100528206,-0.0024770216522511,0.0041949904534062275,0.002621817034976897
2009-04-22,-0.00569817709982053,-0.00464240360992287,-0.004717065050245488,-0.003202214000574792,-0.0016702918132659229,-0.0015029446828334228,-0.004145504666510497,-0.0036702951549858554
2009-04-23,0.012055875435852789,0.005814194029860143,-0.00013957425299602336,0.006184864878921335,0.0023821557908452083,0.0016513020522664504,0.005478630322689462,0.0047723221834686394
2009-04-24,0.012717872963058487,0.007563723468735105,-0.0077638070879790305,0.0022002226448921245,-9.421930265756848e-05,-0.00130880061969095,0.003706847803269182,0.0024422782408821727
2009-04-27,-0.014214264355108641,-0.004090223341073436,0.0041160240452574335,-0.007865166467711677,0.0010698956333101205,0.0016188667359329461,-0.00480224491927053,-0.003403773689146862
2009-04-28,-0.005272418777687972,-0.003833474287813377,-0.008853315257751154,-0.008595548921193888,-0.005437275018838045,-0.005749382824721385,-0.006825628163044779,-0.006436577520315717
2009-04-29,0.016576273974406353,0.01052286918722993,-0.006599221821169448,0.004960264577966136,-0.001327522618428432,-0.0022008413403333156,0.0054412459012117935,0.0038510588296590464
2009-04-30,9.175217331554883e-05,-0.00046924864212563236,-0.002483596011476998,-0.004175992829534389,-0.0011292582720403986,-0.0027605443195483984,-0.0010224743010881635,-0.0017009603013966252
2009-05-01,0.0010601206107346771,0.0019751091315680846,-0.004476998677702462,-0.006635374624126635,-0.0013477882844741857,-0.002344062516426374,-0.0007422456166984914,-0.0017548033727878831
2009-05-04,0.027901192863488293,0.020997790565717496,0.001767037815193875,0.018293192418636542,0.005190354125768742,0.003739931105833153,0.014092196482180786,0.01314044919535646
2009-05-05,-0.007644454043515141,-0.0021762488340880577,-0.0005645705441052568,-0.006025241208813751,-0.0014694812209364806,-0.00026509131450327847,-0.0033777605973868206,-0.003061626971662095
2009-05-06,0.012914093496888077,0.010519493298554974,0.00021400537599605322,0.006095558038808363,0.0027864380654450873,0.0027984285688857705,0.006201569893667959,0.005957249000210851
2009-05-07,-0.017970448960039635,-0.01170473994000078,-0.00930176768543568,-0.01668127597375522,-0.00907003212133689,-0.007714054792184654,-0.014983633409132833,-0.012608764036825409
2009-05-08,0.01832254217376693,0.014534743735227866,0.001260717347952791,0.009212408572060592,0.0033357039604339726,0.002699627026877232,0.00960935506135465,0.008493397102782976
2009-05-11,-0.007160428739269861,-0.007689163880541035,0.00967919785824594,0.0022337565986929033,0.006762549966249063,0.006714657228605375,0.0016718530704059884,0.0016690506127453853
2009-05-12,0.0018982226654544044,-0.0020356922507335337,-0.00039715631240484344,0.003952276324489507,-0.00019020011450000135,0.0013849544083635022,0.0015698604470001955,0.000890735252219992
2009-05-13,-0.016325359579413452,-0.013278487821642803,0.004969411673181174,-0.0018998778727423928,0.0008065941741963079,0.0034382232485149085,-0.004811271308527583,-0.003918509025010144
2009-05-14,0.007565706951388022,0.005128493137055072,0.0003264676643722423,0.004072333876201833,0.0013821492133532396,0.0003858209883581688,0.004294677619997194,0.003327557668544828
2009-05-15,-0.008273718223715037,-0.005911570447464401,-0.0023281913982856647,0.0004060403195673627,-0.003040197737956622,-0.001164032466552649,-0.004395283301091754,-0.00356533580820685
2009-05-18,0.019808579235126123,0.014645802853742,-0.006590035902850436,-0.004935561499691617,-0.002073265213657468,-0.005867936868807207,0.004852891273224125,0.0028689758203687215
2009-05-19,-5.1888914271435945e-05,-0.0012815121235448285,-0.0016820146779250446,0.0019431821421682482,-0.00035700393555322164,0.00046050362644172447,-0.0004980369375191289,-0.00024071625428942673
2009-05-20,0.003751710790350537,-0.0028344787395920635,0.003662224564869616,0.00913996633020383,0.0037810712262719877,0.004906359811207361,0.004873491573847493,0.0038732243110855716
2009-05-21,-0.009520093875281698,-0.013012647405300653,-0.01199155997133857,-0.0036612993653634186,-0.01016269242054996,-0.00725869209834043,-0.012162303793832808,-0.009763016266131744
2009-05-22,-0.002841862109830804,-0.0036087323383551203,-0.006239816832109223,-0.002611669310711574,-0.004221323173017759,-0.003968135859685713,-0.0043749668255654425,-0.004004470426356151
2009-05-26,0.012327708670607224,0.0128491827540879,-0.007265806294685859,-0.004393794888730088,-0.003245024421929678,-0.005328775783281102,0.001771084640015764,0.0010255866244034046
2009-05-27,-0.01194804936886756,-0.01526744679469393,-0.0113475621433342,-0.01315130149535088,-0.009854135065581021,-0.009701764099493807,-0.011753702397211716,-0.011822138463159933
2009-05-28,0.013376252894659,0.010440413286374644,0.005224679237123331,0.010519466756100382,0.006712712503871531,0.005537831983465627,0.010319100249745103,0.00888866492743763
2009-05-29,0.01886954291396434,0.015139553182904792,0.011279795749445267,0.020420745028589215,0.01283698931235892,0.013007519066811146,0.01724301871570493,0.015545421851850792
2009-06-01,0.013686326478942284,0.008077644704073374,-0.01631994875999598,-0.006358871690263836,-0.009524545987330612,-0.012273844592801847,-0.0023323574158466507,-0.0035308895531698213
2009-06-02,-0.0008524950961433858,0.0018157204235262946,0.0033448317413453674,0.002171372435680514,0.003243056612681169,0.004267551077533013,0.002244600512379712,0.0023148545418503054
2009-06-03,-0.009883421108682027,-0.00535306301096092,0.006112624068652646,-0.001677131687056495,0.00087581898320682,0.0023396279741472238,-0.0016557981482303694,-0.0014569593185936806
2009-06-04,0.010241350446799961,0.001136239389720367,-0.011598096507181462,-0.001118388515624927,-0.004690988777129492,-0.006474519258992374,-0.001484195913648644,-0.0019021477043892193
2009-06-05,-0.006013644259976113,-0.003900606735635957,-0.014127611650579986,-0.012696006744153963,-0.01041107689967012,-0.011411556775239322,-0.0074132585015323675,-0.009331806611147197
2009-06-08,-0.006095230576921812,-0.004504050784003275,-0.0042049377029405284,-0.0045017263513820365,-0.0043473523432213754,-0.004454480893109547,-0.0047237574597646095,-0.004711061458155222
2009-06-09,0.00433446564268804,0.00478579241428192,0.003952954814107056,0.002594314972285049,0.004791018303844566,0.004460406806526018,0.004096085433519739,0.0041534991724108085
2009-06-10,-0.004314366618801781,-0.003907081295127535,-0.004400283437558112,-0.006062620896779639,-0.004958042358888905,-0.004509461774470084,-0.0060460820808933185,-0.004919655495916448
2009-06-11,0.003903078177241865,0.0053878403692210475,0.004662645613850578,0.003427486609289919,0.005424777321683822,0.005564153325005463,0.0057929762545319355,0.004917479130801552
2009-06-12,0.0008251779723972422,0.003759713179455867,-0.00013087574786504186,0.0007414553187308332,0.0015629876149123884,0.0023750132356457165,0.003267046081556014,0.0018970087854371922
2009-06-15,-0.015943421003308596,-0.012029806043837327,0.0005100281234325353,-0.006582058028284959,-0.00024740601881822945,0.0012781550058558067,-0.005041903426095157,-0.005396162874402067
2009-06-16,-0.003274694057832536,-0.0059446438512156955,0.005682354386375523,0.00732701553861131,0.004059462850279596,0.0043708614716753335,0.0024292372974561776,0.002095551909215895
2009-06-17,-0.0023229843943895164,-0.0016636353817129465,-0.00238572604800018,-0.002416711211147632,-0.0007965607573954204,-0.0020359300586393833,-0.0022036045186887517,-0.0019454805309225957
2009-06-18,-0.004248367247068498,-0.000549735480368174,-0.01198550094227419,-0.01037307223376119,-0.010443308663453487,-0.011374734465730394,-0.008822668553839659,-0.008261410397648467
2009-06-19,0.0055299551578280775,0.00406048470019781,0.004566639873439288,0.007740064713338329,0.0044478993417629755,0.004759567887303722,0.006559633965546394,0.0053770518083832925
2009-06-22,-0.01962662828878317,-0.015844590223179803,0.00459927937038909,-0.004343083437993569,-0.0007884802331221243,0.001386298275266744,-0.006263812981801598,-0.005905274649534861
2009-06-23,0.006334329817033798,0.0017867898505837725,0.0032761957222711456,0.007091451184088866,0.003664197110630955,0.003892738453134828,0.006363654499941132,0.004636768091006278
2009-06-24,0.006287158689211051,0.0035446988966235673,-0.0034154472734712104,-0.0005330176508329818,-0.0012684261086473565,-0.0015441659968431314,0.0003347555819114196,0.0004969097504111185
2009-06-25,0.0156490948538786,0.018003587608187908,0.01212399321356614,0.014891684643873708,0.012393780806082125,0.012518731729936073,0.014366160987455058,0.014253006747678609
2009-06-26,0.0009471165422115296,-0.001041972018433244,0.0012369456010837027,0.002344376398405967,0.0006250730183471403,0.001278124959723001,0.000995923535563195,0.0009021993352016948
2009-06-29,0.0030886465036694347,0.006464728630605204,0.001785936678362762,0.0007522378923704521,0.002073653065985442,0.0015756762761426997,0.0021965109308702832,0.0025491023941669705
2009-06-30,-0.005119929873655565,-0.0059262819279998664,-0.0027093394997568148,-0.004030495025054132,-0.004136413548056565,-0.0033515331033389887,-0.0036730231616301564,-0.004128025300884265
2009-07-01,0.0051264797706719965,0.0022308233876067946,-0.00028101729193295697,0.007859583555365259,0.0005742015898370222,0.0013699234819735163,0.0018450339948100712,0.002631017551125427
2009-07-02,-0.01777476842650402,-0.015133735082086753,0.0026952484336995406,-0.01443541390621042,-0.002035664271346569,-6.507179870506724e-06,-0.007241747655123431,-0.007594641201776429
2009-07-06,-0.0017759423006983425,0.00020190641460020878,0.0005818836160526231,0.0010127594248695525,-0.0021932485317307307,8.202208435733845e-05,-0.0011056485032621896,-0.00046304196563121396
2009-07-07,-0.01297215386495461,-0.010074802294058351,0.0031243990850451653,-0.004787034919144961,-0.0003375232652354245,0.0013468454874578613,-0.00456613540877521,-0.0040747193773321075
2009-07-08,-0.0005393985215117086,0.004271443271056628,0.01128720556286357,0.004667475207645573,0.006800657690105923,0.007770758746910553,0.006278382943257535,0.005730358012749215
2009-07-09,-0.0006918115534745996,-0.0012518511036422222,-0.005231886530999201,-0.0025685309058384653,-0.0036405476741275004,-0.0035105716666939835,-0.0033412140428787838,-0.0028898280996145246
2009-07-10,0.00021340850609067403,0.0011177040315706863,0.005996790506060374,0.002717760030962265,0.00461430083416003,0.004786558241103157,0.0035101153166100163,0.003279017138891673
2009-07-13,0.00978229655632795,0.012920167686704235,-0.003279836848099405,0.0020439986162177726,-0.0001420247654868238,-0.0016933891439353498,0.002755827699732397,0.0032047733366274696
2009-07-14,0.0014272828895781876,0.0007132029432133226,-0.006191571395789016,-0.0032253847700725318,-0.004016910123237847,-0.0041851383077990715,-0.00366184815684506,-0.0026857967824649503
2009-07-15,0.016287689787300774,0.012408798972129107,-0.01256044573604015,0.001458636359179763,-0.003840779882532502,-0.006754682336249346,5.5608890879489496e-05,0.0011127192149326041
2009-07-16,0.005184833028112876,0.0014051935543734275,0.006174356344583574,0.006312867377485199,0.005390768935314586,0.005124783559080938,0.006203498054298498,0.005104879141955192
2009-07-17,-0.0012667591740957076,0.003846412621501198,-0.005922634853213265,-0.008187939343374402,-0.003772217631125799,-0.005006988688768319,-0.00447578967247641,-0.0035148094257550066
2009-07-20,0.015032777518679052,0.007858486697027094,0.0037640525859590893,0.012696782869848917,0.006137547678914035,0.006111511892147962,0.009340671595366468,0.008725054895811258
2009-07-21,0.005005906931438292,0.007222321049184813,0.011843636417972089,0.009730932793928636,0.008639013225296525,0.009611230619015575,0.009558222002573039,0.00877180618202237
2009-07-22,-0.0001707333545971167,-0.0024766633484534727,-0.00518253733810836,-0.0037967377455423927,-0.0030677766261797625,-0.004439442645151684,-0.003043608564729213,-0.0031620229764178697
2009-07-23,0.011415650944987931,0.009494579437036663,-0.007893492402573877,-0.0013564311429353087,-0.004051186836263706,-0.006278089443111253,0.00020399411453224056,0.00028291698113132514
2009-07-24,0.0011489333566233311,0.0033254897965881366,0.0022597780935661614,0.00283745972166363,0.0012061915586190275,0.0017140161367986241,0.0019413713571361463,0.0020481101910492126
2009-07-27,0.0024648950087695215,-0.00014260990669764728,-0.00404825200420423,-0.0002430834952387831,-0.0023335315169284447,-0.0028399234488343176,-0.0015872652215100636,-0.0012715909701748425
2009-07-28,-0.0033932847546248555,-0.0020153025421281753,0.0025173207478595707,-0.0024810946651277234,-0.0013408353558254777,-0.0008837613607387525,-0.000696690361970867,-0.0011323681964281048
2009-07-29,-0.006002970964357486,-0.0012044652548065127,0.0022301306829062943,-0.003542114411369871,-0.0015216171173573145,-0.000487661663735378,-0.0014935041812670382,-0.0017182209668178228
2009-07-30,0.01507105755670945,0.007865555662337613,0.004411102378596103,0.011405225680095773,0.006065738106118563,0.004679560056910265,0.01096440611111039,0.008673238940358078
2009-07-31,0.009247773944541989,0.0048752105917660915,0.010951521233570618,0.013507564650120561,0.010532685096383788,0.011882755629598585,0.01145033054730055,0.010327259814082326
2009-08-03,0.009448823943557564,0.0056187616088417165,-0.010257683304748683,0.0008027652228133865,-0.004428262487224019,-0.0070426742584769435,3.969661142244965e-05,-0.0008357718748058947
2009-08-04,0.0047180831369794405,0.0004262920981817713,-0.0034964784673793274,0.002965924935180688,-0.0012073077568466916,-0.001506956791430726,-0.0005064947935046312,0.00019898925921587354
2009-08-05,0.0011115182592236774,-0.00404052718300726,-0.002621128266785235,-0.00016099601804416843,-0.003931006164906007,-0.0036432220700808845,-0.0036755696494726485,-0.0024447586993621576
2009-08-06,-0.006038234303736687,-0.0031109562755154917,-0.0012579539560226062,-0.003016558581898708,-0.002478975062238025,-0.0009676026314417263,-0.0035499292439090443,-0.0029028027814413165
2009-08-07,0.00716197599058029,0.005210843119158318,-0.004703500996063017,0.004368509276579411,-0.004904775691931935,-0.005519959224895358,-0.0001964258195680338,0.00017926279220523332
2009-08-10,-0.003426473078054557,0.0012940051813268875,0.002959470927054319,-0.003454275905111015,0.0033353134562964983,0.0030063558623141208,0.0018375624407225434,0.0008325882195663427
2009-08-11,-0.007017859078935278,-0.004745259754849609,0.005051705867260944,-0.0033639258877164627,0.0033660598288433614,0.004741920748312666,0.00017614901081271749,-0.00022884186192134324
2009-08-12,0.002981377437834707,0.005288490864035285,-0.0042307856957216824,-0.000222810125558599,-0.0005259212691680005,-0.002889146240291124,-0.0006341732874311763,-6.448615588729392e-05
2009-08-13,0.009849913733841666,0.007711294403234193,0.008552604801890611,0.010103943290011626,0.008074442360279937,0.008421951313293315,0.009826200781738867,0.008935400970687731
2009-08-14,-0.008372451750268423,-0.003434276322042772,-0.0022364898511121082,-0.006369047586803722,-0.0012881878644095124,0.00025251708270472513,-0.0040640506990563645,-0.0035855438709786374
2009-08-17,-0.016857864268590043,-0.011941355669409433,-0.0032607795158966554,-0.014123550855474823,0.0003529085050208993,0.0014681125013098228,-0.005025272637771206,-0.006947178215543035
2009-08-18,0.007179142852335214,0.0032383773020613874,1.213817460038602e-05,0.004700701752463471,0.0001251133210371663,-0.001499307749089786,0.0024928903038334864,0.0022541372358031307
2009-08-19,0.0042412757912230975,0.006727828560764336,0.004075714450097162,0.004029253662176501,0.004279052544850598,0.0038422461317645625,0.005215521379525894,0.004616746314587717
2009-08-20,0.00910800793039276,0.007187642494739639,0.001286755192764302,0.0056235556895463815,0.0022599899839355103,0.0024321732961066216,0.005846964651749614,0.004880223604011686
2009-08-21,0.00660526660912408,0.007560152730819024,0.0012778716987125922,0.007476894909269468,-0.004701118333528211,-0.004662058348476616,-0.0019542710329706085,0.0014992932959466947
2009-08-24,0.00191839309052608,0.0024014738338885267,-0.0019133789990784583,-0.003212195773533913,0.0033890446740851357,0.0026937937892088305,0.004989933975903674,0.0016067152976618829
2009-08-25,0.001528418488982302,0.002184702413910492,0.002922978550639556,0.003760112678736118,0.0016952472839649262,0.0026503204319388916,0.0019698715664428507,0.0023907168026768106
2009-08-26,0.0009686572052894486,0.00058372123926437,0.002996748925863415,0.0027171799136542414,0.0008318473047937315,0.0020041298546318634,0.0017154002777049848,0.0016713356621755541
2009-08-27,0.0015395531091449226,0.00024127237211273933,-0.0009991776677297692,-0.0005344449711918477,-0.000937867329723467,-0.0019016946205986053,-0.000372361848979184,-0.0003993784292782029
2009-08-28,0.002408147262806028,0.0008041666625275217,0.0050674739782788115,0.004200350278806925,0.0024548047315191193,0.0034406972127317874,0.0028289659004918973,0.003038624629620875
2009-08-31,-0.008627907992136571,-0.004158979288120555,0.0008991450403646349,-0.004160410729888438,-0.0008158264054641687,0.0015215665017392303,-0.003970180212974515,-0.0027737912174748127
2009-09-01,-0.014212771976635537,-0.012129421487032551,0.0006382947612659855,-0.00856651359715391,-0.0002498284203195824,0.001253354482113494,-0.0070031693829375515,-0.005683405221383856
2009-09-02,0.004121167798612878,-1.0316312328598545e-05,0.01112788696589837,0.009990819345690334,0.006480271212239867,0.00822301687983586,0.006555358358674744,0.006726370315290951
2009-09-03,0.0060758686791566865,0.003506596670306234,0.008066822111126234,0.007938091714235549,-0.0011740090612551777,0.0005595496274538354,0.0011655329610691335,0.0036510200263228203
2009-09-04,0.0046013640269887916,0.006064244712298969,-0.00014951503626132898,0.0022302099575092845,-0.002884471681208458,-0.003145644261421601,-0.0010444659659558887,0.000744639825623375
2009-09-08,0.008953176111826711,0.004335591219543087,-0.001864714261734654,0.005466737530583038,0.00024156779999788406,-0.0016299943160076197,0.002679015480610662,0.002563442948066038
2009-09-09,0.004723314984882798,0.0050260048366493155,-0.002291780105489814,0.00235190572465094,0.0013303914640984491,3.0099351781150553e-05,0.002365396184995049,0.0019405206799056425
2009-09-10,0.01025087580024257,0.009150093407058656,0.007026837404617863,0.010039244883175003,0.007400274908756931,0.0072614315049468105,0.01016304182015753,0.00878164535047855
2009-09-11,0.0015946860097082651,0.001023815490097615,0.010061795267158316,0.005940962601414143,0.0025859524986899824,0.0053163972654743045,0.002810584013466422,0.004160198899614291
2009-09-14,0.00031729317831565365,0.0006989766861456004,-0.007222408769513364,-0.0016817690294588991,-0.005147184441927027,-0.006083970511826225,-0.003604470004666659,-0.0032504321619776628
2009-09-15,0.006673224931828924,0.0016398108515463642,0.0067101313489949166,0.00609963009095194,0.0011575134327319683,0.0003627328943549344,0.002636439106514665,0.0035801176594884815
2009-09-16,0.013725889988439929,0.008797848652953879,0.008240424309297579,0.013279047738088924,0.0026093932608894847,0.0022964257378927633,0.007319140688391068,0.008042262660191994
2009-09-17,0.0005544475147302645,0.0010448178466553383,-0.002767308995781449,-0.0006129543547767751,0.0031669218163890072,0.00293127573487413,0.0035357485542364627,0.001149025890987936
2009-09-18,-0.0032606298770478694,-0.0017333117389133888,-0.006618657226089882,-0.003975018737796247,-0.005159131013350374,-0.005566450405861704,-0.004952259442817677,-0.004460253135399672
2009-09-21,-0.0050789756057630685,-0.001791037941607742,-0.0016055973526670733,-0.0035301233544284883,-0.0020234660434399272,-0.0007067879250250806,-0.002270558272690189,-0.002425902553752622
2009-09-22,0.010239137456400864,0.004563386264158766,0.010247849710097906,0.011280179950181685,0.004587685081714844,0.004616677660474492,0.006147240710503402,0.007370996322834076
2009-09-23,-0.010147518125061428,-0.004169229012457979,-0.005954473439774767,-0.008903549050219844,-0.001183541973930531,-0.0002576517255149669,-0.004260252414623687,-0.004995283803271789
2009-09-24,-0.010622558043056576,-0.00562105487964127,0.0004029665644442483,-0.01057207822681071,-0.0008370539712600007,-0.00030223556873966196,-0.004331908158994498,-0.004703960087450691
2009-09-25,5.674958172206877e-05,-0.0015565181378741678,0.003146750679623783,0.0015284919306017498,0.0013973973471965166,0.0020341191733481002,0.0020143779285371963,0.0011576294324539306
2009-09-28,0.01228537474637582,0.01134582282300211,0.0023771804850956915,0.008031540102643049,0.0031199572304321114,0.0025949468441678596,0.008054654758546801,0.006807480824679937
2009-09-29,-0.0029543278927368377,-0.0019745607843524144,-0.0033436225795733087,-0.0012609363688343834,-0.0005446417695783958,-0.00048698558633659766,-0.0018964048406084127,-0.0017100863838848124
2009-09-30,0.003833743224064369,-0.00200691097606317,0.0002966350992412669,0.004224354818270171,0.003470665708704134,0.0023566845194913817,0.0032055352861845017,0.0023429608297432123
2009-10-01,-0.014445720994029432,-0.011766378940094573,-0.010204367892823838,-0.014080154407148354,0.001368524839910639,0.0010880389028577707,-0.00480520422903882,-0.007530090965445019
2009-10-02,-0.0037091680535120347,-0.0029213260375595103,-0.005615081910935617,-0.0013680741128271766,-0.0006891081650945501,-0.0005358076055141255,-0.0035638336953078714,-0.002525371771879244
2009-10-05,0.01396412847952693,0.00886990571402592,0.005602288028572732,0.011731363227334295,0.003694640057251761,0.002918414729876219,0.009799982988312618,0.008081493413266751
2009-10-06,0.004802283417769765,0.007363679539803363,-0.0013477096783874763,0.005336377905677693,0.001955837548691322,0.002221409302231525,0.003933610139802307,0.00350022930875157
2009-10-07,0.0033797290526594707,0.004173478343290024,0.0062257092533676076,0.004097269703994805,0.005136210321325087,0.005348350480341162,0.004520627449334509,0.00468461119203467
2009-10-08,0.006308563832403765,0.0032097119752167386,-0.005066460921462279,0.003392301967834949,9.552311988237966e-05,-0.0010624675562105814,0.0026422852671683845,0.0013996455279486424
2009-10-09,-0.0025061451054574006,-3.144542015963642e-05,-0.008722821391713997,-0.007246778935583062,-0.007398658723797881,-0.007899218243618831,-0.0056347817852041016,-0.005634909719895963
2009-10-12,0.005400695879628919,0.00353834288000638,0.003571555096422885,0.004723801803779483,0.004039529304818261,0.0034377976566096063,0.005115499647409705,0.004270042859025165
2009-10-13,0.0014558445218542122,-0.00037211600290200006,0.0020507064353578078,0.002393666187618895,0.002993652434102409,0.0026400890991968126,0.002920558891683346,0.0020144095741060604
2009-10-14,0.008876226467347939,0.007562973753319992,-0.0016744788247498603,0.0072902380904383435,-0.0037037492668178396,-0.0034695367872584508,-0.0010410709607284806,0.0019467732623240554
2009-10-15,-0.00259806230707703,0.0009262749750862116,-0.0015957056578619257,-0.00450925981177433,-0.003377610689240189,-0.004518462117157166,-0.0028591434535879525,-0.002639303420107317
2009-10-16,-0.004025040771447439,-0.002735224984101248,-0.0001937695181269929,-0.0037891492220570645,0.0031181442961070722,0.003049788023095916,0.0012532567139743025,-0.00047983398361898193
2009-10-19,0.010909462990800266,0.005599825981187222,0.0065799635543957406,0.011533294074113978,0.004241227034511582,0.004657408758668317,0.007285496291901582,0.007233645919482776
2009-10-20,-0.004149256418590017,-0.0023025085106145957,0.003752673032694406,-0.0028429223656923253,0.0008356724781546545,0.00012025300739705884,-4.623277721626769e-05,-0.0006539783226574972
2009-10-21,-0.0018480420956887961,-0.0063240331734448155,-0.003701391971632734,-0.004598919566757032,-0.0005160410465748057,-0.0005744251101745361,-0.0011529066873694472,-0.002671162910552356
2009-10-22,0.006289802279037982,0.0049581566473933004,0.005768752486077418,0.004898989689664986,-0.0003852706286478405,-0.0003590310786258399,0.0024447089011631036,0.0033838074000753574
2009-10-23,-0.0069757464263068185,-0.008977451550579314,-0.006064080182712579,-0.0070538649586906945,-0.0049163405543912065,-0.004727391092955921,-0.00589351815350715,-0.00637136794415446
2009-10-26,-0.009541774590285336,-0.008767698904904177,-0.014231973460544563,-0.010372603209904087,-0.007271051542493555,-0.00866124723479979,-0.008962668823783992,-0.009539191276533746
2009-10-27,-0.0030830524331081147,0.0007276043959458848,-0.007321986489554788,-0.007033236859575692,0.004954501237088208,0.003342810014896636,0.0037014218197063842,-0.0003769570586974239
2009-10-28,-0.01811963994352589,-0.009976720998313406,-0.025540245140874496,-0.02758912883148955,-0.003184457862067387,-0.004417742432163499,-0.008300811768430227,-0.01344265752473817
2009-10-29,0.017729405006970837,0.010656813376922697,0.029409710834743825,0.026230185822842284,0.0022940848985857536,0.0050268336141239996,0.0069993940475925965,0.013376538996512748
2009-10-30,-0.012643277699068877,-0.014221376041435259,-0.020246477392394522,-0.021565021108772953,0.0024446281765894274,5.9811911778998115e-05,-0.0005427588164593966,-0.008930478828921232
2009-11-02,0.005271345198935166,0.0032115397498402327,0.014073759065618613,0.008827502162269418,0.001080959212203412,0.003080501396276771,0.002512825285412492,0.0051051523253839385
2009-11-03,0.004813898673209677,0.0009012712513273252,0.01981678414146968,0.00578270156257187,0.00209385377714332,0.005368680982319462,0.0020776739213168673,0.0056989724691649014
2009-11-04,-0.0001525721264351279,0.00045335905742883075,0.007625817015896319,0.0025217733450001445,-0.0003153027225908937,-0.0001486834329499718,-4.2507503735348225e-05,0.0015535428070055167
2009-11-05,0.00896610011232469,0.011173055752172298,0.0019056329887464825,0.008972077459323984,0.0015746252417196162,0.001765478351261521,0.0027827561351943947,0.005387726419974925
2009-11-06,-0.0017786992612898725,0.002761985539528798,0.003387259014107079,4.035161922188085e-05,0.0023081443375742934,0.0021124027088468005,0.00030735666306158085,0.001294786425192525
2009-11-09,0.0174350607922669,0.013994000361274073,0.01093159371075586,0.01730193883206109,0.003685649369446551,0.005065447399450984,0.007591404258284186,0.01100288030399035
2009-11-10,-0.0015873387986921552,0.00041040476541657556,0.0008342442575143108,-0.001548291428217105,0.0005962953095713981,0.0008016392277792394,-0.0007118548136081051,-0.00020785863542119852
2009-11-11,0.007543076291172063,0.004236813112002012,0.01050732162316482,0.008624349117226383,0.0045678922812947996,0.005430359408768213,0.005680866011719877,0.0066469765226271965
2009-11-12,-0.008673222813228085,-0.006036268060284244,-0.016357705950491574,-0.015179534664925902,-0.0029392673472060735,-0.004760545617862159,-0.005079589377325241,-0.008323892666785857
2009-11-13,0.0072904223609131565,0.0035419707516372865,0.015244218876494964,0.014070643065968037,0.0031213267032394352,0.004522506192274169,0.004988497500098444,0.0074643722449487205
2009-11-16,0.01575231553973924,0.010837211524863442,0.020166752335454306,0.02073742654734675,0.008797836577113048,0.010709110136699472,0.011606074369921301,0.01397809009620793
2009-11-17,7.775297245493206e-06,0.0015719575509557718,0.0005620696200429446,-0.002844996940573556,0.0025138774046343047,0.002723249023740235,0.0018582734904078412,0.0009486717334355535
2009-11-18,-0.00048226696839861094,-0.001376576829289143,-0.0013800803071748649,-0.0008270430190393105,-0.002038925728852303,-0.0013307436526178418,-0.001760220756837658,-0.0012853661426286103
2009-11-19,-0.008865830954229537,-0.007352492419644055,-0.0066019115849052235,-0.012002609076283038,-0.0016011842002197829,-0.002034403184791311,-0.0029377776947718337,-0.005792503397028635
2009-11-20,-0.0022420947112755632,-0.0021660043711789153,0.002076882929579307,-0.0016863137106401555,-0.00031657568725117636,0.0006952591952723876,-0.0012027834227216286,-0.0006660719444369799
2009-11-23,0.008380048198713469,0.006967772895870337,0.019718520291811422,0.01512126437237161,0.0023135789410120102,0.003956456798024401,0.0038917578575511516,0.008537621863440358
2009-11-24,-0.001649297161611718,0.002958217997193308,-0.00439358249300245,-0.004280693775300957,0.002884089973064237,0.0024894260368613706,0.0017091628808271295,3.827329006971555e-05
2009-11-25,0.008402141480196721,0.003453604660147252,0.012228057055937401,0.01003085838475929,0.006455916872713967,0.00838348382570996,0.007571403386758404,0.008125804162062098
2009-11-27,-0.01294245065054074,-0.007986522674274594,-0.03565357919570865,-0.026978581582900858,-0.001029222363927424,-0.003166496838809464,-0.005253408042851847,-0.013108329150758243
2009-11-30,0.00840213609050576,0.0026671785354844494,0.00912597271664213,0.012695168599575472,0.002881531517720165,0.0032083465978729716,0.005357597433497709,0.006253231291108771
2009-12-01,0.007367478553223243,0.00518000166004483,0.026913835879625397,0.01878822238209938,-0.0005986413766277194,0.0021030613527626566,0.0013265154483541614,0.008557175693943715
2009-12-02,0.003245223780987901,-0.0010886735514706756,0.005482458693672164,0.007872196783933635,0.00022710272330265515,0.0020699528418230296,0.00189425332961138,0.002927205924240885
2009-12-03,-0.0059142475170228135,-0.006622718707353223,-0.00743937188034939,-0.007377236939120402,-0.004273106471917083,-0.004182342160654691,-0.004252387066583319,-0.005747165654412139
2009-12-04,-0.00251544793753096,0.00044922580181941873,-0.009578073467409564,-0.0034932546856353427,-0.011421023522514001,-0.014308433817518592,-0.007992225599114406,-0.006783843868342773
2009-12-07,-0.00527199832205409,0.00016882207592744912,-0.007542526878009425,-0.009572529692724503,-0.0001471124475206513,-0.0009951217315003012,-0.0030887151573933884,-0.0037720122487208537
2009-12-08,-0.0067586709514366,-0.005275540237764298,-0.018753770466280663,-0.014285303257886505,-0.001793353337943642,-0.0038404309801244097,-0.00470591376726958,-0.007858286533593637
2009-12-09,-0.0008746208922748486,0.001446207378488478,0.0035943904430567044,0.0019645444991678272,-0.0013736750667416807,-0.001430516840301895,-0.0015594508888305814,0.00024041765244314979
2009-12-10,-0.0007701412024172081,0.002017940157380834,0.0037122320323379134,0.0017996378168679264,-0.002190030484790106,-0.001977473240820408,-0.0005186041173878537,0.0002865781250776771
2009-12-11,0.0002715151658319408,0.0005857497664362148,-0.002441078185484579,0.0001699960836891652,-0.005359275301800804,-0.005902865781632213,-0.003124788406200367,-0.002182040099454574
2009-12-14,0.006838532898943221,0.00406673907426707,0.007408250173730393,0.008782419413816685,0.0022874005526858643,0.003158784347508861,0.0057053421378793915,0.005480318625880259
2009-12-15,-0.0055884494868322365,-0.00407063000393059,-0.007298249702751816,-0.006749538591144788,-0.004084280843473705,-0.002843249290427116,-0.005087914142488193,-0.005091518382950796
2009-12-16,0.005391788091409607,0.0009179247057762198,0.007162583676328043,0.007227421242026079,0.0034398336347475807,0.004208800239497616,0.0053912489649343785,0.004831662538959304
2009-12-17,-0.009302436313857613,-0.0037034430146890246,-0.029671797444389678,-0.026168044627587907,0.0024173928667004397,-0.005757714000079431,-0.008293106391175335,-0.011566505263282746
2009-12-18,0.0043608355954983125,0.0013848133831809227,0.007168546080521966,0.008456692712319563,-0.001930314527818099,0.002166017559460204,0.003280182755487854,0.0035576878845099812
2009-12-21,-0.0029927719268396935,0.001980385176614183,-0.004556667974978155,-0.002739506217641393,-0.009125858875213501,-0.010054105646880564,-0.006174452687103079,-0.004824343525193879
2009-12-22,0.0018111068952535623,0.0004071857473813363,0.005210729727811458,0.004483479223957944,-0.0030084719888579543,-0.003301907596523569,-0.0008222753240498125,0.0006644473095243643
2009-12-23,0.00604109653954272,0.0009045040087060203,0.008043642643067906,0.008318985351018833,0.002618673730364344,0.0016100141157579498,0.004616214208789654,0.00459773269978091
2009-12-24,0.00476031278098659,0.0014129978087465487,0.009489083085196517,0.011160435753953282,-0.0015130249718621868,0.002431625319811694,0.003046752524952435,0.004467824083619551
2009-12-28,0.003032794507270739,0.00021415318115667464,0.004627452447917241,0.003193631343826179,7.392838676106676e-05,-0.0003545573553592897,0.0015917251489137106,0.001772950425128151
2009-12-29,-0.0027224573526936843,0.0001889640708170817,-0.003938795920250527,-0.006308514887382054,0.0014336838288943321,-0.0009355165858006632,-0.0014008500141625155,-0.0020067383352390202
2009-12-30,0.0013064547382626356,0.0005012936859851943,0.0034735884005740393,0.0018760334087667677,0.000989318409828904,0.0005023080717922606,0.0008172556031328713,0.0013184167120161344
2009-12-31,-0.004751969867394489,-0.0077018032777076695,-0.005039816002846941,-0.001464661991104011,-0.003550401280058153,-0.003635542599088989,-0.0034100023574895237,-0.004094373784299287
2010-01-04,0.012550125502851481,0.011185431711299916,0.019401985667856312,0.01999168989608241,0.006992806023605235,0.00876282792256649,0.011654738671105318,0.013111001821754713
2010-01-05,0.002715392934271809,0.003316953285508245,0.0029591985021215437,0.00287061640187223,0.0037487150919662217,0.003042836789185931,0.0028155575604230467,0.003063279595724742
2010-01-06,0.000976412193081035,-0.0011937644904676554,-0.0026745001831812547,0.00424862669595382,-0.0003126456846610265,-0.0018233393339430188,0.0008409227548669396,3.9018946409122225e-05
2010-01-07,-0.0006914780965442748,0.0025358448005937083,-0.0020276241304754035,-0.0034327336057276025,-0.0015110630092384256,-0.0006818634684990385,-0.0010577148691101874,-0.0009834215305008689
2010-01-08,0.00213787121981432,0.0024957008219397177,0.008107129409400182,0.005514129229081299,0.0014810499733701502,0.002755168364243766,0.002795754866557175,0.0036035143432538827
2010-01-11,0.0008430562840266099,0.001109370149981484,-0.0032553173529850593,0.0019253144237766258,0.0008483659995403328,0.0014922909639631143,0.0014121544890317236,0.0006478459239964017
2010-01-12,-0.007927333440055022,-0.0027599819264006544,-0.013957804774228776,-0.016756481370196558,0.0010958823117399531,0.0006603673748235482,-0.005667278847891498,-0.006524645292392406
2010-01-13,0.0037173658308594535,0.003128466052511963,0.008572259618699065,0.007837029396738656,-0.0030885822929986283,-0.0004619438879198594,0.001774170018859287,0.0030710552076662037
2010-01-14,0.0023131916266746866,0.0034227800491143635,-0.0014464812070888566,-0.000291910113723748,0.0027704620042998105,0.003706574303030651,0.003007271930600587,0.001949213145080862
2010-01-15,-0.005918635403480295,-0.004942386749921713,-0.011381055074621066,-0.010343127692609762,-0.0011110747227789355,9.462577339147096e-07,-0.004640726763961474,-0.005452456393200218
2010-01-19,0.00859617326283075,0.006725953022259497,0.0178775338429404,0.015952759808622118,0.001595185997965685,0.0019382224778195776,0.005791882994279017,0.008292552808798542
2010-01-20,-0.009816399746750904,-0.0047103624020568315,-0.023480060646893498,-0.019366579686393114,-0.004562316781903402,-0.002668569938431116,-0.008143605859848914,-0.010290337091936474
2010-01-21,-0.011365701229631566,-0.009979093768409207,-0.02681267279609312,-0.021875356521130773,-0.001728130071388092,-0.0005969249582044862,-0.006601028220846266,-0.011050367563814584
2010-01-22,-0.012460195595945689,-0.012797271986441932,-0.019421482415802712,-0.019113918356475003,-0.0028524340103179713,-0.004178813873781841,-0.008691391846713267,-0.01132908738546894
2010-01-25,0.002491524998522982,0.00208123972884344,0.006445996708570487,0.005409592367825196,-0.0001000055305597074,-0.0006865955155262994,0.0014365544319934042,0.0023540595319480294
2010-01-26,-0.004934184735219542,-0.0017623850416521017,-0.02084676111294193,-0.00924802091876843,-0.0006809398629303922,0.0009797821228830176,-0.0027456675214687187,-0.005525166391313428
2010-01-27,-0.0012786657753053403,0.0019165563267505674,-0.0025594092090255294,0.00046709251899328314,-0.0032072436784084815,-0.0019648444297219523,-0.0024584090819645106,-0.0013332130727381438
2010-01-28,-0.006593101344733699,-0.007018670107402743,-0.006928289109629496,-0.00989114531507332,-0.003938357495599896,-0.004168393479510156,-0.005645383763843078,-0.006272289391795473
2010-01-29,-0.004604412765223301,-0.004935062939432004,-0.010853070286736415,-0.00885639137104217,-0.0007605064608745623,-0.0004699545338799359,-0.002546501177492914,-0.004667230921551311
2010-02-01,0.011086435625142041,0.007843966554861219,0.02690700340159255,0.018140323748670778,0.0025551317339482793,0.0015529133431368177,0.007545888531765253,0.010709196060963072
2010-02-02,0.008796848504844784,0.007912387836806282,0.008140327026904476,0.008541366477433166,0.00577707136985282,0.004127350744743823,0.007094622175428524,0.007183870097682058
2010-02-03,-0.006164662933399566,-0.004895589996821541,-0.005803446517571368,-0.0046196203903483245,-0.004365291429024249,-0.0037031182895698265,-0.0040344159813917955,-0.004783717681972627
2010-02-04,-0.021274237185840716,-0.015258954164750012,-0.045212898302274054,-0.03891813748320986,-0.0034162855944843344,-0.0010807314672195492,-0.01589718497903463,-0.02011548287143733
2010-02-05,0.0011495845638955806,0.002532076765117194,-0.011163927869565752,0.00023781527266341629,0.0011671885074528109,0.001965358757426613,0.0005717296819777336,-0.00043088456646437565
2010-02-08,-0.0055526876413469605,-0.004621527359557271,-0.009946514981092216,-0.011226665863611516,-0.0013869410203203145,-0.001577359949437901,-0.0033134744441495464,-0.005290248338010944
2010-02-09,0.0069889534785645266,0.0051723797448223335,0.032582261443516704,0.01758114099115305,9.374522617831447e-05,-0.0008464489156336172,0.004741873923434671,0.009198941621196256
2010-02-10,-0.002673769190253125,-0.0022886510562393153,-0.0026299681866925875,-0.00181042728130917,-0.00218736901232183,-0.002045720060740679,-0.003773222085397024,-0.0024986282301101073
2010-02-11,0.009664649575783623,0.005711228234643507,0.02636462156826334,0.01927758347123135,0.0030705182607600546,0.002318038460244619,0.008088292985109739,0.01052990115226547
2010-02-12,0.00015960150872982096,0.00044809668601248265,-0.012586788771449677,-0.0032432928896091377,0.001088902152900551,0.0012715605490708293,0.0003926964119094084,-0.0017512255177121337
2010-02-16,0.016101367411768232,0.01029825496726896,0.023776294996008186,0.023021755199337753,0.0077477369473612796,0.006624690886274142,0.012571174077242378,0.014330442514614558
2010-02-17,-0.000582959900850014,0.0007500252410434127,0.003861393874483171,0.002614201313573208,-0.003612774663706702,-0.003894789004900601,-0.0019111294530307285,-0.00037664903699629807
2010-02-18,0.004323663860634306,0.002164804899239469,0.0041623015697099955,0.00650634136549382,-0.0001636808700930892,-0.0010079965846239536,0.00271424388433766,0.002685624182486883
2010-02-19,0.00046827904603788926,0.0014799699921884575,-0.007348720035077825,-0.0031860191751664326,0.001451241283268625,0.0008672986418002648,0.0009051528636512414,-0.0008280889923222526
2010-02-22,-0.001267168336565091,-0.00019662706132867505,0.0007769766573550797,-3.141788286592257e-05,-0.00151159797277496,-0.001375962659618207,-0.001375948229959372,-0.0006972370463054693
2010-02-23,-0.006554554581887682,-0.004414995204627584,-0.021562468906398794,-0.014278217511357088,0.0008208253317622725,0.0021961236574676193,-0.004015858405672442,-0.006922591483579314
2010-02-24,0.005553387425203475,0.005772843801401447,0.009693954263824425,0.007518031125648361,0.0032732799964467537,0.002584035234477729,0.004124396751295123,0.0054943057422730205
2010-02-25,-0.0006963112062824847,0.000602952684509051,-0.008030511496187595,-0.0014959782489568202,0.00013797449229611557,0.0015289002083611028,0.0009140867579969309,-0.0010384259688367608
2010-02-26,0.006103696227665719,0.0009994590680431513,0.009909824835404825,0.005210246213193071,0.0041573372620567015,0.003132260756002243,0.005890951608727661,0.005088069540097442
2010-03-01,0.004662833100107239,0.006632795875356447,0.01686628046910549,0.00923260690076837,0.0017460650120261244,0.003330455001084672,0.0018821305171636059,0.006325426539043493
2010-03-02,0.004914953140903422,0.001885224743033462,0.011103623045185728,0.004998850845728979,0.0022937195603455664,0.0016011179127569336,0.003886161676939286,0.004440279313574396
2010-03-03,0.001596951247790801,0.0001396499106219621,0.0012435141960790636,0.00042360005920118475,0.0008579948929552437,0.00018228693430852474,0.001491374170911732,0.0008763983994346881
2010-03-04,-0.0001584458495116829,0.0025258224893381464,-0.004974434711428111,0.0005761131081548064,0.0006017700303214864,0.0015352798863827596,-1.411752651843054e-05,-4.242309144767179e-05
2010-03-05,0.008390185271563756,0.006718827309769616,0.02572124958876302,0.018919888042558976,0.0006549398735988972,0.0002441622530653875,0.0012848863166004725,0.00891073804720884
2010-03-08,-0.0004024091312987563,-0.0010351636899228066,0.0028158287697934974,0.004184610096934397,-0.0016510230154853642,0.00016070433094298066,-0.000991192689254565,0.0003768344993620395
2010-03-09,0.000529724584150838,0.0020190734212036567,0.00485584312553668,0.003783201583384338,0.0013457318748530626,0.0015043795611215662,0.0009709651261728535,0.00213428920262409
2010-03-10,0.001905994161257568,0.0020111907322002405,0.007476138805378425,0.006867242162512592,0.00034357050626311776,0.0014706922805069473,0.0007002297191490766,0.002940497419709003
2010-03-11,0.00170857528726186,0.002159582494248812,0.0015514643290177503,0.0034229710512075134,-0.000196327907942743,0.00027744671512823916,0.0009764887439862939,0.0013818754653859991
2010-03-12,0.0003536349553177418,0.0006693824736100987,-0.0007371221366727861,0.0019711535067337923,0.0006847284991177097,0.0015411688513474644,0.0011976615090521204,0.0007493021914083708
2010-03-15,-0.0023823192219023653,0.0001569126091268085,-0.006087701599469772,-0.0034376887284812284,-0.0013408276953413617,-0.0005880539968991659,-0.0012765100842654351,-0.0021771734558426177
2010-03-16,0.011124354937580964,0.006344309128250387,0.01555841647355956,0.01647282157132664,0.005284722434150976,0.004729913785638736,0.00803880617312883,0.009628357440842873
2010-03-17,0.0048665722351623215,0.0039003060100407366,0.008489762390614388,0.011022939804844492,0.002413016490058155,0.0025477720581838677,0.0026913918426847067,0.0051679945242200055
2010-03-18,-0.001502060576565466,-0.0013646740060440517,-0.0010613377028665396,-0.004265213682121843,-0.0016315357911293614,-0.0011715992212868154,-0.001022762320366886,-0.0018078224782139408
2010-03-19,-0.007441860380106626,-0.0035745524109958684,-0.00849634706987053,-0.010994910638094352,-0.0025298431340210472,-0.0019544306539155433,-0.005247532574063396,-0.005810889180765768
2010-03-22,0.0035516928092637684,0.004539254708416061,0.010608332241896654,0.009005079568935795,0.0034986920293808713,0.0035826252816036504,0.002251430052011232,0.005222468713748304
2010-03-23,0.001287389111704233,0.0033915864660621904,0.00232025972153464,0.0010647380063542136,-0.0005128418615700792,0.0003250012434189142,-5.325724795674679e-05,0.001180280278332816
2010-03-24,-0.009336591111115795,-0.006880020355543149,-0.00022491550979920547,-0.00199018021945396,-0.008626758168807537,-0.007725810315906899,-0.010442456742279829,-0.006623495661663296
2010-03-25,-0.002008743478690199,-0.002441668252059913,0.0003525467221435853,0.0007706580460015468,-0.003440112656056803,-0.0032087803634163257,-0.002602949666828387,-0.001827056063357342
2010-03-26,0.0029396233190537597,0.00052287031970601,-0.003489162096468627,-0.0009643205956650705,0.002280875425376922,0.0023739232394283296,0.003796068124360235,0.0010905906210475417
2010-03-29,0.005571091671714004,0.003221152887808346,0.0035504493392600513,0.0038537901196528993,0.0008690760632484164,2.8579989465219162e-05,0.0021865697073455777,0.0028272588492387844
2010-03-30,0.0006756299147303794,0.0008122731144590091,-4.0700872122561234e-05,-0.0004613105682261511,0.0012711989755725948,0.0012381255590447435,0.0003706932495851858,0.000581743734293598
2010-03-31,0.0001564461343876846,-0.001109640243469063,-0.00942151846117255,-0.006480110524841604,0.0005650139036585484,8.005251831843152e-05,0.0016854484027853341,-0.0020265088500914475
2010-04-01,0.007568789754787878,0.0032706706229707156,0.003621748762085279,0.00578814970463248,0.0006519116837285723,0.0003756897422235241,0.003948934641488127,0.0036852220408327956
2010-04-05,0.003979543619688191,0.0013277943748310596,0.018316063386044985,0.014643075193909626,-0.005051249336939042,-0.005582525958586904,-0.002192253937508393,0.0035901185559136734
2010-04-06,0.004247746586239956,0.0025893785572858,0.01713360012762244,0.014246993174298521,0.0025635347522481315,0.002665606176883035,0.002908007627469854,0.006568669764783908
2010-04-07,-0.0006446699458812021,-0.000988115646762566,-0.014619136935222439,-0.01266375846142954,0.004088222127007123,0.003950952058283353,0.002443782466626553,-0.002644043274716983
2010-04-08,0.0008355265659845697,0.001615886093605287,0.0018258156143468075,0.0014862972829665824,-0.0008742549920056404,-0.0008558039051526042,3.326553804154788e-05,0.0005678874257824913
2010-04-09,0.0052968963785008346,0.004380601547263777,0.010645708972780634,0.010458988120399451,0.0018202016636986481,0.0018215909242930265,0.0034764274219831496,0.0054101854992000264
2010-04-12,-0.0008157779353850827,0.0020318921367748553,-0.004490957541624763,-0.005353405139542392,0.002196100562515183,0.0024104220203693388,0.0010247496121025782,-0.00040678649858719835
2010-04-13,0.0041664871850302454,0.0012131338713058503,0.015140841172094853,0.013702645053092748,0.0029507456394788326,0.003333286853986279,0.003428792369155562,0.006306983155979572
2010-04-14,0.004793196833499724,0.005722700062071097,0.006359153018378174,0.004708694917265851,0.0008441769632425333,0.0010030611655318005,0.0017216197991636187,0.003568300406065116
2010-04-15,-0.0015328416107778834,0.001165455728928394,-0.015156993645494433,-0.01554052976189729,0.0022336874638264606,0.0022179234800809014,6.672061647331872e-06,-0.003822962920098966
2010-04-16,-0.011612393633315619,-0.007204701094431365,-0.016636264137988205,-0.01945048519272155,0.0005850302927683619,0.0007469173763662942,-0.004332393253951476,-0.008349186268090262
2010-04-19,-0.0019374629571803409,0.0012504790122203173,0.0014959643589353032,0.0008952595655627903,-0.002704241138685186,-0.0021451490902294652,-0.001845382856309646,-0.0007116432016003363
2010-04-20,0.006587981176942286,0.005504361100138995,0.010001414300635694,0.010149441083687262,0.002072634398281503,0.0021501212759906943,0.004304304755490944,0.005873645851787845
2010-04-21,0.005075523643686205,0.00020988326913302653,0.01058511060910445,0.009926688454296366,0.003790122816270781,0.003807931483739633,0.004416716367528172,0.005412671055257789
2010-04-22,0.002110863994847546,0.000841040625834262,0.009733925324624615,0.0077118601200840435,-0.0009309055824842801,-0.0007893652854031773,0.00025272858642936234,0.002744641749224989
2010-04-23,0.0045998032324552195,0.002787694306575156,0.008024883490703249,0.009210077901753383,-0.000288599167862683,-0.00020064913919671477,0.001693029657836816,0.0037339518528469217
2010-04-26,-0.000457609848638411,-0.0020003440047128363,0.0021454941293448976,0.001993550668181084,-0.0001491155773470216,2.7599006319106213e-05,1.6631925020200083e-05,0.0002880492937476374
2010-04-27,-0.009705789204366714,-0.010479596998312536,-0.02718835317290087,-0.018286315394862283,-0.000768159861425893,-0.0007235699794577954,-0.0032664679899800705,-0.010064527509617826
2010-04-28,0.0008423652717176697,0.002422156687120993,0.0019800170647122457,0.0017404096777258473,-0.0007786517390719443,-0.0007391105266880378,-0.0007262659035150391,0.0006539185654478193
2010-04-29,0.011776113196961523,0.00805212786323295,0.03264554021720845,0.022707755457285473,0.004616702566968594,0.0050383265700505485,0.008004987796994125,0.01319597265732696
2010-04-30,-0.004505795715203518,-0.007681911966902031,-0.026060371970987734,-0.015465210073240783,0.0021663598152183174,0.0002450879084878754,-0.0009724062894206323,-0.007515010288390079
2010-05-03,0.007674928069331793,0.006604682266948941,0.024673092365463417,0.016574193344927084,0.001438114159916539,0.0018905797977207357,0.0041240192304649904,0.008944093011196773
2010-05-04,-0.014312340922271098,-0.011275780641093155,-0.02597768275084455,-0.021054423316509,-0.003728621732432596,-0.0028529190308461015,-0.005805764864881882,-0.01217741231796288
2010-05-05,-0.00622605997138314,-0.0019184205833570479,-0.009800578703822845,-0.007873587285087311,-0.0031301108804432784,-0.0017671323040916445,-0.0027172883547430214,-0.00473583400366897
2010-05-06,-0.012701677584744981,-0.015640626966212864,-0.03740512587740371,-0.024169792612151523,-0.008219428103590571,-0.010897266275125071,-0.007236208128872572,-0.016538047833864793
2010-05-07,-0.007766479339174679,-0.009879236095235833,-0.015958997923670823,-0.014755526404179625,-0.0035778021166896594,-0.003992302551108605,-0.0059402361855924795,-0.008809234087161671
2010-05-10,0.02412483033129594,0.022668575163482165,0.06179781454205507,0.0463350423790777,0.00776800465653831,0.00999900011085791,0.013241097831598015,0.026135043362837757
2010-05-11,0.0009107646312211818,-0.0012161006769231672,0.007024556049682356,0.008841030656252408,0.0004423730333812311,0.0006968920389371632,0.0007036577456163425,0.002369868940338459
2010-05-12,0.007256747139382619,0.007343541699433602,0.015585837396489359,0.013932609718958166,0.002180928876620874,0.002576778166748175,0.0036328934944981134,0.007514355400354502
2010-05-13,-0.006424131186195833,-0.006383298692654358,-0.01574514996852155,-0.013769073341796988,-0.0009346307982701085,-0.0007554020226138709,-0.0026887042205292156,-0.006686480934607817
2010-05-14,-0.010341243366373536,-0.008225667113804756,-0.030053525468681373,-0.022508271668408193,-0.002940185762427657,-0.0016809300512093993,-0.003935194109796395,-0.01128530814452025
2010-05-17,-0.004695793021246776,-0.0005961419865747194,0.0013305054323062798,-0.0007127410020236837,-0.0019927899775622217,0.0005654688826469625,-0.002214973679842289,-0.0012078057753470448
2010-05-18,-0.005358867378435723,-0.0052536096501619505,-0.025269124916250094,-0.018267577015045378,0.0024909716715643803,0.0012259184827415834,-0.0006589325964918267,-0.007250156341290957
2010-05-19,-0.006700695999402625,-0.003041434878163108,-0.009244338120592997,-0.011264309226449649,-0.0011356276148211204,-0.0010145331777972584,-0.0031091775938215105,-0.0050577619078162874
2010-05-20,-0.01904412192589133,-0.018479508342554674,-0.051318556144657836,-0.040517283084027446,-0.0021725764816234215,-0.004811896587510227,-0.008631264730572966,-0.020412416198369084
2010-05-21,0.010267992764319464,0.008725242018495264,0.033568520029283,0.022995360530644448,0.002045654749647305,0.0015869102797514095,0.005800042384492349,0.01172829647011521
2010-05-24,-0.00405435379243884,-0.0075155325949940914,-0.0223417315886356,-0.01239199325096772,3.7332570453895514e-05,0.00035952170160289266,-0.0024702729459799224,-0.006706910357462038
2010-05-25,-3.788000900053275e-05,0.0020245294905181337,0.008040676236235934,0.0047512171069451405,0.0002841554850032024,-0.0006981934119917863,0.0005413132989111559,0.0020408546472447
2010-05-26,-0.00043701590715569677,-0.004441856087203771,-0.0005402897505130021,-0.002033296425706855,-0.0019710094463457205,-0.00275042265517854,-0.001435695965769639,-0.001950968897367954
2010-05-27,0.020016588208131136,0.01625293800973748,0.04761064912462833,0.03936887954470157,0.0011476835393391066,0.0019809216305298263,0.007653468955051073,0.019191996302346956
2010-05-28,-0.005400730773988331,-0.005874269110977874,-0.010873665555019884,-0.009034707629408016,0.0005700705993478652,-0.00013968668281516268,-0.0021542736029464766,-0.004775617165147027
2010-06-01,-0.0077107855748052186,-0.009669771770177447,-0.01688203060845475,-0.013867752517611371,-0.0021371302898383253,-0.0018374484298017426,-0.0040489148510575584,-0.008105704322935402
2010-06-02,0.011623200976988754,0.01336667446634394,0.01677172680323919,0.015872896277596003,0.002300148262084435,0.004240563023793352,0.0058668929405055435,0.010056998147181381
2010-06-03,-0.001638073018780654,0.0015435952578115703,-0.004490524367135348,-0.002569781392940121,0.0002832716159143407,8.987083339754209e-05,-0.0017435875642671352,-0.0012295015989434287
2010-06-04,-0.01569663944703721,-0.01599531619655439,-0.047707896810291486,-0.03883362861104875,0.0013998685468424945,0.0002655129528771681,-0.004496317154853611,-0.017515334149281008
2010-06-07,-0.0017342246960475826,-0.005966472032800507,0.0049506464724670355,0.004038505976937773,7.59619818024422e-05,-0.00046408318737164214,0.002983071012391282,0.00030855299577483083
2010-06-08,0.00500966362803296,0.005137790920808215,0.008508072949129952,0.005501786187797228,0.00047420567474856166,-0.0013744189957035939,0.0010972260619056778,0.003623619619572245
2010-06-09,-0.001386551653196601,-0.003161171373021869,0.0018832509905702649,0.0003188127708936528,-0.001007634836690515,-0.0013643362839062586,-0.0006683747864770582,-0.0007006444855296439
2010-06-10,0.011978078499258112,0.013746992969686178,0.019468787185991786,0.01201148545590809,0.0007519058931815041,0.0005582170271972091,0.00035038166820883427,0.00893716768251924
2010-06-11,0.007141613403159796,0.005445714247533966,0.010635174552127374,0.010668454505556904,0.005546445688387115,0.005924478848183605,0.006619738081720747,0.007467690262118725
2010-06-14,0.00036028867116364127,-0.0012771009637537265,0.005955490853082451,0.002984206142523857,-0.0010498150639885165,-0.001037070251762632,-0.0009138045236262322,0.0008872860075442437
2010-06-15,0.013787878912920437,0.01257003423485083,0.018003588188889343,0.014527431376060718,0.003732688717719291,0.0038220399815474017,0.00592635756144988,0.010538507543313641
2010-06-16,1.0488756424385272e-05,0.0008095829397748561,-0.008990819316709111,-0.0068652333605478165,0.0016664611094312724,0.002121319258906415,0.0007874233123906225,-0.0014503829793722466
2010-06-17,0.0038769568088755798,0.0028538380287132276,0.00270482747909334,0.0038090377126687607,0.004482188741543743,0.005183720213855088,0.0054511878147469155,0.00413056095448578
2010-06-18,0.0006021694793634382,-0.00016519690141536026,-0.002555828762040295,-0.0019241186023756416,-0.0008820640242420682,-0.0006727379116464048,0.00021019991143539482,-0.0006765928818215566
2010-06-21,-0.0030073168416444697,-0.0020157224669087852,-0.008439873929742528,-0.007996279606716644,-0.0008773771523414821,-0.0009695368291637873,-0.002540600743582665,-0.0037614870445313348
2010-06-22,-0.00482040950227682,-0.007484660577102549,-0.027711220462823146,-0.020785949750189985,0.001052774460078485,0.0025502447286744768,0.0017132670082117885,-0.007533091091428599
2010-06-23,-0.0008633681146679607,-0.00032695102644974714,0.0022725888231791736,0.0024624531972605567,0.001979854368340681,0.002398421510413154,0.0011008677133420876,0.0012207733111994196
2010-06-24,-0.00837216281278462,-0.010150548938519546,-0.019883309462038194,-0.016857978260343055,-0.0046401024977142736,-0.0050819911196452305,-0.004517795810851637,-0.009644917377568766
2010-06-25,0.008756116432305047,0.0031264762225390536,0.02386257859194447,0.019976099302807287,0.002720856699367613,0.001531379985784958,0.00601746852641984,0.009406386530414078
2010-06-28,-0.0031283286555369456,0.0009397398015072531,-0.011980625060047262,-0.01018133678576466,0.004195611698541288,0.004178353092360592,0.0007119092106916749,-0.002193807527117671
2010-06-29,-0.01709255057935745,-0.01673674915733235,-0.029280121698156112,-0.02387313236660261,-0.004304959324208234,-0.0063361887435642444,-0.00592205934038193,-0.01476927287382985
2010-06-30,-0.0023865497392072865,-0.004998992486697014,-0.009182217920861595,-0.006310986754272834,-6.911768295895065e-05,-0.0007251318927070541,0.0010797937413391024,-0.003198597105740206
2010-07-01,-0.006121961498355917,-0.0027973090549667555,-0.007095688584934648,-0.008825473574462296,-0.0012604314561033385,-0.0002526510215915717,-0.005367361310538867,-0.004468907873721279
2010-07-02,-0.0028496324161730166,-0.003931333668025651,-0.015985874154995583,-0.010328759613970543,-0.002691070547130759,-0.0025740838737008326,-0.0018379055343130928,-0.0057230462518632515
2010-07-06,0.0008546599556903769,0.00483813171573228,-0.021647577561932963,-0.015156840055640403,0.0030671833038481756,0.0030748318825927073,0.001255756494138889,-0.0032323935224715583
2010-07-07,0.016964304214925098,0.01760611471029045,0.03764637944785173,0.029824973603214785,0.00483360181254721,0.005722891945316722,0.006697911551436293,0.017130348001341462
2010-07-08,0.0030132060982638303,0.005070838539135153,0.007740328212144416,0.006255196549456674,9.493534908209563e-05,-0.0007292558643845871,-0.0003341459558076327,0.003089279194518153
2010-07-09,0.005004846359504561,0.0035376489864837575,0.011918060947166034,0.008937678035807285,-0.00020365566333645297,0.0005546012366454638,0.001594714671085727,0.004548850158261306
2010-07-12,-0.002085842667263323,0.0010512343648590664,-9.596402297693159e-05,9.908179462201216e-05,0.0010253817368320684,0.0017534096238111785,-0.0012911119627023637,8.792552412277549e-05
2010-07-13,0.008739090697509326,0.007335287196889862,0.020276774493051177,0.015563531604646762,0.0006171475782642283,0.0012488422413496187,0.003051675814526749,0.008286806992030283
2010-07-14,0.0014426751927314248,0.001847230951874211,-0.0044494637276631934,-0.0020891933068325646,0.0037664423560059153,0.00467638619782855,0.0031212909730759823,0.001091249352892904
2010-07-15,0.0019992194686746837,0.00214912792385072,-0.0025506054107869787,-0.000730090647406953,0.0037705214970501027,0.0027957300827717918,0.0031857594620436345,0.0014551405311865225
2010-07-16,-0.0145793054679616,-0.01424853891119116,-0.0321272837326132,-0.023733966778869114,-0.001572999544553954,-0.002820629795224358,-0.005073482475442261,-0.01342781719022735
2010-07-19,0.002363668667925665,0.002431403674295114,0.011907325385554017,0.005733111584116355,-0.00045171813476104145,0.0006666387117471008,-0.000704652201881098,0.0030524651739744987
2010-07-20,0.009403340875927644,0.007012515405837054,0.01846278657105446,0.014364941829516033,0.0032032034349539335,0.00334486442240241,0.005163134708111502,0.008661297294747444
2010-07-21,-0.0043180827843265724,-0.005178772924777345,-0.020531427585255942,-0.01269659239530766,0.0022630203311602847,0.0016052730742554277,0.0014487992820308945,-0.005302510718435724
2010-07-22,0.01376479882854675,0.010960406628766978,0.036873612693314614,0.02475980839534094,0.0013151877997640772,0.0025236412677876567,0.0042377824762963295,0.013327972438691224
2010-07-23,0.0014028629029708113,0.003892880887633226,0.012398285860830542,0.005637193036446471,-0.00035454022504553985,0.0006534896819025549,-0.0012371368481103586,0.0031650650886059124
2010-07-26,0.004931170209527303,0.006135633347441022,0.024456962213341406,0.014742368521279258,0.0019408898226221873,0.0021040828924828946,0.0016062506408643738,0.007973836970773696
2010-07-27,-0.00524153588299229,-0.0014583026810400966,-0.0002173629630690221,-0.0033361613689980173,-0.0031769971871404468,-0.002821331786683536,-0.005793129564108305,-0.003173832171367914
2010-07-28,-0.0005043341039137744,-0.0021578155124602916,-0.0019541648457304106,-0.0008866264703536211,0.0023202531441802268,0.0015302013802947617,0.002113630034978413,6.136393075747786e-05
2010-07-29,0.00022070693736713377,-0.0020732499216610336,-0.008417743251159066,-0.005687620620604674,0.0008941031560105764,-0.0005618446304701008,0.00139348494780217,-0.0020176764693201846
2010-07-30,0.006972355808073221,0.002251968232040829,0.005922778767191827,0.007430114945754019,0.0050825013607700125,0.004640197551290349,0.007324642189340704,0.005666252466993079
2010-08-02,0.011174789168305973,0.012185593756360137,0.0335624549588469,0.022050472333194477,0.0023884176103901875,0.0018449884757555572,0.002664359387800716,0.01222479412444766
2010-08-03,-0.0003881415202706756,-0.0010048500528735838,-0.009685141661379567,-0.0057193757024625955,0.0025188003136711557,0.0018822659211821155,0.002249867963606066,-0.0014748904027980134
2010-08-04,0.002831385691033373,0.0023354309871745733,0.007094971258126747,0.004901437688813645,-0.0014511503150496864,-0.0008333708780293764,-0.00048435335067746046,0.002074776061588031
2010-08-05,-0.001352757317669155,0.0012192911809431233,-0.00985443663941249,-0.005199679063233185,0.0024529723590022536,0.0019515093925654976,0.0013151000750942804,-0.0014362057377000123
2010-08-06,0.0011356510090321755,0.00018707213976663006,-0.002352040686729539,0.001540093909447598,0.004853680452424758,0.004544746984996888,0.004322872301158862,0.001958558633760821
2010-08-09,0.00305632007842805,0.003099059509931842,0.008521304501361486,0.004588766536189693,0.001941848748803161,0.0027018994578916038,0.0013428383065441714,0.0036724068704588873
2010-08-10,-0.004358521411154007,-0.0011882830424678904,-0.00738487436019897,-0.004338619179482329,0.00127405407126609,-0.00038104634845428616,-0.0006910702704580129,-0.002497050136112514
2010-08-11,-0.012954894883066469,-0.014014278608576656,-0.020809911441385432,-0.011752857471529234,-0.0009787096796884949,-0.003348536872182396,-0.0033063355687883676,-0.009711565037851174
2010-08-12,-0.003111206525887587,-0.0046523703339642255,-0.007688451272914413,-0.0043349473240801096,-0.003764164749748177,-0.004055520384564172,-0.0020095664300492843,-0.004330582391492862
2010-08-13,0.0017570385570157944,5.513756567532258e-05,-5.0195392253495e-05,0.0025760500864330286,0.0027935433151527857,0.001953870022957831,0.003560574200396175,0.0018020855974186392
2010-08-16,0.0063868674521558085,0.0025199933020840603,0.004634699052907189,0.01079769096630078,0.0070528570609705325,0.007574473292531545,0.008947711034012703,0.006741467796853969
2010-08-17,0.00666233821411434,0.005313807394374783,0.00908733589589318,0.003165246288839695,-0.0009201068032554765,8.38548470392834e-05,0.0008481148415161337,0.0036824499214661507
2010-08-18,0.0009544987175705373,0.0006953389570642642,0.002755598660386477,0.0023915730893483643,0.00011596199601805301,0.0007808028383010615,0.0006528231734169497,0.0011680098301675044
2010-08-19,-0.0059566330127468845,-0.00871073718764797,-0.009273920555573762,-0.00045102205726802423,-9.393706532720571e-05,-0.0010874187450146387,0.0001845480837809405,-0.003909216688100739
2010-08-20,-0.0022558034887734434,-0.0032444994380175307,-0.0033854318053911643,-0.0026140062232463124,-0.0015133881635573882,-0.00025127581382045614,-0.0017268395421406201,-0.0021396303062631706
2010-08-23,-0.003595375774565617,-0.0017473819498333616,-0.0030167815292864012,-0.0022417531457825293,5.2441747831307155e-05,-0.0005689035628712416,-0.0008143604995772798,-0.0017315849760136859
2010-08-24,-0.00325811767450063,-0.005655671341612794,0.0013737563118533674,0.0045686343679669965,0.002866456567631382,0.00031728518612542816,0.0025947995825372147,0.00034271305622469316
2010-08-25,0.0033573395353617835,0.0004984839834539485,0.010164814245869106,0.005318977190733683,-0.0005127070074345304,0.0010573357012131142,0.0009645669444846744,0.0029870804611944173
2010-08-26,-0.0009168028248324653,-0.0022211186421096886,-0.003972390908935933,0.0001472508668459092,0.0013793434142426427,-0.0003434771484206406,0.0017712507300675635,-0.0006081251225980066
2010-08-27,0.003857957753498333,0.004679109764689435,0.004408833470921341,-0.00317927290743042,-0.007244722448863603,-0.00559637281773675,-0.004868600327894868,-0.001102391199103845
2010-08-30,-0.0021813608668642716,-0.005771634460780178,-0.0025598289763925125,0.002783321447427142,0.004801233823058701,0.0034439356803692626,0.003718373650146524,0.0005697891729916588
2010-08-31,0.002778458862815197,0.0017794919297986055,0.009162524712896575,0.008878843869002588,0.003463215117781625,0.00248117406163237,0.004064473624586343,0.004664830809436752
2010-09-01,0.012093853585458796,0.01504335694189724,0.005705535508013538,0.004939297511831782,-0.001845020786155802,0.00026459044637795965,-5.4061634533023126e-05,0.005202373721191837
2010-09-02,0.0035699782340330886,0.004028603011333643,0.006915471250353453,0.0018158365996940838,-0.0010304709163083908,0.0002706104065131183,-0.00021794076557709436,0.002228163555731736
2010-09-03,0.0034426757683171613,0.005373131117514556,0.011365028408305358,0.005939461220614592,-0.0021299047217055926,-0.0020416702968910254,-0.0028076652231794094,0.0025108425443766662
2010-09-07,-0.00010874581633803541,-0.0036847556165725296,-0.011557938211243884,-0.005141018175011047,0.0040385287701462024,0.004570666189232201,0.00546989635438381,-0.0006564145520359259
2010-09-08,0.0023969366407983407,0.003111692408832967,0.0017431497890870948,0.0009414807765560465,-0.0006223707291345748,0.0005362631568074899,-0.0007182870016919559,0.0010142455074704198
2010-09-09,-0.004981027993483029,-0.00034989303538364045,-0.0111989843710998,-0.010228925009714507,-0.0054935649933094905,-0.004451391270936257,-0.007177610995392823,-0.006277610377558956
2010-09-10,0.002564369868917734,0.0019169241006389045,0.004685529624164172,0.002813756309768518,-0.00037169494403495003,-5.844265800333858e-06,0.0005255744420789632,0.0016699987376196743
2010-09-13,0.009270455667538808,0.008619843423949003,0.013423119424340817,0.011774662364300482,0.005728352067402748,0.005309657681968938,0.005501079905522527,0.00833516122974629
2010-09-14,0.004530818633244324,0.0015942851287913415,0.00026204323242334717,0.002860605040989967,0.003859354713996428,0.0046534032867098195,0.006037153686834535,0.0036402522029841964
2010-09-15,-0.00031872583873137657,0.0008102630089881043,0.002987818841944555,-0.0007017298773924519,-0.0016144832948913218,-0.0007650929079938834,-0.0025258890286086106,-0.00021285121440858676
2010-09-16,-0.002504469154254312,-0.0015497744514973433,0.0012314443451513597,-0.002909887070522675,-0.0027189404988407105,-0.0018850970238658026,-0.002998133631043187,-0.0019745206638765445
2010-09-17,0.0019291499021923944,0.0011257772862693842,0.0007654867776873769,0.002264777760789929,0.0021201857127915546,0.002900829350020123,0.002276013261157466,0.0019291359629787564
2010-09-20,0.010466748914157551,0.01043321310891179,0.011330753515393397,0.013202832621937804,0.005215962133570994,0.005378959654956943,0.005823779975032558,0.008998832096440059
2010-09-21,0.0009653695686410648,0.0024662493574212456,-0.0004917539082454807,0.0008830459770750381,0.006113117533888783,0.0064951289666333855,0.005434449655725302,0.00291160222044534
2010-09-22,-0.00038002825499317645,-0.002353257301855728,-0.004504731248783771,-0.0017176165681447228,-0.0001505577456828492,-0.00032995126016858745,0.0009851726857656536,-0.0013427648950172489
2010-09-23,-0.0036436901078093506,-0.004305899578771207,-0.009274124311090816,-0.006964974935548313,-0.0006935842716375789,0.0005422096677246296,-0.0007246187636678742,-0.0037970002973188002
2010-09-24,0.009447453320703757,0.010333219463690835,0.007193577972540451,0.013602948747820578,0.001256204942281548,0.0013706314962267,0.0016653793085682049,0.0064477569068626586
2010-09-27,-0.00016665821773253142,0.00014329344781503512,-0.0018790261393995848,-0.003191605451615283,0.004164279668900461,0.003864567930421518,0.0038584777605543442,0.0009558998421654104
2010-09-28,0.003913991941174633,0.0034337129759326947,0.008101804574411559,0.005448972642218098,0.002920099304701347,0.001952644323114566,0.003824512533882968,0.004209628815928343
2010-09-29,-0.00016950377305996597,-0.0020108058159438035,-0.0006491345093422371,-0.003532171087240734,-0.0013527846290791695,-0.0017087906326362645,-0.0006709319098442822,-0.0014765916508979566
2010-09-30,0.0008773361484926319,-0.0022716175215343596,0.00021531874437006498,0.001807437287266729,-0.00041387351904194423,-0.00014093705560317663,0.0008988733229504768,0.00013138531199613726
2010-10-01,0.00265015920497409,0.0027487421462276582,0.007350782554783197,0.004839312673494276,0.000197581137175991,-0.002008215345184636,0.00046684517139866557,0.0022864320644188393
2010-10-04,-0.0012725990589293914,-0.003127443051417089,-0.0014018008630458398,0.0034243157939924953,0.0007132404895724439,-4.1502199414633905e-05,0.0006364965200541344,-0.0001376982235809166
2010-10-05,0.012685872483360785,0.012093868040735404,0.017773364017196418,0.013477622627346031,0.005172847032948286,0.004079628430246453,0.006823335015458113,0.010335968158459222
2010-10-06,0.0019039290477051913,0.0024980072295283954,0.0005626648988344743,0.0007826257369136185,0.004950738206115137,0.004090783986806307,0.0049717225983167785,0.002854479041392595
2010-10-07,-0.0036106047939658712,-0.00033016266070467104,-0.004255854908650181,-0.002999760113742877,-0.00017376573676664199,0.0009065606873855552,-0.0029759801214965472,-0.001982398328928795
2010-10-08,0.007300590122374715,0.003539064052321939,0.006426967579433614,0.003997004406700216,0.0024642486973449384,0.0005071983113069192,0.00408492331586988,0.0040946761117172815
2010-10-11,0.0002769199974380184,0.0009664195503472088,0.0023628372095649717,0.0012309199541782171,0.0007354405981039487,0.0007572841828511957,0.0007178788921986163,0.0010259262713781128
2010-10-12,0.0001454156358076824,0.0007156067350419695,0.0021592901941477113,0.0013723931884757428,-0.0011376472413215759,-0.000515776915372415,-0.0017023056769705567,0.00010726313652251778
2010-10-13,0.007107785728498759,0.004707143761199104,0.013241634666112268,0.010070070164056795,0.001633145479976352,0.0016828348234647016,0.0039032048213134777,0.006089426402064001
2010-10-14,-0.0039577228017083944,-0.004652604468855613,0.0008796006245677313,-0.002158941157221841,-0.005768271135301277,-0.005967383912254495,-0.005381376799903769,-0.0038451754171585644
2010-10-15,-0.0023467214140251223,-0.0005045701223087141,-0.004322937833647362,-0.005235414229970526,-0.00228967104753882,-0.0034418512040013402,-0.0052470475517070354,-0.00335087187573935
2010-10-18,0.005385261504393753,0.004860432445868151,0.009058009025867154,0.007678533133767022,0.004751963523154243,0.006305322213995931,0.005935203415270459,0.0062963696452971235
2010-10-19,-0.013086382397840612,-0.0065265877214994526,-0.020814346892596394,-0.01615483165417061,-0.0005916558698922502,-0.0006631712247813765,-0.006964688765028522,-0.009322271454848778
2010-10-20,0.010079094321626007,0.005598704551814621,0.01623921638312867,0.01231489341731358,0.002118321467218131,0.0038439634395339693,0.005681083470507402,0.007996039567551428
2010-10-21,-0.004785433434473134,-0.0008829915347473615,-0.006867009413123628,-0.007503947480097357,-0.0036471162537348605,-0.0034994937474458272,-0.0058876149433154945,-0.004715791159581787
2010-10-22,0.0032287003910926805,0.0012426319794104632,0.0011885439518203454,0.002292338841721825,0.0013780289145323959,0.000984964559597917,0.002395924180793395,0.0018090001401616482
2010-10-25,0.004442516945152721,0.0016032328098519193,0.003844443254682198,0.0035240066679568345,0.001649664003715838,0.001587754953414882,0.003382413945434515,0.002890763437661651
2010-10-26,-0.0030132525616486353,-0.0025605226167387963,-0.0049017689710645785,-0.006807639416179411,-0.004653481689755158,-0.005823814555552169,-0.004858324059442856,-0.004624350186695242
2010-10-27,-0.00606544996904425,-0.004029770505712806,-0.008088565493264852,-0.007712150448427112,-0.003976443770060318,-0.0043978853111881246,-0.005815103504144481,-0.005745023529391761
2010-10-28,0.003726673981182085,0.0024158576557700004,-0.00018090011598366137,-0.0003866993827860122,0.004521928374460217,0.003285000103094189,0.004885243560353755,0.0027022694582817747
2010-10-29,0.002808082330501272,0.002239408653163109,0.003417078624540282,0.0035420120939522602,0.0029347789937576472,0.0026359771705203945,0.0038765686906007198,0.003109294328858071
2010-11-01,0.0017072253306424235,-0.00046588213745709305,0.004236392940173422,0.003501569026760576,-0.0009119975761375873,0.0003749163985173606,-0.0001670076341934278,0.0011183085959513752
2010-11-02,0.008060187175341675,0.00610675616453029,0.006099302893936658,0.008133184990437884,0.004858877844438049,0.004673415121682748,0.006379996637602638,0.006313097809323956
2010-11-03,-0.0009209521440169098,0.003674772664801105,-0.0013762570368342796,-0.002662692886968975,0.0022366390617872883,0.0004246530472568812,-0.002181410791125812,-0.00016542790977503002
2010-11-04,0.01782852803107223,0.014789049524880445,0.02518163711528114,0.02482595824477803,0.011235566858865315,0.010959893418341079,0.014447595101734725,0.016992462369499372
2010-11-05,-0.0004911087430562358,0.0005966839682312827,0.009172921978572628,0.004157887369879997,-0.0020667989105345903,-0.0014379001780933083,-0.002678345005258303,0.0010110715727977024
2010-11-08,0.0008818514265858187,-0.0010147323677158226,-0.002389327890696016,0.001251144398970756,0.00010257124502226026,-0.0004338783147449633,0.0015408432185056982,-2.4303352814796924e-06
2010-11-09,-0.014036710996962732,-0.0076841049674076815,-0.0357291666188405,-0.02523222554912835,-0.007900439027499304,-0.012766198109795554,-0.01206107284583515,-0.016558550862492444
2010-11-10,0.006115894687637527,0.003920081687985619,0.01238495535793174,0.010548544910909417,0.00312555676275726,0.0029415129791579816,0.00403891246656137,0.006124362644909042
2010-11-11,-0.00435917826616924,-0.0027175186966329158,-0.005756720381322548,-0.003673292394992511,-0.0026610994778747043,-0.0035144697949423143,-0.0030589813358156332,-0.0036682072474534914
2010-11-12,-0.017024552398914077,-0.010459137913823453,-0.01710994817072555,-0.016230675546090416,-0.01034997783557467,-0.008876995926226322,-0.01367684037702792,-0.013358127917490758
2010-11-15,-0.007587781602303204,-0.0059994665762855975,-0.009535704063038403,-0.010126371564537745,-0.009604701709094625,-0.010854596044499235,-0.010279806311326729,-0.00912941716035272
2010-11-16,-0.010606645606801402,-0.006415377721929183,-0.025135852375570835,-0.016884142717640254,0.00078527541073349,0.0003046460415484602,-0.0014963089669380078,-0.008597269718240558
2010-11-17,-0.0005071180420093147,-0.0008563703375571435,0.0028214962872604842,0.0013370444630461521,-0.0018547158961775888,-0.00029493496685110217,-0.001653239403360479,-0.00011769116540936097
2010-11-18,0.011635233100667792,0.007836443031191031,0.01060920218118291,0.01014197840932549,0.0028755881165508936,0.0017975950381768305,0.00614150884647119,0.0072694785342464815
2010-11-19,0.0008991975108130386,0.0024762188913856242,0.003521436330800292,0.00326349069921812,0.0017687592511529478,0.0026926361296753945,0.0016632245146519162,0.002331602352479716
2010-11-22,0.0039085878969398165,0.0016328360158626223,0.005425095547443092,0.005274481079373356,0.0041019848112609485,0.005531671215282479,0.0048798504340208295,0.004365162387279884
2010-11-23,-0.006484884297351687,-0.007924147361841424,-0.004322231120000484,-0.008309741712890483,-0.001784306121484632,-0.002844223300149317,-0.0015267500939576842,-0.0046150624541982915
2010-11-24,0.0062559028990719105,0.004472318277055352,0.014116874304284141,0.012686836319071098,-0.004303662168223425,-0.0025087435852141782,-0.002275643642453611,0.003908843629951273
2010-11-26,-0.003201043670583538,-0.0052873716347358185,-0.0034772170966140903,-0.005737968867629177,-1.3960880763636823e-05,0.000926102852198395,0.00032472455655823036,-0.002320675518034485
2010-11-29,0.0028921665891225136,0.0026800062540842553,0.00030110664664883364,0.0018972131520158416,0.002089682639944033,0.0011835518574094912,0.0027309457246773665,0.0019743550092471513
2010-11-30,-0.0022321567667520272,-0.0026650035785252164,7.475955722988552e-05,-0.0014467823623208456,-0.0004236562798646046,-0.002432132431643688,0.0001490448514371701,-0.001183168236293555
2010-12-01,0.007451755441157429,0.007386795378517171,0.004298093992064253,0.007066168447890567,-0.0026741912313434078,-0.0023485257951898187,-0.0009517342417570181,0.0027809097431566307
2010-12-02,0.006482737767725972,0.006762155999968319,0.011326382680156864,0.01068292275608497,0.0010028321978800402,0.0008025340926708059,0.0017620136024340226,0.005481224295597245
2010-12-03,0.0034960577808345276,0.0015908373453575899,0.0011798994764574122,0.0033193618244187722,0.0005014876730247909,0.0013379954009036916,0.0019789882312058692,0.00197318338417466
2010-12-06,0.003613999692476614,0.001863336482520423,0.0016310689082039873,0.0050084206379606856,0.004818486677588856,0.003728168972376341,0.0057308251254552965,0.0037827746228837633
2010-12-07,-0.008289631938619552,-0.006309431323112916,0.0010386278108027638,-0.00753643057616663,-0.01123921483480653,-0.010557888210947594,-0.01177149173180524,-0.007836218813780252
2010-12-08,-0.004799324030908225,-0.0011794004690516067,-0.010200746093722523,-0.010391114322043288,-0.0053576696453643225,-0.0042445972731911955,-0.006633189331153147,-0.006196008706156291
2010-12-09,0.00039568341936945027,0.0031971732221193552,-0.006001610645701346,-0.002051508145287089,0.002559197683266007,0.0026003597719114506,0.0015344646141918696,0.0002924398181841576
2010-12-10,0.00037136721545154034,0.00018776698382119098,0.006336512400258128,0.00183028212567516,-0.004255122164890986,-0.0031068531235717714,-0.0030547900240324973,-0.00024077380639502956
2010-12-13,0.00338684655424468,0.0016439306208295725,0.0005008262060491077,0.0031051518832268792,0.0028820611308620955,0.0020180574112037297,0.00381692099699646,0.0024923369755013186
2010-12-14,-0.004370679665389531,-0.0037869215020935754,-0.0036720789099874192,-0.00397528404601245,-0.007138352382773493,-0.0057355114060187755,-0.006384865299878852,-0.005088786539739458
2010-12-15,-0.007949985013971116,-0.0043831630440198934,-0.010307792332230798,-0.009162805038201752,-0.004621406321195512,-0.004527401806127613,-0.007320365171641719,-0.006880742667222781
2010-12-16,0.002860328735377788,0.005861629042966907,-0.0031283110268214786,0.0019091668066208098,0.005521478599199003,0.00545642551804103,0.0032933143391318384,0.0031889635301141717
2010-12-17,0.006444970668454672,0.004064858840734574,0.00517561938332858,0.006233495832572366,0.0070815056927345365,0.005428062904767466,0.008090111743741094,0.006114013761654379
2010-12-20,0.002723922881396371,0.001407458047891109,0.008964989297439187,0.004262882479480359,0.00048376545680001403,0.0011190221117794031,0.0016408756449917173,0.002959553410416659
2010-12-21,0.006286413243699319,0.004663654674517496,0.005351380553634103,0.0060854097706257,0.0031081375665819515,0.00377566307079663,0.004376645006653885,0.004873561025125528
2010-12-22,0.0007399614384001227,0.0007735104321285196,0.00211893141637687,9.705968040924049e-06,-0.0009548707532627363,-0.00040576900305823785,-0.0007996485870990953,0.0002835163613844034
2010-12-23,-0.0016306542128115692,-0.0023566541883875453,-0.0033305585188923284,-0.0026618274182807055,-0.0021417527190197047,-0.0023440649997144942,-0.0015663259211142176,-0.002303916195535169
2010-12-27,0.002849730060332331,0.0017792299473934551,0.004768761791336851,0.004915452454421104,0.0025777477901432855,0.0022752435762189087,0.003148195809601242,0.003224699723195203
2010-12-28,-0.0007429065800353841,-0.003346061129126234,0.01363229506594185,0.004522554342601339,-0.00663021908775494,-0.004296524833247014,-0.0039044122132600194,-0.00021086808250405655
2010-12-29,0.006331185493531276,0.004899489982938308,0.003232406845436141,0.006502739658219782,0.007861504758279344,0.006431665707006152,0.007956886149451435,0.006150980948780548
2010-12-30,-0.0017254039444375435,-0.001765320632209515,-0.0032996807571454003,-0.002444177139818451,-0.0015886658221542888,-0.0017440392480349912,-0.0016662900749298988,-0.0019970013085323815
2010-12-31,0.00571187110154513,0.0021565985152734134,0.00924831237008843,0.00899870685857826,0.0037951023169961727,0.003345649515537308,0.006129398731497899,0.005518119743982331
2011-01-03,0.0051452115663662736,0.00495276844708837,-0.00012076733386543522,0.00019147174282336523,0.0013960232297542628,0.002604770396911946,0.001707486329705665,0.002427859334242208
2011-01-04,-0.00540073589993049,0.0005381075217941527,-0.021657754696986754,-0.009306105474823927,1.5184801223896117e-05,-0.00032280345219521897,-0.003677965203905055,-0.0057629840969662055
2011-01-05,-0.0019808780880878245,-0.0012021933164682282,6.0474322790217804e-05,-0.005701841316713594,-0.005991742969188674,-0.003967617764193411,-0.005926987537310696,-0.003540418957413524
2011-01-06,-0.00279116701770043,0.0008728379929823606,-0.0064208654913144175,-0.002581977838831886,0.0020973531429588654,0.0015726113307668243,-0.0004608300975295111,-0.0010792541848696768
2011-01-07,-1.8298925294662268e-05,0.0014702869816293047,-0.0008683739546079366,0.0010214656390486443,0.0039563747283787795,0.002773680570343739,0.0024334741303329854,0.0015234995874129722
2011-01-10,0.002039535371828196,0.0006121213192459304,0.0021482437441863278,0.0029825300134758543,0.002156833731445436,0.001499811569091638,0.002746977732625989,0.002036829380498648
2011-01-11,0.0022629026008015515,0.0005412138973416684,0.0022792639245763544,-0.000612731815668006,-0.0008804718104179945,-0.00022431824240187802,0.0005176198631180501,0.000608706777858735
2011-01-12,0.0043994268963216294,0.004263891634313496,0.004127264442415152,0.0011270775883880598,0.0005734823848510237,0.0022195802749056413,0.0012412022698913045,0.002584081446433909
2011-01-13,0.00010035835749702693,0.0016556993533848648,-0.003988595705223339,-0.0012820720080725407,0.003348048326365011,0.0023378441855833117,0.0008072594320219784,0.00047719925453098205
2011-01-14,0.0005438991312685127,0.003222049107452422,-0.0014639351779822953,-0.0003334720883521153,-0.0013223931337231463,0.0003699079256251481,-0.0013581277524785463,-8.713645385249682e-05
2011-01-18,0.0009417323984295242,4.248159007625655e-05,0.006253987093419766,0.002645998657694655,-0.0006549016458623767,-0.0002509877060924479,0.0007141666927776258,0.0013638178296010784
2011-01-19,-0.003590159422603125,-0.004875200150517584,-0.005437987153650414,-0.004163761495216929,-0.0011158321141834624,-0.002498696254453543,-0.0023227557930768678,-0.00337069001611635
2011-01-20,-0.008194915876220628,-0.003915448790123443,-0.010238853361348664,-0.0095727379651659,-0.005970107561096322,-0.005556560385699648,-0.008087804566940492,-0.007368538155808194
2011-01-21,0.0007439352465925023,0.002689658099208371,-0.0015282867847946757,-0.0007422651045244968,0.0024125091157027796,0.0024778688400619872,0.0007391050127211927,0.0010469721581485125
2011-01-24,0.0021650609640750983,0.003453114914847563,0.0014325719581342173,0.0024786765113276998,0.001232304162313146,0.0019752411272951067,0.0015687790107478464,0.001993976634730854
2011-01-25,0.0013107792203226679,0.002254989521622106,0.006743409690615139,0.0032497437754446645,0.0035391779269446557,0.00285962774984724,0.0019672258408021813,0.003081481850413026
2011-01-26,0.002516908900469478,-0.00011477838012894292,0.00359984807974998,0.0038012144018478183,-0.0029358728760315754,-0.001484335941589592,0.0007751967823147381,0.0008781528423704791
2011-01-27,-0.0002571963133615069,0.002978441365626629,0.006687459779644698,-0.00027141688552436956,0.0017059589137812744,-0.0015810194308306727,-0.001239534786675184,0.001018630422125499
2011-01-28,-0.005549225069058242,-0.008665256373375643,-0.01316961855624044,-0.005664312631827404,-0.0009522686696072162,-0.0014304829562722604,-0.0021750873162276535,-0.005235750534336165
2011-01-31,0.0038165907916071426,0.00288885900320746,0.008492693379639097,0.004888210289355378,-0.0008827467287516307,-0.0001704479863759249,0.0012575829728375437,0.0028283303796117765
2011-02-01,0.007159201437665322,0.00771295970014016,0.00722770404745654,0.007101484305765802,0.0016217623772932744,0.004801315158786358,0.005035525328593667,0.005787452846078624
2011-02-02,-0.0008442702850466987,-0.002090682053939357,-0.000829201720062999,-0.0007755662467660244,-0.0021698480522818198,-0.0018757716133246862,-0.0012114808248443487,-0.0014167554533864055
2011-02-03,-0.0004899670894909497,-0.0009873914363361946,0.00245530201753885,0.00271274011868814,-0.0022251665578989044,0.0004536655778435829,-0.00016272506746687552,0.0002838372445639105
2011-02-04,-0.003112638730000091,-0.0007534801628726428,-0.0035972026125110686,-0.0030572117526934265,-0.003171360772610543,-0.002439511659177088,-0.00284790836673526,-0.002719773136886331
2011-02-07,0.0028154838743871483,0.003604755894936149,0.008333835464280556,0.004566294498244951,0.0015883860360174893,0.00287160957271726,0.002066112360875979,0.0036668020952022743
2011-02-08,0.001594016818189421,4.608918776872551e-05,0.0049904498350666565,0.0052505096297927505,-0.002515684796776462,0.0003569826669374075,0.0009531796889381134,0.0015429450302503218
2011-02-09,-0.0001699586247510081,0.0008577466377252473,-7.671136645169135e-06,-0.0008978995816956194,0.003623536479644094,0.0026170342147699057,0.0018657720486697708,0.001130750137960008
2011-02-10,-0.003349105769918494,-0.0010587178091095654,0.0033967405067564294,-0.0005587961904125031,-0.002683249200180921,-0.0031447706676676363,-0.003282258839754265,-0.0015317526455435311
2011-02-11,0.005391894990755201,0.005431231975640242,0.006738499308828985,0.004607986314205542,0.004762929546132332,0.004966629155383134,0.004598019843438045,0.005179700489246817
2011-02-14,0.0011918082073916034,0.0015176957834356676,0.00021287366327630173,0.0010432736361730866,0.0010641692703964095,0.001759478890847856,0.0015023109272082192,0.001202940531717417
2011-02-15,-0.00028039623508188585,-0.0009762840876706561,-0.0036536704698944575,-0.0003755115101356027,0.0012418253291264477,0.0015620811517318965,0.0008429114674941843,-0.00022890646106995735
2011-02-16,0.0028648185522472044,0.0032179015693287335,0.0024172957375941215,0.002909700020402946,0.0005942189483467954,0.0013312996719453021,0.001828457626261317,0.0021894380728579546
2011-02-17,0.002719359450150966,0.003272374193547328,0.0009666811177745075,0.002130580703626739,0.00324846933204474,0.0032319648520849785,0.002782132463194312,0.0026214742445909876
2011-02-18,0.0010856133161964232,0.0011663780336620077,0.003660328378420865,0.002117483524094141,0.000891925939604051,0.0011754937350948258,0.0009172655452860242,0.001540309801908064
2011-02-22,-0.006374000335933181,-0.008223445052048424,-0.009574318837919331,-0.009371634823005218,0.0007154654808430396,-0.0019356082141628534,-0.003509641157507626,-0.005544579622629661
2011-02-23,0.0010995596583917447,-0.004653448446525427,-0.008408844164117265,-0.0028313001845246843,-0.002447414634137698,-0.000835608565617163,0.0007463446152292362,-0.0024348766346029803
2011-02-24,-0.0008384128887853439,0.0005459011525491861,-0.0076308057858866934,-0.0041945448999259624,0.0008732814762201792,-0.00013476905153498225,-0.0004985763351036691,-0.0016741585712166179
2011-02-25,0.010935844869092604,0.00769875549523517,0.012985449032394946,0.014773536564045227,0.005525919193602039,0.0068740246371217775,0.009000235499764612,0.009754356550452873
2011-02-28,0.005149749015042794,0.0035528893187315976,0.013351919407667409,0.012440105323546675,0.0020265244423752216,0.0031779739736081574,0.003602781510461442,0.00632085933282924
2011-03-01,-0.004157490747845524,-0.00959411717477431,-0.006360116493189422,-0.01220135713185962,-0.0026267281528101175,-0.0023718145767757256,-0.0014845183275487867,-0.005877972030333486
2011-03-02,-0.001199814647682819,-0.0008315969108799927,-0.004874827581805844,-0.003839347459149209,-0.0032981299376407653,-0.003266341185063552,-0.0018903865264438113,-0.002786476419156431
2011-03-03,0.004112267199684735,0.007619143904628938,0.00034832256191658,0.007237747729782593,-0.0007677860759811227,0.000432710422763776,0.0009880278170285996,0.003053090975301153
2011-03-04,0.0013083304860508423,-0.001714152212856911,-0.00014238005590221352,-0.0025066765766546097,0.002894089654763951,0.0017946188988324312,0.0025018699915105467,0.0004640229470896383
2011-03-07,-0.006266290689350819,-0.005751546240420376,-0.0022032925413595574,-0.00623538609672832,-0.003560672824999918,-0.0039004814529398648,-0.004854603229321689,-0.0046938586007369346
2011-03-08,0.0021275188372151758,0.004284650269291615,0.001241353778501292,0.003789248876378766,0.0005178334325759074,0.0011184614396643807,0.0005372411924934292,0.0020503198092628665
2011-03-09,0.0019633508706967556,0.0014691916648926708,0.0002178868649070114,0.0006408770984252843,0.0036748263165678,0.0028362849642581214,0.0022215212592859236,0.0018368046510137653
2011-03-10,-0.008621745224777566,-0.007691475055358367,-0.013702002971122501,-0.01239003127457615,-7.670741380794849e-06,-0.0038105608399679304,-0.005525520686293119,-0.007402893211447261
2011-03-11,0.0024152448977274206,0.00315199898722189,0.003756618288911947,0.003698497630639558,0.0004418888324247629,0.001542130325177683,0.0014991464692315235,0.00242860262056171
2011-03-14,-0.00039606114734244886,-0.0026852778319116826,-0.00014562502767183463,-0.003436932394297063,0.0001354716827190438,-0.0006707573257059109,0.0003281427248477596,-0.0010305304009494947
2011-03-15,-0.009199877606128521,-0.005321593486201602,-0.017807713615606804,-0.013418235666598955,-0.0018992918391811636,-0.004507338140053973,-0.007929465509799094,-0.008432768333105455
2011-03-16,-0.005246555504673955,-0.007806211077618289,-0.002256017839429475,-0.004842829857790665,0.0009166780289688809,-0.0021635048074176476,-0.0025367500025100472,-0.00347748226317448
2011-03-17,0.007454536927839062,0.006611094276846382,0.005929632031694989,0.005206562845789408,0.0017561564953971975,0.003663919903112406,0.005294942427551387,0.005256818411919493
2011-03-18,0.0035584970390711724,0.0019173141823265105,0.010155737388456298,0.006841319603872291,0.0012226741537128027,0.003139879078335079,0.00290153386899443,0.004225821251178748
2011-03-21,0.006696838193055572,0.007190535149658044,0.006274530959921205,0.0067901552237853,0.0007372938783971844,0.0036705124113198865,0.004419069824558032,0.005140888032250025
2011-03-22,0.00044209626713461207,-0.0018814694871532773,-0.00135062937330747,-0.000906609992081209,-0.0001746036655741887,-0.000297179938944955,0.0005908448601877269,-0.00051085496265594
2011-03-23,0.002103952156656864,0.001216184736669482,0.006451459115251926,0.00318757099554137,0.0003989733390121677,0.0018990890202024292,0.002160807526356042,0.0023484237193369195
2011-03-24,0.0025136951870687093,0.00374268156175855,-0.006235088712871932,-0.0014082852443658993,-0.001288833133067964,-0.0005074088718713632,0.0008031840690742517,-0.00022628233362022117
2011-03-25,0.0008691076064050739,0.0006786309808394669,0.0013276918396996653,0.002939458205108564,-0.0009743363686130852,-7.362361024322277e-05,0.0001576700566326506,0.0006872306021063897
2011-03-28,-0.003424121421105025,-0.001337158716711324,-0.009158173984571732,-0.005170041686584167,-0.0006077118993508725,-0.0012978734452542742,-0.0027751439773449323,-0.003316127103728545
2011-03-29,0.00219327214266203,0.0028791954561822753,0.0014523295366977457,0.001845471575187946,-0.0011642480714523637,-0.0007535252439050668,0.00037414571418830717,0.0009311622592877749
2011-03-30,0.006220108184113581,0.00552868789966351,0.0011045083635757055,0.006375028034798031,0.004231628548205507,0.005026820794896666,0.00487966837242755,0.004835148596314057
2011-03-31,0.003695313342558925,-0.0018386259072944561,0.011945736963837519,0.008326476347120101,-0.0018375648931978632,-0.0005972615915144149,0.002133273736230895,0.0030375016768474554
2011-04-01,0.004042030686458523,0.003396416724029378,0.0008263555631894308,0.0012603953146482362,0.0028916639393839053,0.0027832182718402414,0.0029929754738282142,0.0025307849463337977
2011-04-04,0.0027564880399976316,0.0013929050123785663,0.006769730162284897,0.0029681548882347602,0.0020686411629602004,0.0020372199718927163,0.0024502083587126314,0.0028772225595874584
2011-04-05,0.00047082074186747044,-0.002139252405944583,0.008796336129519905,0.002682490153207545,-0.0013644362377296904,0.0014417903260699615,0.001339908007196918,0.001633062934777203
2011-04-06,-0.0006313796258953212,0.00017405554156180885,0.0025925013033959382,-0.000534192597607483,-0.001946092511476373,-0.0016556916951069281,-0.0009758928553003077,-0.00040954775476314176
2011-04-07,-0.001757049005111224,-0.0014904676297713808,0.0013866678765521395,-0.0018066416217946645,-0.0008621549548369013,-0.0013004149821456924,-0.0011644029119582747,-0.0010161533731872765
2011-04-08,0.0010132944925831152,-0.0032414467839672317,0.015383401193541136,0.004159241124443866,-0.001814232453784555,-0.000935486328017046,0.0010444669501625632,0.002252111378052872
2011-04-11,-0.004620277587936365,-0.0012943257387265914,-0.012459150727948006,-0.006702708798925518,-0.0004813769776873007,-0.001821622636365013,-0.0035322411103247474,-0.004444687192268032
2011-04-12,-0.004805973731961283,-0.0022432543514312926,-0.013400323921986895,-0.0068925209582030725,0.0013551514093228137,-0.0007294041985646781,-0.002810499325780551,-0.004242168184694255
2011-04-13,0.004086024654259279,0.0015158445476957086,0.004729444623040377,0.004739361852905584,0.002334433332804257,0.0019533936422329572,0.0036661299962527662,0.0032645734124917077
2011-04-14,0.002855319877828082,-0.0009090594866243245,0.009435827259627296,0.0078008460897451394,-0.0012745009586253662,0.001066353086247285,0.0018711289544907598,0.0029416228155944887
2011-04-15,0.006227393804826325,0.005118723957284294,0.007360079562343882,0.008593561943141866,0.006032614044713372,0.006396999017881138,0.005810458775815182,0.006489893148927831
2011-04-18,-0.005116188533612127,-0.0057416604441236346,0.0016425612146329076,-0.003893551865802514,-0.0007416309285340395,-0.0017392126593288525,-0.0021661947178463737,-0.0025427891856285387
2011-04-19,0.004657483115935549,0.003945120348968566,0.0001164978760595073,0.004299629445078856,0.0024312486022035214,0.003070914317536105,0.0033989816310755565,0.0031199067395220642
2011-04-20,0.00897230735506584,0.006563333720812055,0.008204260506222256,0.008801551291529916,0.0016221691151419256,0.00394563353817629,0.006607831446611572,0.0064263300072704855
2011-04-21,0.004274711948886882,0.003373814937898219,0.0037000179453110563,0.0043736632685275854,0.0018453351084565797,0.002184481554889899,0.003288863807240972,0.003308193345065754
2011-04-25,0.0007127403348576205,0.0007708161357569058,-0.00047366185721538885,0.001130053887902483,0.0016810429552138893,0.0009304045176956176,0.0010772452717906452,0.000827441154604814
2011-04-26,0.005148108969445443,0.006837538021990184,-0.0024565505624154506,0.002065483442914698,0.004903919388500077,0.005155254870495582,0.004135945463850329,0.0037080240966866113
2011-04-27,0.0032933160328410148,0.0027805437777048587,0.015259640582693577,0.007769194213041417,0.0009254511900162141,0.0032631838366613997,0.0036843950301576004,0.005248051101192437
2011-04-28,0.002061672764231462,0.003477136316232034,0.0007455030003356224,0.0012105030291170915,0.003549620927265406,0.0039011477375561782,0.0023282310549444054,0.0024848741189960996
2011-04-29,0.004009591427309776,0.002217434698546079,0.015069529908828785,0.007079370283014336,0.002910367154085467,0.004536651897232036,0.0044686802735795905,0.005745484611777416
2011-05-02,-0.0023611089213490654,-0.0010505991944830702,-0.012025931134906905,-0.006443266169676673,-0.0006389843750695406,-0.0017336222493981321,-0.0023365387924288343,-0.003795260883715017
2011-05-03,-0.005009506561752652,-0.001114868160771638,-0.005575823008964044,-0.006982166862338309,7.046859345684201e-05,-0.0009206321610040582,-0.003237504825590448,-0.003254020034723973
2011-05-04,-0.005761595183577939,-0.0029751873096327272,-0.014832862256030586,-0.010695942796089847,-0.0007962055952753041,-0.003174276090425312,-0.0042585504293736216,-0.006049599406965545
2011-05-05,-0.01147211850985761,-0.003511454134629309,-0.05303850997101956,-0.034505548254948816,-0.0005889665235496585,-0.0047019086012703385,-0.009192108106381871,-0.01646924739691386
2011-05-06,0.0019346323392130996,0.002846680546607219,0.002851794105195097,0.004394289489587279,0.0019379180569804935,0.0029155017223288972,0.002364868023767882,0.002757124746689373
2011-05-09,0.007202129520854543,0.002907195319076919,0.02818948782558274,0.01794096007539947,0.0025997013509792247,0.0037363142518065744,0.006276327033108779,0.009563071255446004
2011-05-10,0.004546350932238369,0.0031671015612268526,0.007012143103594923,0.007139741662258286,-0.0011182836290759277,0.0007633900641612547,0.0022574447458732936,0.003345690223709561
2011-05-11,-0.008930131065310253,-0.004900472106208154,-0.023521849099272497,-0.01863414563688382,-0.0008741309409053062,-0.003317073866589098,-0.005989666214024909,-0.00925235835931102
2011-05-12,0.0006338977539419998,0.0019593337184434525,0.0007722659436706754,0.001091599886743667,-0.0005133996971277992,-3.75084970610334e-06,0.00014772166193063833,0.0005691337574027979
2011-05-13,-0.004598413624223064,-0.0030569545657931387,-0.0014146687895823643,-0.0057964968080602,0.0004291941417574646,-0.0012161127170414723,-0.002842246897254763,-0.002640233160426251
2011-05-16,-0.0032259613552674932,-0.0029957800556422377,-0.01485813060561901,-0.005101358063087257,0.0004760665770511224,-0.0010038410685712118,-0.0010540269662803533,-0.003910130895109663
2011-05-17,0.002021574221038116,0.001087396183312382,0.002574716795698091,0.0022280525867207756,0.0011413224784211104,0.0005553902649336718,0.0022665552072375006,0.0016348924836973554
2011-05-18,0.005245446619748333,0.0030256809661351903,0.015643876955837074,0.011033484419983211,-6.0537772702079344e-05,0.0018958533777361035,0.0012296359860050382,0.005389318451254257
2011-05-19,-0.0002484433696258513,0.001849474004486281,-0.003744217519799407,-0.0033196783633193637,0.001375996913517117,0.0017889266445088121,0.0007412450174086062,-0.00023880333317727082
2011-05-20,-0.0013124788812599402,-0.0038135355802831608,0.002828860362930157,0.0004562050826995511,-0.0006821554208387452,-0.0020541723993612506,-0.0012679703343752347,-0.0006274932735418138
2011-05-23,-0.007261797410322915,-0.006397495960744147,-0.015520567604650991,-0.011549857163978614,-0.0025153497866761006,-0.004171900104095939,-0.004317010121170177,-0.007242531704338029
2011-05-24,0.0034286355567342964,-7.344607261679253e-05,0.006043407833360281,0.007454106456876256,0.0014571550327160399,0.0007778542381645686,0.0020738812753316924,0.003079474466713997
2011-05-25,0.0027283778543419923,0.0019372543815884366,0.017632437846506477,0.007038268105789633,-0.0006150373008034332,-0.00010334324127523031,0.0010386187401016486,0.004153251275103533
2011-05-26,0.0062992383761630525,0.0049740448524828364,0.003954075652671126,0.00791422857196014,0.004174923227819983,0.00396023617739479,0.00614271192036264,0.0053307956343892765
2011-05-27,0.004609761237939245,0.0022614984396253594,0.00568430052533527,0.00671684794253756,0.0019500809004891117,0.0026528889395754634,0.0029765283574252864,0.0038430435196461213
2011-05-31,0.007579994062135593,0.006882337154555846,0.005931683368231429,0.00993575536652267,0.0017619130425853549,0.003563501698413348,0.005641801561288023,0.005934484140769254
2011-06-01,-0.00850973416900586,-0.010291108980471584,-0.013008652390731816,-0.01580717767017548,0.00041405344384151866,-0.004895123022644646,-0.003797363403783865,-0.00796911486784784
2011-06-02,-0.00274920815066152,-0.0030441629767143765,0.008270925411312698,0.00035688274324289105,-0.007049961604129249,-0.005848796765284422,-0.005099584614415679,-0.0021483214468483733
2011-06-03,-0.0006023323773077999,-0.004356022739733181,0.003982547894910702,0.002595004583122988,0.00044943104886415743,-0.0018579710836438006,0.00036098686182089475,-1.0730505957417809e-05
2011-06-06,-0.007733865991076353,-0.006635746808604373,-0.011697663141557088,-0.011311164573532886,-0.0031330998449792136,-0.004602339766681207,-0.005779687566555455,-0.007265960866285094
2011-06-07,0.0038555506882490377,0.0003768243584692904,0.009397588308241472,0.007582476591225422,0.0029104691226788074,0.0017656145262730661,0.0033163926987331968,0.004163964205561619
2011-06-08,-0.0007086604885722689,-0.0016277547451753094,0.007970554695654079,0.001874842146173947,-2.385807779259802e-05,-0.0013580319527421664,-0.00019936485664531198,0.0008226421205803586
2011-06-09,0.0006852252642468886,0.0029222350870613542,0.0051295991846913025,0.0029411448095688765,-0.000939458810922799,0.0013887252543190933,-0.001154326237552712,0.0015286639995562585
2011-06-10,-0.009457051726823682,-0.007036387773925908,-0.010861608754657562,-0.012798351456989767,-0.003543915465480865,-0.00611220620916965,-0.006080616403560655,-0.008030843411142768
2011-06-13,-0.0021976466777313473,-0.00041153899778038623,-0.006314338869190717,-0.003718792640428961,0.00040374950232982423,0.00022345840975298897,-0.0012853392868345933,-0.001892030075890391
2011-06-14,0.004588796175454376,0.0043292109363813214,0.007198277412510234,0.007552844981197426,-0.00020673956696860333,0.0030285939191053587,0.0011757887934627956,0.00397159724637205
2011-06-15,-0.007085501117642023,-0.006382035657499988,-0.026776126341593754,-0.02098216477241216,0.0010290368188136461,-0.0027970695057973286,-0.0017282232773204117,-0.00918873826202584
2011-06-16,-8.243590326672298e-05,0.0024372710662734606,-0.004070530453866182,-0.0027579016133949447,-0.0015685248799756201,-0.00042538903118954083,0.0005805178244156859,-0.0008174175757601908
2011-06-17,0.0008553361580233277,0.0014768347376847484,-0.004427956778223828,-0.000705785641631767,0.0005673659688105734,0.0016899886670293204,0.0006179699315496484,3.848516695204203e-05
2011-06-20,0.0017889895759390408,0.0024130253104363867,-0.005473871431286079,-0.0008337538131151494,0.0006895616000761016,0.001908671580954611,0.0015807913006975383,0.00033069703632801657
2011-06-21,0.006676202414346997,0.007619497113438064,0.0006880678587328785,0.007226816249854358,0.002100888419592857,0.004912859497427314,0.004536439449282763,0.004819935078644261
2011-06-22,-0.0020822380827348677,-0.0037747452601866937,0.004468900530105733,-0.0004269879250351134,0.000389940461498988,-0.0012049995318513499,-0.0015781772982329091,-0.0006420021095910945
2011-06-23,-0.004235439064440319,0.00039399046328209204,-0.021218365320279542,-0.013703960957731754,0.0008090037531171644,-0.000699594329256362,-0.0007926443804652011,-0.0054996986133711585
2011-06-24,-0.006368016826852673,-0.00544049162087406,-0.009212921588900734,-0.007933131999923846,-0.00265085339042923,-0.004625541767085576,-0.003420223479045307,-0.005721388671862953
2011-06-27,0.0017574425696537306,0.0037478334768874895,0.0007411420365853148,-5.068610852507499e-05,-0.0007780641913412812,0.0018664668895095782,0.00020493374394754357,0.0010843787067975987
2011-06-28,0.00523459030605609,0.004128869534624459,0.015471112701055906,0.006290229494090674,-0.0024307899000465005,0.0018225888186493425,0.0006149840275768119,0.004533798146662454
2011-06-29,0.004739900192882866,0.002807906402875348,0.016284158311138948,0.006370722649070339,0.0002999869608104731,0.0017566117669898763,0.001377324185744466,0.004920704108178249
2011-06-30,0.001650749951119207,0.004469615766827676,-0.007478241167031698,-0.0007207036566683526,0.0026519272193638002,0.0025087962388252146,0.001505251774795905,0.0005806724117027777
2011-07-01,0.005610080232074574,0.008058308889775035,0.005118369367106426,0.004491844433259628,0.0027618902847696787,0.005259163880131502,0.004165012664904942,0.005021435311311811
2011-07-05,0.006105030252580449,0.001915337449304092,0.012066018830970486,0.008936103462049105,0.003378164701924726,0.0036736174946075516,0.005247105797889373,0.005929580364565125
2011-07-06,0.0023759608020661144,0.001291711137212399,0.0062860270978236,0.0036272281002096185,0.0017203606309328984,0.0018700694184224545,0.0024508476911616777,0.002736130134655933
2011-07-07,0.0073882523277035775,0.004684622656131895,0.013706190661470214,0.014148753285565606,0.002911015594567119,0.003155098805701527,0.004196232332113025,0.007192192691531398
2011-07-08,0.0016536550229449768,-5.411592344684805e-05,-0.0012365888648838107,-0.0011306837298299308,0.0038265176304369294,0.0021131876760992862,0.0038839525274053954,0.0013199012139245593
2011-07-11,-0.0059879597126275145,-0.007765179041461427,-0.01606626097548178,-0.012428255339300691,-0.0010254307862609337,-0.0041816584346241435,-0.0026443353118033087,-0.006996737818718519
2011-07-12,0.0004928248259614611,-0.0019758562678610994,0.004128341518504756,0.0032336801742622956,9.8015366384438e-05,-0.0007223169234989991,0.0003463642111997837,0.0008424466933421386
2011-07-13,0.00479376150877809,0.002649545790068628,-0.006657773980859245,0.0028004738223666257,0.003085585448379928,0.002965490548210858,0.003033186602106882,0.0020639175712728846
2011-07-14,-0.0074677512450318125,-0.006421178944392878,-0.00878752622668017,-0.007211136088399655,-0.006375676457621864,-0.005633691510675785,-0.007397305321420857,-0.007002787970755799
2011-07-15,0.00625439550831453,0.004977972409173927,0.00759327855669084,0.008773000323208994,0.003212046034184429,0.004760395723326747,0.0054055497863156705,0.005899416904832025
2011-07-18,-0.004784709232756839,-0.005169080276050649,-0.0018712187571990825,-0.0037839639991271105,-0.0044222864254345635,-0.0034579858151144102,-0.0042885475248668585,-0.004047338903355721
2011-07-19,0.010383859475177967,0.011236910281001423,0.0020226631490077134,0.009262428250591464,0.006961627503583448,0.00837517341051584,0.00956931408804609,0.008442125751832355
2011-07-20,-0.00018693685707514904,-0.002314517350713994,0.004730043246199382,0.001515870063847489,-0.0017883510456767437,-0.0019104315193620605,-0.0015849344061900725,-0.00015876197214454812
2011-07-21,0.0019600313143477406,0.006157597912135833,-0.005476072229351431,-0.000574276499865433,0.0009423766335230525,0.003376353876068899,0.0007618370380500013,0.0012037296619055188
2011-07-22,0.005238747708510267,0.001905122865841282,0.008199960677362866,0.007910956745547563,0.003902486517123025,0.002655106908240219,0.004824444170534342,0.004892588670938019
2011-07-25,-0.0038884858182798602,-0.0046329316798797765,-0.0016523981111119315,-0.0025245683419775834,-0.004592642868529483,-0.0035146828265689664,-0.004317823301425173,-0.0037142983183264915
2011-07-26,0.0032413235285882447,-0.0006930145332307876,0.0037259034431777797,0.003787924708936534,0.0017055899947730458,0.0002761343442761496,0.0032528720205024586,0.002249339661044566
2011-07-27,-0.011864632462363026,-0.012906606219197638,-0.004374676544776408,-0.01204023645770674,-0.008097097227873084,-0.010505386429268272,-0.010008263022481798,-0.010016178939412463
2011-07-28,0.0006847331914087437,-0.0009329710476327388,-8.280642668639893e-05,0.00016875505154800396,0.0005668977716775516,-0.00035689231344047023,0.0012184678663734125,0.00015213481881073396
2011-07-29,0.0037726992592702602,0.0008867769256492722,0.0029838556846727344,0.0010969255988146254,0.004652399510454341,0.0030162365840081884,0.005922546153054341,0.003051612006746238
2011-08-01,-0.0011957636676923412,-0.0010001647758322411,-0.0028116353706703354,-0.004142387743426666,0.0007320876473545336,-0.000464423145348709,-0.00021334012686793167,-0.00125782528522978
2011-08-02,-0.004131117601034636,-0.011151898558659125,0.018797363118078298,0.00041261158168108547,-0.0009819876464495624,-0.005363836187595516,-0.0016029739502485649,-0.0008267840757655038
2011-08-03,-0.0010310828257963423,0.0034680445658641953,-0.0033520657307966944,-0.0034413722814663275,0.0014886333920119733,0.002766773291190102,-3.740844656673753e-05,-0.00017765778444348923
2011-08-04,-0.020782939749008047,-0.022878810723410744,-0.005329655845198789,-0.018138516855890203,-0.005837179066064295,-0.016090717785660662,-0.012075389485946107,-0.014633987235781786
2011-08-05,-0.009130662097116249,-0.005676319333583926,0.006909864383522142,-0.0017527265809969396,-0.009073588551784018,-0.005682617923601354,-0.011122010679462113,-0.005088887372621391
2011-08-08,-0.027716680774990624,-0.03171290899066255,0.03319935157457497,-0.00524542194389962,-0.019272705252541232,-0.019433051905238145,-0.020413585145548856,-0.013115796819340102
2011-08-09,0.029203223558509742,0.028899387218751474,0.008915782292353796,0.01930567987033969,0.01688915747185726,0.023589298623024675,0.02492683733348771,0.021566362114408294
2011-08-10,-0.006226012692995897,-0.01990520392914709,0.03540715971230823,0.012099421345512767,-0.001477923218038234,-0.010356868286277108,-0.002692980472365783,0.0011790243789214561
2011-08-11,0.009271470940609832,0.01883911546606181,-0.021938376623234716,-0.0012329045964992952,-0.006334469084051574,0.010074437584379505,0.002303719842433086,0.0013845586224670032
2011-08-12,0.005275295415133753,0.006831833878978589,-0.004568074842148604,0.0009979028684849926,0.009437181566979237,0.005962519897890163,0.006941654026136309,0.004286081292488619
2011-08-15,0.011785260204561387,0.011151556445772197,0.010700585223450907,0.013903039709077964,0.003918021890806899,0.00755054668085252,0.008170398683551804,0.009586440167826536
2011-08-16,0.0008732354362263604,-0.0033626133225884555,0.012339901510646664,0.004572895652677559,0.00266917243552611,0.0033196582883408612,0.00180359270247466,0.0031283442949634377
2011-08-17,0.004820045689376454,0.003187533507605568,0.0028748850348669884,0.0037887899798797597,0.0046044469838899,0.005763477388432655,0.004686543446504104,0.004197245228468106
2011-08-18,-0.018039361455743065,-0.023843323590664336,0.018919866336435782,-0.008557438385947337,-0.0040239574358787306,-0.0076488487349931685,-0.012294103107618016,-0.007942184775809451
2011-08-19,-0.0027753966744304115,-0.009190219953270115,0.012547803917521506,0.006642119710906686,-3.4143674615087685e-05,-0.0015891629174764926,-0.002869675924863913,0.0004077881678288594
2011-08-22,0.002793157528474444,-0.0002896502639564992,0.02578493730668428,0.013387252795410913,0.0009385881504762435,0.004867766375876209,0.0010903595718883326,0.007054393821856036
2011-08-23,0.007485614326467614,0.017603224109003657,-0.037488478824596334,-0.008440443136915577,-0.0028711602033040027,0.00023468263621073508,0.0038061765328907954,-0.0032593725261110765
2011-08-24,-0.00775686467779096,0.004145032449127953,-0.03389828945849743,-0.018209210735976006,-0.009218401012630335,-0.009288576593703426,-0.00811533813763914,-0.011778739975182027
2011-08-25,-0.004429773391682576,-0.0068116202762895945,0.004136363175726965,-0.0006832458632026622,0.002271831810569943,-0.0018508060763693258,-0.0017121471394799584,-0.0013213416695036632
2011-08-26,0.01364746930443508,0.010010347943283279,0.029647253378140653,0.02331743231185792,0.007126448220310652,0.014209315075883347,0.010288175289735971,0.015387228698358521
2011-08-29,0.009984414273430725,0.014732249488389158,-0.02017243368699004,-0.002915853352840308,0.0009938517776144102,0.003128202630852531,0.006850238181290742,0.001811581106157305
2011-08-30,0.009316939840280546,0.004298614259445594,0.029961508609777733,0.020063926054954988,0.008263182605304047,0.011492661986525286,0.008270475731072554,0.013002014434100574
2011-08-31,0.0018597954924361969,0.0013175306936524934,-0.007705219630282357,-0.0027078441459930463,-0.0005867742360763906,-0.003502356229034341,0.0008032525699916609,-0.0014825739414493129
2011-09-01,-0.001981445741231022,-0.0033304631393537253,0.0008439899586658489,-0.0037203634933410945,0.0014617823592220644,0.0016545912481103033,2.4915329079200008e-05,-0.0007279115005765431
2011-09-02,-0.0025384322915909478,-0.011697649313173929,0.030154833481905757,0.005886318481471125,0.0020041911227487914,0.00450855121318749,0.00026405379793238264,0.004122691807183219
2011-09-06,-0.0009509440196577496,-0.003769779840766611,-0.001855553298880318,-0.002092898359079001,-8.78050930218278e-05,-0.0007364409077241719,0.0006508204876542155,-0.0012551846178980672
2011-09-07,0.00783748665164969,0.014431622146205744,-0.031820624711030074,-0.004384248145833406,0.0015418490839253758,-0.0010937976820518912,0.005388158360092752,-0.001366173057580717
2011-09-08,-0.0012889561512205842,-0.004236928798009607,0.02671106662880972,0.009716294006363185,0.0018656130509959504,0.004207722118098322,-0.00010024634110904153,0.005250015752856141
2011-09-09,-0.012979795230284205,-0.013583259966517883,-0.006105278176431472,-0.014390046866405656,-0.0034486735985104606,-0.00801526926925126,-0.008051208457523084,-0.009487078156416483
2011-09-12,-0.0014802523585232862,0.002533340436214223,-0.02230215189461892,-0.008677482233328704,-0.0026743234541202147,-0.0026106706117425935,-0.0017012713223124292,-0.005365725942629126
2011-09-13,0.001709966548167963,0.004179658846857105,0.010584678420606949,0.0074590334788389645,0.0010366377428193936,0.001998503728491988,0.0006741652263001294,0.003940291841038995
2011-09-14,0.003102047901284678,0.00850198726602356,-0.007483799477683373,-0.002310328228464484,0.002923876620014208,0.005636656844016582,0.0029268684344154177,0.0019111586020479176
2011-09-15,0.0028448113475631233,0.007448619617298237,-0.015856964679878398,-0.00540858969670064,-0.0016068643397455713,-0.0010058436852047074,0.00045036045550456974,-0.0018136376067067052
2011-09-16,0.004530833292972856,0.004357917152764448,0.009346358600104129,0.004693119964396285,0.0030313763980671805,0.006024529630564195,0.003882373326178943,0.005136790440969253
2011-09-19,-0.006806574078500208,-0.002885867612284649,-0.015451918647760724,-0.010654182632229774,0.0019707879444294503,-0.0015887854435143727,-0.001735908850167196,-0.005296290723196173
2011-09-20,0.0005093582328704215,-0.00017791761032283858,0.014251925771726171,0.005664485853524599,0.0014009316247502255,0.0034331359434640815,0.000610170335407734,0.0036103504949696356
2011-09-21,-0.013715725464574493,-0.016131098315485565,-0.012458769237767106,-0.0097312685500639,-0.004974659825318137,-0.006533389046501952,-0.00818164386547573,-0.010353117079981131
2011-09-22,-0.0182731324081847,-0.015545686927442931,-0.026153542150526767,-0.02175556125690982,-0.0035671974078124854,-0.007760706011336049,-0.009025464283988453,-0.01457891211143161
2011-09-23,-0.006137141499297655,0.0002663762003123697,-0.05475807330796952,-0.027327165126276438,-0.007642563614797919,-0.014197351880827505,-0.005925142895777104,-0.01655680174420227
2011-09-26,0.003762276090936045,0.012696284147072877,-0.013892372830456625,-0.00728616885741542,0.0021288206790560536,0.0026873369766318503,0.0016285568324445104,0.00039175213365996665
2011-09-27,0.00842759396034438,0.004225059495528775,0.019355267269433013,0.006738354537482431,-0.00030959852929660385,0.003857381277710844,0.0031014655844695256,0.0064075587402862766
2011-09-28,-0.01681766394054295,-0.01246828181821701,-0.027454420270526008,-0.01741881571877232,-0.007118147562305976,-0.013673254203696833,-0.011384294822140057,-0.015130516322165487
2011-09-29,0.005798069647037129,0.004815774834778066,0.009473791550213662,0.005958464828665131,0.00227617567388002,0.006342607229844175,0.003418805544856131,0.005409818185545455
2011-09-30,-0.014347391939557521,-0.012815614086179487,0.002282819386925545,0.00047508198770229325,-0.0016182420047438626,-0.0035413422999289027,-0.006955001175167052,-0.005435825263862481
2011-10-03,-0.008097258052190894,-0.01350826734908603,0.01834752119490823,0.007255698896967685,-0.00017413339088252744,-0.00034967663413443435,-0.004262628811800509,-0.000287944840068937
2011-10-04,0.005264401953628698,0.011023288515522417,-0.017660456077175327,-0.009043972506459977,-9.581145285416538e-05,0.0017508080070947302,0.0023129620159297913,-0.0009470930530108204
2011-10-05,0.008623122383229407,0.009583391951515639,0.00430192490698083,0.0032841759794015033,0.0027495307613018866,0.006725388488325757,0.00492546946991562,0.005912753364975118
2011-10-06,0.010684371137765068,0.008364999937036469,-0.0030588942898123342,-0.0025805460893639515,-0.0003081028917649298,0.002459872553932276,0.004804208241900562,0.003186934519641261
2011-10-07,-0.008930032829274402,-0.0061186530894970234,-0.007870985142225685,-0.008167283453156723,-0.004945257299343522,-0.006838109765986215,-0.007481276646126456,-0.007209343243993564
2011-10-10,0.021562003951335937,0.016619859592842536,0.010711011763057922,0.00851906769506806,0.002804204588650962,0.012590941098664397,0.012769950860876364,0.012633992270467412
2011-10-11,-0.0009718059127658615,0.0018652385467930882,-0.005763689766260641,-0.003279816821007669,0.002378670360816968,-0.0008920940114844646,-0.00011717173673990157,-0.0009762477584207736
2011-10-12,0.006132756416284873,0.004230320480537263,-0.000829169990660867,-0.0031688945099356647,0.0006236064316594721,0.0005725681319783082,0.003319880520908805,0.001800128627651879
2011-10-13,0.00026153175263041075,0.0003442810934568538,-0.001803751988924357,0.0023924208945743657,0.001840195544814739,0.0017562236678225936,0.0014401853092041001,0.0009012449000818171
2011-10-14,0.009770935743141942,0.008241859452694655,0.005430914623456311,0.0057413450785182354,0.0009731867749984648,0.0030654046682263426,0.005057723784759239,0.00537663852159174
2011-10-17,-0.009679751580214361,-0.008934742993346729,-0.00325704666511934,-0.0032109674300444947,-0.000737060499894625,-0.0027788927961336137,-0.00476286937535388,-0.004691315805569204
2011-10-18,0.009995765344643021,0.011251582754424649,-0.002690125020945266,0.001595034200778691,0.004167870698327675,0.005463210695095026,0.007209673266630438,0.005269665872394086
2011-10-19,-0.01000233903575471,-0.006509737114165992,-0.011525963782922491,-0.01131978646555065,-0.001666823383026487,-0.006448152975051264,-0.005630203315080501,-0.00752422189662716
2011-10-20,-0.003889387209004736,0.0018063673386017934,-0.011197213130789417,-0.00808336044731301,-0.00019540622742763984,-0.0023070442726177785,-0.0021325227713737288,-0.0036699383907577584
2011-10-21,0.011123083646229834,0.010671161060267564,0.008280350995341954,0.006657336568329084,0.003995676960658999,0.006158982709330499,0.007401990555086103,0.007689114463461325
2011-10-24,0.014243924254892716,0.007124229623133867,0.00901921317124206,0.009348906415368388,0.003494338346112676,0.0067469949601553685,0.009701558122863883,0.00856830278925996
2011-10-25,-0.0006653267172741228,-0.00832182065235325,0.025764385467419642,0.017025498978811438,0.00215094457410779,0.004334670821551632,0.00169594630255048,0.005836896999696473
2011-10-26,0.0015880753899073273,0.003093390098092432,0.007167282650254811,-0.0021587748203744776,-0.0019065562024850329,-0.0005019604466041643,-0.001039435201259734,0.0009046675258768848
2011-10-27,0.018348362033687796,0.016097201132599624,0.008350552140095996,0.0016550124522543,0.0010493413407772335,0.004710953306043655,0.008679029915873214,0.008494821997292663
2011-10-28,0.001112688970005202,0.0021911689553238706,0.0015320401735864153,0.0031603015899312253,0.00406175643926546,0.0037653626586697754,0.0029123612140900244,0.0026692959376252564
2011-10-31,-0.00757569679293718,-0.009476465732990153,-0.007932784735014782,0.0025415084781098365,0.0022222347815716976,0.0008055789658094016,-0.0008041943467341496,-0.0029629450364843097
2011-11-01,-0.00804758391876296,-0.01197721362077656,0.002758305001365945,0.005678561271245193,0.0015807408585905322,-5.408777159363193e-05,-0.0020397996859398667,-0.001816477042890977
2011-11-02,0.008795693036463374,0.008772384538701432,0.002679523571407381,0.0028309349032953936,0.003042283526692433,0.0042042936623452164,0.005253787253889775,0.005125673749255993
2011-11-03,0.008215657678807694,0.009158850981721861,0.006324069996414505,0.0049905538152628555,0.0018885919104125483,0.00528424041646396,0.004264235487246055,0.005837774007496305
2011-11-04,-0.002461235409877968,-0.002554389625733827,-0.003104073070795242,-0.0020080716136163506,0.0005126345233286117,-0.002496779858911247,-0.0008019717434117876,-0.0018670940288161213
2011-11-07,0.0071845668011980696,0.0042299735280609966,0.018571931096637004,0.010484155246795307,0.0021017510870126135,0.007945813423880947,0.003716860081691247,0.007849632393079026
2011-11-08,0.0026092524565735063,0.0060491136452595,-0.009687164513897506,-0.0016145764082045743,-0.0008685898823117457,4.170239468086591e-05,-0.00014005543272550358,-0.0005599234928556895
2011-11-09,-0.020608357508051817,-0.019195234852552978,0.0006116404056790928,-0.010857258241370911,-0.00412390077128647,-0.01002062700993934,-0.011672657218167282,-0.010866520168867943
2011-11-10,-0.0017603742930522956,0.003730231906523721,-0.008403492457302722,-0.006355503051940199,-0.0016698848215384345,-0.0017591939351399703,-0.0031762947300249668,-0.0027725432065947037
2011-11-11,0.011300101949773853,0.009376407277589364,0.0040705970211291015,0.008703478855664568,0.001509961711861709,0.0035694514184676862,0.005863667405780067,0.0064976641155126405
2011-11-14,-0.004628534543636101,-0.0032648383288351413,0.006688297763777542,0.0009919457568352034,0.0014116031103633788,0.0016669185648553447,-0.0014631514732288547,8.19070348422101e-05
2011-11-15,0.003806763323336444,0.002439660467459729,-0.0003231644530296903,0.0024831387227646053,0.00018240964135819991,0.0007444906268515069,0.002048307751595123,0.0016631512923834535
2011-11-16,-0.008103146068763908,-0.00812323657964339,0.00011571013687993511,-0.003438447489513542,-0.0021977962757511135,-0.003424048214607608,-0.004574511256971654,-0.004359840555260732
2011-11-17,-0.014385055494668886,-0.008697895142640171,-0.007157014588525539,-0.012291152356037203,-0.004228265167869454,-0.005716612316633513,-0.00947035458517692,-0.009010204515871457
2011-11-18,6.883468242450917e-05,-0.002142243929721416,0.0012334743449393217,0.00032871888862730345,-0.0021217100812575998,-0.00015569684413461958,-0.0004813135146449761,-0.0004668129998865396
2011-11-21,-0.013494008324419967,-0.010189839176611433,-0.007556128440988755,-0.010998204119457861,-0.0037714811140135696,-0.005835789653302375,-0.00834615723299393,-0.008751075168860478
2011-11-22,0.003004675451651722,-0.001193202278686194,0.011082592812972551,0.006488245330352852,0.00085541692805298,0.002131562514535596,0.001899099191387598,0.003491710098345811
2011-11-23,-0.01294722944456653,-0.01182555344399048,0.007053282125598068,-0.007427922544160259,-0.003401408829724614,-0.004158380107157704,-0.008134894990346673,-0.005815974738256506
2011-11-25,-0.005653196612334556,-0.003710910027807871,-0.013268322678593396,-0.007602134740573396,-0.005213389951173505,-0.006516122761962551,-0.005494563702615807,-0.006820540486701789
2011-11-28,0.018289877767671492,0.01722180472330597,0.0038659560058447277,0.015725866955182913,0.005715193666122544,0.008142785422237736,0.011053671514440245,0.011462626244560422
2011-11-29,-0.0008202865007527528,0.0009404722154300765,-0.006078370339381743,-0.001600141433952173,-0.0005384679663165727,-0.0009757677099707762,-0.0016641284072785789,-0.0015385979018823896
2011-11-30,0.02242484457948062,0.02241126930461514,-0.007883242944302796,0.016673719972375323,0.005208988081805694,0.007043301891095644,0.013186773625248532,0.011363990942728084
2011-12-01,-0.0015615229266030873,-0.00021032883985780393,-0.0045474560611357484,-0.0035459765390440452,7.143202975814952e-05,-0.0009575501486598049,-0.0006850233294039946,-0.0016136903336502009
2011-12-02,0.003208996697560683,0.0012131010447602678,0.00849234640631595,0.005261857508478969,0.004355203812429903,0.00531469211410733,0.0045193000206733,0.004635467196558
2011-12-05,0.0034624136488126626,0.006290323910627097,-0.007390107580273806,-0.003758830321488425,0.002747579367028298,0.0025786106435220562,0.0034989523600223497,0.001108893946721966
2011-12-06,-0.002768252512685289,-0.0008435794559774697,-0.003383148123529431,-0.002090239465212137,-0.0022623524471726683,-0.002933503616575889,-0.0033031447287171414,-0.0025310998130862322
2011-12-07,0.0035085358973247376,0.004042828388880081,0.005135175682837534,0.005600635478070143,0.004183942927540607,0.0035320444303537125,0.004409953757784404,0.004328857129461516
2011-12-08,-0.012899103989793263,-0.01118164058178442,-0.001366103746311389,-0.008793046740022289,-0.0020317795795082695,-0.0025044515511651114,-0.006800818850709714,-0.006500207765030477
2011-12-09,0.005402539978535464,0.0073082136700398604,-0.010954565060131136,-0.001298533022673718,-0.0017003795932803408,-0.002340009761430164,0.000949761155710268,-0.00037724202875589964
2011-12-12,-0.011686141430668444,-0.007394752700054441,-0.004734243793361219,-0.010265256689631132,-0.0010360803659152954,-0.0011465097606104665,-0.005526939954240369,-0.0059195889308043025
2011-12-13,-0.004732408114628404,-0.003856875010955595,0.009230053182371665,-0.004638078900735088,0.0013524853433629991,0.0014811843271938503,-0.0011276657494718326,-0.0005306951172058585
2011-12-14,-0.00886604711374786,-0.004660232534237795,0.018889506690768602,-0.004164895068540463,0.00024911798412174274,0.0014356610516100855,-0.0026493376951681425,-0.0002772110179254715
2011-12-15,0.001407257409542761,0.0017955576974856703,-0.0037081644141480066,0.0006562304121647594,0.00031220059577620766,-0.0001838924670493151,0.0011500968001226064,0.0001772333508520538
2011-12-16,0.00823545487240962,0.0028473903298620786,0.011661888146154318,0.011340898695287465,0.0042534435634547785,0.00495614330003644,0.007065870348319302,0.0072799284930136834
2011-12-19,-0.004585163416363214,-0.004959345112599054,0.01267198841744332,0.00027265284285246064,0.000337852174270282,0.0008888481372012671,-0.0008235397898167213,0.0005467457535316127
2011-12-20,0.014397360415711598,0.014141186049917416,-0.024945637660349063,0.006564480737719566,0.0004932542185739856,-0.0006482523832891376,0.005722532884927243,0.0022208827980500488
2011-12-21,-0.0025493846496462596,-0.000134628987240683,-0.013909503429890942,-0.006523505816157091,-0.0021017223383610986,-0.003077424610582171,-0.0036327080931128734,-0.004489791557441644
2011-12-22,0.0054912270746158435,0.005787909806713031,0.004175632741218183,0.004159652473816221,0.0034571040325018123,0.0035975207504870695,0.0048067549212205294,0.004498217991370091
2011-12-23,0.0015796420699844792,0.0037496035423112105,-0.01112094925135676,-0.0023481779271146558,-0.0014072670416658297,-0.0013999337774457268,-0.0007313486580380618,-0.001632855841668123
2011-12-27,0.00044388684940719443,0.0007020930111337694,0.0047503348611823695,0.0018888298950049257,0.0012743008481489828,0.0012023651729350972,0.0015681242512761223,0.0016766259383626534
2011-12-28,-0.007094193808423839,-0.005442406280160916,0.01848906629790048,-0.0014951359471434642,0.0016600703063124594,0.002382757949101962,-0.0017015048825769312,0.0008856032202311937
2011-12-29,0.004342353175928457,0.006697945264158582,0.001823672162127866,0.0026398536189535626,0.002590696251575658,0.003734403716087198,0.002859372871751031,0.003535449290460404
2011-12-30,0.0009525618825450238,-0.0015638453048938043,0.0032265020132966615,0.002190785611447513,0.0020542584981156293,0.0011725999988690334,0.0019027570455648717,0.0014086379970564044
2012-01-03,0.011826911045176438,0.00703355085689001,-0.01501069225697471,0.004249497757983242,-0.000939535271413759,-0.0010723731358561253,0.004232833682228648,0.0015082109779963138
2012-01-04,-0.0020866804690610565,-0.00034648835296805403,-0.011918921935894815,-0.007441228229532291,-0.0014973774107895773,-0.0028825949011190067,-0.0024954730546737787,-0.004078723173476986
2012-01-05,0.000339285434000498,0.0016768295028703473,-0.0017788734771148073,0.0018207085542369511,-0.0002335132331822764,0.00040562428170268304,-0.00011106576081722143,0.0003107413941937989
2012-01-06,0.00014840828085895962,1.0064379388864241e-05,0.007894349750375838,0.003060850696068502,0.0026709774794687812,0.002695091420646676,0.0020399863710926992,0.002624782246822978
2012-01-09,-6.271653079943471e-05,0.0015332998363877682,-0.0017688567844863488,-0.0022930782430730773,0.0002814322863825751,0.0005489992040603266,-0.0005795297582471623,-0.0003344867310484079
2012-01-10,0.007636073461022417,0.004409772051177334,-0.0016876888232839583,0.004178200528513314,0.0009881167786711415,0.000991966138442371,0.00415422215521648,0.002982306054281997
2012-01-11,0.0036096187387723707,0.00263668216600952,0.01301611852462314,0.009391722136943094,0.0036169264845487257,0.0051872897123666425,0.0037983660260698738,0.005854509614863878
2012-01-12,-0.000833718063695335,0.0006135401420277141,-0.0014183588573951648,-0.0010452713897186273,-0.00036413034610090965,-0.0009784280112058689,-0.0006244045079997196,-0.0006770807731128786
2012-01-13,-0.0007766812728494158,-0.0013388179007816413,0.009920035278439857,0.005619378290032183,0.0024263361416606696,0.0024989618331079278,0.0017448924710257027,0.002839705663183584
2012-01-17,0.007057466110051303,0.00270019653196424,0.0046331192375377315,0.005908501281088882,0.0018678538359068937,0.0022655012545539006,0.00473220876852115,0.00416821327193958
2012-01-18,0.005156268743464983,0.005362793797399188,-0.012105496735046226,-0.005184714898217649,-0.00019416528649040274,-0.0004968255304142012,0.0013646111531131582,-0.000856387817813934
2012-01-19,0.0007331540246701548,0.0007958033049255951,-0.013753129212768712,-0.008235522906513795,-0.002814635702494176,-0.003823818286950703,-0.001318007315352995,-0.004021869789428768
2012-01-20,-0.0012443683107119861,0.0008946277792188772,-0.011324706026878174,-0.005632282036800564,-0.0018722202682056586,-0.002552685313907376,-0.0020575055271089184,-0.0033472530260609417
2012-01-23,0.002354397628383087,-0.002429054163106273,-0.006326173225807301,-0.0020691350564055154,-0.002155255891651704,-0.002617462736866907,0.00015076334919574984,-0.0018292289232948978
2012-01-24,0.0008236888826713333,-0.00023745828774760717,0.0018073388235499966,0.0014453456527709233,0.0011101615046685536,0.0006239186054677808,0.0016391290300917926,0.0010123930371642878
2012-01-25,0.009534062538342087,0.006879829197249198,0.0027479296777593405,0.008861178821910535,0.0055064540439151155,0.004820272383383713,0.0068923155177030015,0.006340544137455987
2012-01-26,0.0031818093668688277,-0.0009502441915292445,0.011787752251102594,0.00855060416872403,0.003008214239822807,0.0035237020407805414,0.004906512319545785,0.0048977242558492584
2012-01-27,0.0032878709451208037,0.0009472860042244954,0.004400358635648752,0.004713936888300015,0.0021645035891687437,0.0021406376772683017,0.002690679439608734,0.0028761710442098696
2012-01-30,-0.002943252999498578,-0.0006692026978640335,0.008650803891191328,0.002639144929786162,0.0016392398772749272,0.002485802908355246,-0.0005770387338617999,0.0016710891970230454
2012-01-31,0.004227388256228851,0.0012972447943577763,0.010853059207468568,0.00890262395192613,0.0027851662166231677,0.003595878283478772,0.004031716458839873,0.00513129165322159
2012-02-01,0.004656334648987613,0.0038025275108945853,-0.009166848351303079,-0.0026154705020963362,-0.0003694861455813567,-0.0012362546647096068,0.002210732132296937,-0.00046841730741983703
2012-02-02,0.002694344496967591,0.0015175223738887215,0.0012264799486410695,0.002739288729449672,0.0014829448898085874,0.0012425206318938124,0.0021322311080317416,0.0018266706235762142
2012-02-03,0.002106270742400957,0.0052004899586208415,-0.02110017213593172,-0.00963058205717469,-0.002602234137559242,-0.003708876482025532,-0.001111967938298031,-0.004457982850468687
2012-02-06,0.00045333843442316234,0.0006835372876479587,0.006420053292370918,0.002356504860555406,0.0019410879930312074,0.0025640840665041064,0.0016434883162533877,0.002319290591700218
2012-02-07,-0.0002580086363662227,-0.0010212108869811151,-0.004829679246964295,-0.0005088240282388581,-0.004142905470946133,-0.004705601650621017,-0.0024902320309652145,-0.002633514094800974
2012-02-08,0.0019106009036545391,0.001987558923530762,-0.0014311113335617946,-0.0005127933016812069,0.0010900567823525617,0.0011541107118432064,0.0014210718526882524,0.0008225573069939147
2012-02-09,-0.0010383023833001226,-0.00013552568530438686,-0.00618314719294966,-0.003544097719976701,-0.0014841358980642143,-0.0018649680411907219,-0.0020036548763339677,-0.0023397330988716354
2012-02-10,-0.004880820950567322,-0.0022815623665048243,0.007876700531732917,0.0006476857054123509,0.0022631072239418766,0.002936146690165526,-0.0011375165102812017,0.0007928491945413757
2012-02-13,0.005789099264593806,0.004239226281002908,0.0015397517028351501,0.004356188591199832,0.0014171330429940652,0.001623514840329911,0.003860026870897437,0.00325858361883332
2012-02-14,-0.0013559396141204466,2.777750483762685e-05,0.004282016958512568,-0.0015021990097380104,0.00123310866481682,0.0014986321949118264,-7.954004802213942e-05,0.0005924974695981145
2012-02-15,-0.0008651332886428839,-0.0024879424083320643,-0.0008233931826308332,-0.0006967454691058793,-0.0005378853940460229,-0.0008691205313145913,-0.001022515154393551,-0.0010352301072226846
2012-02-16,0.003941080430957626,0.004790743964690392,-0.00707490327507222,0.00036527156611066943,-0.0012117881138982323,-0.0009361442200258576,0.0008497158207261149,0.00012805760297132722
2012-02-17,-0.0007057093902605536,0.0011744134213549388,-0.0007135716776706104,-0.0006505863806298295,-0.00038682631366518963,-2.415661482006498e-05,-0.0009117085054885954,-0.0003316839666299957
2012-02-21,0.0005684280543384764,-0.0011752501281301953,-0.006911531473584671,-0.003792312396585496,-0.0025974777259647583,-0.0033094286080908256,-0.0018289623190794622,-0.0025953173875059117
2012-02-22,0.003225098630121886,-0.00039000128600320534,0.012401363986963265,0.005919843996519127,0.0027906948219786456,0.0029226222153827383,0.0036704468473333926,0.004338406791567058
2012-02-23,0.0030762890404141675,0.0032237866080330893,5.985415443277428e-05,0.0028457165871800965,0.0020037003693380976,0.002053029411962671,0.0026907640560063263,0.0022854022977986626
2012-02-24,0.0029155036690644053,0.0015838549428502675,0.004145560505634248,0.0026991276740415703,0.0010027250838044468,0.0016551354736544209,0.002009801957459341,0.0023025052882995932
2012-02-27,-0.00042753955347645976,0.0023386428098532,0.006366672115131656,0.001528137412589683,0.0030500603165898657,0.0034545756976402074,0.0017286193458936365,0.0025895316274450963
2012-02-28,0.0034954203547302677,0.00193941573865494,-0.00046057389594478205,0.00369566214217938,0.0012619228960490134,0.000721488003936145,0.002201312830610481,0.0017909900074366723
2012-02-29,-0.008765955431464271,-0.003947101077177848,-0.015881720740327482,-0.01686630389487834,-0.0033922116849648995,-0.004175524585140709,-0.00527237261116214,-0.008280189541153365
2012-03-01,0.004759024608495924,0.001817839265247821,-0.004691463385849394,0.0035209659206716024,-0.0015026308288336474,-0.001701871930516833,0.0009720118739090398,0.00040857419184293263
2012-03-02,-0.000649486006166174,-0.0002418503010111735,0.007140413280235515,0.0018806844485408226,0.0022025993764286664,0.002727849877255761,0.000985135107353791,0.002019493905097233
2012-03-05,-0.004735494763381389,-0.0032486463676597126,-0.007170483376226652,-0.006147018734245112,-0.0023788604645084274,-0.003116782978695402,-0.0031504037141106248,-0.004251308607352211
2012-03-06,-0.01011685694086,-0.007149009590713678,0.011863064828226423,-0.003829696776975423,-7.47401826659409e-05,0.0001296808341129198,-0.0041560848565989844,-0.002025270042064438
2012-03-07,0.0037013722126905653,0.003384804702389402,-0.006024797678606304,0.0009017775642406258,-6.295099410452824e-05,-9.275697380972062e-05,0.0012779478400104644,0.0004728748922965475
2012-03-08,0.0046129963290885735,0.004758078497946119,-0.009968077377622925,-0.0010386788477702606,-0.00016194776599503312,-0.0003884602401692341,0.001064920884156659,-7.217746221635223e-05
2012-03-09,0.002509406375756328,0.002018488876796348,0.0020124001811436683,0.0036186258655350606,0.00015726458941607845,0.0006894608493297271,0.0012539618209345704,0.0017641308860915626
2012-03-12,-0.0016463968368872406,-7.021306498019229e-05,-0.00010905606215588911,-0.0007152458394036973,-0.0003895186911727256,-0.00018291978335667188,-0.0008560908999534724,-0.0006063386262715732
2012-03-13,0.004931156381232697,0.007994744127044755,-0.01727269030412173,-0.0035156472363518368,-0.0018267605840646393,-0.001735664060259023,0.0006303826101444591,-0.00151325979438527
2012-03-14,-0.009669538591363843,-0.0051423195282522555,-0.024996735986478003,-0.015017243875434644,-0.009443875890987377,-0.010068331556940618,-0.01039489862128119,-0.01201314855676861
2012-03-15,0.0026292608153178636,0.003273392573196629,0.0019696734736587727,0.0021993899006410235,0.0010579344591080185,0.0013537141985329423,0.0007383984584769114,0.001893240694794754
2012-03-16,0.0024538088394158546,0.0007163966255866791,0.0009202952062792858,0.002571595436345743,0.00010508520571144719,0.00036077174021498617,0.0016591990522992193,0.001266485640523256
2012-03-19,-0.0005814515596627076,-8.436776109762038e-05,-0.004458888796499482,-0.0011616450495355818,-0.0037538094381846104,-0.004133423383267387,-0.001953128352699359,-0.0024111152203417146
2012-03-20,-0.004154554226285488,-0.0015654153996979472,0.0031185457726096624,-0.000567103613771559,-0.00032271358399855,-4.538794093720817e-05,-0.001701091488117021,-0.000758173309231665
2012-03-21,0.0019832801979699707,0.001032214101400646,0.006872467782758438,0.0038151436571372556,0.0034908655203627547,0.00397193875676189,0.0033669500199049584,0.0035666594768452003
2012-03-22,-0.005242725993883048,-0.0038308420018159524,0.0011251893092998242,-0.00365991503095211,-0.0007408848557242863,-0.0007086085444733664,-0.0028904612161283435,-0.0022533389952352307
2012-03-23,0.005798485807370806,0.0034193824310943368,0.005497093962615142,0.007059826185148867,0.003589533511659741,0.004152421918748702,0.004251565655566455,0.004888116660009366
2012-03-26,0.008719646971435983,0.007916108703124798,0.0014457655984643574,0.005962297595762975,0.002378539409860748,0.0031424842727324816,0.0048418728554140275,0.004940701036716748
2012-03-27,0.00025173135846067775,0.0003187504240228687,0.005491209364634811,0.0025650317547358643,0.003475264368278166,0.004213205561215839,0.0032805908189124933,0.0027673851977296753
2012-03-28,-0.005842634150766291,-0.0036756300373052575,-0.0021645914019796817,-0.0034239214409409395,-0.0025013064644503623,-0.0023804688999835687,-0.003624795491581188,-0.0033843316188496065
2012-03-29,-0.0008583193290762451,0.0006346174969986053,0.004157192609853701,0.002529385561970888,0.0027741398406226888,0.0024467740124191747,0.0011826786700410768,0.0018223173095473083
2012-03-30,0.001053748927938956,0.0005103225576566298,-0.012518323339126482,-0.006204667337840371,-0.002785455639145103,-0.004498512182162405,-0.0015516982709979474,-0.0036605287413107365
2012-04-02,0.007425248677392717,0.005354905288753526,0.006968280968097047,0.006757204124542881,0.0035607651245106045,0.004476765621840779,0.005228918257859653,0.005682060794480159
2012-04-03,-0.00790342861332848,-0.00538614058605728,-0.01226607353935538,-0.01164853014999404,-0.006577481314675853,-0.00646413264535905,-0.008049815783097448,-0.008308245652996904
2012-04-04,-0.007145426594542905,-0.003948488793834063,0.0032501177100878694,-0.0041237363670130625,0.0017526132886502954,0.0010277571320519952,-0.0019306252706599843,-0.0015265399277347748
2012-04-05,0.003508384163405269,0.0015019198939075832,0.006855210962346579,0.004879951119081173,0.0033854134595813485,0.004602446860817655,0.0032219239136301644,0.003995870407715774
2012-04-09,-8.045439693888344e-05,-0.002541816969179592,0.01176970391812278,0.005048066023338838,0.005598196725319703,0.006290772012692284,0.003935273431279596,0.00437307285232362
2012-04-10,-0.006517085772815179,-0.007983444830125851,0.00123846904799987,-0.0024671010483321184,0.0001236509233439446,-0.00017701583529798268,-0.0028576860035128956,-0.0025852732138796964
2012-04-11,0.002200780255000523,0.003113905690567644,-0.005889845661380531,-0.0005945056755247175,-0.0013961560344524933,-0.0020595498663321713,-4.828816183979602e-06,-0.000731857337368236
2012-04-12,0.008829300556004041,0.006851983354999522,0.0015505591637903998,0.006716938778502348,0.0011715429832191131,0.0013553044608609914,0.004242119474078815,0.004322753686081557
2012-04-13,-0.0043864038462240705,-0.004566253951026144,0.0045879034738975045,-0.0009897407493273777,0.0022073561803276106,0.0015898781480931925,0.0004695154188875362,-7.064590905308456e-05
2012-04-16,-0.001976753064569842,-0.0005719911585433426,-0.003084473610298371,-0.0019639072271499225,-0.00043092087928296523,-0.0024759317456231307,-0.0021036994133923456,-0.0018002091950170415
2012-04-17,0.006443618028667479,0.008466896305883426,0.0027393675959280226,0.0037122859222214243,0.002431108986430583,0.004128209374934419,0.004636356811363152,0.004716663932725484
2012-04-18,-0.003127853526947032,-0.0012468296896060113,0.002029992571979036,-0.0009008698804592646,0.0008064057921823373,0.0007972530580665411,-0.0021305260309816753,-0.0005513303455513619
2012-04-19,-0.0020480270419031546,-0.003414725952066332,-0.0010328706033292676,-0.0012948975586479007,-0.0005313877443545913,-0.0017647048588440898,-0.0013611350439769342,-0.0016684546567215428
2012-04-20,0.0025320937886165085,0.0010407068326114082,-0.0002943519469709098,0.0010371549042384627,0.00044086896158850015,-0.00029868211860894654,0.0010972112370651664,0.0008051001477330449
2012-04-23,-0.00472183107756625,-0.004257479916487198,0.004643163503038871,0.00019796883903097645,-0.0002951365005824987,-0.0004877038158363962,-0.0026727316445541763,-0.0011519178911890816
2012-04-24,0.0006511428276358255,0.0012478118694569283,-0.006776733699451461,-0.002662922413626174,-0.0011702712340076772,-0.002897462584366332,-0.0006802984890541172,-0.0017329782588142262
2012-04-25,0.007060447551553188,0.007670376107208963,-0.003185108714369889,0.0021749866353301113,0.001989082922572451,0.0047404542286411284,0.005624603506543343,0.0037921126328082835
2012-04-26,0.004828179576935105,0.005526017229143208,0.005999929917709697,0.004949037552136192,0.004136977993298497,0.004277147278634675,0.004191395716004001,0.004858847304016585
2012-04-27,0.002752955672262306,0.0014046715610718848,0.0011846345333853371,0.0031228051248232136,0.0011763588385948686,0.0020125098385483558,0.002433815035657613,0.0020142347956198297
2012-04-30,-0.0009234250949305228,-0.0019023167856813412,-0.000224174872200941,-0.0007313973385001541,-0.00016220362353866773,-0.0010632650008930305,-0.0006617904313745574,-0.0008230641518567577
2012-05-01,0.0014639050237471281,0.0030317786364199868,-0.004745881394762784,0.0005824991136346825,-3.601460237313207e-05,-0.0007721502030818047,-0.0001501806251207517,-0.00010405095853582422
2012-05-02,-0.001005925723399366,-0.0010570029739938953,0.006770427582962294,0.002899561784435435,0.0008085763358104261,0.0020487896997561437,0.00011116603109519413,0.0014911676432944239
2012-05-03,-0.005589231670304971,-0.004645198242864934,-0.0009240146937156893,-0.0025183596272769517,-0.0017694542938180174,-0.002681332904410982,-0.004236311242964512,-0.003240362910961816
2012-05-04,-0.0076938223514368635,-0.008130796497984566,0.002345027637079623,0.0014234411987938797,-0.0004662273443563486,-0.0026700637059796683,-0.004683356581598302,-0.0028179482213408153
2012-05-07,0.0010257792540028223,0.00031984858762300735,0.0002931606411925812,0.000891835289818766,-6.402823464526808e-05,4.5113277929914245e-05,0.0006947441802797801,0.0004738147902899573
2012-05-08,-0.004239968392611407,-0.0014717279653943863,0.00385892873698459,-0.0010134376098544615,0.0009089840302238739,0.0009221851832745748,-0.002734363097100438,-0.0004990733498169893
2012-05-09,-0.004716922557358237,-0.003178307204146518,6.347827728544733e-05,-0.002116577826541034,-0.0006101257689238636,-0.00038937328901107184,-0.0036055330959389688,-0.0020587281858209412
2012-05-10,7.055998901811205e-05,0.0006454053159147767,-0.00279566574947655,-0.001406718435758611,-0.0006694044846620813,-0.0013689034821177163,-0.0006613716372191591,-0.000889904787330178
2012-05-11,-0.0015188040906304297,-0.00044454204545033124,0.006909676391596993,0.003749903487485828,0.0019458600508480014,0.002553147732015574,-0.00019019683563751503,0.0018941065306260331
2012-05-14,-0.006976625695299594,-0.004739736235888896,0.010240013431148528,0.0027442095444610948,0.0011120096562399276,0.0014653159077815303,-0.004466589254297649,-2.3924071420411072e-05
2012-05-15,-0.0031889985617319086,-0.0033476012491612537,0.0036443124733867276,-0.00019993481442098874,-0.0010553668757135321,-0.0005996145549783779,-0.0026428194895601275,-0.001062973711759645
2012-05-16,-0.003839842267718468,-0.0019887650507660927,0.002307071526204232,-0.0017512129634446596,-0.0002501371623322675,-0.0008438784530907544,-0.002089464799889277,-0.0011998681225443742
2012-05-17,-0.0048928815613898296,-0.007356315674807696,0.0158063726628447,0.002217118086155474,-0.0003026621121391122,-0.0012645957736036988,-0.003369862480550468,0.000183040000245466
2012-05-18,-0.003956278545776153,-0.005340421477151932,-0.0002361803934996154,-0.003434822584128999,-0.002347424921078197,-0.0034020222151273623,-0.0028419792926168393,-0.0030461814593415568
2012-05-21,0.010949319416353121,0.009092405152075628,-0.0011822962914667106,0.007475237677327359,0.0016102429964366931,0.004357210490660046,0.0072621301574131835,0.005595928198176948
2012-05-22,-0.006184267050846136,0.0001701749607823387,-0.01062458919323362,-0.00716135707296698,-0.0013058114939953633,-0.0023058251927482913,-0.005608437295349067,-0.004756753418534357
2012-05-23,-0.0005485400493764957,0.0013724420025294079,0.0067185213934168285,0.0041687490673025995,0.0021663729460963273,0.002638426107636664,0.0002806179132279638,0.0024120362405798757
2012-05-24,-0.0013471991917133606,0.0003030002714436288,-0.003875716190918365,-0.0019939236340421915,-0.001262419909152525,-0.002779057834941491,-0.0012841863717429473,-0.0017550825441982152
2012-05-25,0.0008518788497198883,-0.0007927456552051756,0.003651481463290102,0.0014720329434066172,0.001547675243060527,0.0017107842821046137,0.0020206562259731395,0.0014988492936314096
2012-05-29,0.005478533657753214,0.006924946720170499,-0.0027972145665845706,0.002582795319896779,0.001997400283591496,0.0024963551775378503,0.0025157026901344915,0.002733858321451485
2012-05-30,-0.004620777653538112,-0.004959528197904965,0.024749592763827686,0.008583108510222148,0.0042052583748161875,0.005416492901326966,-0.0014427919916445789,0.004537335401871493
2012-05-31,0.0019676098393146086,0.00025250892801134185,0.011295364755637206,0.008321635924889744,0.002563043974656448,0.0024590699857304065,0.002463535360169467,0.004194597881614275
2012-06-01,-0.004936704139682465,-0.011512994381701214,0.022871848274330295,0.007326997410475322,0.001293344879987164,0.0007091094643422906,0.0008783553118596966,0.002484420416479829
2012-06-04,-0.0014832860283594596,-0.0026543013107875623,-0.007646323750340695,-0.005766760789497135,-0.004649083231639392,-0.003160543644403522,-0.0027811922799933983,-0.004044340952998872
2012-06-05,0.001246102755083807,0.003194196653011863,-0.013401012958357009,-0.004984973654982664,-0.0009485755012604976,-0.0018415432034321595,-0.0003137003453843194,-0.002422545729338314
2012-06-06,0.009692393621867315,0.010935003331314476,-0.019983495498760308,-0.005257031185013856,-0.00013325183612315685,0.00034875680063195785,0.005039091210608212,0.00011935368424073698
2012-06-07,-0.0025071727360518998,0.0013128527035003157,0.0015190227454502357,-0.0027754116827452104,0.0020068347029394426,0.000972789868052856,-0.0022289312883049545,-0.00023952374924291674
2012-06-08,0.003599742784316706,0.005132943094051035,-0.00023925374507982096,0.0030884546471654636,0.002370609083779489,0.002977636931146635,0.0037012715310118975,0.0029801314214354903
2012-06-11,-0.00842474162218921,-0.006709524736066113,0.004552148748996998,-0.0024045858288813354,-0.0008090564663177655,-0.002241342775783849,-0.005166058372758472,-0.0030962739506671254
2012-06-12,0.0055014254557340155,0.0048704444777747,-0.009142809762198821,-0.0011398059570106095,-0.001575433557123273,-0.0009041252845504713,0.0026033337145501463,5.809782270125324e-05
2012-06-13,-0.0008662017527330528,-0.0018485190135501405,0.0098692122219619,0.004573772819024621,0.0026357856080634246,0.0023040394774119554,0.0006785725249575895,0.002425343235585404
2012-06-14,0.005159067680786377,0.005268466125352265,-0.001291479267953219,0.0026736269113122164,0.00021409144229269305,-0.0002763597419324315,0.002810705766942167,0.002081525516588078
2012-06-15,0.006710695765971371,0.008007074809692427,0.005569087250833383,0.006373589913492518,0.005872411249097294,0.006630575282273684,0.00539770627912033,0.0063682856441575975
2012-06-18,0.003092792972963598,0.0010623788063237796,0.005379400204752247,0.0056539504800282615,0.0002166642358918379,0.002157877634390675,0.0020660811198381984,0.002803202374680843
2012-06-19,0.00299439896361001,0.004504351178002731,-0.01306260165033134,-0.003887103404425863,-0.0004948579224838428,-0.0004652779826562286,0.0012255380069961205,-0.0013233141630023281
2012-06-20,-0.0028025538409944227,-0.0017843313568397052,0.004943524161922004,0.0009696107857215317,-0.0019431266636783639,-0.0009176180423707193,-0.0024085136740865975,-0.0005661323315802238
2012-06-21,-0.015492286270450462,-0.012812144663762579,0.005315790172752508,-0.01018965410036508,-0.0034038140725277796,-0.004888646925257674,-0.01069886598366016,-0.007447383139636351
2012-06-22,0.0018810545194403905,0.0029089042774827698,-0.013337310045345989,-0.0028562574928410354,-0.0016861263499678778,-0.001269022527092516,0.001428647472671014,-0.0018872555642654822
2012-06-25,-0.002104393353403946,-0.007451925025254471,0.010455317741464467,0.004511053554843863,0.0007388396217662796,-0.00021242507239514047,8.450851604715928e-05,0.0008827729387420979
2012-06-26,0.0019153266060953095,0.0020901857336577904,-0.0027456712724658397,-0.0008478211271570514,-0.000656102535671163,-0.00021412708618760278,0.0009296198399921321,3.960635073200545e-05
2012-06-27,0.0040801272386801245,0.005939476218653851,0.002113711765960896,0.0028418940576290753,0.0030439962303300274,0.002902622764168884,0.003100163361031469,0.003424656425880429
2012-06-28,-0.002563481058396152,-0.00040676236180756716,0.0008398015860306174,0.0009587121010275933,0.0019087402150436104,3.6713172457683834e-05,-0.0023134864400869756,-0.00024335926501449663
2012-06-29,0.019800607585554977,0.013020011910345936,-0.007792967284189296,0.0026109654883983645,0.0018044759813226961,0.003731864050976822,0.013797119334803497,0.006709322524812603
2012-07-02,0.003822208727279077,0.003656884631041228,0.00942205473690623,0.008789716869628619,0.0042777959891262185,0.004637738783334759,0.0038122074765273165,0.005461817017263769
2012-07-03,0.008424207417712761,0.0029901293022896276,-0.00573954559873996,-0.001825463557662851,-0.0004773587618047482,-0.00010802470451820524,0.006320931444693095,0.001412831568929471
2012-07-05,-0.0020162299099132806,-0.0016757897924529201,0.005067059061443939,0.00031196663237869856,0.0011570245332157855,0.0018391862562125826,-0.0005669444723247991,0.0005951751796049813
2012-07-06,-0.0064320108473783074,-0.00427595547325494,0.009294061931841558,0.004310737464612235,0.0008385817183524467,-7.292292942235809e-05,-0.004158167402224028,-0.00012903744817189492
2012-07-09,0.002953655410066593,0.00037082759940666786,0.008814234817782205,0.005730087507893633,0.0019446699852268684,0.002069634581739597,0.0025658095392260675,0.0034831676406596778
2012-07-10,-0.0069632570939956165,-0.00499481859493636,0.002028576359781145,-0.0028300033800575572,-0.001399100971483209,-0.0020467520893359993,-0.005075475764701285,-0.003045543846282763
2012-07-11,0.002157088213738824,-0.00028607856698360356,0.001245685468417747,0.0015618958575077102,-0.00070321540629495,-0.0014785265215809485,0.001699304349790804,0.0005700257085719828
2012-07-12,-0.0013980958206790367,-0.0019333359560218233,0.007076257485439937,0.0041133731726940735,0.0008589710700540713,6.944283688905531e-06,0.0004251511747307915,0.0012924663453528292
2012-07-13,0.009010977637335688,0.009569399961234433,-0.002625571124469696,0.0030744554154096453,0.002696517419538599,0.0033300940070039374,0.00611275457277662,0.004447659533237703
2012-07-16,0.0018334281198420046,-0.0005713650095832242,0.004596557485638518,0.0024937074018080542,0.00134627001684281,0.0010401964383208138,0.0020744763016037056,0.0018409530263760242
2012-07-17,0.0023020967981491566,0.0030853815919533326,-0.007785479118429081,-0.0004062054501491053,-0.0006111635215965033,-0.0007544941678101209,0.00064540308401448,-0.0005420982779376333
2012-07-18,0.00285010509869178,0.0048549730589872745,0.0005149398454161117,0.001579081698212489,0.0025401763520366666,0.0038323638884704783,0.0038235648826566862,0.00282122990821224
2012-07-19,0.0027535098683389367,0.0009974432784185276,-0.002595176660598942,-0.0015431725063318664,-0.00045913251139726027,0.0011264013191461717,0.002648405758896853,0.00039800711140660196
2012-07-20,-0.002688533665272189,-0.003959137100148591,0.012143550219350221,0.002093986488706852,0.0012228499535136802,0.00024059597222865405,-0.0011065309206354113,0.0011684681966899653
2012-07-23,-0.008577417430830205,-0.00541558157335025,0.0055591547674832455,-0.0020966439038539713,-0.0009209820687881297,-0.0016022870809377944,-0.006078328694196844,-0.002693618552474668
2012-07-24,-0.0016926149215162934,-0.004361129524566593,0.007828462076541537,0.0013192487823748954,-6.725197648343485e-05,-0.0002934485941259977,-0.0005424366638745414,0.00036740540536747235
2012-07-25,0.002670847449815198,0.0003148413885330529,0.0025408415876297164,0.0015767589168006692,0.0006171453413612314,-0.0006857858475358556,0.0025434939061417853,0.0013549648471696805
2012-07-26,0.0066042417739261465,0.008658760289630647,-0.009155464744884476,-0.0044945385014093404,0.0014152198410041456,0.0010923648360385164,0.004263781511696314,0.0012488657965923737
2012-07-27,0.007247157902294747,0.008292498507428437,-0.018862741467725132,-0.010912473872385055,-0.0016915738096974745,-0.0001852992361070045,0.003096011511589663,-0.0017111568092512647
2012-07-30,0.001757413401333102,0.001253186319128413,0.007472141117992319,0.0061335724096660185,0.002471045855031829,0.0025076209367185494,0.002057363619492971,0.003334773333631608
2012-07-31,-0.0025581588520423525,-0.0035864501969009714,0.0020083068615450715,0.0012789246557626506,0.00036989517922319853,0.0006031920007270059,-0.0004918348407476984,-0.0003804124931939886
2012-08-01,-0.002616099615306964,-0.0019603387542794825,-0.004998215979601258,-0.004769560926703976,-0.002755718166706381,-0.003374832946407699,-0.002735999272970933,-0.003302849391648525
2012-08-02,-0.002925665856556841,-0.0032647558302555993,0.005668272420628944,0.004181824820313227,0.0002622669731313713,0.0007063594616969234,-0.0017137074602891732,0.00036045563852379176
2012-08-03,0.008838862216092893,0.009755655845733678,-0.0110421413545528,-0.002998306002234917,0.00013085671849881047,0.0004435820035028934,0.00470978063735083,0.0012690064683605145
2012-08-06,0.003114286503638061,0.0014284525626402712,7.833388911485135e-05,0.0012217593142264732,0.0012080627398019428,0.0020460501361929057,0.0027711646406099392,0.0017003797363970238
2012-08-07,-0.001189001698905803,0.0009708729520820415,-0.012628015688584264,-0.008163996519568988,-0.002984857148295686,-0.002395741555347438,-0.0019308504114222776,-0.0040408873728899125
2012-08-08,-0.000991648055889234,0.0001932818477206375,-0.005645518204065272,-0.004213511766264367,-0.0010749435347869566,-0.0012872291488356415,-0.0012870092827127696,-0.002023437913848813
2012-08-09,0.0016438155049882295,0.0002305006978121522,-0.0012599971751112483,-0.0005037230065957579,-0.0003147845628555184,0.00011418667874849009,0.0011107181835553152,0.00016248026822496015
2012-08-10,0.0016227906748611737,0.0021207960418913796,0.004236771784796758,0.0032453106695315916,0.0025722306871386632,0.0024995207198401878,0.0017854661545084883,0.0025910918068455706
2012-08-13,-0.0030989087006686334,-0.0005558124892818303,-0.0014726892010403802,-0.0012270716440288076,-0.0006718518201054225,-0.0001332909419874196,-0.002576912691286128,-0.0013988163854198046
2012-08-14,-0.0033434203677122475,-0.0019787999777975502,-0.005752838349725556,-0.005767073558065942,-0.003914410217979761,-0.004394033617350056,-0.004624527726657315,-0.004347380941348921
2012-08-15,-0.0005527462855697155,-0.0013219262876940896,-0.004639439061932654,-0.003605450471032568,-0.003666959688894804,-0.0039251553483455005,-0.002825559617031532,-0.0030207577607394005
2012-08-16,0.0036137288499235535,0.003480269084449582,0.003152720606851238,0.0024395691233853422,-0.0003090733342972539,0.0005861814150639262,-6.921318747983151e-06,0.0017250840595347957
2012-08-17,0.001209275329612137,0.0012907441564658719,0.004607637536804844,0.002716293158475051,0.0013864344539817513,0.0021645441557811076,0.0013844177668009363,0.0021056045745553083
2012-08-20,0.0012887000489688945,0.00026472893539246524,0.001714376952272767,0.000810512913403792,0.0008250511828194818,0.000817373076852339,0.0017306870823916574,0.001056030593630301
2012-08-21,0.0021925268676306125,-0.001496073652594698,-0.00039700453662245975,0.0014631813818244876,0.00012125097067251908,-9.239440293673279e-05,0.0026358200897448284,0.0007007064277293938
2012-08-22,0.005564703267184053,0.003330694255064601,0.009385497472807319,0.007683621871220818,0.006114283731174827,0.007166650702709482,0.006898893292486171,0.006653908652437242
2012-08-23,-0.002137891762789782,-0.004306700779555161,-0.006786758190842884,-0.004271029165155203,-0.001018456533835332,-0.0009266797124986658,0.00026679427265416015,-0.0026390629018718556
2012-08-24,0.0012623485122250189,0.003424253031943536,0.005310328456151824,0.003885623061978052,0.001308265468289772,0.0013488775439901035,0.00043394517546646713,0.0023537287061263534
2012-08-27,-0.00043365114062615966,0.0011681054391757821,0.002128108421758831,0.002895727997606544,0.002066058113120299,0.0024949424187191956,0.0007015461874549421,0.0015842847796417334
2012-08-28,0.0007949809595307762,-0.000443921895913865,0.00029269386968463725,0.001430410835271451,0.00012515813878173935,0.0003631128643383066,0.0010521363031400519,0.0005321982823535405
2012-08-29,-0.0017998243200436617,0.0002055916462647928,-0.0005365381506172918,-0.0010247725524494674,-0.000373342417689087,-0.0007594699528379556,-0.0019042804402041172,-0.0009263299870073132
2012-08-30,-0.0025502303367457005,-0.0035721510636990486,-0.00821924987181567,-0.0047183198725606395,-0.0008682984959270983,-0.0008823313122004045,-9.9575059761708e-05,-0.0028631064969856152
2012-08-31,0.009471266050527002,0.005452988790014407,0.007573875168916277,0.007349915931876981,0.006203609470850092,0.007097586154392337,0.009104228781971011,0.007535520368454689
2012-09-04,-0.0005353716984366589,-0.0015324362264021,-0.0010838121147860903,0.001074419462213059,-0.002054222458386869,-0.0018518015804228744,-0.0012078698009632138,-0.001027654109683481
2012-09-05,-0.0021483534672997427,-0.0006581795753453606,-0.002352061517486965,-0.002781719023971251,-0.00040561829656998684,-0.0009777679500764013,-0.0012743406915547081,-0.001496153744954152
2012-09-06,0.005428646121228079,0.009456627925211524,0.008276734538354792,0.0014232259291834543,-0.0001350214539356182,0.0002469892689712693,-0.0014905604225327216,0.0035405154099501976
2012-09-07,0.0064668230374359615,0.0028743487273316026,-0.0025623176352898274,-0.0009513692319637585,0.0015672182750870165,0.0005067204528423009,0.004612941358172339,0.001788803592577716
2012-09-10,-0.004726252984861202,-0.0032687555381008416,-0.007504229196892206,-0.00479626897566072,-0.0016252971462706377,-0.0024092169548959705,-0.0019135944515763885,-0.003839864116985569
2012-09-11,0.0016711360352987643,0.0009585131554096909,-0.003249566383120623,-0.0020467976449227787,-0.0008139513390484998,-0.0017295493445695256,0.0004394693660816809,-0.0006551883748306428
2012-09-12,-6.607872115679207e-05,9.190748423364148e-05,-0.00248111068151578,-0.003829303508178,-0.002682560478447816,-0.0033484226729331955,-0.0021114598309481813,-0.0019694512036761143
2012-09-13,0.011004834578238419,0.010260264610777217,0.012188337299532842,0.005000017188205721,0.0058439700227650646,0.00537938670358975,0.0071415457758136035,0.008088776478681265
2012-09-14,0.00030823775456341506,-0.0010542854053001323,0.00611131886507132,-0.011405012013353498,-0.00542875920216155,-0.006353459660983234,-0.004200765058496023,-0.0031736160457218414
2012-09-17,-0.004016010017669029,-0.0012456231725383941,0.0004923608396141731,0.0037821297671635236,0.001242494521029781,0.0021392505041540515,0.00012088614151127748,0.0003710342579840807
2012-09-18,0.0002326133570564752,0.0005039267767491944,-0.0008166193427419118,0.0018474792298110482,0.0019408060984186788,0.002103587288633982,0.001108345744347385,0.0010071657474607387
2012-09-19,-0.0007671784191253552,0.001254185322868303,0.00076343090807158,0.0026762875634568674,0.0019454865518672725,0.0024719633594367345,0.000728255610262331,0.0013084919995867226
2012-09-20,-0.0017475823283884472,0.00026235365143908806,-0.003311842813604309,-0.0007460475245406035,0.00020125002083079,0.00041865083852766295,-0.0014013023938509767,-0.0008848142324514468
2012-09-21,0.0018814134723210587,0.0005972172484719284,0.0003137980555387954,0.0010582353664935983,0.0015649971369623762,0.0014291924150171454,0.0017111710578520628,0.0012241902354184187
2012-09-24,-0.0019271643524565313,-0.00013371551088776733,-0.004201773615083394,-0.002018004649285229,0.0006524609383622783,0.0006396856270687072,7.447202757758006e-05,-0.0009276641755568947
2012-09-25,-0.004346735035593796,-0.004888383340483038,-0.0135372160455764,-0.010476893811331303,-0.00040019506116453757,-0.0005293556649325045,-0.0012415063332636585,-0.004875505088366152
2012-09-26,-0.0014382826575440864,-0.0016670512466835947,-0.0046319781632387196,-0.0015477451350407259,0.0013565457331670419,0.0012822646315634987,0.0013088624504864984,-0.0006785012756353778
2012-09-27,0.006654480469932892,0.004728725993643828,0.009297850595099112,0.00712105546405584,0.0013057078223570738,0.0013898484089200755,0.002272972376453252,0.004582674644409551
2012-09-28,-0.0015666285985520326,-0.0027607288939294427,-0.004958795434030112,-0.003782898169468816,-0.001383674997065451,-0.0016130597816938984,-0.0004565449852611662,-0.002339666563924616
2012-10-01,0.001759880521663312,0.0023218627443115816,-0.002717507926265637,-0.0006092917622041047,0.0016868856600245135,0.0016459504087676926,0.0015291103919376863,0.0008597038764509794
2012-10-02,0.0005195299221117747,0.00035717886346886833,0.004209683351314906,0.0035266891030533037,3.4013499153593e-05,-4.244688357767144e-06,0.0005553868983499553,0.0012447320845271153
2012-10-03,-0.0009136241043859409,0.0027821868518825683,0.003021814562974292,0.0007147492884399574,0.0017931384774223273,0.0022304722235047224,0.00037811219211238763,0.0014540849121429716
2012-10-04,0.003529014626346607,0.0027246525256881325,0.0006346981893373691,0.002706980979787239,-0.0013260031817103185,-0.002175820129024182,-0.00015802438913953233,0.0008537723651078745
2012-10-05,-0.0037639955227440074,-0.0017560611684032726,-0.0004111837984025843,-0.002962191991621837,-0.0035575530189593282,-0.00472599384980504,-0.003534464977059201,-0.0029777011806260798
2012-10-08,-0.0017449962796117803,-0.0007822855253662366,-0.003885010035805878,-0.0033513608675165073,0.0011671658660683303,0.00026339263058874776,0.0006716311734033508,-0.0011038836600098675
2012-10-09,-0.004288625191970595,-0.006770158097526686,-0.0067215177601725375,-0.006376415543591999,-0.003987329979922242,-0.005362889314966773,-0.0028106205891604706,-0.005245926143532158
2012-10-10,-0.0005364444987398205,-0.002871874957018218,0.0017908003704250313,-0.00026610215815215174,0.00042321643549287686,0.0006462673259993825,0.0010610637332937793,-1.968987562643784e-05
2012-10-11,0.0034939811327581683,0.0007059166999146018,-0.0013450432479573747,0.0016590455136037525,0.000821918571197291,-2.933195098478664e-05,0.002503443065315545,0.0011239446617923273
2012-10-12,-0.0031730279190346658,-0.0020103127593144084,-0.003618569095235708,-0.0017806480147125317,-0.0008662315211722593,-0.0003275648800085054,-0.0011619275622055162,-0.0018421264688436617
2012-10-15,0.0015997887044097556,0.0051015902019515506,0.006638860972617341,0.0023159722484134004,0.0021759623620056204,0.0021615854948965722,0.002097826386709693,0.0031859196355109713
2012-10-16,0.0031943021293321665,0.0042105854533446415,0.0061348966168879296,-0.0005170008218309649,-0.0008989205678679858,-0.0001334406499391358,0.00029217414353781556,0.0018774254016696093
2012-10-17,-0.0007911466631702798,0.00024499503455972923,-0.002743643595340961,-0.0042822717740018165,-0.0034414019849089163,-0.004450399721676408,-0.002729383354176273,-0.002550920674060772
2012-10-18,-0.0023784602343467133,-0.002276069893784154,0.01024155711080432,-0.00100326360926545,-0.0020887309877788513,-0.0037065936529785044,-0.001749179999663134,-0.000510353867294287
2012-10-19,-0.00796580479477085,-0.008460613743350866,-0.008321597350167687,-0.0036989318387049813,-0.0011846820042485397,-0.0026155078531545006,-0.002581515713307554,-0.005158519898193248
2012-10-22,-0.00034892822849605875,-0.001251693926072035,-0.005035319995094543,-0.0036712405626923607,-0.002439843488430059,-0.0015293396242039713,-0.001935210651985775,-0.0022330250970646302
2012-10-23,-0.006535510974204881,-0.006474247002761442,-0.00881634705824268,0.0007025057548901324,-9.143647081911495e-06,-7.195209937522614e-05,-0.0016553623231748968,-0.0033101342810050254
2012-10-24,-0.0030425294919980547,-0.0025505950535314867,-0.0012931583109287443,-0.005614109339060405,-0.0023592045679132305,-0.0022298389508174405,-0.0029089765860413385,-0.002843123026249395
2012-10-25,0.0009692416119966869,0.00025783741796509235,-0.0029215766652682523,-0.0021866422893616917,-0.0020323841786935083,-0.0021783398598378876,-0.0014636846485934826,-0.0013711595442922732
2012-10-26,0.0015337986058029307,0.002229933444665289,-0.00738406133048178,0.004679900219326721,0.004646432006091471,0.00417877970428182,0.00333542508461455,0.0018745826401251537
2012-10-31,0.0022202445962689406,0.0016574410325430715,0.009501895080047973,0.004847637600065622,0.00298875541200236,0.0034533133973000544,0.0032221569712741313,0.003936345388170521
2012-11-01,0.003068860855246483,0.005412443801510717,0.0040676464275214794,-0.00010895360458227493,0.0006072675817771732,0.0010090487262842934,0.0003366038899035939,0.0021009951019507057
2012-11-02,-0.006405404351292967,-0.004973652750891451,0.006227882324678575,-0.0015801757838356076,-0.0018954653081736054,-0.0010320085657566397,-0.002734381198456954,-0.0017943285671613402
2012-11-05,0.003017499009628395,0.002129625638157197,-0.0037871126079154094,0.0016601662931823844,0.00222535031359188,0.0014238114516704394,0.0018557470943248535,0.0012002255087559786
2012-11-06,0.004429008971022243,0.0028773995118432415,0.005499931410784044,0.00041026111883769113,-0.0014289018825830212,-0.001676598359691651,-0.0003608458041446162,0.0013344468954227852
2012-11-07,-0.0063102664187148876,-0.010335348585012023,-0.010575583463919971,-0.004236820828222102,0.0003155797885657889,0.002021661519492111,-0.0007124193884107583,-0.004076469125670273
2012-11-08,-0.0024930701082854236,-0.0053652333338461795,-0.011944395152308914,-0.004001124385345285,0.0002519128303133697,0.00022545282985830884,-0.0009486647948125757,-0.0033554998145663914
2012-11-09,0.0011290559112506432,0.0005517262522649726,-0.0014892409245807108,0.00044994102578550533,0.00019199359506820264,-4.466676740702728e-05,-3.928789940729543e-05,0.00010011426655022343
2012-11-12,-0.0002896983623585703,0.0007343830404556444,-0.0013059580321640712,-0.00015170961078086562,0.000531653711356701,0.00038725129132363955,5.274669383191854e-05,-6.75745410274479e-06
2012-11-13,-0.0020840773121501353,-0.0015662581950810597,-0.001680995691946025,-0.0015094826741961695,3.7558858415459675e-05,0.00026538054586656545,-0.0005926542068134721,-0.0009799412854254942
2012-11-14,-0.005959222297059943,-0.008060779602910285,-0.014716517691168565,-0.010953174036076561,-0.002653968839472098,-0.004186877481521299,-0.0038481297690200165,-0.007178133473216039
2012-11-15,-0.002328750249148861,-0.001194310500781804,-0.004086102905223775,-0.002842082543919601,-0.0009400687938053839,-0.0012714973358895591,-0.001910938852001055,-0.0020710633951315327
2012-11-16,0.002385713200014121,0.003203984126182135,0.004645625944343703,0.003314068140054688,0.0016266294032339004,0.0020033601312874883,0.001775715268829302,0.0027034067921154793
2012-11-19,0.011112589726572822,0.011278041792809054,0.008560604819033143,0.009752450201146129,0.0037691589352911773,0.0033597443446720756,0.006192489431324475,0.0077731033864918446
2012-11-20,-0.0023012935622595022,-0.0013831173775692813,0.0038178838514596482,0.000564486254801914,-0.003064789020462705,-0.00195754458988808,-0.002442470931704393,-0.0009907259506736754
2012-11-21,0.00048426415918184304,0.0005428945871965527,-0.001489584218071181,-0.0006921447634092575,-0.00041394120892596293,-0.0009092521164284151,-6.484714323661648e-05,-0.0003410541771145627
2012-11-23,0.007512964607461706,0.008018253710507614,0.0056844426430921,0.007202551490395122,0.0028250743162506033,0.002589361242874018,0.004127520590278526,0.00546628219053066
2012-11-26,0.0010151700754192391,-0.0006802587770413605,0.0020205701807246663,0.0023911240152289003,0.0009584061342386358,0.0011086631269844492,0.0014903944152368455,0.0011856831469675953
2012-11-27,-0.0023699721373375915,-0.0021332677404972186,-0.005547922964865587,-0.0029608715808006536,0.00030724668708998035,-0.00019316722521963586,-0.0007272605426505101,-0.0019184834556964963
2012-11-28,0.0005160246301803765,0.005329460812996548,-0.0009787205303850867,0.00020444127179019422,0.0022458257503397286,0.001307747676443706,0.0008538644750681307,0.0013733451104186603
2012-11-29,0.003975608152021396,0.0031998990437007387,0.005504978234165355,0.0040470519289458814,0.002157094850124789,0.002238694867897359,0.0026201026554582203,0.0033724622410872193
2012-11-30,-0.0009841986766844274,5.316433998380457e-05,0.0019250446599321108,-0.0002601919764524956,-0.0001359428208449354,0.0002438147320466585,-0.00044312199848727576,4.4600745067939826e-05
2012-12-03,0.00013652701126524376,-0.0031123633818693,0.003879844751072901,0.0017594451172455662,-0.0007737295905801377,9.688960453718112e-05,0.0003025328858420027,0.00029833048379253183
2012-12-04,-0.0008985161403889772,-0.0001447640452766169,0.0014910257037136511,0.0020326799576474287,0.00034940534849564153,0.0008933166283143755,0.0006209771917183365,0.0006363683599590222
2012-12-05,-0.00027870845696888983,0.0013593033695002486,-0.003130660683785491,-0.002212611388011487,5.815261295015323e-05,0.000467889464913429,5.672427274339333e-05,-0.0005063568323018771
2012-12-06,0.0025147947921567177,0.0022564476611823554,0.009321153012130202,0.004089478332316514,0.0006696043587557852,0.0018261266062788864,0.0021933421714956385,0.003289655552690232
2012-12-07,-0.0008444517824952174,0.0006843043495753584,0.003694069260240736,-0.002882656050956527,-0.0020416775459450895,-0.0010113264712783543,-0.0016515397909513678,-0.0005526488047607504
2012-12-10,0.0018346618796710736,0.0006198331427927713,-0.00046010980652699655,0.0021862268468226505,0.000795118440864216,0.0005576523822303181,0.0013800658304659154,0.000985624633465296
2012-12-11,0.0012901514218329423,0.003331909354499107,0.0024546094830304433,0.0008001513670325441,0.0002426403938510733,-0.0005245546089527104,-0.0002147326046975818,0.0010554700450278458
2012-12-12,-0.0016237131332654422,-0.0013819540312032157,-0.002754459230041136,-0.004078872580486696,-0.0025866746646269474,-0.0029790800022983944,-0.0029610767981088624,-0.002624348996357833
2012-12-13,-0.0051706253747089235,-0.0044792780114979985,-0.0076736027315994475,-0.004763112872984588,-0.0034478302014661144,-0.003467229410082701,-0.003716839429122019,-0.004674715008080073
2012-12-14,0.0006582602497837424,-0.0013757789187697962,-0.00019112624658251944,0.001449299335944341,0.00047644964343025254,0.0009728714795667955,0.0008440455739470573,0.0004023347773922482
2012-12-17,0.0011382880834741726,0.004918092914622769,0.005259100145398767,0.0005533932808878922,-0.0008517740134608388,-0.0011659377390620701,-0.0009205030764317371,0.0012624366710359248
2012-12-18,0.001735107628579533,0.005154549988829819,0.010309318161078272,0.0037924790230225236,0.0002454255475933043,0.0005085242250024666,0.0004999623319617873,0.0031792521740129183
2012-12-19,-0.0004490197094898434,-0.003952260387658138,-0.001370869412241294,-0.0004569470443254627,0.00016514085187475553,0.0004142980733803887,0.0006025870162975317,-0.0007188917453104179
2012-12-20,0.0011415088293714403,0.003733247339877922,0.013115722358360215,0.005319670193344911,0.001258648844747319,0.003100134955762431,0.0020847047899444885,0.004241371092205825
2012-12-21,-0.0017973564603624111,-0.0044280926054708816,-0.0016556223904411508,-0.0017381121495010192,-0.0004174466755526514,0.0003088675217008278,-8.25424917903581e-05,-0.0013884108348905502
2012-12-24,-0.0012015357779908901,-0.0022627988821730632,0.0013276504212391656,-0.0008302912115703107,-0.0014611546974325586,-0.0008988904311276037,-0.0009795543269219035,-0.0008966271042144322
2012-12-26,0.00030333766124663653,-0.0018017540541994841,-0.006675089631320555,-0.001079890695639847,0.0006078195768122995,0.0003028643772539632,0.00023828535501755816,-0.0011317912219791079
2012-12-27,0.0019383119459127857,1.8803951753998166e-05,0.00127962775663937,0.002641008527027604,0.0014091935814840425,0.002046573678140668,0.002235350557692141,0.0016930395851973595
2012-12-28,-0.002171475351187953,-0.005526964428245115,-0.007963105490634654,-0.0016738804243166363,-0.0007578669349332573,-0.0007397941676529533,-0.0007041971337400322,-0.002766910708831256
2012-12-31,0.005512948615780174,0.007965488006368256,0.015421605382743812,0.004407969255093792,0.0003026658139658517,2.3849940776550895e-05,0.0011503020414752947,0.004889659993030489
2013-01-02,0.009430921920054545,0.013549994986427264,0.021330259846784133,0.008591432406618676,0.00411019155358828,0.003068357183180042,0.005374061221330576,0.009242513190325452
2013-01-03,-0.006545519169287478,-0.0033918428914933097,-0.002495580781730942,-0.007622790813906546,-0.004872287358607333,-0.00416451353772136,-0.005627643306193755,-0.0048960678962157046
2013-01-04,0.00028259736185248335,0.0028529206687309735,0.000979851221584592,0.0006647907079153341,0.0004938328891020366,0.0012832158087723762,0.0007137967220382167,0.0011198636629478494
2013-01-07,-0.001111183297541366,-0.0014602755982193426,0.001581016974190938,-0.002321305142430953,7.381181823458966e-05,0.0006155851352622206,4.4126304915151915e-05,-0.00035455643427015603
2013-01-08,0.0004306949725114346,-0.0007469639501395539,-0.001942066595451854,-0.003035289161561357,0.0009408058307099735,0.000873025452457741,0.0008096770458225573,-0.0003280701260039107
2013-01-09,0.0011957885118049523,0.0017459141535426978,0.0031286368162973775,0.0029271744222605835,0.0008170942895618854,0.000925464325965753,0.0009162507032293157,0.0016464567770441015
2013-01-10,0.003482758943182117,0.0035925085388838467,0.002606594977994982,0.004942370912927916,0.0005082082778132555,-0.00023153527625124947,0.001258085752640101,0.0022915297591370445
2013-01-11,-0.000380852901757801,0.0012317303151275496,1.8474394281069856e-05,-0.0017561521572309888,0.0018670378993525605,0.0017641029685263373,0.001229486227694237,0.0005994688618497134
2013-01-14,0.0006924831702766516,-0.0005576211206410679,0.000514451710901235,0.0007164898621793336,-0.0005266063414713622,-9.980724878473987e-06,-0.00022329050232577382,6.554713591282483e-05
2013-01-15,0.0005026760286671737,0.001381257728123302,0.001692916771667103,-0.0008935643550195166,0.0009639241726007799,0.0018086117025362045,0.0009744077944555887,0.0009391332328280894
2013-01-16,0.0006719732776441396,0.0003508141136364737,-0.0012727080027008207,0.00019290507236459999,0.0007592113358941274,0.00042618750574063385,0.0005946501932990253,0.0002762735296934507
2013-01-17,0.0013685919206992254,0.0020451866297921412,0.0031069907678429338,0.0008578493597854108,-0.00108994961524498,-0.0013364848136293626,-0.0006371910571608605,0.0006494597656210009
2013-01-18,0.002538248906774043,0.002460189026258409,0.004277261720990521,0.00343237165734154,0.002386832513060339,0.002748150165868226,0.002503328614510642,0.0028568972684574947
2013-01-22,0.0022014733845035295,0.003582329824471363,0.0051404840767848015,0.003037684329914385,0.001764545475202767,0.0019519731401888406,0.0017299709555275349,0.0027368207250211968
2013-01-23,6.158207612534199e-05,0.0011556868754828186,-0.0002919291597950336,-0.000637219746670064,0.001039932408834362,0.0006407874458749962,0.00046783791371215013,0.0003779518229087029
2013-01-24,-0.0037004036625213513,-0.0005038286908699457,0.0020461035626901923,-0.0026321397069339414,-0.001543024150924276,-0.000796498749032918,-0.0024748116557173046,-0.0014768303998570515
2013-01-25,-0.0020537138301804127,0.0007689497191583376,0.005688268821143483,-0.0005359492817813056,-0.003130038325043609,-0.0027675662817401936,-0.003028203463559817,-0.0007152700088500661
2013-01-28,-0.0014435848189137074,-0.0015999805030698004,0.00196386097463408,0.0003505842669132756,-0.0015040785144500226,-0.0010344998345027411,-0.0012156502629588222,-0.0006432919747430899
2013-01-29,0.0021009706560017717,0.001756742793379536,0.003054117069028778,0.002464892139371563,-0.00010130119197801626,-0.00011577152081217618,0.0002532441252751592,0.0013393194952781128
2013-01-30,-0.0006562515438411161,-0.0021296491675715343,-0.0086484420370344,-0.004963933557102458,-0.0005877972134445034,-0.0019024158469227136,-0.0018179128367751796,-0.0029740895217104948
2013-01-31,-0.0009670829027249215,-0.001141280333924109,-0.005423335422495608,-0.0026214638722845724,-1.6113326927754762e-05,-0.0006376204589152792,-0.00041116901556592476,-0.001604331653442599
2013-02-01,0.002337049106245942,0.004808289782567648,0.006553468168759915,0.006135179476547936,0.00043207134056743094,-2.0299079863611658e-05,0.0002459038676485926,0.0028704585923126262
2013-02-04,-0.002563217477886226,-0.004483126645795898,-0.003731192943121643,-0.0068623499107901085,0.0005748910635646457,0.0018088911863014675,0.00034630124431884145,-0.0020606400013132684
2013-02-05,0.0014185120883456923,0.004611144495644976,-0.00039583739701886853,0.003429407272159106,0.0004817389854143703,-0.0012847083422725801,-0.0004699887186286987,0.0010346937427042997
2013-02-06,0.0015037633695094452,0.0014925167049873553,0.0005748398628048652,0.002303296952516442,0.0018982009752184035,0.0024727293021266305,0.0022276283113419706,0.0017999228322899885
2013-02-07,-0.0024650585098755606,-0.0006040753853290829,-0.0013227803262468878,-0.0028648168717198214,-0.0001185673750524307,-0.0006069029155582016,-0.0013049331185871317,-0.0013621753896312222
2013-02-08,0.004591407118876079,0.003635122139673315,0.005564397933747413,0.006080141774540658,0.002455532087444818,0.0029553142838311514,0.0037700010414349985,0.004219923970917884
2013-02-11,-0.0017996570653330748,-0.000532479570715536,-0.000198153194506889,-0.0005002540280086635,-0.0008458078369647246,-0.0005291236465789285,-0.0009622004025870924,-0.0007356732064422496
2013-02-12,0.0006892179458129095,0.0005746518770801713,0.0016471306877077236,0.00219085906017998,-0.0004433342765862579,0.0006839992302077339,0.0002855169119020213,0.0008787624212992684
2013-02-13,-0.001112813877920784,-0.000877811504477251,0.0008551045526621329,-0.0009483652679601703,-0.0019713352450867303,-0.0022117869699780717,-0.001903936556054992,-0.0011648510487281447
2013-02-14,0.0006979262212156699,0.0022481731860864,0.0009202310465650205,0.0005102610700982162,0.002881429659378256,0.0021287457965454104,0.0018390218211483877,0.00151952614973645
2013-02-15,-0.003621811121546695,-0.001134526799319259,-0.0007312280157256935,-0.0015595337025975523,-0.0011738709687908033,-0.0008086541646268806,-0.001980561249765726,-0.0015847554955118076
2013-02-19,0.0012584610587933808,0.0038547667113311567,0.007633482714679113,0.0039008873290593956,0.0006911042554585755,0.001109335913088656,0.0009220204650838163,0.0027721941269639905
2013-02-20,-0.00805170769345746,-0.006640002071153714,-0.010601452034908124,-0.006382470687840344,-0.0021750109935740614,-0.001366294653577025,-0.0035847795562526496,-0.005594898502769536
2013-02-21,-0.0036083146549381003,-0.0028439476493952024,-0.006520258422653647,-0.004310472698560957,-0.0008061622645666071,-0.0008679643532718796,-0.0015707155921415438,-0.0029344939682333184
2013-02-22,0.004346804084613601,0.006323859330836329,0.009851459485977822,0.006742549092736355,0.0031136057728444527,0.0034311723178862444,0.0035008532693654782,0.005331037918855904
2013-02-25,-0.0029122572795955816,-0.00829983908824177,-0.019015805644332893,-0.008269994658258874,0.0006656718111584136,-0.00019586015142070026,0.00011430319889053838,-0.0054411488429881305
2013-02-26,0.0026636630082207935,0.0032941400459961887,0.006860434858312948,0.0035697583419074088,0.0001826819415143401,0.0005716739408990962,0.0009877010626653973,0.0025855031125989287
2013-02-27,0.0021640477521008123,0.007254413816585486,0.007165258073220251,0.004929407120445917,0.0022052169132664836,0.0020047459826817646,0.0017733496695235926,0.003990676637782511
2013-02-28,-0.0022858679480674856,-0.0006346865087574635,-0.0010121525289707993,-0.0008747078669021306,0.00012698215022846678,0.0002734716636232501,-0.0006628340703928633,-0.0007367144437666683
2013-03-01,0.0014362174445760006,0.0029786256460041976,0.0033290000014165604,0.0034582279337038216,0.0022366467412309257,0.0024137527710794107,0.0022875586966511364,0.002592001796403464
2013-03-04,-0.0005571694886522702,0.002281920130594398,0.007501143197190743,0.0013557248750050111,-0.0003004632201453162,0.0003362939803854849,-0.0003369541636634862,0.0014609802783346667
2013-03-05,0.005366262444992134,0.0050075708811089265,0.007875158220693065,0.0059603179794033515,0.00198002913149019,0.001721318628107627,0.0027927661127412026,0.0043985986275714775
2013-03-06,-0.0015995876533369405,-0.0004241320157251647,-0.0029833064431277192,-0.003486062591853659,-0.0022780623554630296,-0.0026204586915343215,-0.002515955190056578,-0.002212194109626322
2013-03-07,-0.00099773642203594,-0.0004072946515321892,-0.004702054165343528,-0.002864657810423718,-0.0018493145701625802,-0.00289721556932889,-0.0024372791300080574,-0.0022424770660908902
2013-03-08,-3.977067242240657e-05,0.0004992369194625339,0.0016923284113748059,-0.0017109419808664914,-0.0022029684055787633,-0.0025462381844405836,-0.0019358825902116715,-0.0008699623849025397
2013-03-11,0.0007509004310686484,0.00247343347423029,0.0008575697502810654,0.0008408565280165487,0.001264432711050974,0.001241518773763615,0.0007842356472167226,0.0011757120119720327
2013-03-12,0.00010243409352411672,-0.00026313399908737536,-0.0037125477124576563,-0.0002454579495797026,0.0013189100536167909,0.0014661051509676437,0.0008300959268022501,-9.281466851519738e-05
2013-03-13,-0.0021867365225836854,0.0005123497964806441,0.0010032099538777027,-0.0009338301484972334,-0.0005716539474798846,-0.0004678370291644888,-0.0012855847186924072,-0.0005577955572198357
2013-03-14,0.002705187285949325,0.003319830018259064,0.006299958405755699,0.0022940890411345554,0.002038304308506914,0.001527315157189822,0.0018550837582809211,0.0028825041422421067
2013-03-15,0.0003378215986259162,0.000587808252536106,0.0022767965529135676,0.0011163106986147586,0.002096784311020104,0.0018389255340755279,0.0013732838526269201,0.0013711028617327966
2013-03-18,-0.0008729882891423378,-0.0020159909134291262,-0.0055364537239063205,-0.0008709057889202731,0.0004199916925069093,0.0010026314775650903,0.0004699182210581831,-0.0010896356857552315
2013-03-19,-0.000844872459313553,-0.00017114114142777472,-0.004868909250358737,0.00010607468361126594,0.0010429919305225959,0.0012976876146632683,0.0004409547047113727,-0.0004363685663945089
2013-03-20,0.0008016953924744296,0.0026445708365014646,0.0031558066139678533,-0.0016001789527291463,-0.0006910281369393405,-0.0014113819054410452,-0.00095327636067804,0.00029452411546459546
2013-03-21,-0.002074532238786787,-0.00408955603554651,-0.0030033975304734027,0.0001622057010857154,-0.0005183019787234802,2.6688551537914514e-05,-0.0004500253664030791,-0.001441191026589539
2013-03-22,0.002810153922806396,0.0049590395185239245,0.005262045662483442,0.0038441130909318924,0.0021689309305292417,0.0015452535146933677,0.002117716156591086,0.0032540512062202527
2013-03-25,-0.0011221409591737977,-0.0022089558340030206,0.00014346583860524946,-0.0010931083879824003,-0.00046335468350671414,-0.00018003957312759088,-0.0005206208359508399,-0.0007845752319773798
2013-03-26,0.0049982006285856145,0.005207548804219395,0.00862579814115038,0.005504327367052731,0.003025839847834372,0.00260500687507741,0.003506397335976921,0.004789825082466657
2013-03-27,0.0036089608611902853,0.0017144796914233293,0.0018526245221814925,0.0042877648108782225,0.0032229915096146527,0.0035114550232120665,0.003658328686796187,0.0031132037181058744
2013-03-28,-0.0013478398791069446,0.0010556119245845536,0.0033707105282058396,0.0007582402583240342,-0.0008859703032862578,-0.001077621856362907,-0.0009066992708365925,0.00012538054818078377
2013-04-01,-0.0009417683577925147,-0.0013187993609931864,0.0029769798403189705,-0.0012800891131434903,0.00046287947513057467,0.00027815234485218244,0.00011728987178080096,9.032255350465008e-05
2013-04-02,-0.000986601266334298,0.00217674017532473,0.003110294635885854,0.0012743716430020648,-0.00019544000542558168,-0.000568687393741929,-0.000501479230467073,0.0006102800849206982
2013-04-03,-0.005022816028617427,-0.0044238190317435035,-0.0035235911338544748,-0.004778045702584527,-0.00012105425316077869,0.0008707235668912507,-0.0007860755139964291,-0.0024812679907432232
2013-04-04,0.003958366314494839,0.00403165285627663,0.01626381877911708,0.006919279361865794,0.004194673611440597,0.003949756483799383,0.005336418054609663,0.006441121900977222
2013-04-05,0.0036569281959426656,-0.0014199127778256897,0.0054273831044238125,0.003707778593530627,0.0013235587343836315,0.0017525030444423,0.0037209738196975965,0.0026680156804338353
2013-04-08,0.001141552183482621,0.002729369068281069,0.008027986555197313,0.002702276687275347,5.882899220418635e-05,-0.00047775097668700014,0.0005015969765323892,0.0020942704340678776
2013-04-09,0.003659546362823631,0.0021944794585155745,-0.00016442232931152478,0.0015556162283381718,0.0013899267279799626,0.001414007977945437,0.00198358640605302,0.0017340903578635628
2013-04-10,0.0008785092739077532,0.005697634271888001,0.0040825783353214936,0.0018467039782425357,-5.961311833871368e-05,-0.0010038006409185732,-0.00041525586228964947,0.001631141477330377
2013-04-11,0.0012465813732562634,0.0024218454978144257,0.005459136897585884,0.003588828485682109,0.0013553041929279912,0.0011185063254330187,0.0014785521577156224,0.0023807771416950495
2013-04-12,-0.005540511497166976,0.0007141182383112068,0.003724712291692439,-0.0006575805164308145,0.002824638561347575,0.003003464484967208,0.0004645892125364105,0.0006433828507825215
2013-04-15,-0.02117509842674998,-0.013101955895559474,-0.01764279780650569,-0.019694686247229812,-0.005484875401473705,-0.0038232247084313336,-0.010536507044325646,-0.013047679702730812
2013-04-16,0.008119142782229772,0.0076657873723321515,0.013930590690354325,0.009946430839176413,0.00201378492582285,0.001001329840020259,0.003931118326480752,0.006691799498809408
2013-04-17,-0.007322619795951191,-0.008049962206210673,-0.008798737767438699,-0.007356150340538757,-0.002765681148654226,-0.001710444741501187,-0.0036751621745125503,-0.005713663907398099
2013-04-18,0.00035803453807567415,-0.0035819026756075878,-0.0015618224909404023,-0.0014488757118264824,-2.304771110550634e-05,-2.2974911642597113e-05,-0.0001519876409455016,-0.0009218117577780903
2013-04-19,0.006377503975008287,0.004980478074694494,0.015409958016414859,0.009334706521806806,0.0014747141968262348,0.0015843377774991828,0.0044108029912479285,0.006200604473786172
2013-04-22,0.004553856065051446,0.0028856570211389593,-0.0013553735366651388,0.00044803558228899404,0.0012565681725338867,0.0012699616534777576,0.0021864353664119377,0.001635457943565228
2013-04-23,0.0015162915198921965,0.005944264463115542,0.005563536864922068,0.004191873569177104,0.0014705418519361329,0.0013267100235167728,0.0015940133437325724,0.003079437374785155
2013-04-24,0.0037378757822063907,0.0005650299771751475,0.002158844811393831,0.001931284104749926,0.0009924044114021531,0.0010223087468730165,0.0019309894421097162,0.001771490136692304
2013-04-25,0.005163168333094443,0.0020120969981781054,-0.0033661192124063563,-0.00180054515987729,0.0006254201465322852,0.0005931429764858725,0.0013585891906770261,0.0006871621114814823
2013-04-26,-0.0014972392267881343,0.0003485149625059071,-0.0032422487475912668,0.00011132514025784335,0.002227282144613243,0.0020745164756611097,0.0009217766679450456,0.00013197597290635644
2013-04-29,0.005993638175423669,0.0038454757456123315,0.00849643832457968,0.0038112376171081,0.001586472265811116,0.0015369010241806267,0.0031917579743646783,0.004085155453225089
2013-04-30,0.0033475169342206145,0.0013619157471445144,0.011614928670729815,0.005294301937801563,-0.0005754959878367908,-6.310089589852129e-05,0.00225919334812853,0.0033492976511611235
2013-05-01,-0.004917517412458109,-0.003981507722515712,-0.007976486629680047,-0.001466074450525174,0.0005569249342364702,0.0006126060203700251,-0.0008348309314017343,-0.0026208434161584717
2013-05-02,0.005957586681757692,0.005566736869489983,0.006583466180913006,0.004859618303011772,0.0021566774503615103,0.002021930055133742,0.0033765471892068374,0.004369222134960167
2013-05-03,0.0006063752196974087,0.0027037660907817825,0.0040413935861941044,-0.003730209583779281,-0.004714110870212333,-0.004842476695660416,-0.003727470498024087,-0.0013364654016368711
2013-05-06,0.0012098892812695994,0.0010294936962343371,0.005146067126469176,0.001759959945031983,-0.00019657624995878236,-0.00030245269027449765,0.0006328602483235787,0.0013499914278046208
2013-05-07,-0.0004722095861032169,0.002530849300522665,0.005532626456073587,0.0016739996109381037,-0.00020886905712184727,-0.00013174922383072779,-7.120650940503886e-05,0.0012985633092635698
2013-05-08,0.0044549077354108825,0.003143128418426365,0.001171785998878278,0.002664719588848808,0.0019891832298735528,0.001916911259166348,0.0024866303297784195,0.0025262609775243035
2013-05-09,-0.003882858876177885,-0.001765887741631566,-0.005884150410945548,-0.0040413875360417375,-0.0011810368880019455,-0.001276564981004085,-0.002738968792667731,-0.0029780430087630147
2013-05-10,-0.0032763221284991145,-0.00030671342524068003,0.003614179776562116,0.0003769238488982505,-0.0034148411391060293,-0.004380317577967115,-0.0035684804808796405,-0.0015909855498592858
2013-05-13,-0.0030228443829526594,-0.00022474246588695239,0.004025479068191711,0.00017295527380782762,-0.0013894699247004357,-0.0020091421025326276,-0.0020321261365345436,-0.0006407111250944931
2013-05-14,-0.0001388096163504991,0.004636815889947542,0.0048539582917063945,0.003862638152967264,-0.00035802670754216446,-0.0013795349942016851,-0.001173180305094835,0.0014129550354406914
2013-05-15,0.0005996638407449121,0.004298528513321849,0.009092062643455705,0.006959602163137544,0.003273418972840134,0.00291209016382771,0.003018547726017928,0.004334996120011351
2013-05-16,-1.3442849996021903e-05,-0.0009762586200288057,-0.005077624406917567,-0.0018643018276056826,0.0022037573025598407,0.0028462230080632906,0.0018488008567751556,-0.00013401926700477515
2013-05-17,-0.0012874118226564658,0.0035375153116959787,0.009566475798568409,0.0032952069079618166,-0.0013162711846039852,-0.0021425372591465856,-0.001989571949538847,0.0013354895104428172
2013-05-20,0.004112406005932507,-0.00033260291510423787,-5.9813992234535195e-05,0.0007965021438936046,-0.00036582217834809787,-0.00034863063768367794,0.0011303419397898288,0.0007247293960475144
2013-05-21,-0.0002443076095132071,0.0019061844249888317,0.0014375697656789982,0.003935553529923353,0.002185408226707313,0.002198688604020374,0.002201505811190813,0.0020012757952692205
2013-05-22,-0.01044298974262471,-0.0076228668846342745,-0.0074178305766352684,-0.015021035053183803,-0.00767383127256839,-0.007960801962592872,-0.010627215475511684,-0.009739449850664706
2013-05-23,1.365899488996766e-06,-0.0013354598002489244,-0.0028923528054807333,-0.00696251042024456,0.00024944255264712734,-5.590467843701909e-06,-0.0012738349374870562,-0.0019329632932028645
2013-05-24,-0.0024110876865744975,-0.0003606373655611826,-0.0008464401877452689,-0.0011802660247482366,-0.0002795584400455386,-0.000739754284574156,-0.0012305544146638122,-0.001020937072851549
2013-05-28,-0.0033004130044126927,-0.0010628891747612172,0.005988768830907903,-0.005426956758723621,-0.006254652573001297,-0.006985695660826893,-0.007227133765860087,-0.0036264085928007527
2013-05-29,-0.0030493883309592094,-0.002348111252953674,-0.00658090007190989,-0.007499035540452213,-5.52461257679912e-05,0.00024181601374514115,-0.002321261285311927,-0.003117412682530519
2013-05-30,0.0014118192213352432,0.002244233168639809,0.003691846642309028,0.002013022156906361,0.0015268302023497286,0.0011618781159269999,0.00012154909058530714,0.0016553415023590192
2013-05-31,-0.010920917139798376,-0.009690379791195783,-0.014352012705461381,-0.01299045039867803,-0.005680625931294475,-0.006058342210409453,-0.00795897932319887,-0.009646370585054928
2013-06-03,0.0070473825529737385,0.0038635788664101987,0.005506278226858894,0.005810179572098137,0.0005938673660277488,0.0015264704053122805,0.003596496260758566,0.004006878101165211
2013-06-04,-0.00635361963490043,-0.0039012675095767475,-0.004806638624740629,-0.007019022828355032,-0.0034417723007671803,-0.0032062899887054766,-0.005765716192268926,-0.004954256039808209
2013-06-05,-0.004162739401051897,-0.0063821181138784605,-0.014001161588246143,-0.011905260494120964,-0.0017244532632793668,-0.001055655808238252,-0.0020038387775773905,-0.005778048586515241
2013-06-06,0.005969948515875043,0.005856412585893687,0.009052923221669618,0.008322172037091317,0.003581322141185239,0.0037384487787593492,0.005187775577585094,0.005960865048660245
2013-06-07,-0.00336341563365046,0.004464387775477396,0.012655782056166283,0.01024238153130107,-0.0018035869507251937,-0.0017652391740571802,-0.005947380527009546,0.002037251493595178
2013-06-10,-0.0034394244495527036,-0.0009793631240721068,-3.1411153622841225e-18,-0.0010657548781350863,-0.0021313495041043263,-0.0018853402889048877,-0.0033280744595305554,-0.00185660873101893
2013-06-11,-0.006199353929592199,-0.005265637873994869,-0.010315621740494047,-0.010179853236906823,-0.001983980969127532,-0.0016421804014682948,-0.0031539977528581183,-0.005562508221322375
2013-06-12,-0.00600325220968335,-0.006768143685040552,-0.008277315581232896,-0.008079589255643458,-0.005307729692226129,-0.005270966641562465,-0.005035574382059586,-0.006429916509053999
2013-06-13,0.012352939757999669,0.012163195026566074,0.015208722122487242,0.014922296930745609,0.009931859455674739,0.009815663967357504,0.010977447292085052,0.012241911961967536
2013-06-14,-0.0019179542625705295,-0.0032562167285927965,-0.006272583999167738,-0.004466133861044542,-0.0010131447622224931,-0.0007854794910988681,-0.0003419927359397225,-0.002606225118994874
2013-06-17,0.001957641453901607,0.0036985960379785714,0.007721591771637994,0.006727062749574011,0.0004629675012685781,0.0005485657644687251,-0.00026487581592109526,0.0029866617931141037
2013-06-18,0.0014403236157838504,0.004494506442740045,0.007885257173744206,0.006938692243414734,0.0005153574684731214,0.0017626942125887157,-0.0001364265608121322,0.0032747804378877128
2013-06-19,-0.014998394743414458,-0.013775029929947911,-0.013817343941734426,-0.01695099327434286,-0.013058187114930956,-0.012612717697290882,-0.014651726085482169,-0.014237733429624536
2013-06-20,-0.02833894445420614,-0.016722122218862264,-0.024778076471600373,-0.02765513848867946,-0.01254539896708056,-0.01184648718655398,-0.021956370645543483,-0.020524633486653555
2013-06-21,-0.0007124767577674054,-0.0023422490709958735,0.003210470411769478,0.004078886105825832,-0.008353885409086076,-0.0067516245485058505,-0.0039048021112716037,-0.00215082477345614
2013-06-24,-0.007258243447431173,-0.008565638471328109,-0.012636065162348152,-0.011202192996241544,-0.005533020242886236,-0.0052020185109348865,-0.005494870251300889,-0.00799449182920521
2013-06-25,0.004962387875148989,0.0052742157810271644,0.009613750794235106,0.010734898383069666,0.002244204749922702,0.0017148881915257305,0.002900792904296297,0.00533167228390847
2013-06-26,0.0027371134507980714,0.007556822007615023,0.00990098534655127,0.01078173229066851,0.00616742148559668,0.005040427157685214,0.0028573609511074196,0.006442463459061561
2013-06-27,0.005993555715519145,0.005591765305929383,0.005784282621390187,0.008462250430078125,0.004408337630447315,0.004737398425780571,0.006153721839771554,0.005915268995117815
2013-06-28,0.002603904058186347,-0.002926509300331146,-0.004097447571075662,-0.003695246003112664,-0.0020714845359387076,-0.0024048898090740173,0.001759203887719213,-0.0015319017684396132
2013-07-01,0.004572870912787515,0.0036651872703857852,0.005859855023092159,0.003950101396290252,0.0021153939286870224,0.0025157642285509457,0.003420189111580548,0.0037330166690424577
2013-07-02,-0.0006179009860710663,-0.00040291734689067,-0.0009300722902136797,0.00319860236380286,0.0008018620920994647,0.0004695257537469228,0.0005506530178295791,0.0004231566539093083
2013-07-03,-0.0005038491787863848,-0.0005189427231388373,0.0004349571458028782,-0.0002918636720259306,0.00023534170835496737,-1.5672891368594382e-05,-0.001181135191419842,-0.00029929992343525485
2013-07-05,-0.008971057811205135,-0.00022914915700488012,0.010788382526029518,0.003793253118454834,-0.010634800745390142,-0.007878658953619291,-0.012740411821608372,-0.0036536602636825307
2013-07-08,0.005515463729423783,0.0057694108452501,0.005704881768003209,0.004420363442005529,0.005589718601178467,0.005730772329614593,0.006272155969708926,0.005576362647255681
2013-07-09,0.006580747710172323,0.0049395213475442856,0.007146127032865802,0.006774624208094305,0.0033369615870289786,0.0045395229317525725,0.00493716140336451,0.005468384812798724
2013-07-10,-0.0012668987060842232,-0.0011987465251513155,0.00036309728552797246,0.0004303017874862114,-0.0018781266872551251,-0.0005514347152833084,-0.002056139039419417,-0.0008896261790406327
2013-07-11,0.019180202667423745,0.012183572261834372,0.013620363665852512,0.014273867724111166,0.010056784959265099,0.009741282591346467,0.016172594003190502,0.013636505573955009
2013-07-12,-0.0015328214590053589,-5.9247780380973665e-05,0.0004182051996544118,0.0005496927226742178,7.811389640486916e-05,0.00084094899528484,-0.0017153731226515374,-0.00022915466958250448
2013-07-15,0.0036839036083635306,0.0035513533902226955,0.003820661333144402,0.0035985337014811367,0.0024933698243623345,0.0017605592892126543,0.0038153623909764145,0.0032578475462793403
2013-07-16,0.001010114795774487,-0.002067771009545239,-0.0037472747555625774,-0.002659524418369497,-0.00027484016931804466,-0.0006274253110860432,0.000857945915093334,-0.0010618261232068192
2013-07-17,0.0016044598609432684,0.0032969335878333048,0.002567554489540046,0.0024711251942487137,0.0033400022201479154,0.0024355003042115866,0.002104677000843356,0.002556679765149385
2013-07-18,-0.0011797447365669348,0.0013812256776296755,0.005442675784678939,0.0009410137780191145,-0.0014985737293050742,0.0007868012132613337,-0.001884980499011611,0.0006041408390341837
2013-07-19,0.0026974882225216886,0.0032488481330014644,0.0017764056817037592,-0.0006136231503199104,0.004102027140332068,0.0030640551702656445,0.003257122145423846,0.0025433196007549367
2013-07-22,0.005640441441462411,0.00113470654874579,0.0019507499471060918,0.0028957277375996726,0.00022286882241424752,0.00034466441219600937,0.0031812966536083507,0.002199485207148721
2013-07-23,0.0002070537255521964,-0.0017433456311103108,-0.002123988383175634,-0.0021366287874562255,-0.0009976097597540086,-0.0007261489741153621,-0.0008875744719711771,-0.0011956826890907946
2013-07-24,-0.008917359828749083,-0.004883477162864733,-0.0036657160375076366,-0.003169758372156484,-0.006283738591757635,-0.006141186101728941,-0.007963229550169438,-0.005895927739632152
2013-07-25,0.0027086081135842288,0.002050925838341225,0.002433192498960687,0.0032972062765891895,0.0013120018293993206,0.0010508119684053342,0.0017248760847569503,0.0020723464633829185
2013-07-26,0.0008535777521675987,0.0009925908773089688,0.0010656901501100526,0.001894033111162685,-2.3609497077644193e-05,-0.0009720448736678844,0.0011863477602964234,0.0007048660379553968
2013-07-29,-0.004337870632001514,-0.0027008318927823445,-0.003108538014982167,-0.0029220069036917347,-0.0020327611654648602,-0.0019442855667667703,-0.0038164498707214706,-0.00299280482403476
2013-07-30,-0.000725427702138601,-0.00011752535941122136,9.549017365759631e-18,0.0010701849143055558,0.0005337518105009721,-0.0010737290592450583,-0.0003777848491503461,-0.00011855069526094594
2013-07-31,-0.001033253641713112,0.0007019149548883652,0.0007118552740779126,0.0005303559850349515,0.0012006526428553824,0.002407882280720714,-0.0011161851245240191,0.0004898983444373793
2013-08-01,-0.0009323521560321076,0.003400815715550052,0.011557868745921235,0.01003580561513718,-0.0037832406767045394,0.0003861827788299813,-0.0029413622105652886,0.0025333330900564484
2013-08-02,0.0023124838233606077,0.0043950186953401185,0.0016999064192930818,0.002540424230706825,0.006984763417439986,0.003047925693132041,0.003787544673295111,0.0035156694076487176
2013-08-05,-0.0036221704802911325,-0.0021297985060086282,-0.0014631607946371495,-0.001101070280907866,-0.0024695690673736826,-0.0031397573318741124,-0.0033195654133146924,-0.0024769544486786107
2013-08-06,-0.005102219489718429,-0.003312100379089277,-0.005682194401187002,-0.005429389690557518,-0.0015796377512561047,-0.003825931921188458,-0.0029354512304401873,-0.0039962367217421715
2013-08-07,-0.0011635251826355403,-0.0004965585231018338,-0.003250817362419646,-0.003207887206334368,0.0017768496965708234,-0.001255084404248285,7.187366858636792e-05,-0.0010690406240941206
2013-08-08,0.0068215513990262135,0.0027840856538874246,0.0036648502128568974,0.00458958076266498,0.0023807701211245895,0.003123345234377177,0.0043841520733963165,0.003952199646858918
2013-08-09,0.0014609398146653556,-0.0014529514504027447,-0.00288540392180946,-0.0029546023620380143,-2.4729729320670723e-05,0.0013315432302604643,0.0012294418035612513,-0.0004662904632458622
2013-08-12,0.0027105360552071175,-0.0014937842123570195,-0.0011811927146820895,7.587569985000388e-05,-0.0004797969076638445,0.0021001755110471314,0.00023400184744537327,0.00027510082224268845
2013-08-13,-0.004548642669001394,-0.0018581405336886426,0.002956698993032287,0.0036917923370064516,-0.005374902185306292,-0.003045125886379156,-0.005635162754465948,-0.001997493324900762
2013-08-14,0.0010752412180065484,-0.00272771043110012,-0.005129604322765539,-0.00445514923828739,8.858993716165636e-05,0.0010559721562841328,-0.00013107998694627501,-0.0014616665243610554
2013-08-15,-0.006088217740443319,-0.010604965069072082,-0.013986849093859503,-0.014579693621404356,-0.007243435923030889,-0.0038843046520437275,-0.00825785903181057,-0.009222248633292645
2013-08-16,-0.004707553678753784,-0.0035707671667154443,-0.003340974689631543,-0.003313534089217495,-0.0025793817292385805,-0.0025829081214024407,-0.005671830790893471,-0.0036786397962060347
2013-08-19,-0.007088823095420501,-0.00555269437194044,-0.006391583699545289,-0.00668216303535137,-0.0033181195166991934,-0.0040671550055273505,-0.0066982958322307756,-0.005677091828170902
2013-08-20,0.00559953265334044,0.005115994349014156,0.004915814355050947,0.004797810377795659,0.00401801051473622,0.0032648544834759487,0.006457638967422942,0.004884283632771846
2013-08-21,-0.006899317879519051,-0.006210021747005607,-0.006160016079500232,-0.0069113117853806345,-0.0049193694249922825,-0.004845584039583436,-0.00663342428322265,-0.00607868551605238
2013-08-22,0.006787620867230021,0.005304304337322037,0.009115118129174201,0.009244019304789764,0.0016570823057658144,0.002690022116948257,0.005645766076880739,0.005778414478513236
2013-08-23,0.00879441623934445,0.004268323977554108,0.003371838786550456,0.0045949605097782825,0.0061920829783698,0.0055769566981041935,0.007736000000973785,0.005783796998453255
2013-08-26,0.0002470172367736461,-0.001441042340376867,-0.003721043372202023,-0.0026826420593015067,0.0022888813427072636,0.0012577580194121658,0.0004781512507956617,-0.0005213175357697154
2013-08-27,-0.002536388054957009,-0.007406701103503717,-0.016112526582627146,-0.01582879654168484,0.0014685180154396546,0.00015381402534781738,0.0014029776714983022,-0.005555499668905999
2013-08-28,-0.0008503674235540443,0.0004656108022958699,0.0035513410701766123,0.002801326122489327,-0.0016957118887197967,-0.0002682500132690042,-0.0016600872158083037,0.0003192595994042824
2013-08-29,0.0012435378416981505,0.00134735477106974,0.001585674299318109,0.00276712928761218,0.0001896444462604599,-0.0019531333116580745,0.0006172751154633752,0.0008342802816177855
2013-08-30,-0.0028471891758523665,-0.0026514417260747112,-0.0031673709905119013,-0.00413133023071364,-0.0029104583617751106,-0.002573626925970766,-0.0024007497102745408,-0.0029362054273793193
2013-09-03,0.00027210340257998475,0.0004061447021125866,0.004521801655819478,0.0036189846269403577,-0.0017764865335744018,0.0003668850103534019,-0.001710622033253245,0.0007889334554651716
2013-09-04,0.0015807867453095658,0.0036265301343492407,0.008273198674602958,0.008610956022381624,-0.0016109593126195042,-0.0012616292250702058,-0.0008173620459811974,0.002628797673463965
2013-09-05,-0.005064102463676287,-0.002284700363578243,0.0012670629304478512,0.0003741707166809552,-0.005007147822403094,-0.0034677992423993204,-0.0066105842888854694,-0.002957967005109946
2013-09-06,0.007182655051083867,0.002705793336700429,0.0004646271400641882,0.0020676561123433523,0.0050675295399324125,0.004252478040415519,0.006694624187246451,0.0040528060505689
2013-09-09,0.007281231605054149,0.006542208528631434,0.009576165763325102,0.010043413285324487,0.0024978514451313087,0.002013706785171325,0.005118572832681921,0.0061602703767708955
2013-09-10,-0.002417209132056058,0.0025926696220381898,0.007397244972924698,0.00569880709705901,-0.0035205359662830987,-0.002165109033713344,-0.0039267506866937155,0.0005364357911938225
2013-09-11,0.003309783141867131,0.003897911446397541,0.0031381476838217032,0.0026310136966910458,0.003154909704816456,0.0035179447821711246,0.004049931777793218,0.0033828165823121966
2013-09-12,-0.005454607901555055,-0.001561449340667933,-0.0026559919267730254,-0.0026691941072398144,0.0007239051831830715,0.0005507378175233796,-0.003893108566740514,-0.002139132625935212
2013-09-13,0.0018415902896009658,0.001874462508451301,0.0022488229635606615,0.002175245838869058,0.000492515175634215,0.00042984821299555135,0.0014784856761910856,0.0015067480115016506
2013-09-16,-0.00010397249507815764,0.004364976201565099,0.005787612174808609,0.0039343526335398294,-0.0010567489777229197,-0.0006429034342405162,-0.00013888186075629977,0.0017532338159438339
2013-09-17,0.001245168670643437,0.0034624015304549143,0.004445899377621417,0.0044523677383820955,0.0008865558534609914,-0.0006366347923518988,0.0009939817727979354,0.0021174480265942594
2013-09-18,0.022642767955163984,0.01190396944167349,0.011574168054183896,0.01407745624914546,0.013806849676373535,0.014668833819653084,0.020566046033605657,0.015600921382814329
2013-09-19,-0.002992151142622042,-0.0023874414003550583,-0.0016756587123367772,-0.002281633836230471,-0.0023978744832001183,-0.003009305493201219,-0.0036916437438884735,-0.0026235319056928017
2013-09-20,-0.008975943696690653,-0.0038048630189454293,-0.006991666019575786,-0.006662933164386915,-0.0014753823683014162,-0.00418932025626807,-0.006296475758905504,-0.005499226575364392
2013-09-23,-0.0003643764534548859,-0.0012623710506245254,-0.004627636688648165,-0.002465804276715682,0.0009017261016102749,-0.0017720402707412722,0.0009637849936170088,-0.0012455264946769303
2013-09-24,-8.90037183814468e-05,6.598350306445157e-05,-0.0023538271448655195,-0.001201005766315652,0.002319923110496194,0.0007499918020494633,0.001006081959088869,6.037654622669412e-05
2013-09-25,0.0008582656938525602,-0.0006071737525972355,-0.002890389379916128,-0.0027016561000462983,0.0013916881192418149,0.0007295148027073712,0.001846551963973456,-0.00019353957233044964
2013-09-26,0.001091614429532427,0.0014008955729072506,0.003801626545758394,0.004020859281762765,0.0012710049201418007,0.0031067752560044173,1.2809213797233043e-05,0.0020677115090648192
2013-09-27,-0.001635897993115856,-0.0022163176827746153,-0.004596359224628198,-0.003630665794554602,-0.0001578546864147767,-0.002605605661941265,-0.0006322021335666426,-0.0022156916588028167
2013-09-30,-0.00468157008586279,-0.002530058000190367,-0.005328567133264241,-0.004963715678009959,-5.954998887436791e-05,-0.0024011528516835945,-0.002834191527680077,-0.0032602719896497835
2013-10-01,0.0012535936133536438,0.003842102358220749,0.007916480839736069,0.008432743092219166,-0.00057431230203854,-0.001220842685648855,-0.0008926800782941448,0.0026793603125802425
2013-10-02,0.004355524396441432,9.915592995690973e-05,-0.0009453476349871008,-0.00013610439436075438,0.0025655292637095537,0.004014138010433118,0.0038400954450079064,0.0019549872609627896
2013-10-03,-0.004749483503163867,-0.0049839979622461434,-0.009220656419403511,-0.009265468007992616,-0.0015951699357479828,-0.002509203725718909,-0.002784041700129259,-0.004998332008383856
2013-10-04,0.0023219906642366786,0.003423440716696629,0.007576558635720151,0.006316597559285364,0.00035239635136177316,0.002152505803110401,0.0009798431362968065,0.003294841914375207
2013-10-07,0.00013006553597150325,-0.0048687906991161005,-0.008680391012633078,-0.0060267770392958536,7.885072061838939e-05,0.0006316967707268379,0.0006028116972367886,-0.0025984866392226693
2013-10-08,-0.005545455448711414,-0.007158821779040775,-0.011646629994941161,-0.01315937375230014,-0.003391036811501322,-0.0018992926169053102,-0.0036706196569301127,-0.006606997097619491
2013-10-09,-0.002710411607629842,-0.00028442329632430614,0.0007254923478294724,-0.000343248114575514,-0.0029102724629344002,-0.0032196978753757976,-0.003163162898070124,-0.0017084763931769858
2013-10-10,0.010008359223146331,0.011964536959892922,0.021558030529318154,0.021137211002152774,0.004561797146418865,0.009615499536630788,0.006267210252696177,0.012104482924679524
2013-10-11,0.0014248046803042218,0.004463913160790118,0.006443309499031943,0.006846189294751578,0.0015732224928708084,0.0001892316450880934,0.0009358558927146812,0.003118557133617572
2013-10-14,0.0005076534955014433,0.001074832583426364,0.003993849183090427,0.00405683735991668,-0.0008963116765856674,-0.00029213575790504917,-0.0007781086822425417,0.0010921928378567539
2013-10-15,-0.0023983885772645287,-0.00430457160636877,-0.007254047639831273,-0.005583026956755994,-0.001171681916613202,-0.0031509013484846476,-0.0014672698759151644,-0.0036311301558257037
2013-10-16,0.009178970050479391,0.010275646688544552,0.013645508850816975,0.01287019224453336,0.00648499404775738,0.008974587193198597,0.008117403848485909,0.009934615755109172
2013-10-17,0.00909250049816399,0.006292620458509353,0.006581539350768409,0.007382460967291042,0.003932933886433183,0.003188430700756031,0.0077212442475199095,0.006298980770740317
2013-10-18,0.0030609694971857736,0.004108029128699463,0.007753546537837714,0.009464393189471827,0.0040712954422002946,0.004085787270683551,0.0028729906067443823,0.0050255172865269334
2013-10-21,-0.0014547230332994919,-0.00023639437911503221,0.00028488745030623246,5.1639069068773424e-05,-0.00038421234026574157,-0.0008177744238037696,-0.0012837867109343445,-0.0005614684102907795
2013-10-22,0.0075457319897981896,0.006247916041333189,0.005328568704998434,0.004633018609231799,0.004594739748622163,0.004409020671300549,0.006842914710240024,0.0056648434479278755
2013-10-23,-0.005222592518353561,-0.0021993842732873194,-0.004924715655247575,-0.003762216456249202,-0.002454649297987271,-0.005133111872775255,-0.0031499951792460677,-0.0038811926923673773
2013-10-24,0.0009295493040533715,0.0011912660621718183,0.003436057625810825,0.0026998720751187284,-0.0004210342137934499,0.00062497927918023,0.00038251291341350813,0.001256521392064861
2013-10-25,0.004470741317911177,0.003302807930521423,0.007030849903348356,0.0065969178202124525,0.0028559890699520417,0.0033509138293436823,0.003679553284353633,0.004421684877678975
2013-10-28,0.00018282060191002924,0.0005686263257680126,0.00024123229292217246,0.00012486553887173558,3.735435479640945e-05,0.0017868061978953025,-7.271268048271657e-05,0.00041459346146643385
2013-10-29,-2.6108693050757247e-05,0.0037491093056066615,0.0016881167780567088,0.002069041886147391,0.0007684070830593206,0.001866487587175051,0.0008107009780337871,0.0016019532978384112
2013-10-30,-0.003194858995604796,-0.004032581063805052,-0.0009628669848249697,-0.004026076460846085,-0.0013861029588001965,-0.001848745374735328,-0.0032354139193792922,-0.002709843379203863
2013-10-31,-0.004949882581163777,-0.002171162752353371,-0.00229000707503413,-0.003767545500996881,-0.002558575924708751,-0.004322514969597963,-0.0033399206987611073,-0.0033281025841394186
2013-11-01,-0.0032653406734587907,-0.0007752893361105224,0.00024196159738388602,0.0018207194140643249,-0.005545710570382558,-0.00412141155426735,-0.0030802938549585944,-0.0021061179157321813
2013-11-04,0.0012028548772081336,0.0029006995129302283,0.0014490688315356255,0.0027217194384316127,0.0008621698453298492,0.0006568537321170462,0.0014281031290009627,0.0016214408673056442
2013-11-05,-0.007152787099778585,-0.0037372581880373693,0.001003444142335557,-0.0009598309523521705,-0.003322901058455448,-0.0032735584197728144,-0.00640499994476565,-0.0034662551874878496
2013-11-06,0.001894602944470063,0.004282740351623394,-0.00018505735897869925,0.002060516128800744,0.002310189038301563,0.0033024774819155143,0.001959148396388011,0.002230594763035523
2013-11-07,-0.007121500220795193,-0.006540254166697017,-0.01873083840045238,-0.0157059909772612,-0.00294201977344618,-0.008370509383012592,-0.00485718850269154,-0.009165045307731717
2013-11-08,-0.0048241406558076575,0.0035283329935144932,0.013506602753210285,0.013007544833688524,-0.003792615041849768,0.006882669740126668,-0.005129714357078305,0.0031999083859206284
2013-11-11,-0.0011316776412070902,-9.366734826120172e-05,-0.0015562848619534975,-0.0006720370464831104,3.0332682831560494e-07,0.0015036724562838561,-0.0009445060062217186,-0.00041249347421176745
2013-11-12,-0.0026598790395229183,-0.001578001948373372,0.0015390964571373707,-0.00021445999136414964,-0.001310586202986023,-0.003462935241771583,-0.0014915142228919846,-0.0013254258207782547
2013-11-13,0.005146548586827756,0.006488399231914377,0.012072479200980538,0.010079453651726298,0.005697041932064234,0.006173897148615376,0.005060109801376418,0.0072323895935799765
2013-11-14,0.007052642524632774,0.004902753361058188,0.0030896677283899746,0.0037564322511355755,0.004469157959232224,0.004785253099531667,0.005908245890645481,0.004857023795551937
2013-11-15,0.003249185657698088,0.002296877005698054,0.0019092330441370414,0.002777627863280977,-0.00018770006213588927,0.002137853844305612,0.0013801942940917054,0.0019447997943009415
2013-11-18,-0.0015939292934583692,-0.0006950974678232654,-0.009766563878937802,-0.007534193494170599,-0.0003544644457945279,-0.00327626768487394,-0.0006017445723579878,-0.00338733816439678
2013-11-19,-0.003812505242850371,-0.0027913230626469276,-0.00288653336388534,-0.0026314469320359514,-0.0032266945574553644,-0.0022536462768870873,-0.0034750654113059705,-0.003016785518770973
2013-11-20,-0.008966137595324709,-0.004075772159784821,-0.00241273110568986,-0.0026686364609795434,-0.0040540127935918225,-0.0025052181861659572,-0.007110086674579635,-0.004543934223759259
2013-11-21,0.0045113147033488624,0.005199951349212343,0.010157283537841833,0.009410071255216914,0.004315925597917257,0.008178633125502644,0.004205138777842861,0.0065677785569178936
2013-11-22,0.0036121335829478523,0.0041501548841273205,0.005386550352661325,0.005249365864622276,0.003420825422869938,0.004232166482761344,0.0037562556648446624,0.004252141844117821
2013-11-25,-0.0008906069796421413,-0.00035138283589140044,0.0006352393933590322,0.0009836445774408754,0.0006339172603977134,-0.0008505058384519804,0.0003629386720626868,9.772141479778838e-05
2013-11-26,0.0008413758737380113,0.001031678019640467,0.002771966778510219,0.003260420175167069,0.0022391251990984975,0.0003843077034496568,0.0012682064543902646,0.0017236948322777474
2013-11-27,0.0019476485267554769,0.0005547712997429332,0.004728234018928058,0.005260443029397705,-0.00020001764228792362,0.0011505214342311552,0.0006289000186421175,0.0020461610392766196
2013-11-29,0.0016928154274894265,-0.0006334115836414766,0.002704186359532789,0.003072592400564526,0.0005284602968606925,-0.0005850803671205669,0.0009650909312262674,0.0011637769141679007
2013-12-02,-0.008474802865005052,-0.003275073112525573,-0.0027589668945234313,-0.003122422205501749,-0.0035712402690270713,-0.0024906309988379023,-0.006405497552308612,-0.0042938344086726745
2013-12-03,0.0007346740137261635,-0.0018840503935902233,-0.0025411514479476535,-0.0017802913274067066,0.001576065655363079,-0.0009085366835448207,0.0014190400330983,-0.000468498724493341
2013-12-04,0.0005113939741059279,-0.0018877223191120195,0.0004218725105065621,0.0003012189186091356,-0.0025522730507419327,-0.00023901026782429817,-0.0008711039161720066,-0.0006053634570629485
2013-12-05,-0.003429020443231634,-0.003671564653919698,-0.0013289112056027823,-0.0030526890726957183,-0.002249781485294818,-0.0033597757088018594,-0.0031986519949922868,-0.0029055914617932455
2013-12-06,0.006800683107159445,0.007059550067577155,0.007261380262675096,0.009796681528588242,0.0028024910634531454,0.007780598918481393,0.004724374683408564,0.006608374417663362
2013-12-09,0.002689027983127799,0.0020051761851259853,0.004069688234515918,0.003205402363994337,0.0011208469245992472,0.0008532344733563205,0.0020547712013822173,0.00228240605656231
2013-12-10,0.0032688065663000316,-0.00050112975466863,-0.0006944888017721461,-0.002079951961980203,0.002831150992688835,-0.0008156481103723847,0.0035668129799371643,0.0007830947144288958
2013-12-11,-0.010192046190062818,-0.008283111666818863,-0.012863785301368552,-0.01242975772289244,-0.005210878435871704,-0.0073841855598302765,-0.007078973255418048,-0.009058894636315339
2013-12-12,-0.006261933929329258,-0.0031311973216386953,-0.002582925381482528,-0.0030693881484476814,-0.003698473356636086,-0.0047421234946650416,-0.0051896419594195005,-0.0041008878327625075
2013-12-13,0.0019869369220758804,0.000532100656421959,-0.0012946079409988894,-0.0005592412110696443,0.000246093048344787,-0.0008244081374532254,0.0016414108388877993,0.00025367199932165686
2013-12-16,0.0026343734054584396,0.003492577404484759,0.005491192708415433,0.005476762230043514,0.0012444369649622273,0.004445535634117017,0.0021368493489007834,0.0035603815450504224
2013-12-17,-0.0013472030521689577,-0.0006465427497889037,-0.0019923156936949523,-0.002159254241401334,0.0009716387053155951,-0.002643551975129499,0.00010358351650623099,-0.001116060647423531
2013-12-18,0.0056553173880833875,0.0087393216284598,0.011626364776785117,0.012495889609898466,0.0005139712421470935,0.010319663246057119,0.0048995733413230765,0.007750679874197194
2013-12-19,-0.007118190725133804,-0.0023490172776908257,-0.002785709543770583,-0.002556300022693949,-0.002922450211466093,-0.0007248550134733018,-0.00498697419280373,-0.003338766976648045
2013-12-20,0.0068083458311348315,0.004744157409509485,0.01018325405999686,0.009104469445232643,0.005008589887186938,0.005930851593495107,0.00613930985134834,0.006834642435414531
2013-12-23,0.0013327683813375846,0.0019858308105745286,0.010520074535067281,0.008837123003073781,-0.00010747495478472284,0.00281500195769717,0.0008334036356428628,0.0037416073943580333
2013-12-24,0.0005480709370244616,-0.0001918026935692652,0.0004578591140687049,0.0009199372535628967,-0.0019214600010996848,0.0015600531978460985,-0.00037536766139262924,0.0001559196230017082
2013-12-26,0.0002286262347603812,0.0026808454924617192,0.003292372298656511,0.0035182676615525864,0.00040427113727764074,0.0033230950311694536,0.00015235342993779013,0.0019470996942906923
2013-12-27,0.001848211928805195,-0.0002729301765852741,-0.0025076959894355503,-0.0021936242869246615,-0.0004306773926672956,0.0005525096927156138,0.0007779061770734356,-0.0003122554613011118
2013-12-30,-0.0005727668236541767,0.000984186364105368,-0.001484871194577955,-0.0013153076706329306,0.0007593178889866244,-0.001148056461670388,0.0008558449710701275,-0.00027659257414669523
2013-12-31,0.0005547991100348102,0.001042061260223688,0.006522364038290293,0.0062925574117014835,-0.001900173993878572,0.0018425304685449162,-0.000568797116320347,0.0019630316013786787
2014-01-02,-0.005097786597611235,-0.004220147008529964,-0.007844415513198356,-0.008067503575564306,-0.001098488728356086,-0.00883318969079121,-0.0037209046618849515,-0.005572915962245963
2014-01-03,0.00025292800985262287,-0.0003391131250467229,-0.007219029869062172,-0.006315677184622848,-0.0023747783864159276,-0.0017361086470743501,-0.00026572655935037416,-0.0025592750700153574
2014-01-06,0.00016111334060663925,-0.0006140567581227575,-0.003693575617514917,-0.0035910989472665773,0.001280504621703083,-0.001069398087611,0.0006326932531358171,-0.0009785238834434254
2014-01-07,0.0022961690181204433,0.0042891639875682315,0.009230757245396064,0.00781670929420639,0.0026810775379415585,0.0037267462582578374,0.0025965140285110523,0.004673885471847951
2014-01-08,-0.003664121593483279,-0.0018231606141486003,0.0021805695072984977,0.001281592536052458,-0.004205882540180508,-0.0029327344174202748,-0.003440711710344376,-0.0017863528980567073
2014-01-09,-0.00026418311245126887,0.0014322997739184898,-0.003321011256378623,-0.0015319424657116965,-9.351934101750614e-05,-0.0011947985879763579,0.00039111128104646787,-0.0006711702644594102
2014-01-10,0.009399621106768896,0.004991064707416163,0.0032175354567989265,0.003067582254815834,0.007082251312515457,0.0044623974342235286,0.008087589379891388,0.005753167265810009
2014-01-13,-0.0034563941565681575,-0.006838335360432212,-0.014776685877314615,-0.014016774993342114,-0.001105947665137004,-0.007803318213746811,-0.003102160354449494,-0.007312059425836973
2014-01-14,0.003001676419799336,0.004982197291024651,0.019067386367034523,0.015341737817863974,0.0011598882666528608,0.006063751877524938,0.002644874618539691,0.007474328593156375
2014-01-15,0.0022419084671881904,0.0028766796628850936,0.00821466419154326,0.006935790076755678,0.0014309408239767635,0.003847149442938766,0.0021379113441191244,0.003972232696777618
2014-01-16,0.0006783049988697001,0.0002948049195555912,7.255563232763158e-05,0.0005126235188803456,0.0015374252161737528,-0.0008242477790329233,0.001144275543663855,0.0004739316443234779
2014-01-17,-0.000248629596669385,-0.0015783491163237895,-0.005657085401666424,-0.004626656429071558,0.0006343686287805001,-0.0019214709023795172,-0.000417026992724088,-0.0019812270303432166
2014-01-21,0.0009355258481593791,0.0013181239665538706,0.007624236041089412,0.006516484234094918,0.0010755156822794118,0.0022201976450145254,0.0012282857260293297,0.00297281319848494
2014-01-22,0.0015117572430844235,-0.0007246765804482835,0.002597509700902555,0.0019411039335862676,-0.0006098824193659958,0.0011864528402947625,0.0005587041408718703,0.0009210678016268732
2014-01-23,0.0007984501678761957,-0.0021998989955226544,-0.003379621191016088,-0.0023098522234085653,0.0035324466782266565,-0.0041806953025328416,0.0009480829428944243,-0.0010140756746446148
2014-01-24,-0.007134259481559709,-0.011070520746042912,-0.019665052882424254,-0.017461231990259625,-0.001207701460494622,-0.01217433754352057,-0.0061267886223494,-0.010727741000519628
2014-01-27,-0.006218766253522363,-0.004151905195913658,-0.009684153096201072,-0.008943679533135521,-0.004820041179915589,-0.005112755639359908,-0.005215404413366433,-0.006282140038525252
2014-01-28,0.0037096939018404543,0.004146813497982407,-0.000600392989532238,0.001086629991259989,0.0016549120927427366,0.004996630248106566,0.0036755370247550613,0.0026582047574839635
2014-01-29,-0.0014994066553250939,-0.0038871083817690194,-0.010716710133141898,-0.007902674744237734,0.0008539514400991202,-0.005379349918876291,-0.0012231750801589727,-0.0042490853886096355
2014-01-30,0.0026081508675233032,0.005940662546052152,0.018485951502947837,0.013726611839974099,0.0022609383065570177,0.005380959733649384,0.003608888663276436,0.007412955210252644
2014-01-31,0.0015090935740799196,-0.0019482262010588277,-0.002658777455657339,-0.0019097041267965504,0.0018012400438067158,-0.0032947354089972528,0.0015508797631990682,-0.0007073222954995647
2014-02-03,-0.006146378730624763,-0.011274189768397187,-0.02295148531604039,-0.018415087372253034,-0.0009908689115205806,-0.012971685054405642,-0.004751329862090335,-0.011059186509910848
2014-02-04,0.0035535213952111048,0.002907368572224832,0.007355703408834512,0.005536005395497614,0.0005668874668637788,0.005613895084381445,0.001988320391469337,0.003908290200633768
2014-02-05,-0.0023677918923488807,-0.002213958580894003,-0.0025912761429194298,-0.0027185599238613964,-0.002556402778664145,-0.0008361122016119012,-0.0028252120740675903,-0.0023064189770210406
2014-02-06,0.005588997497131384,0.0071263074085208475,0.01271148170856097,0.011298100818149432,0.0018807414531795677,0.007162246813688694,0.004355230737398827,0.007166311435270198
2014-02-07,0.0077218995288674055,0.008533311529899017,0.017838587228016217,0.01575831532466001,0.00693889994380539,0.009828123394431704,0.0069781366483053,0.0105214372300607
2014-02-10,0.001127770209068441,0.0013060462513335613,0.0057274545350574045,0.0047838072634785525,0.0005914486511920724,-0.0003397194893648861,0.001177636177887654,0.002072141465575879
2014-02-11,0.0058996800680291,0.004898948910477386,0.01138948313494791,0.009987222920491187,0.00023181500064601874,0.005812538517196538,0.0034678405418289587,0.0059956907052080965
2014-02-12,-0.0004960477159435403,-0.0006194808477981563,0.0019142541758811987,0.001268832839044353,-0.0008539806218692978,0.00018894866525181016,-0.000985160877901653,7.068738607704595e-05
2014-02-13,0.005105418546397909,0.004994915030487674,0.007418230001431157,0.0068815414312242565,0.005363555767816948,0.005140972236982497,0.0049356715026733985,0.0057021772225251035
2014-02-14,0.0047354611865963025,0.003102670854476934,0.002008016447990758,0.00232028679423902,0.0005599720695651806,0.003548172018659771,0.003190904626299246,0.002794283626260721
2014-02-18,0.0027296063144717844,0.0016786642626206005,0.004878204915723987,0.004621534089848734,0.004637289568097541,0.004817559962966512,0.002810028375106512,0.0037325006282881643
2014-02-19,-0.003811175080482658,-0.004755561496802542,-0.006869661896062968,-0.006790200287911502,-0.00223261408182213,-0.0031130041259569145,-0.003223570132851771,-0.004398916474384191
2014-02-20,0.0021693483197188154,0.003098888149524195,0.004685810766629882,0.004700470859494635,0.0005330703376922087,0.0031820262932514276,0.0011676561186555023,0.0027892478351466353
2014-02-21,0.0012731727771077882,-0.00017422533427010202,-0.0013328398900914714,-0.0011608000934911213,0.00016364667723885613,-0.0009497929345873698,0.0011044906039428877,-0.0001544375848070892
2014-02-24,0.0028481816282188957,0.0029333864024316107,0.005337912276738741,0.005357004930379111,0.0010592306970889293,0.003623063540832393,0.001910695117847859,0.0032946169862781956
2014-02-25,0.00041695799564298356,0.0011435021116576961,-0.0011061060617578704,-0.0008193830240600784,0.0013304257747705603,-0.000535054357162478,0.0013689976274550712,0.0002543390502038467
2014-02-26,0.0002677555570195627,0.001206311760113294,-0.0008859394095132001,-0.0009270191729130657,0.0013458414158368892,5.243110558699675e-05,0.0013299654370836256,0.000344677212694893
2014-02-27,0.003768692478523742,0.0036095679519313876,0.006480773794098314,0.006361884916897667,0.0015686164710116922,0.002143677334103408,0.0031961210579957247,0.0038709622439343097
2014-02-28,0.00018372327269209298,0.001130865176984372,-0.0011056251313318296,-0.0009780866917370426,-0.00028427460866916015,0.0019144031081801565,0.0004321017049818271,0.0001857752948800063
2014-03-03,0.0018798470990270477,-0.002262712727707357,-0.007416640530023199,-0.006718479419052283,0.003802279181982085,0.0011198750656649468,0.0012962973720847695,-0.0011834419951465866
2014-03-04,0.0014849624383128255,0.005336930005510302,0.012713128317578284,0.011649451478327348,-0.003047531319974701,0.004222186463039468,0.0006927730203762741,0.004706329686741135
2014-03-05,-9.859964450917411e-05,0.0009743772776495134,0.002753587658571137,0.002670894151960638,-3.314103286360614e-05,-0.001399294556630766,8.071823779186185e-05,0.0007065683746420879
2014-03-06,0.0010246861087022914,-0.0003219451847631669,-0.0008790677750003535,-0.0009683721866773851,-0.0015547522444031242,0.0024407572141093184,-0.0008558279283859771,-0.00015542015704882054
2014-03-07,-0.0061438079250167674,-0.0014493443372608794,-0.004945922348566839,-0.004859153289559036,-0.004397160610768662,-0.0019700332945681207,-0.0051272394008081,-0.0041266358220205576
2014-03-10,-0.002106513784933116,0.00010393944611057771,0.000871322802962157,0.0004493175322667669,-0.0004002728603230255,-0.002139116742669257,-0.0015067697667938834,-0.0006701934989051123
2014-03-11,-0.00045792831982082604,-0.0025687640167839686,-0.004304006575151062,-0.004435232257306866,-0.00016580565679119382,-0.0021579515486552813,-0.0003865261375424676,-0.0020671172907875614
2014-03-12,0.003962029182585105,0.0017442953709691576,0.0037684970365181596,0.0034758750713254623,0.0028705162033967682,0.0004182015067512757,0.003431530890730429,0.0028135916879919623
2014-03-13,-0.0028529974892318863,-0.0043258720502297645,-0.014134400790225203,-0.01321449973361971,0.0004177572330722328,-0.005362981109452638,-0.0014732945280845381,-0.005852516430570139
2014-03-14,0.0010859617779728063,-0.001625573587806378,-0.006832065086063039,-0.005772420456601902,-0.00041447332493791853,-1.6832185028378948e-05,6.934144128589265e-05,-0.0019242005604861532
2014-03-17,-0.000425116779405331,0.003727047440988521,0.008796249161236997,0.008463560423964435,-0.002564873945760016,0.0006959799128972597,-0.0002341616440065834,0.002603544985086107
2014-03-18,0.004664634058843434,0.005241957878008065,0.012074075005947366,0.011444907633489152,0.004642610350710331,0.005459446426557033,0.004853985125001106,0.0069004306662612674
2014-03-19,-0.010561860881374313,-0.006918513489072058,-0.005419562646013501,-0.0056104090491482595,-0.007192744692933854,-0.0050413183437694785,-0.00929167362802937,-0.007156295816065616
2014-03-20,0.0008970263371540772,0.003588196902924302,0.0027763883503983894,0.002866811841779754,3.3073088586085516e-05,0.0018066419706711252,0.0010875230090240922,0.0018678542663231328
2014-03-21,0.002323258084789904,-0.0015909332348593619,-0.01203363849380329,-0.010489432558386294,-0.0009362282461318044,-0.0013133559458388495,0.0018169106311098546,-0.0031774824018594642
2014-03-24,-0.0020291593002669224,-0.0023280661397049787,-0.008763602369747244,-0.007873002099057317,-0.0014590124271164362,-0.002089536265088855,-0.0010615830536237151,-0.0036379453030227957
2014-03-25,0.0036601785591276388,0.0026107215954968167,0.0032874476654838306,0.0032316754119304076,0.0012737201142105359,0.003924403745033086,0.0026955342254378033,0.0029560293634629405
2014-03-26,-0.0023737748055505234,-0.0026345533843541774,-0.012879889774043377,-0.011750374318349882,0.00020467561213265487,-0.002798952134235495,-0.0011739305180917925,-0.00473408398192252
2014-03-27,0.002338018093400375,-0.0008677564036181069,-0.005608622039674134,-0.004870524368098606,0.000947575261076205,0.0014484851989740922,0.0018439803712250137,-0.0006419043520796533
2014-03-28,0.001218934373817051,0.0015390316756025704,0.0019482102720833024,0.0015622646089514054,-0.001859575353726244,0.001717924222873861,0.0005031676785572754,0.0009511989672716344
2014-03-31,0.002185483983655694,0.004971631178029816,0.007122671242824949,0.0060769384562252655,0.0013450743619437492,0.0039716519603691285,0.0024395389720346375,0.004025182008629158
2014-04-01,0.0015369173594686923,0.003186021458214421,0.017565438416315957,0.01420922486532131,0.00019018693313134776,-0.00021957069198225718,0.0011544875497497985,0.005396554741138931
2014-04-02,0.0003017823705984928,0.00031753762244898917,0.002578400642115896,0.002106375752130672,-0.0026523578564602974,8.998378979545904e-05,-0.0006558982570325252,0.0003108710801894548
2014-04-03,-0.0004373316010783811,-0.0005324914452394908,-0.007938264789501874,-0.00643211343362669,0.00011195377372118535,0.0015143952880737567,-6.807735794687618e-05,-0.002003095566495589
2014-04-04,-0.0004527427958289401,-0.0047697248250950525,-0.02659770357200729,-0.021624704035416734,-0.0005379333915585886,-0.0034234687410174976,-0.0007058910644783888,-0.008386858748066578
2014-04-07,-0.0010791339743752774,-0.005726850308005348,-0.009494155316150717,-0.008002698587248232,-0.0006565470006486816,-0.005614386000299737,-0.0007924204419412764,-0.004477108074979254
2014-04-08,0.00646913814189785,0.0029944884732045706,0.009205309592594964,0.007951337352652696,0.004389403348656109,0.0053075555152256315,0.005083582096467377,0.0059186755275362
2014-04-09,0.003690324070423062,0.006340286668931768,0.017141592817299982,0.013348471076270426,0.0035342975880017203,0.006018907976349885,0.0033438019209591245,0.007648801550172808
2014-04-10,-0.005800980477762159,-0.010999210834465954,-0.03097238918465094,-0.02432262559857724,-0.003290485937128671,-0.009512997441017681,-0.005267200706713496,-0.012963476508118283
2014-04-11,-0.0023125841416663296,-0.004553427140398618,-0.011633033585690563,-0.00887694760185051,-0.0015829358222563853,-0.005171542459214418,-0.0019657537716431606,-0.005151852794128965
2014-04-14,0.003574781296202322,0.004051587529348692,0.007846801928394152,0.0064756150933471795,0.001868151897837269,0.005888985647897346,0.0027855383469362286,0.004633919276588194
2014-04-15,-0.00019777022997842264,0.004582607633446245,0.0033030280656569672,0.0023953812283504547,0.0015350830883802348,0.003915206675127995,0.001815625092323221,0.0024862898326180258
2014-04-16,0.004986962184782742,0.005640180326236987,0.013285848082333681,0.011690928910026474,0.0018095319806976564,0.005348290370640266,0.004127395812984021,0.0066789088867943575
2014-04-17,-0.0024295783573169286,-0.0014707494129499409,0.00018924073128127495,-2.8323245734344846e-05,-0.0018963849852500945,-0.00013965675036743628,-0.0033426534201333744,-0.001315530535721519
2014-04-21,0.00036244440100141324,0.0020200857854369694,0.007424732077455413,0.0046154539290658705,0.00045480258473435265,0.0008535298246217945,0.0007390541009863301,0.0023679735220695185
2014-04-22,0.0012858615706897996,0.002581936657868143,0.007945923530411785,0.005520918365169865,0.0013364784790869373,0.0021091089795516847,0.0013723338294973346,0.0031800001863916284
2014-04-23,-0.0014489579279155452,-0.0004010423794472463,-0.00879676999315292,-0.0065688750078108,-0.00017785599890228986,-0.000764048872170691,-0.000385116528335381,-0.0026684694862038716
2014-04-24,0.0034458064327188356,0.001104627001261363,0.009566300601329337,0.007823593922227333,0.002455058762831761,0.0024795454056815596,0.0025339584374054957,0.004196549661951017
2014-04-25,-0.00404178401604122,-0.00440005524282401,-0.01598352928639689,-0.0119619357140574,-0.003352770457525358,-0.004865008382763223,-0.0031872767027970473,-0.006862107311039598
2014-04-28,0.00041329585906257926,0.0013165907576574679,0.0032485137833146976,0.002060298774544151,-0.0005495241380920243,0.00038324039448149453,1.9105928737262552e-05,0.0009967373057658852
2014-04-29,0.0027659604029499707,0.003133044704897178,0.007966116833798555,0.006341268467456209,0.0026441542717330455,0.0032171723654895574,0.002208885440738917,0.004041891486941211
2014-04-30,0.0007175432273183456,0.002848084232819649,0.002639141562826625,0.0015578044783804475,0.0008799762519717978,0.000807966059745848,0.0015198066397330533,0.0015679615986517704
2014-05-01,0.0017204370609383735,0.0012128741883418444,0.002974953497475893,0.0015470501327128111,-0.000117708734237765,-0.0011567835998339297,0.0023937823023837757,0.001230561918830678
2014-05-02,0.0027207352716050867,-0.0002752867727994568,-0.0018254280521718877,-0.00026931448150602905,0.0008566290804650493,0.00029904865396678947,0.0021328542714685312,0.0005186945142833442
2014-05-05,0.0001578520445617481,0.0009138225158069298,0.005257511674953134,0.0037568917961896685,2.5846501377649843e-05,0.00025229396738301625,-0.0005167272768614509,0.0014180024143114083
2014-05-06,-0.0016665927006780724,-0.004756652420885414,-0.012961241645280215,-0.009516369812809242,-0.0021704261950018723,-0.003931262540727331,-0.0011313068257859632,-0.005182652643720817
2014-05-07,0.0006582596385571888,0.003834701079223106,-0.002880070357107466,-0.001537455038354898,0.002010746345395188,0.00382937164137127,0.0010738045275027878,0.0009844708808771426
2014-05-08,-0.0009337040086993771,-0.00024602257603044755,-0.0009595139066314821,-0.0012457024047492998,-0.0006625412208591596,-0.0010837469931566407,-0.0006601973904788612,-0.0008232366700192888
2014-05-09,-0.0007123889687068527,0.0005825560942777083,0.003700344650486404,0.0016761682934911567,-0.001076156123840817,-0.0006921668954190453,-0.0007736049839489569,0.0003956062463471839
2014-05-12,0.005118073268422994,0.004790742669496173,0.016474279474701026,0.011233680864549303,0.002662897808506412,0.004857636125314308,0.002988750723618082,0.006909126442186317
2014-05-13,0.0018753955391440068,0.00209026096982689,0.0006800355392404561,0.0012020429217225422,0.003158194666981801,0.0025493777398427377,0.0026005474050193674,0.002015253705636487
2014-05-14,0.0035517523265163383,-0.0010360226690298204,-0.005210157672228092,-0.001119895842365472,0.001733022034211629,-0.00014644055736644733,0.003475779372677474,0.0001437052858641294
2014-05-15,-0.003080257935856919,-0.0038364692870825673,-0.007855786799275117,-0.006037781029216102,-0.0025788501787019015,-0.005093359510848644,-0.0013759870103015844,-0.00428368459771097
2014-05-16,0.0028080403373737855,0.0012161771555731548,0.006541097793685941,0.0042843896963349485,0.000527274377923494,0.0015127353162416005,0.001633742138057433,0.0026604981540469053
2014-05-19,-0.00036902380181004626,0.0016736582411746488,0.0069292919306864105,0.0036862900777350793,0.000472738362923791,0.00132570896830325,-0.0006100742180816339,0.001869369036491575
2014-05-20,-0.0014806814911514994,-0.002633088344332895,-0.003623064322554549,-0.0029906204395514896,-4.096011929002148e-06,-0.0020005397752189858,-0.0007200238700519254,-0.001927970687019459
2014-05-21,0.0010156902666294731,0.004427217637412817,0.009545090749342622,0.005911200921709841,0.0023820001311953345,0.00434474833948287,0.00044331137112909637,0.004013588794506834
2014-05-22,0.0013721544461196093,0.0010386866403938636,0.004390115868539767,0.0034786856611018243,0.0005505306108498885,0.0011635763334750765,0.0007183369619442372,0.0018157196346315803
2014-05-23,0.0030761209354228003,0.0032219988866261434,0.007284346223916935,0.0041866762755926636,0.0028417342263831686,0.0030927893085709555,0.0030494359087287156,0.0038452623284415863
2014-05-27,-0.00029201274457146885,0.003819369695307238,0.012460868393071806,0.0029749418674074385,0.00012321176860204987,0.0010723901653963736,0.0013280739888435287,0.0031444124696998295
2014-05-28,0.0014807100291487538,0.0017366204859199682,-0.0030764391972586385,-0.0013194618895804617,0.0021814011823114844,0.0010475023135093923,0.002640289922708711,0.0006573661279430094
2014-05-29,0.000512196664652291,0.0025466541857727763,0.006335130015471741,0.0038479207576045853,0.0010558761656964727,0.001788325404394251,-7.00047744029551e-05,0.002295046313610009
2014-05-30,-0.002251488633432904,0.0006628162632967575,0.00010948227548035385,-0.0015726025479427985,-0.0017146718343027864,-0.0005709633848789858,-0.0014317915388846756,-0.0009804015914428295
2014-06-02,-0.002045805359317123,-0.001133000017303873,-0.0009855078953496786,-0.0014473812186658291,-0.0020515231198428583,-0.001726021764249845,-0.002754889277507709,-0.0017215417124026426
2014-06-03,-0.0017608477623157642,-0.0023083577522620257,-0.00043868052686490993,-0.0011558169850647852,-0.002630232900568979,-0.002518062684239972,-0.0029668148302434793,-0.001938965599965484
2014-06-04,-0.00045099862909128577,0.0009149873505374586,0.0037289506798947577,0.0017745478660581662,-0.0003437729268207786,0.0003340558645732985,-0.0002928227883657212,0.0008078092942620591
2014-06-05,0.006334323652354931,0.004523824520864553,0.008413898821550749,0.0075380540050307395,0.0029826282064146117,0.003785543458779872,0.004967793949141193,0.005515637689068589
2014-06-06,0.0023866755642210588,0.002594579463822096,0.005742129549393123,0.004938251289440328,0.002153488345096353,0.0023470466043081424,0.0019352245099692065,0.003178428607171724
2014-06-09,-0.0010215970837141421,-4.528049702962842e-05,-0.0008296933226988211,-0.0031357877536111823,0.0005611327886383861,-0.001051953760590056,-0.001267193960855178,-0.0009121712711374489
2014-06-10,-0.0004544999354665178,-0.0006385549216103673,0.0017252344215794543,-0.000807491442112096,-0.001398382583271225,-0.0005809667782623825,-0.0011850377537114959,-0.0004493747451447977
2014-06-11,-0.0009319443739601322,-0.001544667882483859,-0.00021526034417485102,-0.0008379622972167492,-0.0010543266990035655,0.0003646262173038863,-0.0004676769549049075,-0.0006890752977781796
2014-06-12,0.0018866444340305919,-0.0026874245672059583,-0.009042971228730096,-0.005509671217986545,0.0030070815458127483,-0.0009406850825430446,0.002148224210180629,-0.0015763729729788537
2014-06-13,0.0009877549568444474,0.0010386447116339228,0.0029330283219324276,0.002437162842502205,2.7033165418892326e-05,-3.371598704484183e-05,0.00046006711914375214,0.0011251277360719736
2014-06-16,-0.0007645930613152701,0.0004934632645552689,0.0008665442843789316,-0.00041327650511159797,0.0009794227162890573,0.0003328971621182649,-0.00025448691191818257,0.00019145365760854462
2014-06-17,-0.001057455244773361,-1.4971965807044274e-05,0.0005412572892684594,0.0003358013403392285,-0.0008129608071047751,-0.0020803395539211443,-0.0017493086146253844,-0.0006770695998166381
2014-06-18,0.0063073093573890685,0.006475080788004167,0.005586507186209262,0.006418401986531877,0.005585289209052769,0.0055728003592155455,0.006171134779540161,0.006013808637169427
2014-06-19,0.003179942912226263,-0.0003359824753134353,-0.0006452742045869304,-0.00023989106941524436,0.001496824134759326,-0.0015836339441927807,0.0004544858820113198,0.00034876662029273604
2014-06-20,0.0014966678344484634,0.0016868922593709676,0.0011761312981686258,0.0010373826833174477,0.001591426812501301,0.0012717305484210776,0.0018995339216420842,0.0014662260804248126
2014-06-23,-0.0012263419644447423,-0.0004552159988636177,0.00021563798759505114,-0.0005918976736449104,-0.0012905125534763682,-0.00039033382137877536,-0.0012088559017382722,-0.0007130282961159964
2014-06-24,0.0015696608522239215,-0.0019958566596421376,-0.0009701617404519466,-0.0006705941614251365,0.00041675611747496075,0.0015122811007698884,0.0022215776298916265,0.0003050479367080464
2014-06-25,0.0018889895968940585,0.0030970791841646657,0.006364773222953477,0.004766814252226588,0.002181874415576871,0.002862509066645287,0.0018250027638192275,0.0032696011643892397
2014-06-26,0.0003391654671015091,0.0006163343278832164,0.0005360004851233663,0.0003958327491354163,7.726055011247294e-06,0.001655208162412704,0.0008902082179453419,0.0006328376009814079
2014-06-27,0.0012198439258542396,0.00102865096984006,0.004254574768389658,0.002593210213292409,-6.379385603195138e-05,0.00029762264708213624,0.0009096959498243903,0.001499211623353643
2014-06-30,0.00036031350390173405,2.1368918234885605e-06,0.0017068032988749547,0.0029723896693020033,-0.0017358107411999271,-0.0013327322596675796,-9.671673937642147e-05,0.0002752077128741631
2014-07-01,0.0012650565795905243,0.0027094864684251672,0.010968051588985166,0.006563941734704077,-0.0010084863542865134,0.0005568062266756957,7.880513806437318e-05,0.0030996275366742872
2014-07-02,-0.0015217320059105496,-0.0010077728889393562,0.0016847933188466333,0.0009141031014873891,-0.0021502210896049787,-0.0016734807029971694,-0.0023529139791549935,-0.0008564411981055275
2014-07-03,-0.00011953896009445195,0.002158361020858468,0.006309588988375301,0.0032419477653712362,9.057842954664051e-05,0.0005935029896198467,-0.00040762237472752143,0.001739182486859848
2014-07-07,-0.00021915739476375076,-0.0011445110547009542,-0.0030304959205265107,-0.002318262615377302,-0.0016032711185874193,-0.0022705182828621946,0.0003750902212977202,-0.0014298624625211144
2014-07-08,-0.00037848889023735,-0.0020710295766958155,-0.012053382267136582,-0.007593194956739063,-0.0003735071499457312,-0.0018092983349248342,0.0007829295412719308,-0.0034093563399742854
2014-07-09,0.002290948839087564,0.0027298694766874822,0.007388167907178821,0.006341125569962793,0.00021592184283688166,0.00019823884934206445,0.0016824985582895465,0.0029810756105278363
2014-07-10,6.514265481544356e-05,-0.0015274074868772418,-0.0031593567840681983,-0.0025721495690200365,-0.0004365879948991838,-0.00022419659315267034,0.000110970595322027,-0.0010925971893954798
2014-07-11,0.001228204724951448,0.0014828000318681958,0.006444141344207333,0.004359116212973256,0.000368380942214681,-0.00041188652923160427,0.0015493944265739985,0.0021505630830877193
2014-07-14,-0.0005729389448120791,0.002129622605961739,0.005983009211639734,0.003635270408644561,0.000752036180160174,0.0019004237372886323,-0.0002305054406546254,0.0018999824144341434
2014-07-15,-0.003097984353436249,-0.0014735176315084102,-0.003443095029422856,-0.003755770282570342,-0.003442269667890212,-0.0036418920509801046,-0.0023886580983209036,-0.003039996737570074
2014-07-16,0.0030652120774113875,0.002804201611146342,0.003978795157448366,0.0036759996716246475,0.0023708288625731593,0.002355321123584682,0.002818409184538941,0.0030144733227426626
2014-07-17,-0.0008587328517635443,-0.004524262752203248,-0.013244511982629858,-0.010752220132597745,0.0006319092249227101,-0.0012341620309670206,0.0003463232302721612,-0.0042148049715833745
2014-07-18,0.003389935366590995,0.00528471640984704,0.015814144994537985,0.007527441503061374,3.299152040737229e-07,0.0015125007973342689,0.0022386375801793416,0.005180908902973514
2014-07-21,0.0009043809142158208,-0.0010134215482780796,-0.0012487348778675853,0.0006541502420871313,0.0009340599403956746,0.0007904419537702375,0.0006755615106584856,0.00022405917850462545
2014-07-22,0.0020499361232790845,0.003123109126066523,0.006354366522702159,0.003420086241583845,0.00043318170715666107,0.001015249271482297,0.001906016201013141,0.002647830060583363
2014-07-23,0.0014482002643723842,0.0013007380648481094,0.0064175174804610435,0.003185197998506179,0.0021967386658064292,0.002099460839233752,0.0012697812537154336,0.0025913630678993894
2014-07-24,-0.0026956865510629757,-0.0015711928396744735,-0.001131176220444785,-0.003049607322481115,-0.0026944229507725086,-0.002073114390361834,-0.002914999518412439,-0.0022771305570614703
2014-07-25,0.0016328607298497207,-0.0013030752144000536,-0.003912750718132018,0.0011274637017399541,0.002438405364326894,0.0011415284622563737,0.002000539662331812,0.00038223652575926397
2014-07-28,0.000831054401679201,-0.00021499999748268446,0.00031001021159293745,0.0004640779569512687,-0.0010937996769394991,-0.0008638882641142383,0.00029218266989023165,-3.343849515170965e-05
2014-07-29,-0.001948989305239141,-0.002086282883948074,-0.0018041373531306065,-0.0010602204778002982,-0.0007171404597091795,-0.00129471848066824,-0.0010281730090098426,-0.0014345792353837995
2014-07-30,-0.003975098772579525,-0.0027281106685392003,0.003933813731030518,-0.0012961314449698629,-0.003374180227723956,-0.0031866986612679275,-0.004614048513413626,-0.0021690497044483895
2014-07-31,-0.010563586186418927,-0.011972582631947266,-0.020210397269148854,-0.015420527183471306,-0.006274492493827626,-0.007905072634009485,-0.00810062648852962,-0.011512373465187766
2014-08-01,0.0017013804745317608,0.0005600836285671459,-0.0036834276622647027,-9.286043778962144e-05,0.0005984268326893077,-0.0004865889780749995,0.00238396476695391,0.00014066573606881278
2014-08-04,0.0036267637865005356,0.004520659883111823,0.006865992009933207,0.004389247700985903,0.0031366570569889675,0.004153025364338351,0.0029080385273924664,0.004230728604559821
2014-08-05,-0.004844917783858559,-0.005574829692862507,-0.00765864850535247,-0.005438740067634855,-0.001991345580722061,-0.003435245691615191,-0.003324458391390427,-0.004620725371869214
2014-08-06,0.0014476672269527894,0.0005393367303604846,-0.0007397695759999664,-5.6549522698562124e-05,0.0004594197459318046,0.0013299893408954579,0.0006532000018449878,0.0005511527184479587
2014-08-07,0.0011348484090630835,-0.0014731045707853296,-0.003210184644367476,-0.00013289005429722244,0.0016669805975488207,0.0009582523915294646,0.0018579543439196486,0.00011394326091512276
2014-08-08,0.002843867477803424,0.0065659330791272225,0.007216998539217415,0.004934649839012392,4.304908993648781e-05,0.0012639920074138033,0.001921024603582799,0.0035349926844164227
2014-08-11,0.0030577041124270326,0.0015488403149617879,0.0059012024297608835,0.0050705948711609085,0.0012856052246316277,0.001637775890684838,0.002184507265522273,0.002947559623551903
2014-08-12,-0.0018594806970732391,-0.0014121807201735142,-0.0004192104295422942,-0.0011177305724567757,-0.0020759109855036156,-0.0019571193367641467,-0.0018811849040714145,-0.0015438559501597588
2014-08-13,0.0055693194799598415,0.005374622686714243,0.010584839323139129,0.008224059089911124,0.00277748405570335,0.0036015492269884323,0.004993387092639497,0.005889586521463705
2014-08-14,0.0012406137833475726,0.0036445359925855363,0.005185296938796206,0.00398183186400454,-0.001154062103174149,-0.0002778166396990465,0.0014351433862499884,0.0020206868208311945
2014-08-15,0.0018583226649982788,0.0014728493759146822,0.0048485423208639526,0.0027312929362925493,0.0036632592605052514,0.0034832825787615585,0.0028645192238482492,0.0030150999158599454
2014-08-18,0.0007937977989051316,0.003710346305781958,0.007641569114630029,0.0049546134372440535,-0.0015856970208427015,0.000349739736276558,-0.0002756025693184624,0.0021885523567791846
2014-08-19,0.001412833239217328,0.0027279904347996885,0.005603631944252503,0.0038031224314197206,0.0008965118050024682,0.000918481699418897,0.0008308457810556704,0.002315509475108465
2014-08-20,-0.00026646068154555333,0.0004400612575469476,-2.385785630396731e-18,-3.122420218283059e-05,-0.0007795616204836353,-0.0013019247109464366,-0.0006759996180438661,-0.0003653013890935346
2014-08-21,0.00021511246682652112,0.0025984959801084125,0.0020262294826589515,0.0017285250779501499,0.002914830815023506,0.0028060607658329994,0.0014538381606708478,0.0019353054687452698
2014-08-22,-0.0003476522647853248,-0.0009033383903206966,0.0015167892397187634,0.0011900130508033383,0.00037087746359986095,0.00036401162720622415,-8.401247745769058e-05,0.0002942897269951843
2014-08-25,0.0020008649704072994,0.0033721364573761604,0.0035337304769345003,0.003093667354147787,0.002004486777134266,0.002197789938220608,0.0019232222356639183,0.002588679838823725
2014-08-26,0.0013541888930346346,0.00031838341918506333,0.0010057698098568956,0.0007348731862229081,0.000546577197169703,0.0004311628784194561,0.0007573899373207227,0.0007479260888526574
2014-08-27,0.0021496456049119313,0.0008150345687814078,0.00014500289949787316,0.0019319119526735864,0.0014285379474464426,0.0012732861291778735,0.002294480263455159,0.0014307865786148746
2014-08-28,0.00037678107971933375,0.0002065128510300895,-0.0011053153797113608,-0.00138194536588455,0.0012436022512051549,0.0013748725246788434,0.0008474098494744099,0.0002325650134138486
2014-08-29,0.0014143328809000473,0.0017432394669164466,0.0037220846801164736,0.0028484814915895277,0.0013230393885199808,0.001233619753453906,0.0013088670998782203,0.001944804836764037
2014-09-02,-0.006646126300022216,-0.002857368709694689,0.002906663426246656,-0.0008246866588857998,-0.005646801993821076,-0.003703675960467177,-0.006282542308049312,-0.0032978193188384977
2014-09-03,0.002844209037502006,0.000245521231833174,-0.005896265114236671,-0.0001824260366089667,0.0010700576228690312,0.0005596827118783078,0.0023198866309149893,9.429430482707129e-05
2014-09-04,-0.0045642258122673965,-0.002287166972207823,-0.0009044987726096888,-0.003060098991620948,-0.004901322209567684,-0.005278881701216875,-0.0049121794445229775,-0.0036868624125194135
2014-09-05,0.003401383609449822,0.0028167864302053904,0.005030532610603702,0.005647659559519223,0.0007337852683557737,0.001270737326399442,0.0023584850142914127,0.0030296259780555348
2014-09-08,-0.0035519195794495462,-0.0020198741698464907,0.0018575832989938838,-8.288245613967453e-05,-0.001609354441423138,-0.00166260087594641,-0.0025168277224333043,-0.0013839361280910919
2014-09-09,-0.005101042257513071,-0.004722665361738553,-0.008293657824473662,-0.006174893446318659,-0.0041709570134581524,-0.0035291462163253894,-0.0044297454203604085,-0.0052308078080095305
2014-09-10,-0.0033813436658009844,0.0012444825318932119,0.008262406681051906,-0.001970134728410795,-0.0008361143731122464,-0.00038346679170203266,-0.0030974346751295777,1.3225857942989123e-05
2014-09-11,-0.002481265974697717,0.0001870349553162534,-0.0007997129483938731,-0.0012354124607059378,-0.00118106017731874,-0.00048054888794908884,-0.001851631169499437,-0.0011256249378497718
2014-09-12,-0.009781375565241451,-0.005019604503305167,-0.0051006312066637334,-0.013357492127024584,-0.005031476583433656,-0.004840400820497243,-0.008487472750867591,-0.007334181025524698
2014-09-15,-0.0014658684345974682,0.0002872992452637624,-0.009650030877948235,-0.0057310203267990105,-0.0004570612892505921,4.684406324960221e-06,-0.0007667692558330111,-0.002562810874322359
2014-09-16,0.004993586642231706,0.004403810778732265,0.0087290532112112,0.006477493018909667,0.0025319988783206668,0.0016238940855461052,0.0034572221947793552,0.004628008583279741
2014-09-17,-0.0033902910201147637,-0.0003130950309801894,0.0013994047593571986,0.0004838813636468358,-0.0020474928459618337,-0.0013758544777207646,-0.0028055561481640304,-0.0011715272445302438
2014-09-18,0.0002499581481488001,0.0029310108484826404,0.007535521392510331,0.004595977669041488,0.0009629785993257609,0.0016218375049780848,0.00026666477847964046,0.0025730184954869803
2014-09-19,0.00043729167474097286,0.0009691983979678739,-0.0006200484039399291,0.001089872195720333,0.002225542125305796,0.002304752844225369,0.001923980778550514,0.0012050151526080096
2014-09-22,-0.005116441999968503,-0.003791319058355683,-0.009301660477761034,-0.007663752046702604,-0.0016542613590511943,-0.001292567765426912,-0.003199039472607754,-0.004568252216046049
2014-09-23,-0.0005230226652375003,-0.0025724835923622126,-0.002726045933916221,-0.0021862191613572896,0.00043085115305932975,-0.0001129095588740263,2.4114418184379316e-05,-0.0010922040013315788
2014-09-24,0.0020540449206715816,0.003542645008544297,0.010731024513878066,0.006902662941434901,0.0006202453279027563,0.0009355627276494708,0.0006876251354469515,0.00358480750553279
2014-09-25,-0.004731623287462625,-0.007731824120420651,-0.021033707587469766,-0.01418401262364093,-0.001594639895213672,-0.0025530592047748593,-0.0021094301946706856,-0.007651295667766883
2014-09-26,0.0028991904895640636,0.0039008816873213723,0.010623428900104264,0.008514362650194238,0.0001994847819504066,0.0017954677790722573,0.0015701374449886615,0.004205732886313394
2014-09-29,-0.0009381398639366017,0.00017306522656055268,-0.0013159440465955194,-0.0005869484105752171,0.0007237040094972832,0.001393719749422984,0.00020023470463471162,-3.720520425870723e-05
2014-09-30,-0.003968216582551667,-0.0019282660301813206,0.0014190833885780988,-0.0008778235295829736,-0.001418346328206201,-0.0011332803265371955,-0.0029224876949486053,-0.0015434900338279574
2014-10-01,-0.0015376218003889848,-0.004787778634274077,-0.015993265425018877,-0.007359024586255202,0.001274295444494796,0.00011384529438726587,0.0014658087206421986,-0.003852084356192429
2014-10-02,-0.0013794489336904085,-0.0011104604066988326,-3.513616461854906e-19,-0.0016027922752693032,-0.0010280397205485814,-0.001855776637197773,-0.0017200751899475327,-0.0012451286231386755
2014-10-03,0.0016443469867153553,0.006447673916339703,0.009875344740055688,0.008251196177600837,0.0025341879086926834,0.00370093677932057,0.0020469957037923033,0.004915768404167362
2014-10-06,0.004381924547238538,-4.5069461501201524e-05,-0.0021393301492614834,-0.00019983924417740992,0.0015064370990098225,0.0005204149813282657,0.003063082087646798,0.0010012062547798853
2014-10-07,-0.002740681287770532,-0.0069458392688916395,-0.01421679015763055,-0.004042013370148481,-0.0005334269289083767,-0.0016248291426513397,-0.0004974102174794006,-0.0044273032471402836
2014-10-08,0.009735705545870102,0.011834758090636634,0.0194677484864063,0.012676784358455312,0.006567047399409784,0.00863644917630858,0.008026633401588174,0.011020320774893188
2014-10-09,-0.007993137464229381,-0.012552104284893742,-0.016150279139111254,-0.010923226052185939,-0.0073032254716952835,-0.007760869327362408,-0.006635621135063378,-0.009910997893818274
2014-10-10,-0.005067643319663089,-0.005190219021755645,-0.024984307993486138,-0.010145953551016832,-0.0027307196046479055,-0.0028452290463883505,-0.0024022568281041627,-0.00765747818559912
2014-10-13,0.0002032025417846963,-0.0075525742796146034,-0.0156716390901994,-0.0047965503883955,-0.0008641491273303397,-0.0022004907079861053,0.0009836727498359252,-0.004258211814861253
2014-10-14,0.0023069753542563423,0.0017287475363825763,0.0001079710042253315,0.004249303263239666,0.00019022090935056127,0.0016937865348723813,0.0024327036040496944,0.0018198339808272778
2014-10-15,-0.002567954501690172,-0.0016074573926697852,-0.006454068049897336,-0.0016802458942949436,-0.000996456928606409,0.0014466939289116947,-0.0008250591314802353,-0.0018062720895115334
2014-10-16,-0.001683855765093958,-0.001728919619787139,-0.00647900465392364,-0.005570978200889943,-0.0019359418480354156,-0.0026734094157073573,-0.0018853973870722465,-0.0031308790965490743
2014-10-17,0.003340833369561872,0.005927860108893059,-0.0026511004492768384,0.004215972234136065,0.001467008273686482,0.0022881303655199435,0.001761198960429787,0.002571682652142966
2014-10-20,0.005487399823325511,0.006423802191529793,0.005430764042306833,0.010182140100276373,0.003015169553401572,0.004762684404838153,0.004404245768067255,0.00579765561050122
2014-10-21,0.006546497331318024,0.010928615402202661,-0.002490731244794032,0.010149990915622962,0.0041025141455571425,0.005747348654206777,0.004120443691007336,0.006014308426392329
2014-10-22,-0.004073085524831131,-0.004456418376468719,4.936950341625169e-05,-0.002149361911735028,-0.0027964895850303506,-0.002539527032344138,-0.0030344529853396805,-0.0028066747200311574
2014-10-23,0.002813159798789667,0.005465271867598952,-0.004943294554911272,0.004503327173664377,0.0015661097254095983,0.0017513584625664267,0.0013380559345166848,0.0020956605570339446
2014-10-24,0.0019175214403257114,0.005049723560868942,0.0022044547011655486,0.004326824198796738,0.001382424167354649,0.003350642163218299,0.0014765046606910527,0.0029143743129097523
2014-10-27,-0.0003332108876884188,-0.0005085112774612245,0.0006089548368712967,0.0010682688615331441,0.0005474507582909872,0.00022029578737115565,0.0003476635023331004,0.0002971075285585784
2014-10-28,0.005263374670494808,0.005890037163095717,0.015098123569971858,0.006394728957222568,0.0011297858905020385,0.002366316056704904,0.0025006537511522067,0.005308358576719937
2014-10-29,-0.0016549192195952692,-0.00222995399208682,-0.003693613253636706,-0.0013250674822572524,-0.0013642619946239284,-0.0028034350150685037,-0.0015552948059849706,-0.0020328651708159634
2014-10-30,0.000899652175382389,0.0042822321978263096,0.0021043456428850855,0.0024533300090569137,0.0003852609690077384,0.0026749433542773487,0.001103313384822694,0.0019760061409259226
2014-10-31,0.0017269596754783908,0.006272740176508707,0.013796922463489507,0.007122417748332404,0.0016641913729479212,0.002921908757659219,0.0014792878710141713,0.004861937087966601
2014-11-03,-0.0012864078067253842,0.0001853084952132206,0.002958669877784589,0.0017068618061409884,-0.0012665216381442688,4.917705161377008e-05,-0.0009856451611569123,0.0001855806830972158
2014-11-04,-0.0015229874127237592,-0.00214600629529584,-0.003343070841396066,-0.0004183142380174136,-0.0013884282763667014,-0.0012471261271290285,-0.000856534451293342,-0.0014996942477673854
2014-11-05,-0.0029844068942005675,0.0038583922659811963,5.2836976392963626e-05,-0.0007091133131847485,-0.0001518711250794098,0.0013542706934686036,-0.0017711468417372406,-4.0602759124627215e-05
2014-11-06,-0.0026145329087017668,0.001191042332179699,0.003156667154880159,-0.0018652889785064316,-0.001548355393157159,-0.0009536653974922065,-0.002869401265879479,-0.000787382925226945
2014-11-07,0.0068421287943817004,0.003108547995329401,-0.000885036859866735,0.0016134627131870985,0.004994827657759309,0.0044693276309276525,0.006253685574398589,0.0038025292115119467
2014-11-10,-0.0036461722264574696,0.00026657973044384156,0.0035432833758601828,0.002402774227254827,-0.0036494669923900656,-0.0017794218489176987,-0.0035813639789621377,-0.0009669741196453407
2014-11-11,0.002129196092215052,0.0006291981601696257,0.0031384829221430205,0.0005966754316288646,0.0009386544240050764,0.0006387317191692572,0.0011419993597586503,0.0013217093232626243
2014-11-12,-0.0020087972139693887,-0.0008015889314740278,0.0017601076392013062,-0.0014121572691023368,-0.00026526807612981164,-0.0002496480252847634,-0.0015246691276651842,-0.0006276916147429193
2014-11-13,-0.0006363969928377755,0.0013239704158466122,0.0042940489056346705,0.0037496602916188867,-0.0009599890770331766,0.0018593339800758186,-0.00037021334121490647,0.0013211435059430172
2014-11-14,0.005194319985009052,0.000906051410840342,-0.0005475353219576834,-0.00011422923892570513,0.002668519989852996,0.0017928842223816708,0.003362691336548232,0.0019554615534882703
2014-11-17,-0.0025038730676837143,-7.565067052109917e-05,-0.000663782010728065,-0.0006578734545491892,-0.0019211182246552355,-0.001036056167743083,-0.002021947932661416,-0.001312826875104714
2014-11-18,0.003489786041710046,0.003921743363366577,0.0064844215639609515,0.005462653272517299,0.0014541581149362525,0.002794861723181574,0.00254987636622304,0.003754545229134389
2014-11-19,-0.005237901385603202,-0.0020277178449745626,-0.0059281390895191705,-0.006041187670507071,-0.0037223233217857595,-0.002694390091133116,-0.004840118362368578,-0.004335512105511059
2014-11-20,0.004175683599712407,0.0017774176582185815,0.004099012072424784,0.003998785704445601,0.003166789378294929,0.0021272714708424345,0.003696789947073425,0.0033003990997474324
2014-11-21,0.008097521580902515,0.004014758804551342,0.0032746923932458647,0.004904337443847719,0.003211799388351602,0.0026249382265418307,0.006431614680251808,0.004644098343984407
2014-11-24,-0.00022535666031337442,0.0021434565114395706,0.006459791044808866,0.004528940179289675,0.0013732887477186366,0.0022780300905109506,0.0004074160853188189,0.002441084924959642
2014-11-25,0.0009717311174514545,0.0005318198190939492,0.0016041953637056716,0.001679703047023604,0.002310260841001954,0.0017298504025266407,0.0019174186229611928,0.0015447665509630579
2014-11-26,0.0038861789565779676,0.0022168527142357986,0.007804567044876368,0.006825576041917756,0.002553006576044443,0.002453029969434157,0.00358345120172037,0.004180354887686225
2014-11-28,-0.008018752934946192,0.0002823254482518206,0.0037506030585668653,0.0010946107501359763,0.0008146746240542367,0.0028430444293451517,-0.003561639618526803,-0.0003750856367390255
2014-12-01,0.0009592720388184087,-0.005141969932181961,-0.007661639989641608,-0.008565955177498415,-0.0026910897917824025,-0.004390553348467498,-0.0011423420878521667,-0.004098816016598567
2014-12-02,-0.00417608886903688,0.0020670588320803305,0.004928560057265563,0.001207711025279473,-0.004697972865616055,-0.0013703426977917793,-0.004401475952563958,-0.0009149454002451674
2014-12-03,0.0019415375364836454,0.0024679367366185886,0.0006410115328937982,0.0020823721846016455,0.0003812748646033969,0.0012111047001666954,0.0013512045811121974,0.0014344059747620475
2014-12-04,0.0010679854249629967,0.0007397607739153966,0.0008044117809237755,0.0014862238986669458,0.0021358983121513592,0.002149418730410112,0.0018443763592813154,0.0014609525822981354
2014-12-05,-0.004099448301316724,-0.001371817833784087,-0.005183019469177342,-0.0035056530488721885,-0.004385096503745122,-0.0036587159707275295,-0.004235610000253495,-0.0037155535531667597
2014-12-08,-0.0008533111960810037,-0.0026950891679713117,0.006328406459936471,0.0024252745093671746,0.0014201474100613864,0.00017753553086571937,0.0010843588363378253,0.0009373198243537539
2014-12-09,0.003927074823187637,0.0010758219793543737,0.004562109163110062,0.004663959405187607,0.00301479428600113,0.0028002185183263924,0.0031059769425392444,0.0032734765277743294
2014-12-10,-0.005862404960335198,-0.0077697677755108815,-0.0009815882717019262,-0.004953841259776253,-0.00011836975383040999,-0.0017418233178662307,-0.0029030865684493666,-0.003667073179987475
2014-12-11,-0.0007104876633175384,0.0023199458169751355,0.001842801910755027,0.003435256565703855,-0.0007113922751278777,0.00031638736756093677,-0.0005238931151110765,0.0008629589347133432
2014-12-12,-0.004212551878644571,-0.006294297486145066,-0.008707324700458317,-0.0038128281163413405,0.003359863359752166,0.0014025641183713702,-0.0009488013545470046,-0.002813661133687667
2014-12-15,-0.009888498756904352,-0.005544472143262969,-0.012990419599523182,-0.009571801166939918,-0.003726604546466857,-0.00500505595164487,-0.006371181397786661,-0.0075705742687295395
2014-12-16,-0.0012632799715421431,-0.0028474990253210567,-0.00017178061671119235,0.0009633529201026656,4.447406228882013e-05,2.8302468022411287e-05,0.00016798326572596667,-0.0005211027483706244
2014-12-17,0.0074845494406141876,0.008917148913970474,0.019983863081476105,0.00986769649410056,0.000610211842529882,0.0010154970680569574,0.004292717379670497,0.00747344341143127
2014-12-18,0.005773489378157041,0.012678482687820134,0.004745204583082069,0.0009415635511561428,0.002582219675861666,0.0037099093765307085,0.002638900346359047,0.004821564982778401
2014-12-19,0.004774610328120971,0.004032964901596023,0.000748243133945389,0.00559713537456019,0.00312517466134431,0.0038832961083712313,0.004018991825431388,0.003712848175297258
2014-12-22,0.0006278675412884497,0.0028084275121352826,0.015338853940218718,0.008276472474931944,0.0012017526831901728,0.001205537600276989,0.00190857829176676,0.004466357033516448
2014-12-23,-0.004245726753201136,-0.0023929272608827355,-0.004304255842153352,-0.009223992830995616,-0.005979802273388899,-0.005809763522778805,-0.005958725119589619,-0.005379334679727331
2014-12-24,-0.0004992161722274467,0.0003380375622042661,-0.0033082159651523493,0.0003272121691673691,0.0009134434829558922,0.0006143542818359557,0.00038568765867090537,-0.00019345578029063133
2014-12-26,0.004940992155329746,0.0024303664266144354,0.0035127744958326577,0.005711146764932018,0.0017431531779775365,0.002331829796812961,0.0033416461769694124,0.0034150530413919315
2014-12-29,-0.0007155442809018281,0.0021713214872016,0.005487217541825907,0.003037258387059307,0.001815724501703786,0.0025944121170577155,0.0010753701216150106,0.00224409878245945
2014-12-30,0.0007122959081861368,-0.002764934188331478,-0.0007279381538836055,-0.0005548729232240905,-0.0005484157489272591,-0.001022627086077468,0.0005405059226704195,-0.0006274946539283063
2014-12-31,-0.006023132427807544,-0.0054830656438429985,-0.016870606890647864,-0.011028397490714636,-0.0018015736296272383,-0.0023003112358570364,-0.0037512135607154105,-0.006712534028673085
2015-01-02,0.0012044849586337536,0.0017409700180425923,0.015061563316799854,0.008394944023107455,0.002463494490070279,0.003094122252461266,0.002966700214921298,0.004996631217250812
2015-01-05,-0.0018449722232505845,-0.008259080735034913,0.005473270689884581,0.0028298871104641544,-0.0002293475306083966,-0.0008338272693044291,0.0008291400637660044,-0.00024633946871589546
2015-01-06,0.0018017342055301993,-0.0027787187572562216,0.009919074354711075,0.005446678048397372,0.0016088231539869494,0.0014495661504968418,0.0035591069959807864,0.0030668231209636074
2015-01-07,0.005365537520589912,0.0072791067712934705,0.008083521702465643,0.0022414197897807765,0.002510697540123364,0.00364085172191395,0.004116824700097813,0.004939242793058634
2015-01-08,0.004179017506684535,0.009081608538089004,-0.003159782920042042,-0.007466590467185211,0.0013714624448775833,0.0028750332043368998,0.0013469158421234029,0.0014093115368025608
2015-01-09,0.0010926362246738747,-0.002941236351869975,0.004698557442482097,0.007578131205175866,0.0012980962565830088,0.0010159190894978134,0.001994120238728325,0.0019592310465333437
2015-01-12,-0.0020930988804990424,-0.003350287496545678,0.006858675960641223,0.0049313320560835,-0.0008543639681923311,-0.0003452576477576668,-0.00023237481605169696,0.0006981779095437026
2015-01-13,-0.0001380859547025034,-0.0013273512379578867,-0.0009008793630129649,-0.0003507631671171665,7.1791208672072e-05,6.0329649967804104e-05,0.00020756970426076278,-0.0003576020232050165
2015-01-14,0.001584190509430814,-0.0017938272647072488,0.008211993148266615,0.006721682355568977,0.0019404407713928453,0.0013721352952425442,0.002444380240343264,0.0029097014128719907
2015-01-15,0.002646051388382646,-0.0020625108021239116,0.007757822652288064,0.011128839179797784,0.0024953663402430557,0.0026445139101604915,0.00398068581833916,0.003928445699027406
2015-01-16,0.005321586802213376,0.004854439642843481,0.0024305454101443066,0.00026288840301722454,-0.0008832740013635751,-0.0012816442598240978,0.0008713451100711863,0.0015297043145195972
2015-01-20,0.002025830818509271,0.002195745531647156,-0.0018909739772712943,0.0020262965244218227,0.0014590896881119578,0.002931487372382216,0.002010033403876228,0.0016559974957061608
2015-01-21,0.002404055732420275,0.0011735248740049767,-0.003820942019958992,-0.004467840856936293,-0.0007082258650382379,-0.0016793831745107388,0.0003176165618594329,-0.0010292998995263454
2015-01-22,0.007942716787571835,0.008054947078905505,0.011676221187912712,0.009324785210474798,0.0022402229100993596,0.0034235392194030922,0.004904421435749305,0.006681572784130359
2015-01-23,-0.0003099584534194241,-0.000809108717822631,0.0018774812985599906,0.004242571949696544,0.0028289037668024026,0.0036421297485848565,0.0022270338129034262,0.0020478588914131252
2015-01-26,-0.0009862295238711358,0.0005288838715894421,0.005156923654534362,0.0029240676631421885,-0.0006843742773596456,-0.0012450212618010477,-0.0006612222060253408,0.0006526257640277384
2015-01-27,-0.0027805374760626563,-0.007502653677403416,0.0006841855253163194,-0.0017140685330271506,-0.002086840472464159,-0.004806223292927902,-0.0016391122623164826,-0.0028286294029328655
2015-01-28,-0.003046351382455115,-0.004669256619447303,-0.006708806502537855,0.000738434204182742,0.0013073951344539775,0.002218584793818415,0.0007758177292096037,-0.0012116811469410375
2015-01-29,-0.0018331337317944551,0.004064260495300575,0.003520637300307812,0.0005708345372055754,-0.00020932307019431672,0.0003922145743549335,-0.0017834203726921787,0.0006156992626870358
2015-01-30,0.0013722027242482684,-0.0040007436429676,-0.020595321163508092,-0.005938592152625104,0.0042333485702382625,0.0027697481436672303,0.0030048657544144127,-0.0025328220556906974
2015-02-02,0.004113634948296235,0.006834432696460332,-0.0026575000076525255,-0.0015520761797247267,0.003367237515276364,0.002455582016541501,0.0025248792093970195,0.0021566199239237056
2015-02-03,0.003319448083745945,0.005216004147526065,0.008688696846837773,-0.0013771983440834662,-0.0010328455377102389,-0.0020027517052046504,-0.0008283027814161895,0.0015154712000813512
2015-02-04,-0.0030770860653979238,-0.0016356462491739845,-0.004134356561111044,-0.0017925040702409427,-0.0009902873091656005,0.0003013357368209129,-0.0015298308020552053,-0.0017975855231878754
2015-02-05,0.0038012447419994775,0.004601378293706608,0.011993759595261022,0.0038333500398318177,0.0006858846287737298,0.00042871272505873217,0.0012779620260232965,0.003649548983620066
2015-02-06,-0.013071443923027793,-0.006165311372317987,-0.02909249730135224,-0.019150993161648325,-0.008267582150455532,-0.009008785312661442,-0.01279138022986003,-0.013963891086216686
2015-02-09,-0.0003349019277570967,-0.002879167717903684,-0.007042092273196272,-0.004761308585096366,-0.000579920252355332,-0.0015568260925201381,-0.0006399363940058645,-0.0025213008338675724
2015-02-10,-0.0005531043704687153,0.0054046982642101836,0.0031919032926181977,0.005420722364508039,9.432494670271634e-05,0.002139801000908697,-0.0010202841413679978,0.0020180350938490943
2015-02-11,-0.0025875340514005716,0.0002029942903685831,-0.0029460677203958507,-7.815892051659046e-05,-0.00021714891551223166,0.00028923052238955557,-0.001395576927663754,-0.0009595862396791712
2015-02-12,0.007972766846662092,0.005960177488981842,0.011935499915219019,0.009597869622309635,0.004013453195066538,0.0035056876912154694,0.005773707709283134,0.006892865462435214
2015-02-13,0.0019042741550345287,0.0011802341267309433,-0.006656417946403105,-0.0015871604525627778,-0.0009538752308232756,-0.0004596621537600416,-0.0005488012679442826,-0.0010588220408487491
2015-02-17,-0.00488704796709979,-0.0018199126057198303,-0.0024688984485538093,-0.0031890556767791194,-0.0038460544075807493,-0.004422832215701454,-0.005181448891856283,-0.00373570581663782
2015-02-18,0.0017322737676561959,0.001962393283566344,0.009298572189810733,0.005491604215816577,0.0021168917736465558,0.003361312169733408,0.0028760765656868953,0.0038390257630820618
2015-02-19,-0.004183384544857002,-0.0014403493667841485,-0.021485136158866335,-0.009177958152944555,-0.0014041795228649449,-0.0016613599999665417,-0.0038166658565159644,-0.006180038598512297
2015-02-20,0.0025925630295298464,0.0033704291285225475,0.009665902794473193,0.007348866292783554,0.0015035512299664407,0.0015477542843021165,0.0023824610348523035,0.004047617496679363
2015-02-23,0.0014477841282896572,0.001749308108291576,0.008036598932851458,0.005063075383792012,0.0023015714734135224,0.0031519744596539864,0.0027001943142754593,0.0035001679225006113
2015-02-24,0.0026318051724985715,0.004357555623825921,-0.01969722159568424,-0.005187516789125192,0.005247766012912191,0.005320797826905037,0.003654127807667833,-0.0005395113575058638
2015-02-25,0.0021811322348793535,-0.00013694730508413488,0.00023923150372119257,-0.00012052820361469885,0.0013731160837381674,0.00028131246487139965,0.001606196747305752,0.0007737702326584195
2015-02-26,-0.004099303633056234,-0.0030886591615684337,-0.010880918060632069,-0.005306467661857682,-0.0047244248286413834,-0.004109818350780431,-0.005069752876951914,-0.005304541175628254
2015-02-27,0.0026904268935297776,-0.0007751748009091468,0.0032981518458535704,0.0017586370815405633,0.0018334586601253312,0.0011425466813542158,0.002850596209519421,0.0019067707559232067
2015-03-02,-0.0037585588163270164,0.0007877923278083393,-0.005212605173520911,0.0006423705726077238,-0.004725525935785625,-0.0029694323927041554,-0.0049713852913174355,-0.002713586389681617
2015-03-03,-0.002262048571045101,-0.003328218865815166,-0.003815749158318526,-0.003959235096381453,-0.0017001593082414512,-0.0028050376890497437,-0.0021419246151611077,-0.0028255781282647704
2015-03-04,-0.004473965584475952,-0.0022342684168103295,-0.0024882169124065988,-0.004880488354703726,-0.0013802878570925113,-0.0008075679119094701,-0.0030974998939191523,-0.002884997727188733
2015-03-05,5.75434967786735e-06,0.0008813443598055016,0.00039425331493826536,0.0010066382906987268,0.0006949800102044887,0.0007649834237377276,0.0003951172530694474,0.0006343566825790377
2015-03-06,-0.01740245649328583,-0.012529457719106536,-0.01930032421150162,-0.01963892763472878,-0.010990545355161665,-0.011299841747962214,-0.015585412156697665,-0.015490989785308875
2015-03-09,0.0030272918343390407,0.004344962581052606,0.006622704871575887,0.005110155787092246,0.0036968100087293836,0.004421498898981136,0.0037866209417497846,0.004456939166747072
2015-03-10,-0.006377736907782588,-0.008098806495684046,0.00029303938943454325,-0.0033551284636405944,-0.0027269793458765015,-0.0025873524036586324,-0.0032261217950803117,-0.00378758401179921
2015-03-11,0.001536064583725372,-0.0006708222415492428,0.0021172311492355573,0.0005168660667142485,0.0015361072477518456,5.995709196565647e-05,0.0022909397227218456,0.0010483028318845527
2015-03-12,0.0041096270213719244,0.007933712354401285,0.0021483714203161296,0.0061180094037647775,0.0018554827647242595,0.0038016355648083757,0.0033351191558582964,0.004264227637275014
2015-03-13,-0.005451435427412119,-0.004264555653426939,-0.003573159527955066,-0.003158509878889024,-0.0038934131851714976,-0.0027154882326230513,-0.004322712369203005,-0.003912411468587018
2015-03-16,0.006774230345339966,0.009363228488670336,0.010921697460652163,0.01116921927571775,0.004658853412854011,0.006490650939220162,0.005893356880832809,0.00790140224019618
2015-03-17,0.0010862429714034753,-0.0009511488200821734,0.005642530075044447,0.003596646586675256,0.0008417444938545345,0.0010703630934606639,0.0016371640519797727,0.0018177627332369283
2015-03-18,0.017445531781371443,0.011802598895210004,0.01557446630587417,0.01565961116645709,0.012532242759209717,0.01136502303487109,0.01572201211055648,0.014323920761060914
2015-03-19,-0.005941147652484223,-0.00468502807170455,-0.00315034902744613,-0.002065136610673593,-0.004807534516049482,-0.0037149775491908507,-0.005504342316270218,-0.0042554563103322325
2015-03-20,0.010264976658318959,0.006928013306520356,0.013915264982000686,0.01051479603961587,0.005106587782149548,0.005125242851841686,0.008379728636574695,0.008490817655075002
2015-03-23,0.002007555771581701,-0.0006562876740644161,-0.0012375827077167022,-0.0014423850536061824,0.0015018502185785336,0.0003072640140178225,0.001544616058325031,0.0002798186564262298
2015-03-24,-0.0005978648213051303,-0.0021574043117552994,0.0016521887355433885,0.0011755753446946807,0.0001579142802840826,0.0007503818744616876,0.0002928058515602683,0.00020475942782967603
2015-03-25,-0.009147707267736593,-0.010502866338141896,-0.01228908984527161,-0.014901398362271827,-0.007060852538937579,-0.008823129392630087,-0.008195411754236782,-0.010179361363959267
2015-03-26,-0.003194100801336748,-0.0036955392891261894,-0.011089114770533693,-0.009453697439176923,-0.004012327892574985,-0.004830279123107413,-0.004708590900461139,-0.005839504394886615
2015-03-27,0.0006982613495617562,0.002939365604529086,0.007578417943464383,0.007183925348873496,0.0021827666480434436,0.003699528056772424,0.0023132026037458123,0.0038057697998818895
2015-03-30,0.005224263944206005,0.007199442729699788,0.009542053084347567,0.004781742988770135,0.0026674732664934107,0.0033683370000888806,0.004273502962620078,0.005209126734083159
2015-03-31,-0.004052082180297217,-0.004241058389088794,-0.006376097484207124,-0.004560760526296425,-0.0008613205836936868,-0.0014828354691713576,-0.002169483084818726,-0.003343245746991146
2015-04-01,0.006451873697241148,-0.00021981533923927225,0.0017688993108570254,0.003823738876568035,0.003270020078802739,0.0017070219360608874,0.00520563029428389,0.0032173838747437417
2015-04-02,0.00045210179015201695,0.001006359185719041,0.0029255272852101977,-0.0026864401547515397,-0.0020801904527056013,-0.0017817504227416747,-0.00023688964561894142,-0.0004177190732353747
2015-04-06,0.006715174430141838,0.004555234398178071,0.0065361513296109276,0.0026199222540694454,0.0032263974091287645,0.0033918947291050458,0.00474593184324359,0.004468295820601356
2015-04-07,-0.0016096249781861424,-0.0012597143479756556,-0.010764397550499,-0.001183363968478644,0.0012075990147569452,5.5027279982744915e-05,-0.0006321725740261166,-0.0019157283473032795
2015-04-08,0.0009491890410019336,0.0016588616872824636,0.0016051023647450477,0.003007364304755905,-0.00023061582831967933,0.0017884964172873523,0.000990719636975479,0.0013713787498604033
2015-04-09,-0.0033520131448135713,0.0009218248545554095,-0.0006935457138582283,-0.0035124678259703794,-0.002231016948509711,-0.0009951311923475183,-0.004105972603053796,-0.002306456486987927
2015-04-10,0.0037739024506322737,0.0031749932430863307,0.003172835973541402,0.0023933858946203757,0.0015163881705381847,0.0010743670987576363,0.002455060434160442,0.002458258398763652
2015-04-13,-0.0027042765973343363,-0.001921755096800377,-0.0011362053404594956,-0.0012577058442341808,0.00029408485483535106,0.0006289706196560672,-0.0014603080440765324,-0.0010827354897987899
2015-04-14,0.0019780534526728875,0.00232795778327641,0.0006319526820334654,0.0021286093247511293,0.0018182156224642305,0.0011521271677024144,0.0024209487702489983,0.0018430595806412217
2015-04-15,0.004416506727926757,0.0029190241291794897,0.003734507000369301,0.002338400864573622,0.002767313446547405,0.0023046381036114605,0.002638448771981609,0.002860638231204709
2015-04-16,0.0012791603470857942,0.00012100729632269792,-0.0026574742497920615,-0.0017407934603181257,0.0006461475316547691,7.960903923660433e-05,0.00072631823035539,-0.0001811566154127438
2015-04-17,-0.00343634610663454,-0.006123628333866952,-0.00606203277050246,-0.0042435721294398635,-0.0013734724705141781,-0.0034098145599578637,-0.001722205707507976,-0.003652964705342459
2015-04-20,-5.7653112155538815e-05,0.004738993010845949,0.007837563583595107,0.0013553768619508073,0.0010163933117934999,0.0033170971044406377,-0.0004015819506828066,0.0025330303300917776
2015-04-21,0.0002580977522359533,-0.0015579988437533902,0.0016759847194928248,0.00021946069145493854,-0.0008079620682480422,-0.00013260767077035536,-0.00022454710833709588,-8.527314155848167e-05
2015-04-22,-0.0015554094925371448,0.000657354128926689,-0.0006216113352642541,-0.0036048028704470784,-0.003294783692640047,-0.002294681046938451,-0.0028370437587516856,-0.0019395240403056204
2015-04-23,0.00509479873474618,0.0027300716504161,0.003927640024939159,0.004205966075344454,0.0036204814390969463,0.0032827078935786956,0.00416266481131699,0.003859092549680132
2015-04-24,0.0021156950817093636,0.0027900700348832187,0.01144940700248318,0.008150437640761943,0.004853556757781963,0.006670059402173131,0.002784460202310592,0.0055433470537799515
2015-04-27,0.0014569991172947176,-0.0031337508145444994,-0.0018042430956026472,-0.0007138130858116298,-0.001486652817359057,-0.0018708630810020167,0.00018631662391409656,-0.001056210768655037
2015-04-28,-0.0014193498699487668,9.726046537425156e-05,-0.005395583763500017,-0.00680225217861966,-0.004025239610760552,-0.003784026723574727,-0.002977871364992337,-0.0034793448688863926
2015-04-29,-0.007576995062950335,-0.004011327731188949,-0.006331318848590825,-0.010026036956370176,-0.004624461302137483,-0.004551965739741396,-0.007622001382505776,-0.00643254686694098
2015-04-30,-0.007162781448468868,-0.006122970580136072,-0.015729083926185303,-0.011167559645791853,-0.002441947735429092,-0.005007786212155272,-0.005103912121589931,-0.007424406449795662
2015-05-01,0.0009103329643579401,0.004278314231129977,0.013193274367215367,0.004133182122228051,-0.0018073150694387472,0.00018296486493452752,-0.0008155905998418337,0.0026950841946647907
2015-05-04,0.0005545748827021439,0.0008910966415596437,0.0016506613131430517,-0.0007097915574636604,-0.0015246067544917297,-0.0009227538334652507,-0.000663026472201617,-0.00017399389831572693
2015-05-05,-0.005968469109680446,-0.007572467689586717,-0.01629612962559322,-0.01175171576400277,-0.003827317071932052,-0.006180574534588716,-0.005452932775994344,-0.008074023698544564
2015-05-06,-0.005747094031909848,-0.0044250212323573,-0.006886588038379505,-0.009268458811090384,-0.0048412485440920885,-0.00549616829807878,-0.005774002188217719,-0.006123467433259229
2015-05-07,0.002234780614170234,0.004094166686377172,0.005997302332154908,0.00776258524365402,0.0033197936364082552,0.004781904748487649,0.0037956226723153312,0.004615194774487595
2015-05-08,0.008293440642704883,0.009395525868814727,0.012435812016045324,0.010803018813031211,0.005859607196797732,0.006689500059301296,0.007421995699649992,0.008675588577991306
2015-05-11,-0.009518659969974698,-0.006787855746145646,-0.003864376015496502,-0.00833548801890479,-0.008416401202330889,-0.008261503512904944,-0.01010726267802179,-0.007941858864673799
2015-05-12,0.001449221301898397,-0.0015049525450575377,-0.004525545903397817,-0.002809734125760794,0.0002423067659754291,-0.0004140114582145513,0.0005926670356041516,-0.000987266845329368
2015-05-13,0.0004031940436045485,-0.00041150964109730454,0.0020411447232266903,-0.00038568235291683945,-0.0005340693759559139,-0.0008521547618592087,-0.0006938713019687204,-7.044058233967821e-05
2015-05-14,0.00836019266179477,0.007640193977336334,0.014629493029713057,0.012652329099977667,0.00545330155560589,0.005597910331775617,0.007108852547898026,0.008778593842227529
2015-05-15,0.006101236860189935,0.0034913055796316314,5.725382407254707e-18,0.004322511521338817,0.005253849421558244,0.005263630104195699,0.0067752300303795055,0.0044939526377438315
2015-05-18,-0.004314357906467593,-0.0008035873949477498,0.004380247364308637,-0.00027839147555777747,-0.004635281756361833,-0.0036704961819515043,-0.0053339453910315375,-0.002132987551113186
2015-05-19,-0.006358795909116428,-0.0020010834596022264,-0.0011207503287474735,-0.0017175328796345324,-0.005377322211814476,-0.003529389249353454,-0.005416625429847032,-0.003652282893945611
2015-05-20,0.0003172909355387449,0.0004463742425417057,0.0006365137287609463,0.0004138820329005075,0.0012918497565140685,0.0011649027736848807,0.0007258680272292798,0.0007194215045149633
2015-05-21,0.0036996648641854342,0.004128953574288587,0.005181669520180295,0.0034004337642606374,0.005990144584157003,0.0044586936025349175,0.004241452494280132,0.004483790464404395
2015-05-22,-0.0017274755930456532,-0.0023353722494120015,-0.0009945430519791017,-0.0006351461823046166,-0.0025275712449459144,-0.002229254477409644,-0.001482615009521243,-0.0017027927003405608
2015-05-26,-0.005721176148507114,-0.003956334104824344,-0.01149663767528894,-0.010446920090959341,0.0006612186633398066,-0.0005908913662414754,-0.0018730523140981742,-0.00470510287648332
2015-05-27,0.0027866449760034417,0.005424769701944722,0.01611727537777695,0.013174549262552782,0.0013137987841977874,0.0028540676607955212,0.002596500829258189,0.006307003582657086
2015-05-28,-0.0017838712701737538,-0.00029745885033289775,-0.0022532089483134894,-0.003007731828799649,0.00019295959165262152,0.0002445843659592597,-0.001607729133924051,-0.0012135532269594825
2015-05-29,-0.0019165210682871039,-0.0035501178904596147,-0.006007673269500777,-0.0038824343433813244,-0.000447277844312487,-0.0017923304459650567,-0.0017045897829605253,-0.002782366555215327
2015-06-01,-0.0011497241748098317,-0.0005530580605745826,0.003362055866554344,-0.0009338076805656313,-0.0028779603898929887,-0.002043644164935551,-0.0021688958117457077,-0.0008618823801670861
2015-06-02,-0.002157096011971979,-0.003381145812457633,-0.0031700092896986888,-0.006152972299111255,-0.004710982264745724,-0.004378014361617388,-0.003934820698981034,-0.003947281715224343
2015-06-03,-0.00720781815329654,-0.0018063774314372705,0.002998282576633238,-0.003728161500038762,-0.005868038138811546,-0.004630680689299044,-0.007214035445744231,-0.003884992659880395
2015-06-04,-0.0029914420513794003,-0.003172363578676606,-0.0076087408499132345,-0.0017523639587283756,0.0013016551674113965,-0.00031833712228710836,-0.0003482306456589186,-0.002196742013497594
2015-06-05,-0.004956752369498771,-0.003914019432811982,-0.002372988216515888,-0.005688557563096232,-0.005191316841706074,-0.005245218919245682,-0.005613089526551365,-0.004684465412006379
2015-06-08,-0.0016962202278308033,-0.003131565233581066,-0.010155377972883226,-0.00652083583192805,-0.0010872601796888173,-0.0010941240933159473,-0.0013290854913491788,-0.003594958597449315
2015-06-09,-0.0014478552313646306,-0.0014385237391611146,-0.001715229827810032,-0.004532708529643203,-0.0019694247485279267,-0.0018572188650465545,-0.0027087751020312798,-0.00222782180295131
2015-06-10,0.004947557254723995,0.00567220972020057,0.013702300011668712,0.004119862354897941,0.0007744269587035865,0.002619608493284106,0.0025462547024276906,0.004945462079887891
2015-06-11,0.003262392016269677,0.005072755258316698,0.001461560106432287,0.009124595117071895,0.005951988294064955,0.005446694528582482,0.0053854465625586285,0.0050579342697350425
2015-06-12,-0.0032891943496459663,-0.004846559141586698,-0.008208143681622362,-0.003947439771233225,-0.0031509674965016373,-0.003133589344243477,-0.002618796087229611,-0.004187855035454184
2015-06-15,-0.0024636209068524205,-0.0016260174260532207,-0.004965340150373751,-0.0020418205978955527,-0.0003361509441599075,9.200180596593741e-05,-0.0015646878135641556,-0.0018551471730643436
2015-06-16,0.003625469720233998,0.004797489760649477,0.005452334477644036,0.006245942179787731,0.0037810333750168804,0.003963106565667475,0.0038131283894373073,0.004522701903848391
2015-06-17,0.0021189999572985814,0.0011989171455576634,0.0027571949482754167,-0.0006606219590912955,0.0008527232920924136,0.0011919982783495577,0.001444462243270067,0.0012851762433185579
2015-06-18,0.005919628262823219,0.00591769506609277,0.014555764822375424,0.006913195437325321,0.001924453932362936,0.004459435786986342,0.003898059648168064,0.006223963915110395
2015-06-19,-0.0014838336408973451,-0.0005599239832481287,-0.004943818340577771,0.0011568161502872511,0.0021752267500376706,0.0011027848138992818,0.0006556395582348719,-0.0002696111268900047
2015-06-22,-0.003296653819401909,-0.00028852136763068666,0.007370793502524886,-0.0056302395178205586,-0.004252824564994514,-0.0037223629266762183,-0.00475450808043672,-0.002077445737710134
2015-06-23,-0.0002923094858805074,-0.0007824375229371953,0.0008132170587531528,-0.002784919289300932,-0.001090787208666272,-0.0019168685506750546,-0.0012190040725823163,-0.0010363730401274577
2015-06-24,-0.002273255804666161,-0.003217316162732578,-0.005145169905524268,-0.0002882661817780597,0.00010609653782197144,-0.0013311623106597012,-0.0007050929550990752,-0.0018387257738788204
2015-06-25,-0.002925398876910775,-0.0028173236455877673,-0.0019958793780484605,-0.003654212374694542,-0.0020915767990599132,-0.0026002303432728145,-0.002883490345177886,-0.0027040424505820494
2015-06-26,-0.0027086854758474003,-0.0020178758601045906,-0.006636423714685089,-0.0061414716974382624,-0.003649380283728204,-0.0026033354281365215,-0.003474284777152159,-0.003906462508933618
2015-06-29,-0.0039856620631565495,-0.007960947165692357,-0.023639723656385496,-0.010100852467963902,0.002029404528288983,-0.0018386648262399298,-0.00021017608211269033,-0.006432543936720037
2015-06-30,0.0025758211610579615,0.00011600670418457641,0.00356156749264168,0.000305568085278714,6.210820975605645e-05,-0.0012273423451686042,0.000814603770356728,0.0008640644410984352
2015-07-01,-0.0007853644291185024,0.002629733142565248,0.007938642975644708,0.004166386669716151,-0.002029544891658356,4.059830285478767e-05,-0.0013157946185202054,0.001442034603225437
2015-07-02,0.0015239419146149521,0.000885387741138395,0.00027785083033893764,0.0013910363086224585,0.0023932034046207427,0.001286082403688442,0.0022532552307397637,0.001438527843504569
2015-07-06,-0.0029847060569764237,0.0011660151920544226,-0.002315852611937653,0.0035600991023427655,0.0017342579196663879,0.002810449242217879,0.0002960378339405003,0.0006439042282866912
2015-07-07,0.001035807552468088,0.004810246840649901,0.0025069940443636185,0.005799088230923422,0.0031483808786590367,0.002689361731790769,0.0024206336492348718,0.0032065898666927195
2015-07-08,-0.006437947974283496,-0.008350065021149515,-0.017412192853588936,-0.008328377693699393,-0.002048387603673628,-0.004138298217027734,-0.0040074212972244765,-0.007184693448398706
2015-07-09,-0.0004243336719975786,-0.0017607735879353863,-0.004372087466034377,-0.008710086174164973,-0.004014009208130898,-0.0026422079007904597,-0.0028306219278289657,-0.003451121566736523
2015-07-10,0.004343569013411973,0.004824830158063508,0.009272186614367428,0.0018252681052788936,-0.0013072493114088114,0.0015976513036466435,0.0012047842392108538,0.0032296511248355803
2015-07-13,0.002856513187710966,0.005644717309632563,0.013670719010420178,0.005789584451483295,0.001463374278579128,0.0026291329754946735,0.001622498033621155,0.004903125387100208
2015-07-14,0.001826313678635734,0.003879596321925199,0.0059645684775332915,0.00422893318915891,0.002624074353214437,0.003103080891587393,0.002137439320142433,0.0034167871666710885
2015-07-15,-0.0010927246554551012,0.0012862687924477861,0.0028427452382364686,0.0045991347268050506,0.0017249991430330432,0.0012561144370516432,0.0006042523443267554,0.0015649162265625638
2015-07-16,0.004823389656377582,0.004740590918232072,0.012789349275721661,0.009704499458064004,0.0024596511560313287,0.002691531597651647,0.004099305642759439,0.005943211264800946
2015-07-17,0.00022193275948803875,0.00055498718908062,0.012970032653239073,0.006511316368205031,0.0013249819344511994,-0.0005876712700268528,0.0006264971092945264,0.003179260908542179
2015-07-20,-0.0059396625481265035,-0.000531068511541828,0.0033911399661575984,0.0006366096234598754,-0.0020950219207984556,-0.003612438852543005,-0.0038704105318278265,-0.0017359503995077233
2015-07-21,0.0004731945837360828,-0.0012681513482218558,-0.0006140669641982999,0.0010589098924142911,0.0013490706098291598,-0.0005033059221291635,0.0007963972833601683,0.00019599240263651918
2015-07-22,-0.0037675299251615823,-0.0005793202617599888,-0.011324543281959637,-0.003734014414364303,-0.001096087600255481,-0.0006315223096777713,-0.002097049179507838,-0.003252920116687529
2015-07-23,-0.002733264057844704,-0.0017273564025000099,-0.0037295543452335986,0.00048388353208713905,0.0009642530835331238,-0.0006252161232834117,-0.0011303000102500683,-0.0011795889929050298
2015-07-24,-0.002805834486807824,-0.0057983833523878895,-0.009803804541086519,-0.0040356539147599945,-0.0025001356716835,-0.002657218650855411,-0.002178020825164852,-0.004201206815660297
2015-07-27,-0.0049713004635838845,-0.002104919502525616,-0.008280887908349925,-0.0025087285011701163,-0.0011011654144986263,-0.0010677141183681568,-0.002741339134955686,-0.0031895882273779903
2015-07-28,0.0032362413766735647,0.006102803085991988,0.008622260213225093,0.0023022977777542955,0.0014990187902263047,0.0035068546344912367,0.0020026745668298997,0.0038284020912476686
2015-07-29,0.0028158473550518133,0.0035383037987455467,0.0037572729386747116,0.0027754501138599337,0.0006619902758422825,0.0021502563864709175,0.0018871764715307198,0.0024904477374167607
2015-07-30,-0.001445816778656704,0.0005949253727397738,0.004750887989086905,0.003066011201255187,0.0008451867872266791,-0.0002136278106467382,-0.00042014082683224275,0.0010487750212204523
2015-07-31,0.0030049226068904217,0.0014197578026632325,-0.001159774223536398,0.0028611190028600547,0.0028644035115514064,0.002958479721076505,0.0038202967342409223,0.002256055605184595
2015-08-03,-0.002799325337141196,-0.0008045381033443756,-0.0031263786602484986,0.002089972058595179,0.00028524385906799796,-0.0006208085141761708,-0.0006093127719974368,-0.0007774497119860793
2015-08-04,-0.0020524608953673687,-0.0032409952348506684,-0.001881636054398814,-0.004515798916631871,-0.003787177480086659,-0.0031630560461116107,-0.003279428502681685,-0.003140676131410304
2015-08-05,-0.002012229124544047,0.00042528712619975886,0.007720641962799268,0.0009486325573957342,-0.0018356440213696014,-0.0009985406757047378,-0.0022089597717073785,0.0002825920894961951
2015-08-06,-0.0015178929633343822,-0.003522821128588347,-0.0160359977506928,-0.006462912317031301,-0.000565728234903617,-0.0010680987796968591,-0.0008841532542807447,-0.004286930805294587
2015-08-07,0.0020990854581413036,0.0004075717278424792,-0.00129239607096589,0.003201778542083487,0.0015560125367723753,0.001447596590329167,0.0028095508288609196,0.0014675317203696188
2015-08-10,0.005373681106232637,0.005882421998588549,0.011422517894408702,0.0026343950627614743,0.002535199510132151,0.0039665762438955,0.0023346741924233725,0.004846910251223523
2015-08-11,-0.0021483579698992833,-0.002812581508535703,-0.012817385417580552,-0.0019944888093658165,-9.3946112872612e-05,0.00020438382892464825,0.0008911467190347456,-0.0026791833016014525
2015-08-12,-0.00044482539314729476,0.00056702787768391,0.0034503077173668583,0.0011641037964376833,-0.000249637270879239,0.0017380569568934633,-0.0003676974657693592,0.00083303355086535
2015-08-13,-0.0028517929001573342,-0.0017981714610774931,-0.0016284846729447443,-0.0015014625176777447,-0.002490904708277057,-0.0026694158351746925,-0.0030068398449706697,-0.0022737167460433034
2015-08-14,0.0008612619234213658,0.0017696160347831142,0.0015405553192056034,0.002449552164202772,0.0005155303286823191,0.0009172612120218247,0.0005203337314860111,0.0012289255438816219
2015-08-17,0.002242148163597355,0.004070028174472592,0.008325324209602846,0.007360046420689952,0.0030429214202039906,0.003384547979909378,0.002213824195746438,0.004388275974153111
2015-08-18,-0.003888245062445838,-0.0023998615266768862,-0.0052114428465813165,-0.0029783033000936624,-0.00277099631473107,-0.0019926270650764467,-0.003293205929137762,-0.0032353644134327365
2015-08-19,-0.0010691117380392115,-0.0022927961639407227,-0.00615157851117734,-0.0027644985566040088,0.0004994262565840152,0.0012965863109463964,0.0011739893432133708,-0.0013257913322412315
2015-08-20,-0.004132777021625668,-0.011356754942752617,-0.02668295260064868,-0.013367675965950702,-0.005254617137015776,-0.005049835653970969,-0.0007431336922736367,-0.009516472527439533
2015-08-21,-0.013647454827315612,-0.01613554312478834,-0.04240852187964498,-0.02536619000654938,-0.008726935988784386,-0.008964977721154583,-0.0075552912876424485,-0.017451553300771413
2015-08-24,-0.021859309676269634,-0.023815605124429415,-0.03736665164308433,-0.03175533328954048,-0.01381539832600382,-0.01568443794696521,-0.015158463289664637,-0.022585873007728234
2015-08-25,-0.007413252978861285,-0.009068404789937121,-0.004129580832171035,-0.012914218538919785,-0.006515974845791326,-0.008547229627184605,-0.007527691559735532,-0.00801196977483663
2015-08-26,0.010165135053087073,0.01922569150374933,0.04828281173254723,0.0273708309586044,0.008246182313232042,0.009413503890703426,0.0038284330507878865,0.01766802801893644
2015-08-27,0.016669410820490317,0.01447726306348789,0.009316592179528712,0.015312225001523237,0.006114926026968963,0.0069986837330223576,0.011949466954828517,0.011834838696043735
2015-08-28,0.0028402393420156906,0.00010408735946409092,0.0018067901239222008,0.0009080519410468208,0.002052623306586104,0.0010582608870911038,0.0017930967540316432,0.0014904622827676666
2015-08-31,-0.0030003163444594174,-0.005561312665142684,-0.009398864595690974,-0.010524094558982485,-0.0015607340762627802,-0.0034857296366983827,-0.004111293298127974,-0.0054497117339534175
2015-09-01,-0.014835479541236058,-0.016263293467364628,-0.00673704699958602,-0.016198176384500784,-0.004001750546578988,-0.006042595986832415,-0.009546139632006373,-0.01094071630269235
2015-09-02,0.006833477331428896,0.01021589963813659,0.00441035557709502,0.013211170055786422,0.002856145703830024,0.003712613637184755,0.0049835887278360195,0.006926466471304395
2015-09-03,0.0015654902582173755,0.001405425776319296,0.0013351900442851547,-0.001038893707626533,0.0018743945132207527,0.000716335587552899,0.002004980303188587,0.0010578307885231338
2015-09-04,-0.008550648715478617,-0.007859796994647422,0.0015666824204346916,-0.004684231467459347,-0.0006278420036852269,-0.0029242367495020795,-0.0055041845292474155,-0.004376885008234313
2015-09-08,0.009231374273124177,0.013234316168855056,-0.008132571019715791,0.0043631636905727324,0.0012657417074866384,0.0028191838292578745,0.005535311950923446,0.0043452841734691
2015-09-09,-0.0067159294064246065,-0.007968918735459228,0.0022025336001263362,-0.003789063143254032,-0.0026092150977289575,-0.003802815521230112,-0.004451931046081937,-0.004004906867103973
2015-09-10,0.0032498393872192905,0.0023922416702186985,-0.003935009880657067,0.0009323189860839086,0.00021970619919638472,0.00039388554291788346,0.0015755656741612404,0.000816687220466083
2015-09-11,0.0043897024303486635,0.0037907379773741362,0.006174627750019204,0.00669543203602641,0.0026566551810144673,0.0027290711668999422,0.004204515480110524,0.004364488532036338
2015-09-14,-0.0019204418577377527,-0.0018788399825207802,0.0008202267593814867,-9.999478004827629e-05,-0.0007882762268518296,-9.90939862762152e-05,-0.0010229238216399234,-0.0007578313103906837
2015-09-15,0.0012005880291968717,0.004448995915926441,-0.014170162727750405,-0.003042286517746868,-0.003812849678606651,-0.002847125828933491,-0.0011277172805816368,-0.0025430685718970335
2015-09-16,0.00867471704526171,0.005173638747273649,-0.0022150588182285906,0.002458621109417627,0.0022542254117455685,0.0027505785304268726,0.005897019288045954,0.003657211027668566
2015-09-17,0.004347700045007223,0.0019138253862437929,0.006093079025375118,0.0071051325447101,0.005691910545754158,0.0063358970176874314,0.0058304398458698834,0.005375570495650711
2015-09-18,-0.0038687212001163925,-0.007877194580789844,0.00033741335279326287,-0.0002155277469146169,4.931393562460562e-05,0.0003753835449967864,-0.0013593344350755188,-0.0016616308496985245
2015-09-21,-0.0008748815671337632,0.0007412995465384824,-0.00656656927760353,-0.0033389914506326565,-0.002924373431774702,-0.0035515355778813467,-0.002185595690709638,-0.0027672513031892334
2015-09-22,-0.005336671332816696,-0.00570875137186195,-0.000688714300100494,-0.003450367751495049,0.0012120782777485985,-0.0004572716726625872,-0.002449841829968529,-0.0022693414787353923
2015-09-23,-0.0017299927426414744,-0.0014026244683022757,0.00034211929864790084,0.0015945060651327626,-0.0014896915759481013,-0.00045439055894498865,-0.0009887265904564202,-0.000604578197314748
2015-09-24,0.0016880737999792382,-0.001522909781315597,0.0015977711717846761,-0.00041053343417204086,0.0009854685075479852,0.00209151254918799,0.0008851387461400366,0.0008209246895732515
2015-09-25,-0.0024125235922406955,-0.0012260381225431478,-0.008562835986456942,-0.005964527981311215,-0.0022691850788818567,-0.003503170402776815,-0.002654890353581589,-0.0037933915737218245
2015-09-28,-0.010370699587531618,-0.012882436371197271,-0.004636432931435299,-0.012702647168276066,-0.0011162749828279315,-0.0036477716075409613,-0.006399745412010673,-0.007299206932804064
2015-09-29,0.002343171152605367,0.001749681798587952,0.007961800125610518,0.0012236679360862186,0.0027217753445499234,0.00135613500009398,0.0023876371879795787,0.0026998036760722535
2015-09-30,0.007924032437686643,0.011117508949557556,0.0043384071109940645,0.009241394270666937,0.0038472051310712114,0.004000584222090285,0.005849782300632106,0.006640941412078077
2015-10-01,0.0016276091981162707,0.0018711230181955617,0.004683335211070771,0.003907495925510612,0.0006319483951034146,0.0012858529561430789,0.0015718478364721454,0.002225476254297915
2015-10-02,0.01213650800981874,0.01085874580148147,0.006841523221683572,0.0121654638945235,0.006717210508806983,0.008915711272634836,0.009754381023053139,0.009659965218869913
2015-10-05,0.006695973732047002,0.008439436879017884,0.006531347243778423,0.006773578249375725,-0.0006628584006866313,-0.00030274802209259667,0.00363139353942795,0.004281304310468999
2015-10-06,0.0027792609722347827,-0.0012639947178085793,-0.00010827287927023638,-0.0005504898941317836,0.0023561952708807225,0.001271109514876181,0.0019048645846736795,0.0009172180425573485
2015-10-07,0.005156996695132634,0.0038867629003232003,0.007970343968325999,0.004606062032076719,-0.0007454761801200153,-0.0002564802065699132,0.00375883619720921,0.003455297526386253
2015-10-08,0.0018895343597544413,0.004405281606458303,0.004511739411096635,0.0014445024805427578,-0.000676308478459979,-0.0008074323704653787,0.00043916404673994435,0.0015769315755736319
2015-10-09,0.0034278606423863043,0.0005815870587337465,-0.0006646539795051518,0.003211532253741757,0.0011601712130290495,0.002473430106190562,0.0022731851268351106,0.0017903483568535935
2015-10-12,0.0006357967534981219,0.001894017776592569,0.007208518157592108,0.005240800956218255,0.0016786792960584306,0.0030487270686690043,0.002202137827438906,0.0031254122792350966
2015-10-13,-0.004101216317532599,-0.0034450525030204227,-0.005607617433964258,-0.003815202931759288,-0.000847777960169424,-0.0004320260245558319,-0.002845876925126974,-0.0030082761516649656
2015-10-14,0.0035560335881177157,-0.0007203251462197116,-0.0037125484397468223,0.0009373754756531114,0.0038177913217885854,0.004597462521442792,0.0033471484324861583,0.0017113243937156497
2015-10-15,0.006010217035831582,0.007859320227782008,0.009301560368421752,0.0083208772435804,-0.00018431778831406087,0.0009805137086779908,0.004019001892058395,0.005168121974006472
2015-10-16,0.0010200989513276502,0.0022452417361397492,0.004029537653589811,0.0034523373812186627,9.403942938709245e-05,-0.0003421928405685224,0.0009493983829372594,0.0016523920656873199
2015-10-19,-0.0017169652769948615,0.00011100248527333277,0.005734194085390775,0.004704196121189743,-0.0010313022000289426,0.000153149547499596,-0.0002754556057041653,0.001167917584598614
2015-10-20,-0.00115221150229062,-0.002134398907022647,-0.005149886802756075,-0.004352093019196708,-0.002946624114470637,-0.002598618815644395,-0.0018854969531348343,-0.0028223960569376256
2015-10-21,-0.003286129309990085,-0.0023665790439145505,-0.006101067397095149,-0.0006646378244625369,0.0010523353312278318,0.00010313420786911217,-0.0007238943680076095,-0.001655581273895352
2015-10-22,0.00826648789447364,0.010539355074661635,0.02036861028297809,0.011950452904032394,0.004322995793272247,0.005059196095946081,0.006562007932967765,0.009375002634005852
2015-10-23,0.0011175751481269287,0.00437744699896406,0.027982869772428025,0.008499356940804356,-0.0008733453960370113,0.000987107497276029,-0.0003091015497513572,0.005430346842709981
2015-10-26,-0.0003807445023178335,-0.00046993077738530687,0.000620630149842594,0.00224185573391967,0.0016039389108056547,0.0015485744681023076,0.0006297091257908218,0.0008296254810514223
2015-10-27,-0.0010356386867526846,-0.00021051952268210392,0.002016323370524849,0.0017565516703005738,0.0014002893678688193,0.0019454000045435623,-4.1737571639985575e-05,0.0008284251132337412
2015-10-28,0.0005155386442575376,0.004733514674965274,0.007474703952212559,-0.0002796851282584771,-0.0009897348935232007,-0.002028005006272226,-0.0008228309009245206,0.001281924347777966
2015-10-29,-0.006362897837769936,-0.002784787005047105,-0.0025409018765902443,-0.009410293428173969,-0.005347659399432966,-0.005281306185146861,-0.006188714694599833,-0.0053477302373221266
2015-10-30,0.0002026974142558674,-0.0018259602340618712,-0.003682888380596368,0.001600696411088796,0.0015139229523964941,-4.6215545417677985e-05,0.00034039937639567555,-0.0003491269649389097
2015-11-02,0.004484706560929927,0.005989294432916383,0.010229734419966665,0.0026326297299234898,-0.00071025020956543,0.00017613858301397027,0.002807081731221992,0.00378405378197413
2015-11-03,0.0002675096426150189,0.0007229920735316181,0.002718390316240405,-0.004260294176619966,0.00013198585036938324,-0.0023040869776438004,-0.0008523236312794941,-0.000490501019793119
2015-11-04,-0.004784158935803353,-0.0022490939994470067,0.00015668682389615804,-0.00037539290027854686,-0.0022649618434308193,-0.0017977025799936022,-0.0031748524574274147,-0.002071823811138975
2015-11-05,-0.0013946881048522563,-0.0009103840832509692,-0.0027430502182930762,-0.0010813053279209455,-0.0013995218859769356,-0.0012381628192388832,-0.0008638380721156843,-0.0013871236474777438
2015-11-06,-0.010392538263454857,-0.003029083589922367,0.0006975427471409239,-0.010982197878447704,-0.005519821881567004,-0.005862943214025599,-0.009576825604798837,-0.0063887359503981426
2015-11-09,-0.008527532176585802,-0.006293171124469209,-0.01062820799930907,-0.009666063547482381,-0.003647011793073971,-0.0032584054562274293,-0.006680124023139172,-0.006935989656576261
2015-11-10,0.0011038529749966546,0.0021441708867631147,-0.0025536291161793816,0.0018762593386515425,0.0012369128058366055,0.0009716955534972672,0.0018171847465598464,0.0009422933097593284
2015-11-11,-0.0020247844056489796,-0.0025475388561740993,-0.0012354907195134546,-0.0010848249930248705,-0.0014529035220643615,-0.0011608563944134863,-0.001325494109498146,-0.0015538812901997217
2015-11-12,-0.0054411737488394415,-0.008131360658704337,-0.009722590642989847,-0.0055125225508060325,-0.0025951795498809363,-0.002239731603808022,-0.0037276445968375664,-0.005277142199684979
2015-11-13,-0.0059154102722418535,-0.005148815089139712,-0.01963580055890719,-0.01085378649076243,-0.00044674841394063086,-0.0013661252220338901,-0.0033923564041451852,-0.0065570792624562255
2015-11-16,0.007443122884563801,0.009606638394108927,0.009808911762589329,0.00880470706075878,0.0039686493486308354,0.004394115969666947,0.005640117890222657,0.0071478703548227395
2015-11-17,-0.0032291085266317253,-0.0005523833710368244,0.0009337722947736793,-0.000841833613876389,-0.0014211766966083464,-0.0013513457958812527,-0.0016548582957961336,-0.0011537845038329044
2015-11-18,0.006909736522619044,0.009382923297628052,0.014182465030233593,0.011575230748823766,0.003227995404007351,0.00394277375338726,0.005232192736676489,0.007840238502417744
2015-11-19,0.0038399002631671056,0.000330466578618548,0.0024299364960140503,0.003230601994211134,0.001599317448832498,0.0024499317182137123,0.003313131868435585,0.002434482723962338
2015-11-20,0.0025713747986890064,0.0016901592146542168,0.0039125165936663596,0.003666826037528624,-8.370950451943797e-05,1.3949021336707545e-05,0.0018889107257599148,0.002011564302494453
2015-11-23,-0.0008033964364386022,-0.0001781747209552338,-0.0011633728954764785,-0.001564736818495894,0.001184177541351717,-0.00033993095794829275,-0.00023258880653876968,-0.00046217464508681815
2015-11-24,0.002645935151459107,0.0011834435438132795,-0.0006460563113226685,-0.00019925956423960266,0.002041255896508739,0.001222850298222401,0.0014493992851023602,0.0010758735502991415
2015-11-25,-0.0005951591394645884,0.00011607353382303363,0.001114379174420516,0.0017789433444003063,0.0003539487822145451,4.950422718352981e-05,0.00010171563641491611,0.00040568862533014587
2015-11-27,-0.004109436145701213,0.001101767437524056,0.0009669382497561308,0.002269657768933572,-0.0002966427778968463,-4.676897549997722e-05,-0.0017122818664439183,-0.0002892877484269922
2015-11-30,-0.0008536511802228294,-0.002339259096706592,-0.001357855567212471,-0.001957699485555125,-0.0008605291901934531,9.57557628809528e-05,-0.0006179757563860848,-0.0011052573641630078
2015-12-01,0.009141682785644749,0.007843214814254974,0.010637729812219351,0.011425033269706503,0.006728318190974661,0.006200019349918128,0.008522209538172251,0.00863066220529707
2015-12-02,-0.009966471024635446,-0.007244792500449721,-0.0049791589213327,-0.009340142360150502,-0.005281716925342276,-0.005094295478625373,-0.0075924868652,-0.007035041421246021
2015-12-03,-0.009203313921903176,-0.012601485313304826,-0.018830529541648707,-0.017211983970520997,-0.009796571858028414,-0.009884101536914306,-0.011094792379405909,-0.012663386300495497
2015-12-04,0.011949848064557988,0.013137242136473689,0.020718172914572154,0.018245205356861686,0.006543776324579554,0.009520740067519972,0.01041523695966652,0.0129245370406577
2015-12-07,-0.006373975194607435,-0.002378467472076486,-0.003370265219352113,-0.0009478778224963697,-0.0010081155123611606,-0.00020063159220702105,-0.0029966630195403846,-0.0024484414693311946
2015-12-08,-0.0024524761279248125,-0.0037892406823854907,0.0001211634785293625,-0.0001549751448122802,-0.000767004701905889,-8.793460573486213e-05,-0.001616137844600055,-0.0012447401966115738
2015-12-09,-0.004189036605761696,-0.004028161592103823,-0.01399730402634112,-0.008151051202021935,-9.628185675020672e-05,-0.0019481854675426603,-0.0030218875392237802,-0.005054695600507225
2015-12-10,-0.0015978511606518613,0.000654008136958274,0.004245895750368565,0.00039183255793557453,-0.0015706485497620042,-0.0007068927870264955,-0.0016297686877956657,-4.066079549070137e-05
2015-12-11,-0.005538281611927948,-0.008284894777508864,-0.019735459693907047,-0.006435847575702547,0.002442081822490723,0.0010250262040728104,-0.002207146019450514,-0.005470362312252089
2015-12-14,-0.0017436361431036364,-6.92634899729528e-05,0.005783654246534681,0.000511028851875141,-0.005536667209800921,-0.004750392310740761,-0.0032877197907324766,-0.0013558198394973617
2015-12-15,0.003194870912845693,0.005167680862765515,0.005060515612104041,0.0038445495155587832,-0.0008274570030354037,-0.00019417404839206157,0.001992999318192678,0.00258295507991082
2015-12-16,0.007909113875129208,0.007700370851520384,0.014848587952651593,0.011105103655462162,-0.0002606407178633718,0.0026929650253354896,0.005559935456890215,0.0070503718806756285
2015-12-17,-0.007116148678426205,-0.007556286605711561,-0.014563998265741146,-0.0055499261929260486,-4.225021053183217e-05,-0.0026457005344794897,-0.004131737224551802,-0.005919320078861286
2015-12-18,-0.00258947196567325,-0.009243558410425947,-0.019182125485707927,-0.009733833339453709,0.0004418203480668701,-0.0005259340875556618,-0.0019396768157117442,-0.006065829501413468
2015-12-21,0.0042452997172480415,0.005092827982780532,0.011108124090277928,0.005951711996585182,0.0012716830244729358,0.003561853982336824,0.0033758780485616674,0.004909876259587966
2015-12-22,0.0007094325768782891,0.004270911588563937,0.006573587732600071,0.0023508925830156907,-0.0013322877503381847,-0.0006527768278986237,4.325083633991686e-05,0.001671224104205415
2015-12-23,0.00559276806737017,0.006510933611446868,0.00742518088511512,0.004484576851952282,0.0015172518448603861,0.0003835865786775934,0.003503400514840805,0.004165876346300726
2015-12-24,0.0013792708815464614,-0.0002650153827069762,-0.00017771741908179081,0.00116266056006323,0.0012102013430548022,0.0017100520821708484,0.0017440481423196188,0.0009805743615780068
2015-12-28,-0.0027248982127896872,-0.0013442100937268548,-0.00040775599324410143,0.0006709752761557206,-0.0013885122620250858,-0.0008861572959839534,-0.0015469692868687384,-0.0010824800207494983
2015-12-29,0.002967219710578079,0.004280246199361897,0.01066337479708646,0.0024740728103206555,-0.000762931977248195,-0.0004817238605092631,0.0006247030346492859,0.00293596255339073
2015-12-30,-0.005905045246772972,-0.004124995182776601,-0.006783004692884037,-0.005590920066897608,-0.001722700162315357,-0.0023557746248453817,-0.0039030417582755226,-0.00437585004733472
2015-12-31,-0.0024072997361714536,-0.005563023797977595,-0.009201507366604082,-0.005142073677763296,-0.0002472936994586709,-0.0018711204877435703,-0.0017241861353986584,-0.0038109377416839217
2016-01-04,-0.006306115281905638,-0.0066601603249739315,-0.0149739516423466,-0.008865149578334671,0.00018256145968213516,-6.744014339826981e-05,-0.0038961675098900255,-0.005905010312745175
2016-01-05,0.0011891283366086186,0.0008906798572836517,-0.0013776534426050845,-0.0002520899027354189,-0.001058132313203413,-1.6377053070198934e-05,0.0012979945425450397,0.00014377364699435396
2016-01-06,-0.002308414501029211,-0.005056433714945172,-0.005750177558236744,-0.00018058019950884557,0.001672216513027576,0.0029602356175397145,0.00021443277760883753,-0.001271970521014843
2016-01-07,-0.010187150439214823,-0.013561911556467115,-0.029309291972058255,-0.012195136610108,-0.002659487071397012,-0.003871631056453936,-0.007129694301073143,-0.01122752037185374
2016-01-08,-0.004882721397610592,-0.005489788496580883,-0.007528209410438651,-0.004200613486864951,0.00017265309070302516,-0.0007902799957453218,-0.0030349243278137757,-0.0036232128335762794
2016-01-11,-0.0050107551704731395,-0.0007151800398316941,0.0026808218902050767,-0.0006780326956018496,-0.0046192130888994595,-0.002481289614459263,-0.003847148475939565,-0.0021550149594194616
2016-01-12,0.0027549473329213127,0.006607530667734452,0.01115012516217395,0.004800096430435426,0.004253775643972409,0.004909175532791202,0.003266618165620157,0.005418850091926635
2016-01-13,-0.007399491212560918,-0.013174363724597356,-0.03208628114395129,-0.010520930974743561,-0.0015015683593710362,-0.0038158403512922683,-0.004700685217441874,-0.010330221135101904
2016-01-14,0.0017345592459665903,0.008759499828122031,0.01978098963043016,0.0032153149201471993,0.0011254154260332422,0.0013842912984485993,0.00028422634661718846,0.005053913132987619
2016-01-15,-0.009791537499939587,-0.01074790054667481,-0.028770000371208172,-0.007472113415097375,-0.0017171791788408975,-0.001979963649692361,-0.005826818503655735,-0.009315359338144315
2016-01-19,0.0005321505700038923,0.00020675038648193007,-0.0001256956101933879,-7.864914292372971e-05,-0.0015665224571797954,-0.0006134658642945955,-0.00043782168454426364,-0.0002631139274818075
2016-01-20,-0.004691044585008753,-0.005734558079639525,0.002052591823635397,0.0017703244184270673,0.0018768240572745957,0.0028913724278645833,-0.0023209640102385513,-0.0007029062104423236
2016-01-21,0.0020079776244749615,0.0023351061337889695,-0.001248741181058078,-0.0011532760837458227,-0.00022681787777646136,-0.0009323103714954455,0.00039537175223250675,0.00019433122277209933
2016-01-22,0.01453227493951892,0.011382643955606828,0.008923506290243927,0.011771647443733681,0.004390494913718181,0.003971298398093548,0.0097208801194975,0.009459371219578173
2016-01-25,-0.0064565297652261445,-0.007803582900083315,-0.0032895421435495697,-0.004130080307601523,-0.0016124767538374185,-0.0003555155016241047,-0.003786632072036798,-0.004037788588299197
2016-01-26,0.010392520805452448,0.00847188460658426,0.003715293392326508,0.006376039760512803,0.003999038553574497,0.004062893908053891,0.007730642139378083,0.006460449289813242
2016-01-27,-0.005008554140789603,-0.006261569901820082,-0.008553764560036425,-0.010890733044205902,-0.0007776218408244739,-0.00366389704708817,-0.0046534048517068586,-0.005874244892155219
2016-01-28,0.0034630945014050307,0.003566839899406469,0.0023990296554498303,0.0024559903427520185,0.0032062242546676677,0.0022791203668026086,0.002340733299560298,0.0029058514571493293
2016-01-29,0.014552576502415126,0.0167819140071752,0.006793111750725191,0.011108730748525301,0.008228522872699456,0.009175585336014496,0.011743728319507466,0.011303247330486628
2016-02-01,-0.002553886820496154,-0.0011277483768951907,-0.0018313485203075997,0.00013717367455427966,-0.003313318238708087,-0.00030975428036115256,-0.002025732319546027,-0.0015426665618003782
2016-02-02,-0.008030676894562718,-0.008127693652156166,0.004354435164761095,-3.24149739968303e-05,0.0010010025287356073,2.1186682210673712e-05,-0.0036115538342997764,-0.0022690776973451673
2016-02-03,0.006597095959170555,0.003157471914315626,-0.0014389472738544809,-0.0016147166649176186,0.0015363750791613068,0.00011185523339519532,0.003137904007904671,0.0016136999755771977
2016-02-04,0.0031059264720281867,0.0018908809026730684,0.0021500526284253356,0.0027996204508211,0.001806929882770466,0.0028314623835487777,0.002577409931844478,0.002440542121869494
2016-02-05,-0.008033253866727203,-0.010946868013869486,-0.0020364413405946037,-0.008249835802888066,-0.0032685532382647296,-0.004265083447501965,-0.005906534348734656,-0.00633262341919332
2016-02-08,-0.0031749857881104506,-0.005133362730933266,0.007425844591556527,0.007124713623353362,0.003233877247396928,0.003674771900265541,-0.0003065280650995109,0.0017092487260602896
2016-02-09,-0.007186685162864242,0.0001052892379921316,0.00018079773510226705,-0.0011104241871190334,-0.002316509761495504,-0.0002645848335346545,-0.005008796991478682,-0.0022502794342054155
2016-02-10,0.004066775146497298,0.0006957685422443738,0.0029846865047606966,0.0057340795545279336,0.002613100329422917,0.002968241952438118,0.0036331242160359796,0.0032401036693485547
2016-02-11,0.0026757516621314136,-0.005859836964368004,0.004597936377459094,0.009048628186811918,0.0034982447744738203,0.005174140917216464,0.0030451136938093896,0.003125487991497603
2016-02-12,0.0044672189173197065,0.009028653347539587,-0.007627950226025919,-0.004882000229618931,-0.002103149603795372,-0.0023658061131877736,0.0006425111438099194,-0.0003720351586529256
2016-02-16,0.001870988174645978,0.008863498312598672,-0.0029846026008617608,-0.004941734655038719,-0.0005600199947598684,-0.0013087242364574628,0.00032165872854239455,0.0003046344165326227
2016-02-17,0.00950338773604154,0.008844160935365726,-0.002449305677804548,0.002898271608698288,0.002711530382488279,0.002531749197326166,0.005761693233263209,0.004338791660589805
2016-02-18,0.003587812957265939,-0.0006334043184652293,0.00460615544509636,0.007987439354523805,0.0015165094428976577,0.004256789429711815,0.004743914942513488,0.003715869670224121
2016-02-19,-0.001223513059444904,-0.0002801605056660315,-2.336603734786909e-18,0.00020761431986574845,-0.0003127085786037013,-0.0004580526977975881,-0.0005512648018596684,-0.00038245401779416735
2016-02-22,0.006894969666598216,0.008255310885596312,-0.0009951516562795,0.0009027198550039507,0.0029923366791343056,0.0005858279910277841,0.004481116194655938,0.003291243824848054
2016-02-23,-0.004842132766910135,-0.006802146988045689,0.00199325349529644,0.0010862736790359464,-0.00208354660769808,4.387986241326594e-05,-0.0022785565631007667,-0.0018503509118857782
2016-02-24,0.0028255853891896083,0.002736129642866255,3.470456630303493e-18,0.00013245589174718834,0.0022689624664970513,0.001486173787086263,0.0019430165709487341,0.0016492813436236606
2016-02-25,0.006654984033072014,0.008451931891469859,0.002984064186041695,0.00455567278865807,0.00400180869838732,0.004623125096884809,0.006319672503020522,0.005381946120416432
2016-02-26,-0.004656221218275296,-0.0033250977382071932,-0.004868581727335618,-0.007123690993798405,-0.00406978272244637,-0.004483717299497989,-0.004092273487302059,-0.004644330887554407
2016-02-29,0.0022364622900459784,-0.00408258416892379,0.0016014525967833063,0.004032999465417829,0.0006501482229219396,0.000703511981937516,0.0013808033874602836,0.0009122604434740494
2016-03-01,0.009035642349133424,0.01090640800778058,-0.007816099463165091,-0.004099382492864473,-0.0008825606653191487,-0.0011343789434716727,0.003994771427111134,0.0014120347474294835
2016-03-02,0.004835079250057542,0.002033964711262098,-0.0017343392624956408,0.004462561413344311,-0.0006114041052444349,0.00015028616641534702,0.003116020113478138,0.0017390228686023094
2016-03-03,0.005692369361904297,0.0028456514180134024,0.0011891160903727783,0.006298048765193382,0.001283830652194863,0.0028909279026861287,0.0045361558591863116,0.0035119358450577095
2016-03-04,0.0036383595150032734,0.0006484776943541663,-0.0033797269512150234,-0.003108186136437778,-0.0008765279071763798,-0.002036472572103348,0.0011013224788566619,-0.0005567472910153878
2016-03-07,0.002016751333086627,-0.000302235730536979,-0.002015628181904472,0.0009058225991954297,-0.0008220448341825428,-0.0011928377805399404,0.0008922019297456756,-8.47648900161017e-05
2016-03-08,-0.004978028102669422,-0.004396290055083211,0.005784889844223423,0.002020581838966823,0.0017012507470441833,0.0015616698257747402,-0.0012857156014165995,4.630098937107258e-05
2016-03-09,0.001972567921422907,0.0012713456913466294,-0.007205916705634102,-0.0008537320030115016,-0.0009008768999234383,-0.002605185306454107,0.00015200155962216601,-0.0011554438179552816
2016-03-10,0.0008969748202596626,-0.0009389519807491036,0.007158230951926903,0.004156211451830517,-0.003089372614154495,-0.0010516780174757655,0.0003644306271203117,0.000870401218283592
2016-03-11,0.005964901508580753,0.008601748916026691,-0.013325614229778219,0.003000208950619429,0.0007573513058583321,-0.0003036105173408951,0.003946393523024664,0.0012978814355316334
2016-03-14,-0.0022872657951413062,-0.000489734016309882,-0.006070772708538368,-0.004350668142222357,4.896250478232591e-05,-0.0007368561541114009,-0.000664447109991285,-0.0019386175228097516
2016-03-15,-0.002573972749300769,-0.001061900067078993,0.000722222253210522,-0.0007624208867497263,-0.0009028643390890908,-0.0003190368290787663,-0.0013781666345413517,-0.0009033750669897977
2016-03-16,0.011039481525103938,0.005578206014428133,0.013934094888448788,0.013751885855436342,0.006843323006022862,0.007077498432211044,0.008725745750827095,0.009371249878839654
2016-03-17,0.006463567214850742,0.004283407394541797,-0.0006320921651774055,0.004748567857869066,0.0017096432129735494,0.001310545245555432,0.004723902539389861,0.003252832196122564
2016-03-18,0.0009508307571043555,0.002988055307882258,-0.0023936831057348156,-0.0006722004794628333,0.0014398658506869914,0.0015633234716416152,0.0011307025986993778,0.0007442048591582452
2016-03-21,-0.0019250764911826455,-0.00028033178626918744,-0.00664637111674003,-0.004779174389357289,-0.001347109607507164,-0.002228258033915901,-0.002311091736820308,-0.002778591159085295
2016-03-22,0.0006931876550126374,-0.001164112595748284,0.0022388909213724114,0.0015530084547427446,-0.0005383096958375624,-0.0011318304169637054,-0.00024487427087180026,0.0001724484834396941
2016-03-23,-0.006707658520005117,-0.0021427082841356583,-0.018789144285035562,-0.010613559064001698,0.0004803825797476326,-0.00020819959730766107,-0.0022116914390190702,-0.005553340840503354
2016-03-24,-0.0012781961152283899,-0.0006687230523674853,-0.0021080441445730405,-0.0011611945485439288,-0.0012284088841042608,-0.0009768475295185738,-0.0009339242174475895,-0.001173910609105794
2016-03-28,0.00222555761636478,0.000941157890215361,0.002550753431309145,0.0021521844143479103,0.0011665641729446555,0.0012531664792181567,0.001911114379125629,0.0017428347143313286
2016-03-29,0.010949938675387884,0.008254944666976438,0.017347004393158793,0.015549336312070974,0.007394791088751882,0.008693674726985817,0.009651396427955261,0.011050980251786668
2016-03-30,-0.0015868829638802302,0.0019603000199751087,-0.0002084775712534723,-0.006876899717452371,-0.0006595784349494076,-0.0014755312140600607,-0.00176249736063905,-0.001683855741694773
2016-03-31,0.0021128659399723667,-9.142106500710121e-06,0.0025841927427549664,0.004075994466758494,0.002406767085042276,0.0025728091764822894,0.002898113339757839,0.0023988463499623972
2016-04-01,-0.0004922071599960105,0.003970741374634111,0.001955729689906349,0.0009111393429087786,0.0001638006290649325,0.0008179607915805206,0.0005508331384292266,0.0010043652704250492
2016-04-04,-0.0043116356383538995,-0.0014781253733521778,0.00014492929261256351,-0.002910558219792374,-0.0006589277951609425,-0.0004403228004288127,-0.0022032864720226554,-0.001786135128629509
2016-04-05,-0.0019195428964582913,-0.004404794670142222,0.0011716104865844026,0.0044665480427513995,0.0013081616689853632,0.0020296895719499183,0.00023033080838450956,0.0005423145677681377
2016-04-06,0.003974393576731129,0.005649343462542801,0.0016381874457840795,-0.00034753259101234524,0.0015623462264963822,0.00036696119580882083,0.001810661716775156,0.0019942702389136374
2016-04-07,-0.0023698057934228053,-0.005121489658794188,0.0011069950260358691,0.004384883583874619,0.0014584541902165889,0.002426305822313131,7.64619477837142e-05,0.00043405416143591066
2016-04-08,0.004103822054448809,0.0009756242851673964,-0.0014734146092412336,-0.0018352163643219487,0.0004918071637170535,-0.0009180541766478781,0.0014387170160725792,0.0003951440420992385
2016-04-11,0.0027328987485239487,-0.0014824647231485343,-0.000561594446276643,0.002688334162157891,-0.00014341629732926478,0.0005634360495777153,0.0012478376161448813,0.0007376830798788061
2016-04-12,0.005360700013097779,0.004006221997333692,-0.0026249106953754307,0.00012910540862589917,-5.409510442581987e-05,-0.001010487831267106,0.0017740115492078322,0.0011082968259897713
2016-04-13,0.004322418849083869,0.006384689708724245,0.002051370200623563,-0.0006999456701395245,0.002937624809612756,0.0016991155489502548,0.0031817783583517837,0.00284722150663441
2016-04-14,-0.004464087725426138,-0.000898145177803813,-0.002081156395355858,-0.0067099370113506635,-0.002375574136451757,-0.00292891596761904,-0.003428422280518225,-0.003279472787989102
2016-04-15,0.0017852486260440247,0.0005076446127699757,0.0023787020458899038,0.005738159101758498,0.0016308546452699407,0.002436161393251257,0.002762206186901282,0.002448454966458569
2016-04-18,0.0023236765899019266,0.003862222688270311,-0.00029307019031322746,-0.00024030151827907957,0.0005078268732663202,0.00047563118973724275,0.0014607509430201505,0.0011717630874437356
2016-04-19,0.005128521596917841,0.0011706942961997907,-0.0010783200478041441,0.0013038844564813394,-0.0004945596433622057,0.0004930106283588665,0.002560067966482546,0.0013040645733974365
2016-04-20,-0.002646462970395926,-0.001452747778859852,-0.010219537746843813,-0.006853701759491859,-0.0023409014792282615,-0.00391066578956397,-0.003838390680735432,-0.00438759436961641
2016-04-21,-0.00459160583436564,-0.003893092643536821,-0.00913748288142146,-0.003403475751575688,-0.0017335403114546576,-0.0016662384311173797,-0.003675952668460084,-0.0039026178618991147
2016-04-22,-0.003392582166357328,-0.0004363730690080578,0.0033024047829910167,-0.006977265914196456,-0.003106896490726565,-0.0025326713238939466,-0.001983348612189529,-0.0022438554375963974
2016-04-25,-0.0005861718666415898,-0.0014733461034695417,0.003429633367096343,0.0008596690162248661,-0.0009486436949586036,-0.0007857405448935056,-0.0006771075831390502,-9.53885848056745e-05
2016-04-26,0.0024011726462169194,5.632190632167376e-05,0.0004979089180225582,-0.001086630227843869,-0.0012361578429701489,-0.0010613952515000518,0.000694197336785052,9.3048430498442e-06
2016-04-27,0.003743621185511755,0.003426366910521039,0.0014721124109787302,0.0011144957339964464,0.003931186488329473,0.004221601874256981,0.004211353809301232,0.0032186742134217364
2016-04-28,-0.00010882134566482544,-0.004106861361806381,0.0017183008496435292,0.004091717460426273,0.001134069709582022,0.0004074748427167827,0.0006458918332196471,0.0005180938667356492
2016-04-29,0.0009804229128065097,-0.0033695064767536535,-0.003074368023518669,0.002969471543821239,-0.0004394038749920053,-0.0015606796691096762,0.00038668002757392733,-0.0005687343924299453
2016-05-02,-0.00020183319090898567,0.0035613241679052178,0.0027118616020576363,0.001685963018176848,-0.0017538722111905864,-0.000334067832503295,-0.0003128146564502696,0.0007899735961968675
2016-05-03,-0.0046081554998169,-0.0028242971568381357,0.0045854853367353,0.0012750497693831291,0.0019808110498299733,0.0024392333309042743,-0.0007396027103215344,0.00026095285934800807
2016-05-04,-0.001429839119675493,-0.0025824152162933285,0.00565750308824788,0.0030968301250295645,0.00044624489243545685,6.968666705800021e-05,-0.00017692055310351715,0.0007015170385179323
2016-05-05,0.00030660712543563754,0.0009904911800462774,0.0027570103947082837,0.001889331003897661,0.0013621556342938409,0.002034181806522614,0.0013389027750352672,0.0015213793372862864
2016-05-06,0.0031423223429568404,0.0012102079910257806,0.0017907242073224633,0.005547180680882195,-0.000577736679179525,-0.0009411372136405887,0.0013817867595149295,0.0016858391320847589
2016-05-09,-0.00417954611623553,0.0011427671701095795,0.006561784796308787,-0.0020448646481801514,0.00020879414494281973,0.0011948751177804063,-0.0015229404922947006,0.000170677934360643
2016-05-10,0.008174198439027558,0.0073844855833782785,9.401811668505198e-05,0.0016145285109175757,0.0037135151136333984,0.0024121503706966193,0.004909683799660565,0.00406118781085315
2016-05-11,-0.0001987035012974642,-0.0050278654004685735,-0.010658002000449172,-0.003002479445833417,0.0013530315638148349,-0.00045780111298737437,-0.0005670118933019574,-0.002591715247207203
2016-05-12,-0.001876653425753545,-0.0009088530443583516,0.0015171157544756745,-0.002047559109897516,-0.0025724085037569858,-0.0020762337994347374,-0.0019633934605746612,-0.0014461456827854118
2016-05-13,-0.002314426357062379,-0.003718209814906353,-0.0018608877760088731,0.0009707474938308007,0.0021099743407029725,0.0012678284989472359,-0.0002621013050756293,-0.000528458726225018
2016-05-16,0.004435994653503056,0.004447133110893002,0.0027616991495614325,0.0013507718388007042,-6.329315911045449e-05,-0.0010756361406843952,0.0015042748640254969,0.0019011584441836517
2016-05-17,-0.00375215358824358,-0.006151550983316427,-0.010488133101723269,-0.0050860499871312635,-0.0024291161465749183,-0.002683833558817491,-0.0033511584403489634,-0.0048071482324606825
2016-05-18,-0.00867577063917141,-0.0031431385353906014,-0.014503231967993427,-0.013700519808959243,-0.006694506424525991,-0.006674408736758568,-0.008700366837834365,-0.008881479835915121
2016-05-19,-0.0029028869667020543,-0.0016860278145000573,0.0024262020840849514,-0.002903250176814069,-0.00027865995067638424,0.0003160326451069926,-0.001303133769755267,-0.001015305031757645
2016-05-20,0.004466070534362624,0.004051246830497752,0.0016407662273479264,0.0035474724822405516,0.002366487983036025,0.0016983000533279872,0.003138335844368304,0.003023218191800178
2016-05-23,-0.001094854788405587,-0.0005669651352315946,0.001971830718833025,9.654137501091572e-06,-0.00015196226254947262,0.00017849144358687334,-0.0003983354892854519,-3.232702456033924e-05
2016-05-24,0.0034583610665029933,0.007147718706505823,-0.0023981483516666052,0.0002267372010202962,0.00143979721376882,0.0010546361877014927,0.0019206537558432478,0.001922215706583871
2016-05-25,0.003656420895807591,0.003925478956549739,-0.003309201196650097,-0.0009935957695614505,0.0017608109821069797,0.0011772900695863296,0.0020935733618968446,0.00122075756944282
2016-05-26,0.002122562501522605,0.0013946456400162036,0.004777480748092749,0.002065276591774466,0.0028068821343652,0.0025373311723394464,0.0024676213748429997,0.0025489996187914974
2016-05-27,0.0006548249084295707,0.0017679916540195367,0.0011588235809444668,0.0005114632631544472,-0.00044395461986139787,-0.0006736773729523765,4.2711631961528e-05,0.00039931030962726794
2016-05-31,0.0004543279271055897,-0.0006716724291041783,0.0014098277019422218,0.001404617981132232,0.0006445041280607129,0.0006568124297138384,0.0009082860394967455,0.0006991903225449156
2016-06-01,0.001771178618947854,0.0010961055064704975,0.002803603348976933,0.0012345287882746664,0.0006473073500767333,0.00024948185313858817,0.0011389433573473387,0.0012891205723845546
2016-06-02,0.0033860514222057475,0.00306797589816304,0.006402060617327241,0.004076800464056966,0.0028657360674669815,0.002970026525757964,0.0031885970166039006,0.003714397069106576
2016-06-03,0.00859495179717584,0.0019048949348053354,0.01027948924780192,0.010005454599478807,0.0071020789149328365,0.006878955729475255,0.008343898933694081,0.007651701644199179
2016-06-06,0.0012782230514314752,0.001994788509999474,-0.00753118971989132,-0.0034981291444152003,-0.00045702978397740303,-0.0011398847942866266,-0.0007621299079900797,-0.0014604224130344674
2016-06-07,0.0032004087712139088,0.0015151024373171993,0.0038314995455851655,0.0027823733109677176,0.001651424485363668,0.0015010618772224318,0.002395010213439964,0.002398224266516243
2016-06-08,0.006663082132601946,0.002392941462175315,0.005661626952402769,0.00599579493133535,0.0025401510877599742,0.0016498959999647856,0.004758359346081883,0.004250177279409734
2016-06-09,8.694350499629833e-05,-0.0002074849478878835,0.005085676835647463,0.0026710249753747932,0.000657979075664874,0.0009919576703682662,0.000988650051642586,0.0014678281364394945
2016-06-10,-0.005457549239057951,-0.004279428125943024,0.0017582493976709295,-0.002333376061236665,-5.684399487140227e-05,0.0009872166191602014,-0.002040783242618547,-0.0016313188805826301
2016-06-13,-0.0018519157682868423,-0.0038051196213753965,0.0030969760369239548,0.000337696743879406,0.000286156418339448,1.098929610540342e-05,-0.0007537100623055548,-0.0003716309189456329
2016-06-14,-0.001826869561901259,-0.0012778986772010164,-0.0013342228019965177,-0.00123511584404071,-0.0007670821693348974,-0.0006889860663287017,-0.0014724724633018655,-0.0012312242290429096
2016-06-15,0.003185474210477003,0.0004086758830417793,0.00564388466988716,0.005086603605477334,0.0017692369870973335,0.0022850108396726535,0.003332643056521692,0.0031172775049630344
2016-06-16,-0.001365972419955625,0.002205626541129189,0.005106482403032338,0.0027174036183215643,-0.00016578359083745716,0.0014392224986241706,0.00026103449961243014,0.001448037977296857
2016-06-17,0.0010061368566218123,-0.00362116754939984,-0.005535202694247186,-0.0041574567552437386,-0.0022909949217780347,-0.0034579149810360496,-0.0013248061884501704,-0.002744082983623063
2016-06-20,0.0021095424190983774,0.002144944712515727,-0.008778958521580012,-0.002252065360279075,-0.001541677214926207,-0.0021445486404547414,-0.00034838155428944587,-0.001520601228148687
2016-06-21,-0.0019318968338875103,0.0008165853062848932,-0.0032732003509378647,-0.0005089505040989634,-0.001853177330298991,-0.0012266573794894266,-0.0016986288522901141,-0.0013797758308601808
2016-06-22,-0.00034640592564390597,-0.00019909334864868838,0.0011367944039158157,-0.0005671764760594911,0.0007914139716732453,0.001300320816545906,0.00047729647182114427,0.0003710714596397186
2016-06-23,0.004651056752684813,0.005957673129084516,-0.00879135688768236,0.00038641184823462037,-0.0008680000711632202,-0.001243474472867627,0.0012433735937354166,0.000234354588570244
2016-06-24,-0.008774458969450026,-0.016367868961530842,0.021031546234790827,-0.0003383014550130257,0.0027422104078359687,0.003927600296925441,-0.0007732268450248458,9.826418802288787e-05
2016-06-27,-0.0008439727608337178,-0.007155900951781799,0.021133196734410553,0.006116464240991242,0.003946539439579071,0.0035833622385959604,0.0025385262911654647,0.0041674958727433535
2016-06-28,0.011402834492667102,0.010686677046207642,0.0020475941692460423,0.006860972685363977,0.004145140980026941,0.0034388915922013443,0.008003458902728194,0.0067672709478725215
2016-06-29,0.008850720587035439,0.008681626116980744,-0.007643059348590028,0.0024747636162740045,0.0005091680905535221,8.833946220490977e-05,0.005964416072142071,0.0027712916806523985
2016-06-30,0.0060758443326064905,0.009181528927206662,0.0036950830511403975,0.006710551457772628,0.003018166002294299,0.004462642103130342,0.005401154600094254,0.005534116294395863
2016-07-01,0.007343831596515203,0.002310779114920287,0.013863790935548119,0.009075678634428463,0.003752661609205391,0.002689125877393889,0.006945368903470833,0.006480876268207031
2016-07-05,-0.002667856680433199,-0.0022739315263420015,0.012517819422604003,0.009798256097868632,0.0011184868024142285,0.0029355302775744426,0.000139386384909671,0.0030435359175458193
2016-07-06,0.002277081631618783,0.0037208406729125677,0.0016072894697538637,0.0009350962370327601,0.0014200386944669982,0.0013725988594464234,0.002622967034876939,0.001961089307666726
2016-07-07,-0.004831842315509495,-0.0008925270546945694,-8.541107453201152e-05,-0.0038088311976332053,-0.002606911098226264,-0.0010999440091420006,-0.003391725923838819,-0.00242420236323637
2016-07-08,0.010975442031907109,0.009658770122912991,0.009546488154202021,0.010088447938216985,0.004543802128110152,0.0044808409884884454,0.008870244647226827,0.008293263650204774
2016-07-11,-0.00047481421001554293,3.436460359989646e-05,-0.0048375774440301686,-0.0037328529448179154,-0.003462391766542435,-0.0034800950082969563,-0.0017565117161444518,-0.0025617502355347126
2016-07-12,0.00016390350810608712,0.0020586109379457764,-0.012232027392208699,-0.009590249305947332,-0.002481895277609506,-0.0034356024282854907,-0.0026557602502734414,-0.004063795638538326
2016-07-13,0.0016907843413161167,0.0009245437144202456,0.010154491816482841,0.007649648974217847,0.000887244923728561,0.0021391607130863805,0.002591899754352095,0.0037302189461837806
2016-07-14,-0.000648679453711919,0.0017588649394737865,-0.01308051925219884,-0.0074904763479369816,-0.0017772214733403477,-0.0022241610287284746,-0.001810699085066912,-0.00364780863395485
2016-07-15,-0.0030273346824097056,-0.0023112866976140014,-0.006268822089800605,-0.004354209687798756,-0.003437434663080043,-0.003353110182385953,-0.0032046550287251853,-0.003727577766528845
2016-07-18,0.0019151063100762988,0.001536397402487161,6.3211082508170814e-06,0.0018936890656696855,0.0005702852027907228,0.0003106151634841266,0.0014045688141149284,0.0010755136912808136
2016-07-19,-0.000584251531119054,0.00039759259415122637,0.005235183058035217,0.0036419058809680992,0.0011978953968277612,0.001884033216556613,0.0003442982828798177,0.0017043201768934734
2016-07-20,-0.0008921178564320555,0.0016721467584660155,-0.0030012054839064326,-0.005037036238016411,-0.0005469841882134788,-0.0008106661398396442,-0.0013731446746167286,-0.0014362754312956466
2016-07-21,0.0008774027736935046,-0.0013767287167648521,0.0020060618315107075,0.005242685444889928,0.0012022675818792452,0.0010615894518963313,0.001979987062292122,0.0015628509482300405
2016-07-22,0.0017342550708516562,0.0023656113962715573,0.004863804102057742,0.0023026888568973185,-0.0001498775173991207,0.00018139008669590032,0.00047583490234382765,0.001648229178163197
2016-07-25,-0.003807225097815549,-0.0019510407451686007,-0.001224639834543772,-0.0029935326501283684,-0.0013585854934960583,-0.0011412114615183782,-0.0028464761061662487,-0.002195973550479507
2016-07-26,0.0006447540925414349,0.0005267103448710151,-0.0013048569332230022,-0.0003901826994403853,0.0005460166513991126,0.000502144050101835,0.0003667982917841055,0.00017179752139674908
2016-07-27,0.003221329272405818,0.0010766270352357136,0.0034797207618399474,0.004519690255208164,0.00387243751260794,0.003291159160175162,0.004412445194926971,0.003516664347971046
2016-07-28,0.0006060136167565495,0.0008211659333372305,0.0019209077151210643,0.0013704852303670096,0.0006229717795389728,0.0004751586075508125,-2.3780952486809022e-05,0.0008557731633482596
2016-07-29,0.006266471948453839,0.002495383014864772,0.011137458408151031,0.009831749844373877,0.0038870415709418363,0.003402070427346985,0.005913289881207126,0.006124956001376886
2016-08-01,-0.0034230462709444183,-0.0018873130844590962,0.001060515712098206,-0.001891693929813646,-0.003137785575253776,-0.003111827119005624,-0.004464398399500557,-0.002473742038848252
2016-08-02,-0.005441178421208319,-0.004805274695199391,-0.002828374726151093,-0.005768114054755926,-0.0030522668620213316,-0.003323106141398682,-0.0047113433064103144,-0.004437874127888257
2016-08-03,0.0019432053138853103,0.001965993636071804,-0.004795557535749828,-0.002540149626547935,0.001747139910094481,0.0010178759590235742,0.0011908473449232539,9.107206470777992e-05
2016-08-04,0.0028194166071943668,0.0016000977155394098,-0.00016433675551429805,0.0018453104220560886,0.002602334575789679,0.0022637891912920998,0.003125165028002873,0.002038477767011598
2016-08-05,-0.0004780835431968713,0.0024135972956525423,-0.01005324006379065,-0.0075137385993067915,-0.003478186885892494,-0.0034489469607891093,-0.003910465570636542,-0.0037018015970902815
2016-08-08,0.0014971287451146509,-0.0006161728282751274,8.33046206128518e-05,0.0009650069189191307,-0.00032785342680081097,-0.0005223353799888605,0.0010065325984477253,0.0003056128117650132
2016-08-09,0.003967288730871463,0.0017887648770637651,0.00458269575744752,0.005624925403247286,0.0030781734557741905,0.0031622760436028456,0.004643684405857584,0.0038510474526684724
2016-08-10,-0.00039343099418008066,-0.0004121555191586811,0.0025082690307365995,0.002386841809339801,0.0012422924020035074,0.001738240954901331,0.00117963450169222,0.001166883272846189
2016-08-11,0.00019091596867777888,0.0008462999336655605,-0.008578741201782682,-0.005691899399432219,-0.002593771782118748,-0.002987786945442561,-0.0024954599556877323,-0.0030698793764215035
2016-08-12,0.0024720718516152546,0.0009061764306731854,0.00026013310219185064,0.002016587485538858,0.003423077175596748,0.002811043600791996,0.003509325131181619,0.0022329811891721395
2016-08-15,0.0023558619903786084,0.0005511923818801382,0.0017806818450338358,0.0003540387237447721,-0.0009856205152084583,-0.0018768531080184192,-0.00025318755390182435,0.0002358264983673751
2016-08-16,-0.0022244166571978824,-0.0037750694075111757,-0.00141004213796498,-0.0005269785242060128,-0.0016442650596866684,-0.0023386891160321432,-0.0016325402090559674,-0.0019932306666298216
2016-08-17,0.0017465990236928647,0.0017440326370273824,0.0011231473074669116,0.0017733038669021975,0.001732448664838038,0.0016974344336119181,0.002222918455270236,0.0017333574412462277
2016-08-18,0.0034804831768699513,0.002060560842705086,0.0027082085161908172,0.0031246561890602466,0.002174144489013501,0.0019071870796715878,0.002979133113708922,0.002616020596871195
2016-08-19,-0.004155486267726017,-0.0022313073473391822,-0.008245818671229036,-0.006030364004105263,-0.002986596606606823,-0.003008537365937122,-0.0041912008602029635,-0.00441248229656178
2016-08-22,-0.000434234885596366,0.0008652531045505557,0.000176800266688031,0.0009330796577381093,0.0014299919250515727,0.0018823792403644482,0.0013076285831839177,0.0008985655271364951
2016-08-23,0.0007097696421613865,0.0011728460140558023,1.7043344831446447e-05,9.618717143828801e-05,0.0003664871820344838,0.00036879312149484936,0.0006869167327920704,0.0004933182581792875
2016-08-24,-0.004423709816360522,-0.0032148578046610667,-0.009485008643849886,-0.005270812136361704,-0.0017505136445798144,-0.0012507540564854528,-0.00315337125249169,-0.004079422713595958
2016-08-25,-3.045394573516553e-05,-0.001056093336954567,0.00043821244626485157,-0.0009094790007396587,-0.0013102408044208748,-0.001401039559841218,-0.0004959734300593603,-0.0006667241933454238
2016-08-26,-0.004201575673493843,-0.0028104434263908577,-0.009619999044238367,-0.005236149962544758,-0.003350835277418081,-0.003582816471869657,-0.004223890357861176,-0.004623343064207972
2016-08-29,0.0049786039913359845,0.0046061794220157454,0.009694855578886222,0.007020842068121724,0.0042876480958477636,0.004291929126354415,0.0053136164665376,0.005642143807623211
2016-08-30,-0.0037993259329778305,-0.0010261946395715075,-0.002242193188659485,-0.0047603000118976065,-0.0011156228267969253,-0.00041110829177587043,-0.0029730757557758897,-0.0024227052668002466
2016-08-31,-0.003877849767552459,-0.0021716478072704598,0.000922731193516614,-0.0014102378476497945,-0.0016830605260899736,-0.0015083371586852164,-0.0024707887793945687,-0.0017849749324903596
2016-09-01,0.000412916163808725,0.0006549427135726218,-0.0021489539108543536,0.0016073204456912393,0.0009682737393865427,0.0012545633287319358,0.00033300424798447803,0.0005135159360307863
2016-09-02,0.004569903664057115,0.001663907991814984,0.008244527890228734,0.005536815315290266,-0.00030313141683978393,-0.0011345670402820893,0.0017829169081256954,0.002892246863596873
2016-09-06,0.008646482183880214,0.0036766945412633335,0.008009296290379907,0.011195666574543751,0.004680560857107028,0.004324097558502926,0.007117845866057322,0.006915503660903689
2016-09-07,0.0007697560550262278,0.00011285008776248091,0.005939123189956843,1.5014352752384454e-05,0.00014848731265470138,0.00036024013455373486,0.0003430363980384533,0.0010843376689097849
2016-09-08,-0.003871329514526779,-0.0033329854099765546,-0.012231308094385978,-0.008440705657584858,-0.004203717533245684,-0.004367489873175254,-0.00499867443094408,-0.005918744072347504
2016-09-09,-0.01923430568586796,-0.01627090387973739,-0.039602985761461346,-0.026630137461918862,-0.009528540396689923,-0.008705524478300813,-0.0139516537377524,-0.019007128699967086
2016-09-12,0.005618962890817105,0.008912334870887545,0.011848120357114795,0.005330215688225181,0.0035633682085006438,0.0036294181980437426,0.0027671358374675823,0.0059098520234293316
2016-09-13,-0.01233595769645383,-0.010091077377826526,-0.025106189448773165,-0.01851548769807849,-0.006096962184819667,-0.00588170879912802,-0.009020885893435217,-0.012289706765659266
2016-09-14,0.0011731576075969948,0.0006876568147144281,0.0032010462164402346,0.002734132690681623,0.0014471303331178161,0.001722670193113516,0.0011483640567295386,0.0017243652407036392
2016-09-15,0.00458202328197088,0.006063126328377853,0.0037824568130020515,0.003963371938519772,0.002303973115055623,0.002243518460262298,0.0017884069805371358,0.003481477887658488
2016-09-16,-0.00026571131762999833,-0.001991844205138682,-2.8303482742504313e-05,-0.00020537640234275203,0.000796201336617901,0.00010673707297199754,0.0006334292830616105,-0.00014523618709092416
2016-09-19,0.0009828190626629497,-0.0005739654978840531,0.005494491744054262,0.0029017541897269515,-0.0019887474746773403,-0.0014749013396346015,0.000414648063926633,0.0008979563675438429
2016-09-20,0.0013014277246247048,0.0006424286141549165,-0.00020272858238698483,0.0009096996362935302,0.0016798199052775195,0.001298190608007345,0.001395737832009232,0.0009775444165953297
2016-09-21,0.011523422026484128,0.0073849620270991755,0.013054770991714953,0.014417973540131777,0.003230529250073928,0.003548040478089819,0.008502918822415953,0.008852201889750855
2016-09-22,0.00691223154473889,0.0049712068995368215,0.011484870224509475,0.009157018110390462,0.0037317850301434694,0.003715701089762992,0.00578023830874311,0.006640445556521832
2016-09-23,-0.003765990235439947,-0.00312003412952932,0.0018546086659452182,-0.002978350176503962,-0.0010670729654213436,-0.0008015006750296394,-0.0019623423670380516,-0.0016752571700540985
2016-09-26,-0.001311721460862599,-0.003720870250372604,0.0016009611879491971,-0.0018423522965993024,0.0016604040159623316,0.0006292806417090735,0.0009264661049882077,-0.0003014429752366786
2016-09-27,0.0015496326483109002,0.0043499389718101526,-0.009616535989265623,-8.89957036923175e-05,0.00207900965142071,0.0026948479476005386,0.0008109803456516942,0.0002837442519550173
2016-09-28,0.004664439940706489,0.002805522236383658,0.006828310981131725,0.003973883577613438,0.0010784389576751162,0.0005416656675194571,0.0028008507663824923,0.0031943144272242006
2016-09-29,-0.004400675781725745,-0.005201610215851487,-0.011672628171306173,-0.008902266837242554,-8.48019380748324e-05,-0.0012835949032129184,-0.0020951263131149226,-0.004731353638848934
2016-09-30,-7.120921843537252e-05,0.003529731126480881,-0.0066780305766879055,-0.0029428612571860214,-0.000922765837477966,-0.0004700042554395695,-0.0018025055290765274,-0.0013046647131490115
2016-10-03,-0.00191033107638514,-0.0023735090147516814,-0.016692456160632578,-0.005711731969440593,-0.0016164053266370065,-0.0023143197242623324,-0.002548628913780166,-0.004623879958882194
2016-10-04,-0.009861877885369267,-0.004890149440927025,-0.015289668525533266,-0.01639886385144701,-0.004079710791607173,-0.004550586522877639,-0.00909414599076486,-0.009167685433607261
2016-10-05,2.0948469381820213e-05,0.0017697057443334149,-0.018043174255176687,-0.004005240071858072,-0.0010607595013915586,-0.0009138479736824191,-0.0014773848376029878,-0.0032061337279321576
2016-10-06,-0.0016753962109064518,-0.0005872173180382414,-0.0029459080369912184,-0.003783547757494033,-0.0018215614913127157,-0.0017057675989395134,-0.0018303143511011909,-0.0020067044403849006
2016-10-07,-0.0010340136154856105,-0.0014816333519485966,-0.0009125673885288681,-0.0008968336524107041,0.0007525501438028123,0.0005251290181604857,0.00028979433406376527,-0.0004091069756662347
2016-10-10,0.003868037350956672,0.0020723111035040277,0.0008648084385360362,0.0021306260023201814,-0.0007002341689191789,-0.000971194772624806,0.0016256423163879333,0.0013692539460543412
2016-10-11,-0.008494645248651246,-0.007703071536536423,-0.008929696453386343,-0.00830286116214294,-0.0023840153236720425,-0.0028680350614786864,-0.005323198503268375,-0.006324499092586532
2016-10-12,0.0007436255438673144,0.000785034367587029,-3.3231198276506556e-05,0.000506034050652889,-0.0005190925476117168,0.00020352480759915615,0.0009553591453834832,0.0005538643013587631
2016-10-13,0.0010776728451297878,-0.0011243628540302856,-0.0002944730234812254,0.0008984953791656661,0.001624407383256307,0.0010077396112935458,0.0022014803009086687,0.000876704732556856
2016-10-14,-0.0031008929436076756,-0.0009296791797880515,-0.005634627540691038,-0.005782475567124317,-0.002325363777244183,-0.0023597716464720388,-0.0041458855351634745,-0.003433001464930062
2016-10-17,0.001155427850522515,-0.0012479409471172424,0.0020824312660256907,0.0013553292553832982,0.0014671942111571755,0.0012911618000035945,0.002255568307463685,0.0011909826296121375
2016-10-18,0.006105876677090039,0.004548219846250976,0.005880478670612934,0.006276183318021928,0.0028672360844648154,0.002930359604384426,0.004338411651030546,0.004718372513642597
2016-10-19,0.002860295740027966,0.0017804115880638203,0.00040150526089550943,0.002101497134586725,0.0007272425064663732,0.0007802766376298003,0.0022576597392084366,0.001568549405116932
2016-10-20,-0.002286446268186941,-0.001481496998058634,6.6155563204666836e-06,-0.0018746676202143105,-0.0014049098002337848,-0.0009808975098655733,-0.0016688999446703365,-0.0013872390293334412
2016-10-21,0.0008922598497957051,0.0007145506091468578,0.0025449356639977417,0.0013967498154513211,0.001583894206289017,0.0011004830975408293,0.0007588149497494709,0.0012777543115903187
2016-10-24,0.00140584259284751,0.0020086246476380336,0.0032918585749273014,0.003081841262826483,0.00046940073682615323,-9.273984933886198e-05,-0.0006536089718290277,0.0013522897433309237
2016-10-25,-0.0002824989317503718,-0.0020864126894723817,-0.00010142901894269077,-0.0003572678316395459,-0.0008167105522737812,-0.0007908548283547216,4.3488705933933814e-05,-0.0006113337224152174
2016-10-26,-0.0065284140078630416,-0.0021903748060906774,-0.007536027981355568,-0.007014120950985694,-0.003125474204187919,-0.0027125820228977005,-0.005550963015764975,-0.004953319661283339
2016-10-27,-0.005879979064205756,-0.0029780121330415066,-0.009609728990772622,-0.004086222754394179,-0.003057697353504679,-0.0035137781630735707,-0.005483278537047314,-0.004972508123005004
2016-10-28,-0.0017822849447785543,-0.001701107671504345,-0.002105551733229301,-0.0012775153190719042,-0.0010200528726717975,-0.0006803875701168372,-0.000965504957687522,-0.0014059967322349628
2016-10-31,0.0020238356077911554,0.0003560326545189423,0.0058348467858669005,0.0020092488174283073,-0.00019613567802279877,0.0006390068443332794,0.0019488801834659107,0.001768407888423937
2016-11-01,-0.003809764558368456,-0.004327529309285566,-0.0010518134728952186,0.0006144887640031701,-0.0006569864615791685,-0.0013870716680420936,-0.00221508350729999,-0.0019509013813442332
2016-11-02,-0.00394210954159385,-0.0023875183126814596,0.0014703444302402446,-0.00038182174174991633,0.0007837381117230594,0.0011719204288322875,-0.0010784178935784874,-0.0007222866267612701
2016-11-03,-0.0036228588292970083,-0.00298224492904428,-0.005871865120419362,-0.002359767987190184,-0.0019249797855037365,-0.00172478519390839,-0.0025616426041815735,-0.003095210871079788
2016-11-04,9.630991503841528e-05,0.00043322320018996253,0.0005836494061967904,0.0019345616080473692,0.001590899122850515,0.0018124107967179563,0.0017633901308328622,0.0012123993423517386
2016-11-07,0.007973950991657968,0.011542770599413088,-0.01800786136152952,0.00471413389134185,-0.0002245788938527943,-0.0002913118960706255,0.0018581401088830468,0.0012798408438045564
2016-11-08,0.000875997502504136,0.0013266044565501702,-0.004175211869501426,6.296090509091891e-05,-0.002133889996079929,-0.002136554723931348,-0.001075607283460858,-0.0010036384998439527
2016-11-09,-0.011192136908511483,0.0004544201508095624,-0.0006576934516286043,-0.019051513695268564,-0.011598759704141107,-0.012009966541687784,-0.014016554234187559,-0.010219019720768836
2016-11-10,-0.011463702198087095,-0.0007968889174960988,-0.014889746585601271,-0.014082613739785813,-0.007465273237204165,-0.007466678274091325,-0.008601211796740211,-0.00922953348269863
2016-11-11,-0.007452637079376203,-0.0022071403146858445,-0.022129449067882268,-0.008759840608437,-0.0026420092090105275,-0.002179796090148898,-0.006463824663898759,-0.007216002339902563
2016-11-14,-0.0021359461237469074,-0.0017432726499475911,-0.008454294420749407,0.00017004717092465723,-0.0061569088086529285,-0.006276679841634504,-0.003032381409264621,-0.003970238135845187
2016-11-15,0.00796703768242664,0.004602004859916078,0.00813274503275093,0.007125873795022205,0.0027529796386935304,0.002476881947673423,0.005227093939427078,0.005475552147680629
2016-11-16,-0.0012418156942054122,-0.0007564040373811997,-0.0025677796055772416,-0.001304676089226943,-0.00012063981566226345,0.0008506021652230769,-0.00036781074031850625,-0.0007589702830287631
2016-11-17,-0.002740305675668603,0.0013319032663602142,-0.0012936034922670155,-0.004754378553437615,-0.002372610239289451,-0.0022774432795816674,-0.004796309671563952,-0.0024993261037214325
2016-11-18,-0.002352895928519875,-0.0031059868227449484,-0.006190696791225741,-0.004050655943201267,-0.0035974868740811083,-0.003853964725409232,-0.0032576931538149893,-0.0037670659761802274
2016-11-21,0.006848873461006964,0.004898182738382573,0.0051353228175635935,0.00461459447518896,0.0033678196575284663,0.0030611781506167854,0.004459693341681854,0.004634521033595462
2016-11-22,0.004315271622617483,0.0015556389305022254,0.0006859886598129454,0.005396752345569645,0.0012430426702697184,0.001183538844384862,0.0032827924839356785,0.0025090754689199514
2016-11-23,-0.005001525194475932,-0.001085441485554672,-0.011874641631397186,-0.010856143058625497,-0.002413603796949829,-0.003076266286709831,-0.0048647766403701505,-0.0056191705785389
2016-11-25,0.0005255842092657307,0.0018204429225140688,-0.001781108803144242,0.0008811537309086899,-0.00011644253001877811,0.0007328117731195338,-0.00014363355838307703,0.00023797192480201314
2016-11-28,0.0035455504066777424,-0.0010052244188022185,0.004116307406282748,0.005128628134389626,0.002571666079159676,0.001197191376050497,0.004587307731933865,0.0029287927171802865
2016-11-29,-0.0001530459523266369,0.0015848301307138234,-0.0018890193717094716,0.0009528926676989013,0.00045085929555801737,0.0013681394280028974,0.00010876357022827888,0.0003250317909033732
2016-11-30,-0.0038839046024219813,-0.0041233405364207235,-0.00878425921672919,-0.006121965446693172,-0.0040658539074136845,-0.005147159895099909,-0.004522943308058613,-0.005296924343794462
2016-12-01,-0.00565175508525001,-0.0037311032750591867,-0.0026394422664933006,-0.007621107345525803,-0.0031087726527798355,-0.003764381559671956,-0.004909944252918936,-0.004506504188395369
2016-12-02,0.004727457664763797,0.0020951752090351055,0.0033163520980577592,0.006321205638380498,0.0037727457777629422,0.0030445340096991115,0.005098503278518152,0.004063312663925112
2016-12-05,0.0033287805143703527,0.003448324560587816,-0.0005605298564763656,0.003601307375864636,0.001446464551978693,0.0019274982544479533,0.0020002932546927168,0.0021259380087849397
2016-12-06,0.0011752258645494097,0.0019524586318586227,-0.0013786634399871852,0.0005410918976631002,0.0005506300670650212,0.001420572620752952,0.0005411203283946519,0.0007335404438907394
2016-12-07,0.008307387719127644,0.00918600918411241,0.001480238081415512,0.0062110271008633,0.0049339172785612,0.007325009553726436,0.006298700201557038,0.00639040820258218
2016-12-08,-0.0004778875923660557,-2.8461080345806205e-05,0.0009841984465996316,0.0015227445407438537,-0.0022438280634115076,-0.0012189159220457049,-0.0021488563085987774,-0.000545915742636001
2016-12-09,-0.002105356210733456,0.0016200398088905177,0.0013703972249939035,-0.001314273430688326,-0.0020916390167007035,-0.0005120723703506587,-0.003812280095867,-0.0010844431722329584
2016-12-12,0.0006036242196587082,-0.0006219336836320769,0.0034309581287104954,0.0016144084501179164,5.485885814182027e-05,-0.0003664792340734804,0.0008209482585756433,0.0007763165787704434
2016-12-13,0.003974948625898598,0.004275505115549683,0.0022959554151658745,0.003885404829917674,0.002202052196848123,0.0031119079630551488,0.0023849718839660666,0.0031208822268109274
2016-12-14,-0.012479275543148215,-0.008276663584718184,-0.010448451636276045,-0.015499737490442545,-0.008085519158460541,-0.008287780376267286,-0.01097605011306856,-0.010611556389697858
2016-12-15,-0.0012200145438317803,0.00129804609385035,0.0003277718676939403,-0.0030215651022342466,-0.0008977965313096346,2.674443132059587e-05,-0.0015438193464329785,-0.0007605491534115319
2016-12-16,0.0015417652333435837,-0.0006764281111682313,0.0024985734166971894,0.002494137880286896,0.00048243850367155495,-5.253363265788451e-05,0.0016189468284779844,0.0011424260947288222
2016-12-19,0.003306724114798215,0.0031566355594464445,-0.0033098444389695,-0.0016727809066958356,0.0036542396614216485,0.003524980988592913,0.004242656506967267,0.0019176941152993308
2016-12-20,0.0003100971130749841,0.0014711784730239432,0.004302035047423183,0.001404062520458455,-0.00038098648645179284,0.00041712568544137343,-0.0007428143191480892,0.0009175324926930372
2016-12-21,-0.0021170525409727856,-0.0010228701417888848,-0.0048390516073679325,-0.003853197679783142,0.0006119112683271446,-0.00026399197552215745,-0.00048306603891728686,-0.0016910462800227939
2016-12-22,-0.002647091812500569,-0.0012103611073376586,-0.0014240975480082352,-0.0038655441667755615,-0.0006592337905743377,-0.000977052171971104,-0.001599798144845756,-0.0017693425508468169
2016-12-23,0.0022381869264466964,0.0012636748052176064,0.00178828221493635,0.0029537356170497423,0.0011957560603329178,0.0011786863408411923,0.0019503360444175968,0.0017969891047874347
2016-12-27,0.0031702975294060974,0.0008669997941422483,0.011749372898880577,0.006241868854191641,8.103607614764826e-05,0.0002800199566474015,0.001434428531130391,0.003422356704926869
2016-12-28,0.00038497065856648536,-0.0035055998003946263,-0.0018487834123200356,-0.00013224616626772415,0.0011448952311010959,-0.0013147187981465767,0.0020195036250644912,-0.0004517802538886657
2016-12-29,0.005801953213202331,0.001101188413578367,0.0008537854132024744,0.0049563712776793355,0.002446112645088974,0.0016979650955408808,0.005408104537824705,0.0032198190644651173
2016-12-30,-0.0007408363702396892,-0.0009884133959217347,0.0003600088690008979,-0.00011290868117540915,0.0014056227711437027,0.00023341022946444273,0.0008447424584405494,0.00010903487308783766
2017-01-03,0.0035721157074785764,0.004363796421289014,-0.0065771347232217,3.616025617591938e-05,0.0007192507099714538,0.0027540503528085303,0.002047648541931215,0.0010080787358765749
2017-01-04,0.005929056026086129,0.004016270576440168,0.00718697893795359,0.0065394658350315885,0.002745159203062001,0.003178640997461774,0.004767052336466528,0.00491237318722241
2017-01-05,0.007479188277469523,0.002125439980852725,0.003433598501208358,0.0074475544035837735,0.004812539044498187,0.003466054823950706,0.007455534610786132,0.005193274918856364
2017-01-06,-0.002212928309480071,0.0002586304320100839,-0.0011344547257912804,-0.0015319990709598103,-0.002942687719790832,-0.0005220115560530539,-0.003874017570250737,-0.0017120758088469228
2017-01-09,-0.0003492340710989051,-0.0004718053498791038,-0.014676979712810524,-0.004707105396761953,0.0011722168843787749,4.740060681091959e-05,0.0008025591452240103,-0.00252723516979633
2017-01-10,-0.0002500994574255481,-0.00018925694687511432,-0.004304652300852597,0.0006371044942911402,-0.0005944908840824748,-0.00027676171979113315,-0.0005832371487366611,-0.0008002044594276473
2017-01-11,0.0034844224022095365,0.0021513807200467493,0.010616526888192432,0.007892464862351466,0.0020108703899876707,0.002080090694999003,0.002615064327677743,0.004311313542536067
2017-01-12,0.002414909804548378,-0.0012809221686018552,0.013952586661676912,0.006650811988992346,0.0005585101734460144,-0.000831427903234361,0.001936926990592197,0.0032565992374881066
2017-01-13,-0.0005176687732036635,0.0005062031785920534,-0.0017151552601127565,-0.0001361815907484987,-0.0012555763474100254,6.093606793343717e-05,-0.0012980092047881733,-0.0006186211342517348
2017-01-17,0.003781553752129012,-0.00011194525107663476,-0.0007470087171761322,0.0012759463383460001,0.0029430630810386104,0.000687153077130449,0.004960821475050116,0.0018686705842278855
2017-01-18,-0.004866445560774725,-0.0015631417406854744,-0.007879628584266243,-0.005132808184587705,-0.005237158935892385,-0.00199072485843935,-0.006064179281935416,-0.00469566637513762
2017-01-19,-0.003947046689266671,-0.0037438838554598,-0.0031291918922747323,-0.0032785546482414565,-0.003693497863033436,-0.0036324300087133845,-0.004035332962685646,-0.003636276595835424
2017-01-20,0.0032534471077292583,0.0024027416554235044,0.008642822110753004,0.0057296031934527605,0.0018904115669821312,0.0023881138478029965,0.002628376539321309,0.0038714534992026787
2017-01-23,0.005282462314627904,0.0005138768179685249,0.004365139146046152,0.006292449087330869,0.003249726181356281,0.0008784037453578289,0.005450718683063882,0.0036535852180198678
2017-01-24,0.00046752186529361745,0.0023401999972666367,0.00362196594794141,0.004209604536960917,-0.0012394929201910718,0.002015739646200522,-0.0013971226096316338,0.0013930856010421922
2017-01-25,-0.001340402955968668,0.0032603906034426814,-0.0011229821731067835,0.0028210835040172653,-0.002019108187426271,0.002709146448852372,-0.0035384607420221566,1.3653797438183384e-05
2017-01-26,-0.0005851763841945562,-0.0001072151589816381,0.0018065392082599432,-0.00014478478310040116,0.0009740580769826468,0.0001109467832101213,-4.118612731404892e-05,0.00030743835729431137
2017-01-27,-0.0010370955282286885,-0.0005142622203657973,-0.001537057159628621,-0.0026805374066678164,8.719664363040545e-05,-0.00042694273871963107,-0.0005417606027353636,-0.0010149948779471529
2017-01-30,-0.003616415494744192,-0.0038314824950570346,-0.00592215191816775,-0.00572780097887224,-0.002026723649291073,-0.0037166640549956597,-0.0025762701812241675,-0.003910567996827496
2017-01-31,0.0043198802752836525,0.001330101368958003,0.0021813455186951653,0.003053153556428134,0.0025766747279588297,0.0014524631255548827,0.0043587124754919946,0.0027915573052017407
2017-02-01,-0.0006558733401530656,-0.0005361067043766458,0.004606435917046566,0.003991880374183847,-0.0007236485895116044,-0.0002254924629547751,-0.0014006062945942034,0.0007664543870597251
2017-02-02,0.0024008280453762603,0.0005476803457578434,0.0020857412491336216,0.002349368961731215,0.00041128407498545175,0.0004794416933916498,0.0019916352039622133,0.0014532456812838346
2017-02-03,0.0027356812519679814,0.004426882826277335,0.00362403795898732,0.0032402338370294374,0.0020997332241555235,0.0040126995684727235,0.002000750418313754,0.0031256317462860024
2017-02-06,0.0018688294775380113,0.0008413686282660237,-0.0027633106952949828,-0.0023302145552002084,0.002595820759679957,0.0010460710208219973,0.002773179570406772,0.0005332603478408289
2017-02-07,-0.0001943074803714144,0.0006047668057174848,0.002918863259176439,-0.0018286397855318858,0.0007932097934892705,0.001008408702808107,0.00030140030244407505,0.00040617350741501074
2017-02-08,0.005358222476522045,0.0024181483730849776,0.0018194958458975384,0.004797285828750751,0.0031990716201449527,0.002529063907567335,0.005251845860733853,0.003662305403491416
2017-02-09,-0.000864301238451032,0.001167541153547879,0.0037406305352937963,0.0016197306215963326,-0.0016850841372651878,0.0008810058384860576,-0.0025355832646922487,0.000358041383744243
2017-02-10,0.003940894654200519,0.002109799837579427,0.00384952520732452,0.006373984136559187,0.0013637514713096765,0.0022610032692102983,0.0026345479326329558,0.0033019639633835125
2017-02-13,-0.0009392608442503205,0.0026775426501719473,0.004409420348157355,-0.0018887004081493157,0.0001743543343812479,0.0022350025130075776,-0.0015125360205063931,0.000658737947947416
2017-02-14,-0.0008462215663592958,0.000985062930658962,0.0032047676879124426,0.0009099847229003322,-0.000957752604777552,0.0008587685182199258,-0.0018239654069767456,0.0003078611024042436
2017-02-15,0.0016157173936243517,0.002413371517662561,0.005576161911740799,0.0037682237311626645,0.0005207039933434991,0.0024521700995777627,0.0003430661428324843,0.002390608671218883
2017-02-16,0.0013553509497987067,0.001063992130791739,-0.0019463776240360242,-0.0009786550800237061,0.0019389100280085875,0.0009374598222184753,0.0021802400126466944,0.0006612553726516812
2017-02-17,0.001066780379843115,0.002014521624877283,0.0020033504493975588,-0.0004412756960145947,0.002097378185394828,0.0023228648600247667,0.0014665283043140483,0.0015216945463629081
2017-02-21,0.003564645315528116,0.003373974805255908,0.004518639431742435,0.005836922434168431,0.001489460025238199,0.0030411452184580545,0.0023553336349428806,0.003437301541615004
2017-02-22,-4.023599775604479e-05,0.00011370227822223857,-0.00030986485380185005,-0.00027188662217331487,0.0004970418556101293,0.0001609293172828851,0.0001880920802365738,4.8498133722938385e-05
2017-02-23,0.002498645970595883,0.0014705910693735753,-0.0018940608691882148,0.001305062900989611,0.0020653898898356773,0.0008449744910681006,0.002924528348220003,0.0013109577407551497
2017-02-24,0.002401459723853046,0.002620851185529387,-0.0006365920603126856,-0.0017136044097207103,0.0032612864026859293,0.0025976384132495095,0.0035384687047856026,0.0017610294520600982
2017-02-27,-0.0015835804984849617,-0.0005044141729905016,-6.811544626405614e-05,-0.0009043378110072362,-0.0019279930610597183,-0.000643673615126533,-0.0020825434771433093,-0.001099613739861838
2017-02-28,-0.0015650027069381612,-0.0018605072883131262,-0.005804132372508623,-0.0043734559495078856,-0.0009864693612792815,-0.001728539137522603,-0.0008306147598861969,-0.002392136102619264
2017-03-01,0.001173454337554872,0.005600620247001285,0.012795248308292774,0.01027105726787887,0.00012800495615776196,0.0049891707584754745,-0.0019334898782796203,0.00463164000563073
2017-03-02,-0.007871501817799671,-0.004939198630113554,-0.010159786680237731,-0.010857222827971792,-0.004634262596086553,-0.005070040735744406,-0.00632103774406057,-0.007108811393237222
2017-03-03,0.0017066011159114964,0.0007595473330877953,0.004188615771995308,0.0035428895263730433,0.0010762236182698215,0.0010864098203400702,0.0013691069887069953,0.0019373223006609128
2017-03-06,-0.002651377439763305,-0.0018732757908006571,-0.0011022178801519927,-0.0015161637840898428,-0.0011215230927232502,-0.0017223486589579527,-0.0023952259341791793,-0.0017859483231203964
2017-03-07,-0.0033599343068496284,-0.002370625880593993,-0.0005730433020619583,-0.0016915707274919056,-0.0020819969892491245,-0.0022274393927952064,-0.0036081529178868706,-0.002303105090431817
2017-03-08,-0.007590029009397295,-0.002451138920861409,-0.0027889213656558946,-0.007566357419421931,-0.0039008662443055053,-0.002527627946107555,-0.007007225584457934,-0.004868433209937016
2017-03-09,-0.005696924206064004,-0.0004087516237623783,0.0007101209760816693,-0.005513779540255595,-0.001864910167795179,-0.0007653497220935706,-0.0057939797312650245,-0.002799366160400275
2017-03-10,0.0018756387283149858,0.0029520421377322533,0.004203581704932637,0.0037681697536003835,0.0020621523056554352,0.0026695530777837723,0.0016312172758130993,0.002769461801822217
2017-03-13,0.0005959271737627577,-0.0006933154568947192,0.0016742828288443202,0.00563716695190925,-0.001487351873246327,-0.0005460941353984595,-0.0006740161209073691,0.0006993771842883394
2017-03-14,-0.0016736933660348938,-0.0018817126459417252,-0.002431137541044298,-0.0037794961335508477,-0.0007067726103331619,-0.00170848881751542,-0.0008191275041857323,-0.0018775278492924293
2017-03-15,0.013143408682275419,0.008697540317943304,0.00616939478750593,0.01542181761562241,0.008689886605391254,0.008314079468238691,0.01216935513457674,0.010460559501812253
2017-03-16,-0.0005272046681265165,-0.0022870926068861556,-0.0006811825984869166,0.0016804303224870897,-0.0024120340962555603,-0.00206207565638958,-0.0010169318650829085,-0.001009780871005101
2017-03-17,0.0019316265449117434,1.438860633516995e-05,-0.0003492624310476044,0.00019704184342429938,0.0013151397755434785,0.00035646244088671347,0.002372997301705918,0.0008230829934088233
2017-03-20,0.0025642361609624284,0.00026226104776716985,0.0008767488000141212,0.004923784166314625,0.0011390497802509266,0.0005589627833825598,0.002442277060093951,0.0018238819919840765
2017-03-21,-0.0028686810521202717,-0.0063566990298648506,-0.015173429976911167,-0.00786171389433796,-0.0022194214216156656,-0.006611325833088639,-0.0005261258003640077,-0.005980536727085137
2017-03-22,0.0026229537927989943,0.002169347167816831,0.006779330019808237,0.004080308486010993,0.0019996896514816918,0.002756512648894908,0.0023296226985709168,0.0032405352741188592
2017-03-23,-0.00027866252743276765,-0.001057246837023911,-0.002525067976032024,-0.0007641306841051488,-0.0011101292186034657,-0.0013118730093232905,-0.0002854604605900049,-0.0010394785430865492
2017-03-24,0.0014358968262211682,-0.0002020966706998263,0.0020713191118730823,0.0017795602441851158,0.0003372686931446976,0.00034658453951215624,0.001290937607486908,0.0010132690563366847
2017-03-27,0.00026646818651488406,0.0003874341577131945,0.0016074129342325,-9.031189366267095e-06,0.0012357551757881775,0.0007542216474184183,0.0007823160595708601,0.0006946729994090045
2017-03-28,0.001075782972361219,0.0029424039423972814,0.006114070057833038,0.0029165050680140573,0.00035431561197318546,0.0028153851461784466,-0.00022834557574798967,0.002297353283705184
2017-03-29,0.004057821356701694,0.0016685882860803735,0.0046034308876184635,0.004455114101442315,0.002565272345824356,0.002491769917129479,0.003946246923563003,0.00338023759912868
2017-03-30,-0.001704095802208451,0.000772320661160153,0.0016632556233127085,-0.0008486812261886803,-0.0006420391329601887,0.0006111083840609577,-0.0021355971011791652,-0.00034558223074183036
2017-03-31,0.0006623722473366799,-0.0006036556373299225,-0.0006793402521900735,-0.002020651017563878,0.0006305530520620896,-0.0002456044937277169,0.0012070124523529677,-0.00015233835902220822
2017-04-03,0.002983357768728918,0.0009258149123588099,-0.0006045273224036808,0.0014722191585124337,0.0024165212576730682,0.0009758658512854648,0.003611688530038138,0.0016987752914618224
2017-04-04,0.0006039543509813291,-0.00018694946186069926,0.0015874914359983476,0.002689137887096561,-0.00025519540747019067,0.00027238302369876643,-8.247698188864412e-05,0.000643541549710873
2017-04-05,-4.024392239444297e-05,-0.0010221680788934265,-0.004075300840339576,-0.001960324630223242,0.0003327014713802638,-0.001076056290027423,0.0006528363300842374,-0.0010291945105711348
2017-04-06,0.0005219641036005025,0.0014147278763431113,0.0005306509654650074,0.00016179914911895396,0.0005723702646614046,0.0010851791861868857,0.00045654845074519283,0.0006683690435139145
2017-04-07,-0.0007568206301709296,-0.0018597861106474378,-0.0006301254807010215,0.000741625259848847,-0.0021561204795249424,-0.001653795010979177,-0.0011673899362677866,-0.0010825702013332968
2017-04-10,0.002138987252866951,0.001076517156831319,0.00016466952395397034,0.002454160834787494,0.001688033931949742,0.0012616271261425625,0.002340903476342109,0.0015661024812860923
2017-04-11,0.0038176349993107256,0.0011371633314768432,-0.004219993448061502,0.001669237724356799,0.002616520844087251,0.0007060259934878931,0.004658231363728501,0.0014509481171462897
2017-04-12,0.0014965478949685658,-0.0013782577440467226,-0.0036049092291507274,0.0008503751174036286,0.0006075911112431979,-0.0012435736281403026,0.0021843676793318165,-0.00015669689615861905
2017-04-13,-0.00011167630330707076,-0.0026677070635019806,-0.00398882098506124,-0.00040511239425849196,4.666272298733162e-05,-0.0020454567497730693,0.0008552898281897735,-0.0012025879720211309
2017-04-17,0.0026481724579685297,0.004624821485019477,0.008388571432679221,0.0026935353387421814,0.0014658312032915619,0.004152174595252634,0.0010898057593710562,0.003605201270247918
2017-04-18,0.001268916684890387,0.0005188004707605525,-0.002061487500800506,-0.003784317785450805,0.0025668438493773094,0.000645704053425239,0.002896140948211671,0.0002856092920874933
2017-04-19,-0.005051508129621586,-0.002175672732162731,0.00157011867096722,-0.006647816091392338,-0.003021588460837587,-0.002131550947034118,-0.0048920973895461356,-0.003222461785461168
2017-04-20,0.002166135881137852,0.003989028248843846,0.008365148210951908,0.003578589018368693,0.000991321534405537,0.003730166156271019,0.0006105201619609939,0.003351081691673924
2017-04-21,-0.001498425231750338,-0.0017347323890779497,-0.00022589506559112183,-0.0032635755585929474,-0.0011235904831377996,-0.0015089452294374279,-0.0011655884305353558,-0.0015018910780775045
2017-04-24,0.0009259574663726122,0.005798742485051707,0.0120696602066852,0.00319994855299249,0.002076017908731209,0.005630127335269489,-0.0007775174630805983,0.0041466798390819275
2017-04-25,-6.959632882940999e-06,0.001483002508438279,0.007230180317198571,0.004589922331257662,-0.001153466170525866,0.0017557391476741438,-0.0016797350049952485,0.001757458701207723
2017-04-26,-0.00036369752251466355,0.0006534078760198934,-0.0014059186581295564,-0.0031130598930712915,0.0012133902535286425,0.0003618289803624972,0.00039260860343417266,-0.00032478401817857507
2017-04-27,-0.000492380898708509,0.0007674821883716397,0.006002930414825458,-0.0007183907428457294,0.0005355086066327001,0.0013960735551533192,-0.0005026340490931911,0.0010043837916786328
2017-04-28,-0.0005403635815329874,-0.0009426853061441603,0.001719096728422762,-0.00036996271714828406,-0.00014120330434230953,-0.00037600937646270797,-0.00030643122627013216,-0.00014840320247779974
2017-05-01,0.00025807452212341266,0.0006440118931544625,0.008898205059230994,0.005915267244349932,-0.0004097444264051225,0.0016621704942857182,-0.0009358344310879398,0.0022701007026443894
2017-05-02,0.0007570473280969527,0.0010544675176507525,0.0016761736586885494,0.0011801965438886593,0.0009836880608111668,0.0008885915742932165,0.000948141084250386,0.0010428988253400537
2017-05-03,-0.0049207120431903955,-0.0015559521125737108,-0.0032016020882509326,-0.006078399740618291,-0.0018947045472302113,-0.0019486948713667743,-0.004278543906524037,-0.003405992004913161
2017-05-04,-0.006370280243018856,-0.00019856775108649538,0.0003650111949797798,-0.004224225000850597,-0.002146949494307855,-0.0010762634449904135,-0.005801201756157878,-0.002845887900467986
2017-05-05,0.00469597926009776,0.0024412868615438215,0.003648187962033812,0.005540237376115988,0.001984499269777276,0.0027369340251558365,0.003701835831626473,0.0035655801158167785
2017-05-08,-0.002345155802275436,-0.001076890879941703,0.0021814282307515095,-0.00038954029966390205,-0.001753276520554817,-0.0008107177730768392,-0.002600042653282691,-0.0009792926055693138
2017-05-09,-0.00025165265620023005,-0.0010315307349489805,0.0034560904369614603,0.0048090956710374125,-0.0011772622104238844,-0.00047230451875100607,-0.0007484591719370377,0.0006185128319708765
2017-05-10,0.003625019652215209,0.0009263019128941847,0.000578097214198006,0.0027405004964299057,0.001059756664028965,0.0012060525676982066,0.00305149229455129,0.001894784061207363
2017-05-11,0.0004161423156625428,-0.000923863203507065,-0.0007942338598323455,0.0004102821340335607,3.894260351609992e-05,-0.0005584795558218468,0.0005220763031509609,-0.0001374171019106658
2017-05-12,0.002361110522614729,0.0010421819805653445,0.0022415362057388592,0.0028268466351944505,0.002786274956205221,0.0016403508413563488,0.0030175725052123538,0.0022559335559209086
2017-05-15,0.0029611137378515863,0.0030398347106537645,0.00317434036038699,0.004803250744283099,0.001544723238348147,0.002732682131364839,0.0019761717160215043,0.0028844893267072737
2017-05-16,0.0010804336924507701,-2.1123134711080894e-05,0.004171398403039583,0.0032157901831349166,0.0006914981535905604,0.0008224985122381707,0.0010710271908957118,0.001560500969048491
2017-05-17,-0.00033040958958033924,-0.0074267943935971996,-0.02542617083937382,-0.018537791566193288,-0.00033442791405811564,-0.008090801728716311,0.00318725145467479,-0.008105747572220242
2017-05-18,-0.0009753806709002456,0.0022718433024409264,0.008712136978046672,-0.0038888834245174413,0.0010141483212333467,0.0028284877644526056,-0.000957566588909988,0.0013498635338969353
2017-05-19,0.007156265885807445,0.0037978077791828656,0.004225612570754046,0.011980965597369513,0.00275400929907862,0.003917575069465165,0.005479264544838457,0.005566543152833133
2017-05-22,0.002736115136132777,0.0026141266327359787,0.008416017030074663,0.004316505723890234,0.001266590282672131,0.003241414909226136,0.0017227620977612176,0.003497920084279163
2017-05-23,-0.0018761378461834965,0.0003004049133816988,0.001006925061727282,0.0004518165370089197,-0.0011271088734600221,-2.018897977043746e-05,-0.002376216263597641,-0.0005231427039828865
2017-05-24,0.0033495065408385145,0.002225959673456704,0.0045996221064132925,0.004389178085866409,0.0019902821927790244,0.0024461039183123513,0.003000037702168713,0.0031427335471300743
2017-05-25,-0.00037658368227646514,0.0031150065062629764,0.008513195615754254,0.005967138655191486,0.0009431149868391192,0.002892738357398875,-0.0008256618563465552,0.0028932034667906188
2017-05-26,0.0019015491594157117,0.00013236712452325086,0.0017741051792243834,0.0025825415130110705,0.0007132232562164818,0.0006755970403926516,0.0016548495834365086,0.0013533549179394705
2017-05-30,-0.0014977285882263132,0.0004536991126815661,0.0008147634144744396,-0.0023511654148193496,0.0012673710145460401,0.0004616233541093332,-0.0007101668435807831,-0.00022473673129228488
2017-05-31,-0.0011456807095099214,3.783483302289013e-05,-0.00035366245605484447,-0.0035430071949895258,-4.8093425063789697e-05,-0.00031760553205975215,-0.0005910663211071297,-0.0008510297987823414
2017-06-01,0.0021534417971675697,0.004554146906077485,0.003892697146691713,0.005672737900502433,0.0012719889221932353,0.003539634810494584,0.0013195743621536161,0.003209511718529112
2017-06-02,0.00598340768376388,0.0037513112099114452,0.011421244581322198,0.007698942413219976,0.0038268085406446273,0.00474679917477484,0.0055923471084922466,0.006157960236844785
2017-06-05,-0.0024038819793455158,-0.0011111093500412877,-0.00020928795035369153,-0.0009215883352656937,-0.0017562252237823058,-0.001166921821787315,-0.002536845510754385,-0.001438068861378099
2017-06-06,0.002004582824748895,-0.0006578739736235451,-0.0039739088893128065,-5.312610284202022e-05,0.0018090187306125118,-0.0005267579584897382,0.002609215099214396,0.00013771384699208533
2017-06-07,-0.001679466365355084,0.0003656868463661824,0.003919897538501959,0.00019270094435058525,-0.0013815880037405396,0.00024127252935983088,-0.001913867742571876,-1.438634219743328e-05
2017-06-08,-0.0008665115860622481,-0.00038543982780056936,0.000997971275421997,0.0008107470499618845,-0.0011124391154427532,-0.0002966215392086086,-0.0013472085427393798,-0.0002873547480693643
2017-06-09,-0.0037984418267888384,-0.0012831748735684587,-0.025005327100954836,-0.01800426023227772,-0.0008159237568529168,-0.00470779928560398,-0.0023435552360546756,-0.007945094493539112
2017-06-12,-0.001402655928376095,-0.00019818206781007774,-0.005357637055973229,-0.004103864080187682,-0.0004875942239488091,-0.0012655865457966652,-0.0008283438535279798,-0.0019415934236149913
2017-06-13,0.0029788691193433606,0.0030849002298878,0.008115879252502211,0.006406870882177896,0.0016569895899951363,0.0035849114093502595,0.002206117029080213,0.003971889317454858
2017-06-14,1.3228112755614852e-05,0.0013183119926046074,-0.004346078608440804,-0.002890851731214889,0.0030342569115470964,0.00028502105907313884,0.0015260286449718398,-0.00011027284399883286
2017-06-15,-0.0019004017119950154,-0.0018592890658881412,-0.004436470570610571,-0.0045274806855397556,-0.0016486290167969822,-0.0020469837565379274,-0.0016395608462952149,-0.002606628176210502
2017-06-16,0.00031417786153062387,0.0003537973278392829,-0.004338891249743161,-0.002575670844777547,0.0006594403961508956,-0.00020965253948030703,0.0005212537841264944,-0.0007081609176400691
2017-06-19,0.0016999275678467743,0.0038410840474925466,0.016681113976993286,0.0117588819529467,-0.0002123198283968499,0.005118660559124643,-6.366930615403529e-05,0.005532867645688555
2017-06-20,-0.0029509298417556883,-0.0030656495873114765,-0.007831325856534675,-0.008524257711223632,-0.00015691196412811223,-0.0036869649397682494,-0.00135384322048401,-0.003924734218040649
2017-06-21,0.0005140422698350156,-0.0001851760082718765,0.009902137704985041,0.0051554897317655,-0.0004664566635015745,0.0011248755793323198,6.999387276615575e-05,0.0023287801581593384
2017-06-22,0.0015630879846846638,9.914456103861738e-05,-0.00028382424884898304,0.002068794031404323,0.0006175189450587374,0.0001374757895750537,0.0014672656747281407,0.000794284575876565
2017-06-23,0.0025253884739843543,0.0008280310849941222,0.0038377766892969674,0.004379048234184094,0.000674544397563564,0.0013994449141870177,0.0020105385557151745,0.002232852513586663
2017-06-26,0.0013704044231217707,0.0007286513433787686,-0.004673167082568596,0.002641580867590907,0.0009749022586515439,-0.00010991081594758116,0.001420609915534691,0.00027190369207307115
2017-06-27,-0.005830488482451924,-0.006799616539873968,-0.018138798356274615,-0.014172110458200252,-0.004948667406460721,-0.007939075746738605,-0.0048806664573991946,-0.008979401407694598
2017-06-28,0.004118757543469284,0.0049508949418429656,0.014369862238001687,0.01226173393749629,0.0018860128803959272,0.0069629221967886295,0.0027377868937107893,0.00671076795150967
2017-06-29,-0.007351867109001649,-0.006777310126068918,-0.017354447251942774,-0.01563655879171425,-0.0044701126318359916,-0.00825442473449104,-0.006030780529566274,-0.009410125528239466
2017-06-30,0.002178958591786415,0.00018775269115769858,0.0003632554416264108,0.0013485525634221926,-0.00020261557363287315,0.0014880688236526515,0.001360228125724843,0.000958911476471329
2017-07-03,-0.0005457230976494312,-0.0004401467976744701,-0.01053493341304488,-0.006348639193790742,-0.001617413798235236,-0.0017333812856535665,-0.0009296557086023252,-0.0030936739567297253
2017-07-05,-0.0015038430614728695,0.0016941568315121767,0.009839318387850219,0.006598794093718579,0.0005717104779957758,0.0022430049412723923,-0.001344142834521091,0.0025089417015028903
2017-07-06,-0.0068110611528592714,-0.006268077436852021,-0.009016268425489967,-0.00953263481170183,-0.0035598666022732648,-0.00642024140137154,-0.005609998302417418,-0.006765380534311343
2017-07-07,-0.00042022784242519255,0.0032658247904271227,0.010785951519033811,0.008044935520939113,2.811515063856889e-05,0.003982311145619849,-0.001161260415573895,0.0034690909646036844
2017-07-10,0.002022172427147186,0.0011670339750547427,0.006525940441697034,0.006798281208107975,0.0014291892954530663,0.002220246975151941,0.00164452185406353,0.003118236372218437
2017-07-11,0.0026428771907215753,8.305469852871452e-05,0.002812649264410937,0.00395880619189477,0.0010615222041889523,0.0009076708945422328,0.0022261751004690137,0.00196225499397462
2017-07-12,0.007112498134953231,0.005675761900842154,0.011866455409476936,0.013139659404028439,0.003873706424896379,0.006410204944746104,0.006015978420110892,0.007739523395824596
2017-07-13,-0.00011414874348772179,0.0005956380635150666,0.002203023241314157,0.002765960039569018,-0.000502466443855121,0.0008467018904657568,-0.0005607877456564926,0.000755219872970328
2017-07-14,0.006587017205543702,0.0033669416289302703,0.007871715598978696,0.0088779581323418,0.0026945317925035467,0.004463099323453362,0.005533026567958597,0.005647803892205139
2017-07-17,0.0010488455510011194,0.00041310101068125116,0.000492552772901388,-0.0007485028844303981,0.0006735639467701294,0.0002829155728286349,0.0011927595958512094,0.00047509028972158055
2017-07-18,0.003984122801000606,0.001776812081610016,0.006681532729812195,0.005425341681635137,0.0030554029088083515,0.0027290789723044277,0.00395478055477192,0.003958569660796743
2017-07-19,0.003957876593254212,0.003219331930784186,0.0058388682280960495,0.006879799512063418,0.001529135503545618,0.003907217328794487,0.002935224032814456,0.004034741501693925
2017-07-20,9.94668755863957e-07,0.000379666265227149,0.0013201879604118883,0.00021264789898195043,0.0003435735255834763,0.0004835461950056782,8.838825287234452e-05,0.0004103604035307419
2017-07-21,5.444763121565657e-05,0.00017313796787304058,-0.000416393159566319,-0.0005530026405023877,0.0006069684119845573,-0.0004400017251468114,0.000518317547283614,-1.1697934743470201e-05
2017-07-24,0.0002433249411442798,-0.00040742238507748526,0.004579874205642652,0.003691659200420248,-0.0005229484554855232,0.0005645284485647394,-0.00017071508606196059,0.0011484789102700278
2017-07-25,-0.0020223483231711814,-0.0007762724951996321,-0.0025559795521635778,-0.002339185576145107,-0.00312729038318202,-0.0006393227385778594,-0.0028021384084836697,-0.002033836156296938
2017-07-26,0.004923187928495772,0.0012929078670546464,0.0032551139060088548,0.00529453333913155,0.0027449874193560563,0.0019263408599468554,0.0046875452942748055,0.00343590214581142
2017-07-27,-0.0016725056212088172,-0.0011932118521080265,-0.006281970282754565,-0.005708110562400876,-0.0012509948294460527,-0.0018291253583791558,-0.001522413790579608,-0.002788280422693675
2017-07-28,0.001979890800414211,-4.5083978839287865e-05,-0.0008499763586170257,-0.00013797235081513498,0.0013091733438372463,-3.944453254746471e-06,0.00222547424414995,0.0006312647088226508
2017-07-31,0.0006315372018671029,-0.00022724221400079875,-0.004240662878834726,-0.001100627023426593,0.00028111707162420803,-0.0007120544909474974,0.0007052074840026535,-0.0006751095824943019
2017-08-01,0.001431679125349122,0.0023309343408581575,0.00230378059809255,0.0018975632762444799,0.0020251949486625826,0.001829234131620146,0.0016724513067570815,0.0019347206758905066
2017-08-02,-0.0007782601244689684,-8.423629145158374e-05,0.0027168735457601075,0.0015626046532072686,-0.0005840090591199995,0.000488878168364826,-0.0010583444197713918,0.0003252004579240416
2017-08-03,-0.00026434772042082603,0.00022458161771553038,-0.003890327835453062,-0.0037397707677997343,0.0014776678104669483,-0.0007946942826877706,0.00045783448966555957,-0.0009358969328611079
2017-08-04,-0.001169963891786811,2.753795628820943e-06,0.00181301988023374,0.002203581202658838,-0.001654984889502238,0.0004107283200918866,-0.0018500054916617116,-3.2053616369604187e-05
2017-08-07,0.0018599651385758978,0.001339007902699214,0.006334987133976394,0.005710738631349825,0.0008713316793207078,0.002246741254940909,0.001311471433485305,0.002817718441249405
2017-08-08,-0.0016495197492737282,-0.0018656097516994664,-0.0017820436571057393,-0.0010009949337418248,-0.0024003937221022034,-0.0017679053045656207,-0.0019112250108512415,-0.0017561623743654836
2017-08-09,0.0014224118886051436,0.0004627144385505293,-0.001316271747756741,-0.0026897924147007398,0.0012305918554750281,0.00036978290530036324,0.0016923132328246547,0.00015069062836931143
2017-08-10,-0.006901782051640961,-0.006961854927645079,-0.02144062973223438,-0.02124958198587297,-0.002001107647294717,-0.009886320660613485,-0.0042563262289853614,-0.010364133102888296
2017-08-11,0.0018662934017139718,0.001330829817895575,0.007586899366163181,0.00547221327793295,0.0015454377173940252,0.0024952217745956022,0.0016153341055079183,0.003099282766832176
2017-08-14,0.002722292710919382,0.004920216118053227,0.012878338055861466,0.00983048267665491,4.3115305490050936e-05,0.005865936397533942,0.0012475184196964594,0.005339471715826934
2017-08-15,-0.0024780497079065454,-0.0012716633136382596,0.0006949586820075302,0.00025254639832889215,-0.0019631509330932787,-0.0010387100624885163,-0.0026107683345941183,-0.0012057257722125738
2017-08-16,0.003426333230149065,0.0017947958130825536,0.0017358530003219919,0.003747170608279863,0.0018974555604021784,0.0016231335768253257,0.0032026951427720864,0.0025100970201880277
2017-08-17,-0.003918118182291126,-0.007946490966659213,-0.020456637420963597,-0.01649550506178445,-0.0008896404354592607,-0.009844084046249722,-0.0016370204324489244,-0.008730589556095326
2017-08-18,0.0013114733768460026,-0.0008552319762223615,-0.0007075144609290864,0.0032376754593525397,0.0006079765774598728,-0.000156264258588188,0.0009800700331511888,0.0006369907381796956
2017-08-21,0.001072401179885606,0.0007293191970724072,-0.0012744964673149176,-9.301631198625456e-06,0.0001718878060502371,-9.596506452424629e-05,0.0011073141676906685,0.00023885233700449355
2017-08-22,0.0027678482712669523,0.005431478536739849,0.01524278923443866,0.012969339191325637,0.0008960261792024156,0.007090530945732429,0.0011287307873832412,0.006458550469086229
2017-08-23,0.0038493325653216025,-0.0007591356253788472,-0.0035615654295658643,-0.00016416027453514028,0.0025839794670572836,-0.0009289675273590067,0.004182856027409009,0.0007539289264597352
2017-08-24,-0.0017884517089066512,-0.00202659611274371,-0.0029436242251732418,-0.0007275869780434378,-0.0017673192471283014,-0.002140395036365332,-0.001819030506859437,-0.0018876907741714054
2017-08-25,0.002267283862002225,0.0020683318197408157,-0.002108633714567367,0.0008727526457061041,0.0017876732567098448,0.0011892749700534526,0.00230519469187582,0.001199670500313408
2017-08-28,0.0009161179250198795,0.0003330679290648491,0.00193431276080823,-0.0007892380654129466,0.00038343809281505496,0.0003833065137617297,0.0009148291313779015,0.0006216495295069703
2017-08-29,0.0007010581471204667,0.001613684832616995,0.0029907374533882495,0.0007427227238125788,0.0014523479168209962,0.001395399980401859,0.0007518588470987538,0.0014120341595240955
2017-08-30,0.001718470086995376,0.0025071184204071453,0.010081772294883846,0.005714987569887635,0.00036047761271558383,0.001093594579573431,0.0008968876324921951,0.003274627817089239
2017-08-31,0.007769588570048846,0.004242535233435517,0.00922845745129815,0.005656994719974311,0.003952420955010984,0.007564410496657952,0.006568467286802691,0.006469789675245182
2017-09-01,-5.2671415106519156e-05,-0.0003201655078955859,3.9652914933513716e-05,0.002906643189925812,-0.002211825478404419,-0.00010691437277500357,-0.0008628174810814653,-0.00012483525532661576
2017-09-05,0.001103682873042601,-0.001566834599757394,-0.009637113320954195,-0.00935463044579766,0.0037784635912568643,-0.0010091047904873729,0.003107981934369117,-0.001982658401359623
2017-09-06,0.0009078317975430047,0.0010872708992228025,0.0036019714437397926,0.0042132717001469805,-0.0009736291710907269,0.002334652092162258,-0.00016487605839986133,0.0015607867976505376
2017-09-07,0.004837481306749811,0.0015904957693781807,0.0022696043670339416,0.002540921600926869,0.0030032466890199073,0.0012838198433282077,0.004843831058795375,0.002956395562120989
2017-09-08,-0.0037577431946539553,-0.0009986999508356227,-0.008661441415079284,-0.008518552303913827,-0.002139299076310882,-0.0024481285969811094,-0.0031817619901674293,-0.004216654729936864
2017-09-11,0.0013121981797929625,0.004097528222672893,0.011510543643611591,0.00767363266137819,-0.0013751149156072994,0.0037417836996068163,-0.0007316548586908538,0.003789388062871749
2017-09-12,-0.001159087097342123,0.001075634213813393,0.002399451604642168,0.0018470129739999823,-0.0006038497015722174,0.001271301365143208,-0.0014728380591471158,0.00044770935373553123
2017-09-13,-0.0017690342786463086,-0.0005184631985301112,0.001368038723498886,0.0008527413202481181,-0.0008463301766837383,0.00019397120964667044,-0.0018389594805675346,-0.00042016866678094004
2017-09-14,0.001827762669979588,-0.00011992735600932279,-0.005873568224476702,-0.0022218630183429336,0.0008674321109101732,-2.1720998940385016e-05,0.0020928294040304836,-0.00046287329644898015
2017-09-15,0.001636696158199257,0.0012918901853311098,0.0034348808699786707,0.00367654051896281,0.001303941824322303,0.0017607546184668405,0.0013288636942574796,0.0020765712596287293
2017-09-18,-0.002590860281752497,-0.00039314475572361856,8.346002138582924e-05,-0.00016392245465164483,-0.0013412002652573676,-0.0002394461309788273,-0.0027627897607788994,-0.0010992467249867671
2017-09-19,-0.0005027922846791307,0.00015639162644453462,0.0018641604248978319,0.0010212668457478956,-8.261042678378801e-05,8.097452182635924e-05,-0.0006091826121441069,0.00026707997987726275
2017-09-20,-0.0013371831307445584,-0.0005634833040578965,-0.003553798564699061,-0.0020570374569983713,-0.0005957516178342424,0.00019134955712750472,-0.0012966734374991696,-0.0012846784532496186
2017-09-21,-0.002669579550879026,-0.0021347158920538463,-0.004208540069672778,-0.003263162804578286,-0.001495068911276585,-0.0023168529219080147,-0.0021809312916837745,-0.002649327100920013
2017-09-22,0.0001001915758979647,0.0008282956091099228,-0.0024540098891214167,-0.001498805538863698,0.0012890736551915483,0.0009963995137443364,0.00047216377498936337,5.93874581283587e-06
2017-09-25,0.0018416422506836465,-3.9375189324228734e-05,-0.012546351257601614,-0.006331110066877489,0.0023346712938924715,0.0010249460347546099,0.003002013144746759,-0.0014280524847379474
2017-09-26,-0.002328281643251498,2.692734453739416e-05,0.0009455308756116253,-0.0013319995960050879,-0.0006191726634470413,-0.0005940786082930874,-0.0021821574511679365,-0.00086910098173572
2017-09-27,-0.004173705115005909,0.00022945169058536145,0.008955042809564627,0.0031775349833531807,-0.002122962660666509,0.00026635364436368414,-0.004800686575915342,0.00013123420901374434
2017-09-28,0.0007993452114138223,0.0006479806401890014,-0.00034634268607647105,-0.0001699808537037205,0.0006732182061692615,0.0006529539161097773,0.0009083169918687554,0.00045187417185832765
2017-09-29,0.0017774718864513165,0.0016333243919253778,0.0072017938222728025,0.006177311846414849,0.0005664371465982264,0.0013132912521988133,0.0010497853872543108,0.002829184804062778
2017-10-02,-0.0014330657250175172,0.0021680409441214217,0.0008937179588677189,-2.2834289635642298e-05,0.0007062119988869918,0.00160140173744805,-0.0013512807756555093,0.00035927456603881416
2017-10-03,0.0027368496975247523,0.0018521875214241523,0.0021295180983522664,0.005566468616677512,0.0018103749663118487,0.001793275515055809,0.002395332329234878,0.002668088302098994
2017-10-04,0.0011424985617085152,0.0006067391842321024,0.0009596563524734154,0.0007216011044268241,0.00015427879351570192,0.00071300114552955,0.0008897169688327427,0.0007378722135578091
2017-10-05,0.0029724890691340145,0.0031794086488085996,0.009792514159580708,0.008798765569373701,0.001515250701780521,0.0040154009060958075,0.0018536235394135772,0.004576767891898703
2017-10-06,-0.0026986000295543427,-0.0012394722176054414,0.0012896290779214033,-0.00035739843687721635,-0.001995784376305379,-0.001179972456461073,-0.002536688024984236,-0.0012977929239570117
2017-10-09,0.001437036084374455,-0.0005384508728913642,-0.0011516955901215125,-0.0007716544501789331,0.00020693937194959312,-0.00040966689880636586,0.0015207794690537942,3.581243248550836e-05
2017-10-10,0.003684791714317696,0.0017320394981292441,0.0007464540694228826,0.0025715236286603708,0.0017069499705321285,0.0017098647840179928,0.003141350725814101,0.0022327116710350297
2017-10-11,0.002242189512582678,0.0013941500002166481,0.0029806349000713905,0.002888315988975957,0.0012066499664237923,0.0014067161120005054,0.0018191281765782166,0.0019912781258942303
2017-10-12,0.000851999797632779,-0.0005181019950721978,-0.00182369215788369,-0.001104486827793309,9.186592573404547e-06,-0.00047040063115357054,0.0009652508099917158,-0.0003064278762567754
2017-10-13,0.005403225807892632,0.002083811594404705,0.003857111568580607,0.0043746505771150536,0.0030707369274947482,0.0021713109369384314,0.005116897443718715,0.0037544136346097127
2017-10-16,-0.0010085506763268701,0.00012319121274007667,0.0034381605775586246,0.0019100127236868947,-0.0004894128201841841,7.644906887871897e-06,-0.0013500786842196588,0.0003807482006389826
2017-10-17,-0.0011094065567816905,0.00020343848691650596,-0.0004637450724550706,-0.0013683710251133762,-0.00010716246846375931,0.0001579199810444998,-0.0010188438121347923,-0.000489376777374931
2017-10-18,-0.0015495379220598104,-0.00042443149628115134,-0.00028101781144412305,-0.0005572084287805545,-0.001164439742186889,-0.000572245398275338,-0.0016761314637604506,-0.0009010394529567027
2017-10-19,-0.0010626915436935099,0.0005770329545483534,-0.005024409017640626,-0.004011541981050044,0.0005428525676105234,0.0006090489956559283,-0.0004748123218180644,-0.0012374206534465203
2017-10-20,-0.0014303144037549381,0.0014518052837248425,0.0029533483377968592,0.0012028693024121288,-0.00041399086364082166,0.001060631591462127,-0.00205679079373045,0.00041080640352627305
2017-10-23,-0.0018919194431777572,-0.001971570213581039,-0.006904682992987806,-0.005318236635850196,-0.0007430699110528235,-0.0017684643434050544,-0.0011191716544213964,-0.0028156454135418187
2017-10-24,-0.0008565855966296064,-0.0001421078828049518,0.001254898898998437,0.00011833571386139357,-0.0006962915422608439,-0.0003428251612922744,-0.0013450308101083054,-0.0002672905702032082
2017-10-25,-0.002374450598163151,-0.003622980942361174,-0.0033695836803879406,-0.0030363178337990625,-0.002687357619787952,-0.0034824415515158588,-0.002241093270696699,-0.0029875425832652505
2017-10-26,-0.002878665482365691,0.00021265417403276978,-0.0032205300723581066,-0.004006156334911603,-8.565865589240008e-05,8.058686833224643e-05,-0.0024922493236093834,-0.0017822991515914445
2017-10-27,0.008766830645937761,0.0061980504808581425,0.029123390495682435,0.01750399047703707,0.004966511093042541,0.005862695283636552,0.006864304166549354,0.011282290306708916
2017-10-30,0.0013604486964661135,-0.0008124529979965786,0.0022484412224190744,-0.0018611678088009875,0.0010336530215656137,-0.00033837396620194055,0.0017874939941652838,0.00048213434885069004
2017-10-31,0.001290510071949603,0.0006711872087260626,0.0037603750189383286,0.0050750767214962295,0.0001826341933547001,0.0005000115884281534,0.00064470026736882,0.001750373472703893
2017-11-01,0.0024284684494602655,0.0010353724018126913,-0.0003287315864669533,0.002495163450724696,0.0009302364626489455,0.0010201268160435065,0.002276443492575977,0.0014178384150217837
2017-11-02,0.0022918690927879073,0.0007601627234319907,-0.001907100293343727,0.000151765549125715,0.001124054247592752,0.000772716420786426,0.0021881817508086496,0.0007755402178214012
2017-11-03,0.0013901894535846698,0.0026447468701566537,0.009617657528157898,0.0018138713227329802,0.0023804497550686415,0.002515285642259409,0.0010898403116967425,0.003048595333167772
2017-11-06,0.006149642860437507,0.0013710304683274411,0.0033465721291729314,0.007280933287994861,0.0020851260734686644,0.0011008523438982678,0.0052706169988739155,0.0037927929560783377
2017-11-07,-0.0004906350123022011,-0.0002670137285290967,0.0005851338204827489,-0.0025720558349302536,-0.0004091573768378084,-0.00047766798266602167,-0.00034276262851496233,-0.0005641313191738118
2017-11-08,0.001371012187993158,0.000531913351792137,0.004028996093692559,0.0038566991887372414,-0.0002744468650532219,0.00018323339879112917,0.0008221645518421395,0.0015032507137974038
2017-11-09,-0.0015428568226659618,-0.0023284931179502243,-0.005242840980920091,-0.004927650934693068,-0.001555657702911964,-0.002567147138345262,-0.0012930686638641504,-0.002777061852371793
2017-11-10,-0.00438061148581984,-0.002218087041104464,-6.473027179465655e-05,-0.0019541606669499327,-0.003362406245720916,-0.0029341713500712057,-0.004607297726441543,-0.00279658095384436
2017-11-13,0.0005948349325326941,0.00037035131081850526,0.0012360499073278384,-0.00028450559560139866,-7.328606293366261e-05,0.00037317305096354336,0.0005210904540795683,0.00039249729227853135
2017-11-14,-0.001994077451574973,-0.0008309660407928747,-0.0036392322524583295,-0.005139936400772558,-0.0006881070013625134,-0.0007284354226495444,-0.0014566911657290836,-0.002054489619761864
2017-11-15,-0.0010728379939299161,-0.0016631427092894675,-0.0050602826677829844,-0.0035317472846899903,0.0011929367390033944,-0.0005524890551286526,1.5252890421607075e-05,-0.0015577681156519613
2017-11-16,0.0038279631677857044,0.004061841168652284,0.016824393483953797,0.012333327763936029,0.0004209071255524649,0.0031392183822195915,0.002846375811253409,0.006181669818414272
2017-11-17,0.003545773911483232,-0.0012375894684971242,0.0006064934648647182,0.003448157069479948,0.001191549044033256,-0.0005881946166224026,0.0024880112095668635,0.0012514797729103744
2017-11-20,-0.002163357634436332,0.0003818039953233008,0.002217813602508132,0.0004497945843140315,-0.0008679119470749357,0.0002838949560613277,-0.001621534448744355,-0.00021422192578298668
2017-11-21,0.005948325116822057,0.004003526225677639,0.012144211277534303,0.010541256677302421,0.0028219996468377188,0.0039052860089381918,0.005015642488264831,0.006348949034204637
2017-11-22,0.002851885702126663,0.0007445195442465936,0.0018817379715438825,0.002654069419308113,0.002477793440102411,0.0014009707288813117,0.002885185203946708,0.0020987237064915495
2017-11-24,9.813061391472281e-05,0.0010499653094231368,0.0007274278256240262,0.0005160690626118134,0.00012293244108876723,0.0005818714965953461,-0.00010363498873986631,0.0004779817544514394
2017-11-27,-0.00225879365516471,-0.00014828506138976383,-0.014783532779140176,-0.010114679220433593,-0.00014372827740683142,-0.00040798944182322724,-0.0018618163527715913,-0.0040835460914594645
2017-11-28,0.001645638749008685,0.006159697563847802,0.007444830432918208,0.005377563060195148,0.0025394369880825675,0.005139920055066784,0.0012461788452204246,0.004170926070213987
2017-11-29,-0.0070541891785204204,-0.0016384481549399912,-0.01583593717616449,-0.015649444195920046,-0.0029528205358255104,-0.002273899181780633,-0.005863574061130403,-0.007302930745268847
2017-11-30,-0.0012970779008207548,0.004040349175855971,-0.010941934132991896,-0.005119061556733308,7.996704264490666e-05,0.0027317361394073726,-0.0017856172272521001,-0.0015078770696564416
2017-12-01,0.002596169585747323,0.0002008887655366035,-0.005640030457604413,-0.004436376560749928,0.002472698015690237,0.0007597426010916898,0.0030636831327664014,-7.459396299845482e-05
2017-12-04,-0.003311937798229964,-0.0009180358563105282,0.001963748703384535,-0.00261305516311634,-0.0009547472561871632,-0.0004891217625059514,-0.002305048220301446,-0.0013758497744628183
2017-12-05,-0.0012646465143842007,-0.0018730861496419897,-0.0006533339059335832,-0.00033873046729692807,-0.00010348582034542907,-0.0011272051395139998,-0.000921595506209032,-0.0008875654367932401
2017-12-06,-0.002499844455439416,0.0007975709447001237,0.0018788044367615848,-0.004489795380812936,0.001070698468814147,0.0007466749221612021,-0.0007765848278212508,-0.0007463347515880725
2017-12-07,-0.0010864860491269872,0.001173789257060041,0.003317370272059149,0.0012315145916508257,-0.00029751829687560546,0.0005717988020256484,-0.001398512065555921,0.0005175357767718969
2017-12-08,0.0032993926625145046,0.0029747790601590586,0.005401431710039217,0.007104432003405715,0.0010687384096145524,0.0022538239753856753,0.0022312093317916077,0.0035801226114187106
2017-12-11,0.0013779739660218096,0.0015512648348256896,0.007380853866134301,0.0049093625158239795,0.0007712615026869701,0.0013955023000130947,0.001166987154987828,0.002625662475996721
2017-12-12,-0.001214965378643706,0.0007267560674635956,-0.0020792203814009266,-0.0033187704687879277,-0.00015501172471220722,0.0003002428999089103,-0.0008084837356220141,-0.0010306833896204575
2017-12-13,0.0038478394033513125,0.0015439168655577745,0.0032939251771494558,0.007198998805727546,0.0025746210744851347,0.002049486839045338,0.003871750373366667,0.0036001509354537968
2017-12-14,-0.0006326187161265946,-0.0026126553824247995,-0.001612460243506898,-0.0035733928920682,-0.000981603950476604,-0.0018223659051493184,-0.0005003789523434706,-0.0017604769372041482
2017-12-15,0.003771403006350761,0.004782798767322577,0.0039527336030433236,0.00511679896269144,0.002363867367740122,0.0033264533151646167,0.003452713510105784,0.003920915894581701
2017-12-18,0.003038844546017069,0.002917430033564041,0.010656521734719543,0.00630622420590934,0.0003891468753883953,0.0022559751941591097,0.001780650145915517,0.0039124896010623135
2017-12-19,-0.005628844621693137,-0.004114791672008539,-0.005418472346559843,-0.006685796629511734,-0.004293973036299259,-0.0037745122183388846,-0.005456234322977273,-0.005053529208148828
2017-12-20,-0.0021995570590169983,-0.0014805519116839372,0.0008096995121783474,-0.0016660779353106516,-0.002139120848106358,-0.0013312522931700156,-0.0023250291764539523,-0.0014760017101074288
2017-12-21,0.0017917206184583142,0.0015246066138433721,0.005202402252972469,0.004228116873077124,0.0012210968808169806,0.0016274135892365477,0.0018958668129861092,0.002443424623529237
2017-12-22,0.0028936748530579938,-8.14198260126327e-06,0.006455620978032573,0.0040862004399764154,0.0002151615163522403,0.0007370689443291481,0.0020117581669208723,0.0022676700195082377
2017-12-26,0.002666950194567144,-0.000573329961919719,-0.0018005640844867994,-0.001169721773777424,-2.3108852275129793e-06,0.00033624644997373596,0.001629886812158323,0.00010194314881324413
2017-12-27,0.0038783933451131793,0.0019340912197278524,0.0025121692386444352,0.0022664909658297286,0.0029878912271497525,0.0025262311161117087,0.004004958104767136,0.0028814144851807572
2017-12-28,0.0025112739369721215,0.0007388642241714529,0.0068699910948404296,0.004916840264681438,1.874272881027521e-05,0.0008210116784236288,0.0015537657972495022,0.002451527921332741
2017-12-29,0.001023854529415954,-0.0016166261143222937,0.004690702278043799,0.001814146054884276,5.16473347160622e-05,-0.0003643277965612116,0.0007724893361381351,0.0008569670658929069
2018-01-02,0.003989788530808307,0.0029533909231813024,0.01888793389179155,0.016527196123947648,0.00017983336766614006,0.002397885207568054,0.002283938663049076,0.006712758726272033
2018-01-03,0.0037588880960014092,0.004219249086899697,0.009581397088475939,0.008353955571609286,0.0028564417446537084,0.003907704602728076,0.0033959286643968885,0.0051781011310221906
2018-01-04,-0.00032535393484135744,0.0023498940919927597,0.0049513198896711215,0.003735562879980949,0.0009159065576011759,0.0017142588353457535,0.0002503105043503115,0.0019412680555095671
2018-01-05,0.0019075431487992267,0.003531966223794895,0.008622756981496503,0.007411686909165173,0.0010664620715186062,0.0024698097460073586,0.0017370869127080898,0.0038611158072159053
2018-01-08,0.0009787768186142213,0.0008915878319255651,-1.547453521534276e-05,0.001027443192480429,0.0001982557173841269,0.0004801978498233734,0.0007361840643396168,0.0006147782231262045
2018-01-09,-0.0035583251839829354,-0.0005410303016788686,-0.001628518119735857,-0.002018506979262344,-0.0021503861036805947,-0.0011936127463320382,-0.0035741141064775145,-0.0020848844310236217
2018-01-10,-0.001796794439806178,-0.0010353344336588332,-0.006320155898868474,-0.004146687566564957,-0.0004965668296066418,-0.0009195041598851184,-0.00122978043022887,-0.0022787042428034253
2018-01-11,0.0029839941083300587,0.004658245410544928,0.00615517246754149,0.0060526218137893755,0.002622147422695586,0.0036668847912526056,0.0031307591379731528,0.0041818975290882215
2018-01-12,0.0039549971118298475,0.0036692107613873048,0.009584083505525639,0.00851494308366173,0.0018305294214663406,0.0031707105602627175,0.003364369483666998,0.004879675528918558
2018-01-16,-0.0006632080302857188,-0.0018803742383695589,-0.0038376384861964477,-0.0026588560488028435,-0.0009397662739432935,-0.001578013991329887,-0.0003591369231635269,-0.001711318592646474
2018-01-17,0.003028901197858993,0.004890246082380932,0.013179326047282334,0.009981228329629815,0.0015264576234269693,0.003584740459084614,0.0019398770388536113,0.005462347837238668
2018-01-18,-0.0035550159154180694,-0.00230267874867391,0.0011707814766437768,0.0003366867200318074,-0.002608707192782284,-0.002236953112230529,-0.003427926519632666,-0.0018065118066294425
2018-01-19,0.0014477550966616114,0.001694298351864738,0.008195083612455566,0.005118316795439373,-0.0004039486592137004,0.0009196625127737725,0.0005776407031157022,0.002523618171369715
2018-01-22,0.004189441938674891,0.004741785305964921,0.005749272110000975,0.007310614792308958,0.0023151654235905057,0.003539780374013361,0.0032402264550881214,0.004441117403590119
2018-01-23,0.005845937764045594,0.002427014279430929,0.004730922809038195,0.006006502849556188,0.0028378422232225057,0.002898062235582997,0.005040441990250723,0.004252210296587986
2018-01-24,0.0012421669752054072,-0.0009959491501051927,0.008436449305604382,0.002605461408254098,-0.0009153042478046232,-0.00014926884914318202,0.0004016664101621064,0.0015510808992428415
2018-01-25,3.526741895284503e-05,0.0011325629080769285,-0.0005836904212066521,-0.0010817263529034758,0.0013182597468658196,0.0010485764705125192,0.0010498180814101762,0.00041797671527221247
2018-01-26,0.004235415253727466,0.005811403069192305,0.013821357404936159,0.01317431101601589,0.001914622869921831,0.004428344517925014,0.003136033822678169,0.006679237020068052
2018-01-29,-0.006774843307522908,-0.0050080933782323325,-0.015197053088595699,-0.00984858701684818,-0.003748500883415368,-0.004910153654173612,-0.005649341659741597,-0.007309859247865697
2018-01-30,-0.006909314536498916,-0.007073786222633579,-0.013647933374759438,-0.010252891257001977,-0.004857232161757159,-0.006383328305926155,-0.005998947047639493,-0.0078780915391821
2018-01-31,0.005247615439379395,0.00041375008265972434,0.008697405149292065,0.00690400640013712,0.00041433540693434077,0.0009016514230224852,0.003964759210090669,0.003762581855591475
2018-02-01,-0.006167698849339636,-0.0027560470294734503,-0.013521315755448446,-0.01025899440439148,-0.0032326254840460847,-0.0032809762646482396,-0.005652496456176775,-0.006375178287185057
2018-02-02,-0.013666921244411056,-0.014509282126622147,-0.025625992672799955,-0.021402605295757184,-0.009555829451100622,-0.012785223060150012,-0.011766724229405272,-0.015605769886564634
2018-02-05,-0.014729796511487854,-0.021491266604848874,-0.03506616878155198,-0.03359878018141865,-0.006978652675235194,-0.0151600972176732,-0.010885068113425067,-0.01962495001428237
2018-02-06,0.005076069129099665,0.009626218390744977,0.03253748383432727,0.024820662276772664,0.002177086761829838,0.006919368432253759,0.003729277988205184,0.01191090866451216
2018-02-07,-0.009550526190202795,-0.004482781432281542,-0.029627583362579698,-0.022070004333506157,-0.0038687704845611357,-0.003841950131782283,-0.0074619574889819365,-0.011579080732529801
2018-02-08,-0.01730677022863065,-0.022130469568332402,-0.035453242214139764,-0.035103296693948516,-0.005752730371654016,-0.007895592563975248,-0.011435878636523206,-0.01939367256780603
2018-02-09,0.004863675772358664,0.008141568948177988,0.016113767029560425,0.014415069477804479,-0.0011477125436776187,0.0012898375426248746,0.002106145821690301,0.006535322297046529
2018-02-12,0.006983824228160032,0.008603388528388881,0.015939675943325158,0.015613512070210911,0.001987218772597232,0.0031437364179396385,0.004323648769180962,0.008092948794670913
2018-02-13,0.003950238460018045,0.002156062505887348,0.007373008319423111,0.006253739371988603,0.0012817840912927752,0.0018391495546324437,0.0031521661443902303,0.003709820489771471
2018-02-14,0.006776468024104809,0.005631128791674321,0.02437859234889854,0.021649251219829187,-0.001614603450916842,-0.0010338293818234587,0.0029455969441285436,0.008420045296162307
2018-02-15,0.00811826469587594,0.007804655300872984,0.020327086381280963,0.018053791243785942,0.0029775383834029843,0.0031054643207176903,0.005893409843037887,0.009544702419491595
2018-02-16,0.0007527826411308805,0.001051017077447495,-0.0036102522290159603,-0.0035140701366098326,0.002075217919029474,0.0013045730949412717,0.0015319940618407778,-5.136059483782637e-05
2018-02-20,-0.005546657646459731,-0.0041852558429659355,-0.00965755333379116,-0.009420533347459164,-0.0013145766483650652,-0.001948224238882489,-0.004856503543292356,-0.005296866989744474
2018-02-21,-0.0060988422706588705,-0.0041588249252408225,-0.0013488639209542845,-0.0020554184990402135,-0.003053919208666559,-0.0036575641997266327,-0.0060188411629195845,-0.003772867044616244
2018-02-22,0.003662681817681956,0.0013290634524775824,0.0004223712069367973,0.001098982370512973,0.001948908673143701,0.0013033579121906095,0.0029638486707710627,0.0018291420845397348
2018-02-23,0.010300139447715366,0.011069456302277693,0.018499213624104296,0.0156184577053356,0.005152324762673653,0.00615435836176022,0.008667079972350781,0.01079740649334944
2018-02-26,0.005300986892538928,0.007444068302232063,0.010300705210308106,0.009236478099663452,0.0024477039806096988,0.002942282194119689,0.003979126306248694,0.005977369724719898
2018-02-27,-0.0118654276924236,-0.008772969743498638,-0.02470830489526349,-0.021607326395158454,-0.004546026211965682,-0.005022516097954512,-0.009276758702149262,-0.012334970228093656
2018-02-28,-0.0037865846408689746,-0.005281468732790982,-0.0074992701688422975,-0.010618554382994673,9.478437620418517e-05,-0.00021861636560585381,-0.0015997071188561202,-0.004186971315880684
2018-03-01,-0.002431875253935234,-0.006946768605285319,-0.014637358332987573,-0.006541716586773091,0.002272084921463183,0.0015954416940959935,-0.0009992390753496944,-0.003830268609559793
2018-03-02,0.0008839506368803988,0.0015421781722135027,0.008587602282293287,0.0053212964179367855,-0.0026297848121866244,-0.0015438904526410971,-0.0007407238029941089,0.00156107048512142
2018-03-05,0.003904050128713959,0.006355710294830642,0.009949453192191024,0.005598713355514894,0.00043829989059983277,0.0006866473938775668,0.0024122955018396446,0.004068179581600288
2018-03-06,0.004093792786809989,0.0014756045195201148,0.004827494528255439,0.006569498004014511,0.0004302398870232491,0.001329321311811489,0.0027974112084706783,0.0031331205296663382
2018-03-07,-0.0010417295185671308,-0.0002193010254442522,0.0021626653914362482,-0.0006775104347373315,-0.000812051847749707,-0.0012272293585835086,-0.0005389517585040639,-0.00031875425256647357
2018-03-08,0.0015421443478815635,0.003722547463786913,0.004884151909995779,0.001037541125484453,0.0017404965660025775,0.0013399684932383254,0.002010160524560736,0.0022970134755699602
2018-03-09,0.006850545687859797,0.009537256103637747,0.02001438160040779,0.018239866223774794,0.0004301784952040396,0.0008594683359892119,0.0033987876037390465,0.008476641024835134
2018-03-12,0.0020461188848616167,0.0001720758493231042,0.004362191227446956,0.003170665053703398,0.0016503526759667714,0.0018833678835134856,0.0021328792639293435,0.0022129818482128595
2018-03-13,-0.0025477421645230475,-0.0032426899408828968,-0.01211241225888719,-0.009470578277956282,0.0005246183320967668,-0.00017623474377940302,-0.0011541715310215903,-0.004074512918297394
2018-03-14,0.0010613990544985194,-0.0023104881738243302,0.0004137936877032269,0.0007868597827320895,0.001200203787378543,0.0014054220136900696,0.0015663484438968721,0.0005816711481017651
2018-03-15,-0.0013549164777838171,-0.0008098346500842531,-0.0017813527573871859,-0.0023966234750615943,-0.000427564700209271,-0.0007880295341691456,-0.0007939974582143719,-0.0011877412379641416
2018-03-16,4.85706261795905e-05,0.00018231746313129117,-0.0027294854319507415,-0.0021879368565352114,-0.0004958419597358958,-0.0007114576247335174,-5.149201161420118e-05,-0.0008500000179502659
2018-03-19,-0.007373730630702089,-0.00851540372446447,-0.01786936562993282,-0.0137891454797387,-0.0025810090655770967,-0.003148076698679586,-0.005651846706106439,-0.00845256306811406
2018-03-20,0.0005306814159636879,0.00017658521179311483,0.003229502427329242,0.00651474704330321,-0.0009929749216176704,-0.0010430507104511521,-0.0008586953967280635,0.0011150603299271695
2018-03-21,0.00321890388518441,-0.0008794876830096314,-0.004353996019346253,0.006319582559376716,0.0019904584603419742,0.0032781197126148455,0.0018279450356239258,0.001625316547667339
2018-03-22,-0.009464350661609285,-0.013361048186809514,-0.024682408800130524,-0.022703209340152707,0.0005790554669713366,-0.0002470623800642644,-0.004790575175031052,-0.01076701464854876
2018-03-23,-0.007189264289641328,-0.012087834367491087,-0.02635132811199713,-0.012860334825676778,0.00010588690573212225,0.0005325742934414348,-0.005202625210805015,-0.008989508928976238
2018-03-26,0.011983493266178796,0.0149529792022388,0.03715835900663354,0.024081340164666017,0.00010646996533532783,0.0017868159147614966,0.007693516612656345,0.01381651902723543
2018-03-27,-0.005942288220558544,-0.007824490492145456,-0.03236015780907295,-0.018152523587817805,0.0028877787249967763,0.0005645333502033777,-0.001763055756485111,-0.00885728280748454
2018-03-28,-0.0008167544261753383,-0.0018211123611149706,-0.011503854695561462,-0.007270299044004879,-0.000691431920102188,-0.002278889097987219,0.0003444567549808386,-0.0033442542512130413
2018-03-29,0.007904885844426737,0.008424584770053015,0.019808315221810823,0.01378610812721765,0.0035462523274195283,0.004080094874405924,0.005910321990625674,0.009059975314251609
2018-04-02,-0.009110497233052146,-0.012600680677028516,-0.02243095616885199,-0.017050318754549577,-0.0022045400957861182,-0.002207922901530596,-0.005364822579848315,-0.01025449365665647
2018-04-03,0.0029126391594569262,0.0063630013062905555,0.010455465907282682,0.006802847445902459,-0.0011221257716710112,-0.0014803769840240804,0.0005187631118858142,0.003498918806677783
2018-04-04,0.003524197058918509,0.0061958724818172725,0.006633461520111487,0.004881697335089435,4.583442722968942e-05,0.0005275797701023396,0.002149506564569048,0.00352427924542375
2018-04-05,0.00065176319764505,0.0037607428165761913,0.0038090645074228906,0.003295755922583537,-0.0009334622411139117,-0.0010666418280721505,-0.0003555242967009891,0.0013380100451380066
2018-04-06,-0.006628152591453455,-0.011776973005940636,-0.021804929944515102,-0.014823737236667498,0.0010796276078134613,0.0007195205060553878,-0.0023604741312925562,-0.008038684991952937
2018-04-09,0.0031204357876148245,0.0030328165858004795,0.0034938037959032567,0.006560552070809897,0.0016850138917585645,0.0022822112859788744,0.001939360431378178,0.003186346006278749
2018-04-10,0.007992375444818338,0.00876710157265678,0.019887579430025566,0.016227418869493387,0.0013652189408690902,0.0025121360834671957,0.004119111649186914,0.008720844637353313
2018-04-11,0.001324301633081308,-0.002782428618490013,-0.0006588822208172006,0.0009542275560601516,0.0010400457488160078,0.0016228204968016463,0.0012808157269300255,0.00036570835865170785
2018-04-12,-0.0022690333602263138,0.003529682232798214,0.001738349456791467,0.000841010047680334,-0.002631015190411914,-0.002940735430952937,-0.0030568613486331407,-0.000608718479280716
2018-04-13,-0.0002915232500023072,-0.0014296219325324834,-0.009148854305852678,-0.004054241317905154,0.0005160951311759407,0.0007454183668929884,0.00032304648898968393,-0.001899362411274535
2018-04-16,0.0023574187433158247,0.0047780430133618655,0.0023771003355213217,0.0019439635942638087,-1.4380763147376165e-05,5.029610762867135e-05,0.0014749487940434235,0.0018884717284806075
2018-04-17,0.00571681854344399,0.006720967656627456,0.005525136770491722,0.00652669930591657,0.0014238695726754434,0.002272762688392808,0.0037364128007943034,0.004684084147994761
2018-04-18,0.0013314378131084653,-0.0010732500333389585,0.007417906397815557,0.006892296942362066,-0.0015074009064069763,-0.0007901446388141782,-0.0012835111139518859,0.0015728855689774027
2018-04-19,-0.006325185309324118,-0.0045647221895973485,-0.009332415052104168,-0.007304641260072689,-0.003250612245335451,-0.0035501150830881106,-0.005445778949552284,-0.005632204422720149
2018-04-20,-0.007768501155966137,-0.006418505409527426,-0.01582674471053912,-0.012265800033609647,-0.003634255967845492,-0.004544381566237823,-0.0062638250518725295,-0.008027412349628386
2018-04-23,-0.0023576522018826413,-0.0004852954563366229,-0.0025265450812078623,-0.003902314192768152,-0.0008644036016043545,-0.0015535527907447261,-0.001658762946706209,-0.001962763406230455
2018-04-24,-0.004935551072280486,-0.008532553839031067,-0.02118698647863736,-0.012825269977524586,-0.00258980861999871,-0.002840870745196489,-0.003559225372061064,-0.007794755952422375
2018-04-25,-0.002530919807471703,0.0005928671781673259,0.0011990973819588921,-0.0017264657204875073,-0.0014752516324214168,-0.0019285115791867816,-0.0027802726268487538,-0.0013550817045772994
2018-04-26,0.008072925899330168,0.007220748315714572,0.021052732998311445,0.01572337215193977,0.003669045818085246,0.0040161073101716025,0.006067662319004164,0.00921282907643255
2018-04-27,0.004469694508042533,0.0012350002545443019,0.0006173249694987358,0.0023643276596605964,0.0014310960872296924,0.0016067410250392986,0.003963494253763328,0.0023124019728278256
2018-04-30,-0.0030533453212417123,-0.0042790692800189645,-0.0033740810455178643,-0.004832332982887913,0.0006942261462863911,7.835439152227321e-05,-0.0017878375937467955,-0.0024284412152544574
2018-05-01,-0.0003713129971371484,0.00043238500703103935,0.0011964942600399273,0.0006555924755757027,-0.001737730390497654,-0.001845073156101312,-0.001113662359029661,-0.00024118612575999595
2018-05-02,-0.0029269443426500398,-0.003942532255655404,-0.004512989904910421,-0.0048742890146559895,-0.0003232607345753292,-0.00031786578832847836,-0.0018763630564008669,-0.0027130195931910767
2018-05-03,0.0015036791801002706,-0.00028205208155124956,0.0014438784355408612,0.0009867364876624584,0.002593821948367734,0.003036897138281277,0.0016019250643635444,0.0015174613321722078
2018-05-04,0.006595722016849973,0.007754380379092946,0.01096561427644114,0.009936415439683152,0.0016912053375913853,0.0024244448587274446,0.004197394739537228,0.006336512366223408
2018-05-07,0.0010385789338957863,0.0018289553787657641,0.0015104900838217683,0.000987352114926717,-0.00021883894724091267,0.00011117780352767045,0.00031625002037619093,0.0008939688878089134
2018-05-08,-6.46831773276234e-05,-0.0006692283221800702,0.002055252135494793,0.0020200629584914915,-0.001099028093786301,-0.0008120545847930983,-0.0005577209924468369,8.249382374370259e-05
2018-05-09,0.002957726673513083,0.00476851384968768,0.00922367780384438,0.0070337519091003345,-0.00018506020729301288,3.650292222455234e-05,0.0009124041357118077,0.0035028174773284555
2018-05-10,0.008388830913350085,0.006461079391325567,0.0059514445550044506,0.008468781446210003,0.003012079456253562,0.0035558423002843608,0.006542602124091359,0.006192758733413849
2018-05-11,-0.0006964908580617414,0.0018838159198367838,-0.005220633254630674,-0.0034417368102820077,-0.00042291606164459423,-0.0008863146316585599,2.3969949600815502e-06,-0.0012029413186326545
2018-05-14,-0.0012313070474084926,-0.0005679655048099031,0.006305946276514177,0.003527659059834313,-0.0008237955349115421,-0.0008252469590051892,-0.0018934393542675426,0.0005779547473974979
2018-05-15,-0.010483085810894542,-0.006353783703034807,-0.0010009938149415447,-0.006345008255088783,-0.00487174024499282,-0.006063320835849406,-0.00921426567792482,-0.006544046154171299
2018-05-16,0.0022253239428472807,0.001723558292929144,0.0057317698884073506,0.0057662377665148685,-0.0007038642761507343,-0.0004138257289961649,0.0003359503686677194,0.0021846084961913664
2018-05-17,-0.003439215427884192,-0.0007477551329956268,0.0002534911809020878,-0.0025105745522202,-0.000450403084929695,-0.0005178751373667885,-0.0026594838020238903,-0.0015712404764437126
2018-05-18,0.0002294596138611487,-3.152447082368186e-05,-0.0026420170985550742,-0.0026390659696859968,0.0030112078318592236,0.0024654126836035377,0.002021535206314908,0.000378941547846897
2018-05-21,0.004566604422788127,0.004778565425709233,0.006575442148958573,0.006664854715552983,0.001956306798127155,0.0019199246234540253,0.003021339373935095,0.004215711612143332
2018-05-22,-0.0001852708449218942,-0.0018269618610196273,-0.0002056377424270835,-0.00031362835268161393,-0.0003629662795813369,-0.00029587074244517023,-0.0004343752322909215,-0.0004936809443205809
2018-05-23,0.004833707431360407,0.0034775191511757114,0.0070738175609871955,0.006624728997272036,0.004563561724733783,0.004594088358073991,0.004799414563131025,0.005105199481283044
2018-05-24,0.0006169354162889167,-0.00019812490917482336,-0.0031482467005000633,-0.0031792757094481674,0.0011780844644701015,0.0017377883583833747,0.0017731968222206786,-0.00020904206266477744
2018-05-25,0.00017894693598573697,0.00015959994394414124,-0.0062014260286692375,-0.005999872522990234,0.001280028366524833,0.0005894739996798086,0.0016654574072850928,-0.0012638465810558205
2018-05-29,-0.0005489359052864942,-0.0025034196732322484,-0.00669107988611379,-0.007320031170578296,0.007003106466739675,0.0059749776100336835,0.0038571199517783514,-5.3643393415901556e-05
2018-05-30,0.004584511994045788,0.006270900097695384,0.010736774911851404,0.00907387814160827,-0.0011432177215549256,-0.0007459978005409021,0.0011230204880755643,0.004258801223817744
2018-05-31,-0.0020241700792757856,-0.003894215211758323,-0.0019828009595170525,-0.0018041216574412136,-0.001113104830513331,-0.000961117505922941,-0.0015313399774657208,-0.0018991860091458804
2018-06-01,0.002413806002956222,0.004451063544255025,0.0016116497776472068,0.005747048887240674,-0.0032251763575034424,-0.0029005246180804447,3.4995479222896296e-05,0.0012052455731459309
2018-06-04,0.000844861284588574,0.0014887593485985579,-0.00394086625690101,0.00037849332805669437,-0.00401991802845005,-0.0035212433667390075,-0.0008224731243099836,-0.0013313198829828874
2018-06-05,0.00048664053944445735,0.0014457455591731993,0.002227743603573016,0.0015949388415881075,0.0023262922002126817,0.002541414858980124,0.0009951098411214196,0.0016676321115240752
2018-06-06,0.0022976155366835017,0.0034999033834201784,0.0043157211764199635,0.005168405515619687,-0.0023515171343949474,-0.0019477333699090664,-0.0003636574515054258,0.0015333706372292148
2018-06-07,-0.00045365223097144073,0.0015849642037434751,-0.0006602745063433633,-0.0029944901960007207,0.003922559380143151,0.0028956949609055586,0.0016124114651609148,0.0008102499368691052
2018-06-08,-0.00012517469357653144,0.0011733706765960084,-0.000590437338469536,-0.0005528494724815761,-0.0010740378454134124,-0.0009849941036645478,-0.0006586802806167313,-0.00039330090105620016
2018-06-11,-2.044706223680023e-06,0.00040719624486793547,-0.00045286812311745497,0.001159224379731616,-0.00079640728876305,-0.0004323960283155069,-0.00044174893103590614,-6.350765354868425e-05
2018-06-12,0.000649602030359438,0.0005423911610520356,-0.0003678707612963613,0.002276089661323686,-0.0004733520066939535,-0.0004695315286881586,0.00029724341015976134,0.0003801300858899086
2018-06-13,-0.002809314931848887,-0.0023914262620397106,0.0037933998305960076,0.00037651732659712146,-0.0007274660098271107,-3.939794027994943e-06,-0.0022858108313849935,-0.0005952898643011908
2018-06-14,0.0024184454629709497,0.0027713190448459997,-0.010467126815413227,0.0013154416553500885,0.0014938208079145773,0.0015009156808088672,0.003208765553538162,0.0004101330468046574
2018-06-15,-0.005953342563207245,-0.00045360939923369867,-0.0235898799478226,-0.01031840269235472,-0.002141385000135601,-0.004613896943187668,-0.0036638108014572,-0.0071411557314072244
2018-06-18,-0.0010244465344057736,-0.0010400141557082448,0.008365627361810006,0.000877209180527717,0.0012327799610617703,0.0012438604847048692,-0.00069528047782675,0.0012175401884837965
2018-06-19,-0.0026059075934153422,-0.001332626037022319,-0.004166858146290207,-0.00678401321203061,0.0007066334603140703,-0.00011629596381408046,-0.0006788058135873652,-0.0022049770964048788
2018-06-20,0.00010655569509282936,-0.00027644675788418517,0.0057433567477091964,0.0029752769163020457,-0.0027057722237861337,-0.002501882463895835,-0.0018471398616517613,0.00012595884229631938
2018-06-21,-0.0029214444959958412,-0.002697344971766562,-0.00850196583933991,-0.008287677222520017,0.0009796947775605673,5.0179125059942025e-05,-0.0009213957946659652,-0.0031731271212913047
2018-06-22,0.004575357188525125,0.0011684642976603297,0.0013949816241606396,0.00867856175125751,0.002471699481341149,0.0029411988994870113,0.002990757954110997,0.003651851150377842
2018-06-25,-0.007160001549775037,-0.007587690131676282,-0.02068965528170609,-0.0167169222263856,-0.0009646001926555604,-0.002397494306274607,-0.0038322875951588755,-0.008345860581829843
2018-06-26,0.0017221755598056483,0.0015143177763238932,0.005056189430007851,0.006402545077355358,0.0016343562833587605,0.0015105153638542866,0.0016559306587967566,0.0028105331539774177
2018-06-27,-0.0031029459983178726,-0.0033810499672548974,-0.01042944186953208,-0.004770744953660994,0.0032551429347669114,0.0020462068978224085,-5.317485914634458e-05,-0.0021493343519059438
2018-06-28,0.00281323909013829,0.0029519617292445856,0.0014037236035334695,0.002901071435689801,-0.0005007310185212245,-0.0006266672617825434,0.0012117748865412585,0.001529719604648828
2018-06-29,0.0036700951283068807,0.0005552411878594691,0.009457395912859552,0.0065417269723396804,0.000593427930246686,0.0015670854208741734,0.0018935565893515506,0.0034127419648888836
2018-07-02,-0.004342415521579838,0.001015089389490991,-0.014707878566642053,-0.008361767207592404,-0.002469560427073487,-0.00389696453958687,-0.0028503904871302866,-0.004881811885088734
2018-07-03,0.0014827010101401328,-0.001118667384654263,-0.003551872695789519,-0.004172251752246076,0.0017028459953700047,0.0019090074343750998,0.002518633588573677,-0.00027295128156610166
2018-07-05,0.005020536716859256,0.004944937742626077,0.007296042186710337,0.007706454170459256,0.0012832080766370549,0.0020299828460177147,0.0037199085308598184,0.00462387865135565
2018-07-06,0.005767367815708114,0.005451059268995855,0.0071127132035913605,0.008606433460766597,0.0018412732513098228,0.0020788905181372873,0.0037884138376127383,0.005048796516185636
2018-07-09,0.003068324677989844,0.004447346958115328,0.006041106276379341,0.005403533564270032,-0.0008634695733627036,-0.00018836683371232154,0.0009294288667736161,0.002748056682521304
2018-07-10,-0.0003491797924851064,0.001717352177083541,0.0004896383221117755,-0.00013472755687652703,-0.0006998244701836726,-0.0011343231441257146,-0.0005530594919653171,-0.00013600430248668997
2018-07-11,-0.008093298325165263,-0.0035771234505944075,-0.00620802109333517,-0.013915652860995564,-0.00229139856573182,-0.004663801668272762,-0.0038101846489109383,-0.006444953316782779
2018-07-12,0.005995477892700782,0.005272264610512673,0.016791327192290276,0.012810388864780848,0.0009152164153443761,0.001956962520973882,0.003655368161481115,0.006603166897250863
2018-07-13,0.0001791983113446759,0.001135533607387206,0.000869423286219971,0.0009195948469069189,0.0015984322313345872,0.0010196351444557172,0.0005563191314923284,0.0009130613013036774
2018-07-16,-0.004743191066223561,-0.0011986525195138418,-0.0030798621484477745,-0.007882678586437975,-0.0034327665531836216,-0.004188295884950059,-0.0035187596406307995,-0.0042328723367474905
2018-07-17,-0.00019960750228862148,0.0021975825048222526,0.005907682395511265,0.004034664708587997,-3.974540982129458e-05,-0.0009102005742454816,-0.0007313388244454295,0.001412678642297071
2018-07-18,-0.00016531736475237013,0.0009559693687014445,-0.0014974947031840438,0.001219425619879495,0.00036320868219698923,0.0005458602236770113,-0.0005076411776371674,0.00025520093789908394
2018-07-19,-0.0004895369315322876,-0.001191995729469339,-0.005025220833104799,-0.0022685710716577917,0.0018015390824700328,0.000992949809414374,0.0011742668310967574,-0.0007249011475707767
2018-07-20,-0.00024807823852475116,-0.0020932369594849204,-0.00022366756148639285,-0.0003452021351311046,-0.0023323510600404165,-0.0008871616981363455,-0.0016142660418310795,-0.001077182663260246
2018-07-23,-0.002900049193617739,-0.000847773698110611,0.0031845222584210276,0.0009299827398528321,-0.003541362814840559,-0.003202813086904837,-0.00405475506937535,-0.0014639831145060822
2018-07-24,0.003514337988478324,0.0032971617400301303,0.004121524204800497,0.004163170130132818,0.0014858313078277858,0.0015738814812515682,0.0023963039072820856,0.002943260366801183
2018-07-25,0.007231325131724291,0.004853957812356627,0.013976661810146446,0.011500955288959044,0.001420346213378503,0.0028345875038663262,0.004174691192768945,0.0066039105848378354
2018-07-26,-0.003936115466411668,-0.0018531091444744501,-0.01515158833741169,-0.008865698759334746,-0.0010878179483929324,-0.002393895930257695,-0.002042016122251221,-0.005062915954865814
2018-07-27,-0.002943122792346399,-0.0034657515480723895,-0.01349633783826564,-0.008889141962257771,0.00032830503237358925,-0.0002533417291162389,-0.0008859892349570856,-0.004244427176184312
2018-07-30,-0.002470084176617701,-0.0036537184996157505,-0.014139907224811874,-0.0072227703043603745,-0.0009722763031981416,-0.0011363908941561752,-0.001298187372719395,-0.004408910799524397
2018-07-31,0.004639207648180703,0.003505293819606062,0.00765197825482988,0.0038876221598535283,0.0010186704426094191,0.0009717659006492439,0.0036314638851363988,0.003613746098493736
2018-08-01,-0.003940068304697014,-0.0019476527209132263,0.003797071553265133,-0.0025933295687716883,-0.003412209344216988,-0.004157324377747129,-0.004209497585287083,-0.002354342179011938
2018-08-02,0.000664888436331609,0.003742377550325873,0.013606835834138343,0.009276174546097742,0.0019678416664677787,0.0019577641638652953,0.00014288801832917203,0.004470491479566139
2018-08-03,0.004852199491025885,0.0035982141302401327,0.003063331263865489,0.0034929411325471983,0.002794641903739254,0.0028271217520921535,0.004243317843355474,0.0035576664407275097
2018-08-06,-6.980969816782604e-05,0.002401328233832774,0.005886479971105137,0.0038699529670622635,0.0008744908110206137,0.0004769124722212969,-0.00026024444070306104,0.001888486998043571
2018-08-07,0.0016217647475456885,0.001168146703849333,0.0036433602055967436,0.003474736586111472,-0.0007338310280282451,-1.4193008543572335e-05,-0.00021562527846635956,0.001288120294699063
2018-08-08,-0.0017389270309918982,6.951659393026412e-05,0.0011775789343361968,-0.0044714919196161326,-0.0004241654327102996,-0.0007942254079648153,-0.0013808084581137384,-0.0010466119453786135
2018-08-09,0.00022475521301465505,0.0002834757547356154,-0.0006042322188791787,-0.001757058642197646,0.0017967835299507117,0.0011584772513501236,0.0010460548775193816,0.00032483553853341967
2018-08-10,-0.0033688812252079046,-0.0022787881607619744,-0.007641318495715468,-0.004277875604657729,0.003001080057616316,0.0024702337941777436,-7.99601620683112e-05,-0.0017366009180290515
2018-08-13,-0.005104728548426386,-0.00234981839295737,-0.0011080400409987435,-0.0031882917580357793,-0.001021456137370052,-0.002426026017546899,-0.003816709071855425,-0.002706841197575867
2018-08-14,0.002687652923300508,0.00340238607581913,0.006266952238029417,0.004078178736599805,-0.00011975862645211222,8.024784370834918e-05,0.0012311263289122923,0.0025132099339488993
2018-08-15,-0.0075108379082487135,-0.0034723288996421674,-0.01223489432671799,-0.01505952870783895,-0.0005149621477798193,-0.003518321972467144,-0.0036133388475687676,-0.006505328700198864
2018-08-16,0.0037019430415905458,0.004692253020844223,0.003291966662521967,0.005116343219037614,0.0011062044570577928,0.0009911383507569477,0.0022323110872277023,0.002999344885712443
2018-08-17,0.00435639206080303,0.0022393934587033697,0.00019304748406910875,0.0021961442993802026,0.000967994757603088,0.0017342524984036592,0.003383644585395961,0.0021509608668813323
2018-08-20,0.0028515279519410585,0.0025321522027395415,-0.0008894708398358103,0.0007176038855073093,0.0029179105320732606,0.002858127023948571,0.0031897850553790305,0.0020263509359538575
2018-08-21,0.0011398438577814734,0.0008641676318301764,0.003673093105360345,0.0018733131578256323,-0.0007631453192872127,-0.00024013898037179593,-0.00041805188024433224,0.000877949394250826
2018-08-22,0.0030983261715000145,0.00038054725049066154,0.003881134967140606,0.004697161224842741,0.0027559190456967002,0.0036561107447209123,0.0024237858487911115,0.0030203875243278566
2018-08-23,-0.003478298725662281,-0.0008364345100804626,-0.0014359430021166934,-0.0013589822523335713,-0.00035280305023446085,-0.0013025312568902213,-0.002262431533664364,-0.0015791413352077256
2018-08-24,0.0077011576594884674,0.0037309697088762973,0.009292125892161218,0.0077409642366605145,0.0014461832109668987,0.003557973543014313,0.005498912913559581,0.005570248009123825
2018-08-27,0.003001473969251634,0.0038620143291973673,0.01019264425838772,0.006363343598215079,-0.0008446518497817661,-6.779362158189698e-05,0.0003078059081066274,0.0032634950755339428
2018-08-28,-0.0013920948220374832,-0.0006378094304907968,0.0014330870693042845,0.001627454646364644,-0.0022020682397002984,-0.0028820592881925186,-0.0023113978548808594,-0.0009272991989324346
2018-08-29,0.004322048157542824,0.0031148966499079545,0.011537993564627138,0.010184097964516733,0.0012062495662911023,0.002430502466710861,0.0022403286614857522,0.00500171188397963
2018-08-30,-0.004452310275453388,-0.001698836408163673,-0.0017674809471538455,-0.002272892507517923,0.0010250882310589475,0.00046482701056458454,-0.0019536738706945516,-0.0015277436616456957
2018-08-31,0.0007521276206246389,9.883466129330211e-05,0.0012875835908672255,0.0014060363016684292,0.0002678228486152674,0.00022090379864985783,0.00010267862070462132,0.0005886534413232075
2018-09-04,-0.006439634473344216,-0.0019472535198392408,-0.0042858240239261915,-0.004926369581239741,-0.0025499828531434766,-0.003142923589709702,-0.004971219849187361,-0.004040835530462357
2018-09-05,-0.0031105054347542625,-0.0016560797242805196,-0.012913764424531387,-0.009677903702856325,-0.0006748238676689564,-0.0011150929137307857,-0.0011044092266440345,-0.004319685648924927
2018-09-06,-0.0003964275576457174,-0.0009838450870728723,-0.008939794496053857,-0.007222334202613153,0.0009192124029693226,0.00031284766411630437,0.0011674838226179152,-0.0021490400798812818
2018-09-07,-0.004385305311018724,-0.0029899669704754224,-0.0038768479058894903,-0.002762527170438357,-0.0036904565229650722,-0.003367216522423221,-0.004512253885633824,-0.003665783516058157
2018-09-10,0.001120351220971593,0.0012791850914714569,0.0033683444943635164,0.002748630086188686,0.0009493467134129184,0.001112593727109353,0.0015622099448828475,0.0017438956150943727
2018-09-11,0.0011303027577678902,0.0005332977003888095,0.007704264801864133,0.0067257911644808405,-0.001815643945325194,-0.0006218916349038264,-0.000830286845240247,0.0018377826469025912
2018-09-12,0.002634441507056889,0.0006157392727610007,-0.0029490897759568567,0.00038621856351084413,0.0016246405144538475,0.0024374197563236714,0.002843188734080195,0.00105676759266366
2018-09-13,0.002635543155852852,0.0035229153558739307,0.010680223036747953,0.004571860977950173,-0.0005728897774272739,-0.0012161500973872745,0.0008109586660381015,0.0029579096922100873
2018-09-14,-0.003416218655488395,-0.0006362468429659018,-0.002926208319303128,-0.0035243358563725137,-0.0021001738334310094,-0.0029838482446746806,-0.0032802196749553243,-0.0026960649401853672
2018-09-17,-0.0024652912060514403,-0.0031210624124050628,-0.014403111367358808,-0.008650919781037106,-0.0004014402933604569,-0.00044460527395553446,-0.0003836686718007699,-0.0043207077110888024
2018-09-18,0.0008310219549774695,0.0015815900069637867,0.00825181086841396,0.0068573005088149765,-0.0021671530392136013,-0.0015322801502818941,-0.0019453555991234567,0.0017056593114397418
2018-09-19,0.0004259425778416878,-2.7281781498354946e-05,-0.0007657336980169192,0.00024624779882514275,-0.0007205945044988002,1.2668217721328889e-05,-0.0006452855210571637,-0.0002015023390061891
2018-09-20,0.005606790581863635,0.004925529769532276,0.011056721689708606,0.008149609249351424,0.0007320102373757183,0.001194480185824749,0.003502844608174184,0.0050355445705893
2018-09-21,-0.0007103992120266757,-0.0003958105463694829,-0.005467686455452805,-0.0029770965579360457,0.00046695249069851814,-0.0006894843742428396,-0.0005040760617527221,-0.0014690300257544737
2018-09-24,-0.0023270675326289357,-0.00243909164931302,0.002780991824740548,0.0034947394832822386,0.00021613779729358741,0.0011109117659813604,-0.0019036863252879569,0.00013567314476311382
2018-09-25,0.0007271648569143888,-0.0009528925363248657,0.00135962155805491,0.0011378121818837648,-0.0006798007812483811,-0.0001329868307868026,0.00025249301792331025,0.0002514417663517749
2018-09-26,-0.0008864325665361433,-0.0005107181291100834,0.0007059562216624697,-0.0010313821790794565,0.0020345469571327077,0.0010972393819294727,0.0003243336221854958,0.00023627046950461266
2018-09-27,0.0020402667099802298,0.0016505011523452536,0.008439573387543088,0.007597222645778812,0.0006084540218338982,-0.00014053696907837416,0.0006546007790135689,0.0029679766612116746
2018-09-28,0.0022595862808990424,0.000259109382677118,-0.00021544090308543663,0.0021240269161173493,0.001344898691088353,0.0022943658878015628,0.002209291609333257,0.0014697262089654129
2018-10-01,0.0002860406620386977,0.001073637413699756,0.0020454043359190654,0.004739133175859089,-7.331336341800856e-05,0.0003170119789236833,-0.0008260150662821528,0.0010940934462173393
2018-10-02,0.0007407828543471872,0.0006768504370421656,-0.002256018402140505,-0.0012309553376578853,0.0023945729507972523,0.003516402977613055,0.002304537031074707,0.0008758127881181056
2018-10-03,-0.004665208112940986,-0.0026318944555218152,0.0010768057592542952,0.0022023053673127335,-0.005219662791402757,-0.004508515028407606,-0.005919590882956013,-0.0028041066744206597
2018-10-04,-0.009364905469129867,-0.005743903338026797,-0.019198756386010523,-0.017261696135373858,-0.003796425782926793,-0.004182502762059828,-0.006037317005252418,-0.009378760449288955
2018-10-05,-0.004000481057317161,-0.004324724014695122,-0.012227094113623313,-0.009938422948691327,-0.002635165629700601,-0.0022917570646806234,-0.002996090651860445,-0.0054709874433468
2018-10-08,-0.0009604452941371134,9.048846154361652e-05,-0.005597074621382885,-0.0031248168333231933,2.3889095523904312e-05,-0.00186833607577307,-0.00101730356130015,-0.001811687957347287
2018-10-09,0.002440939030912005,-0.00011301654476190037,0.003908120833129655,0.004124273360278977,0.0022322781715737846,0.0024060993653850487,0.0028502962002885193,0.002534260976889054
2018-10-10,-0.015796007744636714,-0.01876904549790637,-0.039766460378699596,-0.030579617743975284,-0.0028097993764777318,-0.0043540009630211665,-0.007431539597835938,-0.017234910260483974
2018-10-11,-0.004548241462884581,-0.011346536093906298,-0.01285818315245582,-0.015549189848359823,0.0012190371681485243,0.003652568940977142,0.0009857411639551798,-0.0053766946765724756
2018-10-12,0.007155046591722522,0.007626217016847058,0.024321335144079106,0.015973543274058807,0.000263197898966277,0.001090600630874147,0.001886892856363922,0.008304894257467362
2018-10-15,-0.0015575051061050894,-0.0030591138651738874,-0.00962183387447389,-0.004284342276512011,0.0004761015493274036,0.000760981275913877,0.0002292340604592856,-0.002489492604741969
2018-10-16,0.01132819712364169,0.012793150574565954,0.024776876209077446,0.016938468516139886,0.0012607495852422377,0.0019766083807507863,0.005496706409801885,0.010686940659435777
2018-10-17,-0.0042757477651582,-0.0010755816706156738,-0.0018847040769999187,-0.0024345489647155426,-0.003330882910437247,-0.003160437537469535,-0.0042158880722462265,-0.0029145846112659506
2018-10-18,-0.00826182942284695,-0.007956984829558327,-0.02029404981711869,-0.01584655992614228,-0.00013318355932783084,-0.001438329673419608,-0.002983027247045627,-0.008147160772967052
2018-10-19,0.002018265857577269,-0.0008064606619544016,0.0006798045777440232,0.0009071565251444047,-0.0005448011303229685,-8.534851751294445e-05,0.0008738322886934292,0.0004395880454293532
2018-10-22,-0.0007514171133388722,-0.002598790278792304,0.004161488768419464,0.0012859880564449768,7.42418344048998e-05,0.000282045663205346,-0.001247436916683983,0.00017043294664750616
2018-10-23,-0.002657555249457291,-0.001984329644911126,-0.008134312351467263,-0.005588035271044695,9.860029523330385e-06,-0.0005037499756065222,-0.000311864458848523,-0.002769364841512051
2018-10-24,-0.009724268685022356,-0.015812321548139517,-0.03642248586567319,-0.026502145839090507,0.002696432085502406,0.0004806322660224859,-0.0007882596579584973,-0.012214525268635883
2018-10-25,0.008422843338649816,0.009512862129811141,0.027027449356286808,0.020901765810807348,-0.0009354803382064004,0.0005108033377463698,0.0021513639963728795,0.00944255785533224
2018-10-26,-0.006261538090810625,-0.008808305252044929,-0.024131441962075867,-0.01746672121518306,0.003704621695332473,0.0028515488201304473,-0.0005605900987693199,-0.007097531179131417
2018-10-29,-0.005377522576609491,-0.00333462137303741,-0.02005902384485045,-0.01273642116574315,-0.0012857277606924205,-0.0030520174370471144,-0.002428531130623658,-0.006795337785372433
2018-10-30,0.004910365180845223,0.007907815014371527,0.015367588938591853,0.01083165435761047,-0.0017024902666379692,-0.0017510340857440558,0.0003021780275647608,0.004939369022137768
2018-10-31,0.00034852799776754605,0.005383468095874647,0.021651362575154216,0.009724543879521163,-0.0028829043689252063,-0.002712179980959852,-0.0032129884235664137,0.0038394169134147596
2018-11-01,0.008365096224978455,0.006732855929048997,0.012206678002425827,0.007941074245346314,0.000583876788679769,0.0019838837389401873,0.0047748298901769065,0.006005553674300532
2018-11-02,-0.005247198107464567,-0.005783061299517307,-0.01494715456697233,-0.011085696556445406,-0.00529998815798447,-0.0051064496854016424,-0.004873281640881946,-0.007444919134685962
2018-11-05,0.0026564542815753333,0.0035642601601597454,-0.00238887749648724,0.0006373093329030415,0.0007186388549266814,-8.632283485353761e-05,0.002102194849858874,0.0010422329068290785
2018-11-06,0.0011105725767522542,0.0033327758596237165,0.007381780646088919,0.0030459526645049105,-0.0011144542653884633,-0.0008436249561258268,1.4023525010537998e-05,0.001853952849578459
2018-11-07,0.009479643234774689,0.012883136988778576,0.030885560093172407,0.015661971381196748,0.0006621057072012551,0.0024858996688453807,0.003909142662780703,0.010911420211231048
2018-11-08,-0.005130436052683598,-0.001652305697358439,-0.0063734528601178736,-0.004074371131095855,-0.0018635576934152246,-0.0023628474387928826,-0.003234089011718602,-0.003554615645280324
2018-11-09,-0.006153280031369178,-0.0043894612317666405,-0.016769245274413463,-0.009766574903862294,0.001903672970424228,-0.0008262628997239981,-0.001987004737306271,-0.005524629938849466
2018-11-12,-0.00681622862251334,-0.01008848759015968,-0.029871942058080594,-0.01393630385036153,0.0015642311682236777,-0.0014105994686332965,-0.0015119119245112413,-0.008962540649618904
2018-11-13,-0.0020906409643451493,-0.0007995158633577659,0.00043607856985249127,-0.004072594998546492,-0.00199481586046872,-0.001933228943256912,-0.0021114937171391153,-0.0018331741887688067
2018-11-14,0.000614481114903219,-0.0032449088325866332,-0.007400634998464116,-0.0015316803998194012,0.0023396011441841925,0.0024716755179619836,0.001422889356427579,-0.0007570371224701576
2018-11-15,0.004421453705961334,0.006402786901601565,0.011947352284538228,0.006014342513142135,0.0007626515328979448,0.002256530387435993,0.0008078505534345817,0.004732217373179133
2018-11-16,0.004006415778669407,0.0027892537506326587,0.0011664649496404265,0.002772554758715678,0.003344616988259469,0.0029929513530185334,0.004324791249274861,0.00298937205827192
2018-11-19,-0.006469764857163894,-0.009596130489473779,-0.020550153753741564,-0.011985532858976718,0.0005044289298527842,-0.0023292380976046986,-0.0013651857222589825,-0.007593037552394839
2018-11-20,-0.011185869778260714,-0.011141556326992177,-0.01836522105781072,-0.01852214863838767,-0.0038050937537100213,-0.0034991703299956166,-0.006115584238551337,-0.010303922222031397
2018-11-21,0.0046158667448785344,0.0019413351870916848,0.004376020486609923,0.005450705737335103,0.000726320974671621,0.001209123005171419,0.0025160867511563618,0.0030012892455253378
2018-11-23,-0.0061036961832210065,-0.0037278644397343423,-0.006807002167052264,-0.012449742727027334,-0.0024238317412723005,-0.0018028514000160397,-0.003341224538480895,-0.00517893670785173
2018-11-26,0.0059234379180022395,0.00924233442857278,0.017757960790302115,0.010771053971706664,0.00043139308948638095,0.0018670017477916189,0.0016831691127053502,0.006814447039214899
2018-11-27,0.0009176989950861691,0.0023382643218887783,0.003288931258064759,6.943986259963877e-05,0.00030680762689321554,0.00022513684637737185,-0.0001950917053964922,0.0009996893779781089
2018-11-28,0.009620302374886258,0.013788740396425522,0.02302517760759448,0.01111092002313746,0.0006096440609746415,0.003819002983876376,0.0035926530242833695,0.009435901073581032
2018-11-29,-0.00011857871900840342,-0.0003131427930011953,-0.0021849006544392142,0.0013229096585123923,0.0021455315181946382,0.002100478183636166,0.0008749167320991963,0.0005365981783967684
2018-11-30,0.0023262620217736514,0.004464715393715892,0.006095148972526942,0.0027176159817702958,0.0012387769226302329,0.0019283997827554255,0.0013171501987951726,0.0028862163067237302
2018-12-03,0.011109364679046677,0.008884592278306146,0.013241626795002844,0.013581769548425403,0.004432456486153303,0.005268034342702569,0.00728818219358287,0.00918012495568889
2018-12-04,-0.009027999275046815,-0.01790946796083709,-0.032402578284465126,-0.013612148809413603,0.002681839210276259,-0.0003557455887720919,-0.0003234482320088067,-0.01032616330088573
2018-12-06,0.002393206244761644,0.00010837681457273119,-0.0015174572335503425,0.0024573133589804834,0.0015522039832414074,0.0023904825818744906,0.0027423434651479388,0.0014583009056501322
2018-12-07,-0.00722365063397312,-0.012942655774184863,-0.02787668576277804,-0.01295348832400554,0.0024262030257314326,-0.0003558484038347664,-0.0005183665096360545,-0.008368575769728649
2018-12-10,-0.0018533682653991432,0.001363351247875259,0.005890852869464214,-0.0005773123741902792,-0.0005214218166817773,0.0005913191237675907,-0.0011513351974483106,0.00043173775063841424
2018-12-11,0.0016822849308361543,-0.0008914812997243336,0.00255720156992234,0.001529340551738242,-0.0012509569506000606,-0.0014439884673725718,0.0004780886165016281,0.000343402879470989
2018-12-12,0.0008034653214569172,0.001888034196958534,0.002334776175442155,-0.002460536668256479,-0.002119216515338646,-0.0009414389293130619,-0.001135645046512927,-0.00017045471192783077
2018-12-13,0.0018862489190280534,3.4613833362746855e-05,0.001738125025219608,0.00320939927187641,0.001850655490859635,0.0006837928220797747,0.0017389438696106506,0.001566478026042412
2018-12-14,-0.008325589498736088,-0.010379329863707643,-0.01869956014802557,-0.011015593863722122,-0.0007533660037684431,-0.0025328190587011697,-0.0032102515509522945,-0.007835842230979034
2018-12-17,-0.009144367340910162,-0.010406935161847819,-0.026671499931989383,-0.019385031028146527,0.0008532830961206872,8.971759187184961e-05,-0.0028249848738774296,-0.009366301374734733
2018-12-18,0.0016382668023440428,0.00021778419798882374,0.003451371000671937,0.00018611586555183283,0.00038114318333508064,0.0019283218493569016,0.0018317733521555192,0.0014504935180763305
2018-12-19,-0.005951917838615942,-0.007570234956255966,-0.004854330177470348,-0.00891846704975705,0.0025250453522834677,-0.0006920380910212696,-0.0008028039624590692,-0.003969569858061369
2018-12-20,-0.00441862409607965,-0.01019033652012672,-0.004538331603796723,-0.005148890052477421,-0.0025834302583637608,-0.0011341900541499853,-0.0019125554489109952,-0.004452817119951775
2018-12-21,-0.009375447135268045,-0.011752787983230158,-0.008189403728966387,-0.013024183546522081,-0.00072515836735133,-0.0034863767178875886,-0.003908265766976691,-0.0074351529497204555
2018-12-24,-0.009787697133020093,-0.014434838009224238,-0.00470838996420999,-0.013014465550114908,6.804165428907357e-05,0.00013851713172046218,-0.0030891742827764204,-0.006697069419816871
2018-12-26,0.017851237701101252,0.027241880367712166,0.01330375182394196,0.025142205242094113,-0.0006388726764368468,0.0032486357444046327,0.004647751254831085,0.013370989634991106
2018-12-27,0.0012258996020992538,0.005574010594952295,0.003046187287162799,0.0007578641299368061,0.0013765273053658682,0.002824194251572234,0.0011907601864849355,0.002287885332239731
2018-12-28,0.002714382591498638,0.0012938872782093248,0.005321964392850001,0.002875864848728241,0.0039150249940978895,0.00401715094461504,0.003807630797183526,0.0033646446611847033
2018-12-31,0.0033175567682153517,0.0067501326724477995,0.003756998423523954,0.0036284291615412134,0.003737035371018298,0.003995559369723814,0.0033792137752455442,0.004094447291235004
2019-01-02,-2.039342881250748e-05,0.0014693243150888735,0.0021117069005753843,0.0023991654468981816,0.0022284293459543607,0.002185178975889405,0.0006980408980314833,0.00151742488156378
2019-01-03,-0.003433282456203939,-0.011117056572166453,0.007948333024260635,0.0042730123603997435,0.006204041229159131,0.003554647882368418,0.001211487419141388,0.0009922397378772222
2019-01-04,0.01142549455550498,0.016517980856007086,-0.008075998612166515,-3.594876055796779e-05,-0.0042758850995567735,-0.0018362653133423845,0.0032298163327992477,0.0027438378563410825
2019-01-07,0.004125356548199424,0.003635589191033942,-0.002777617915648773,0.0017831034871766097,-0.0013050851149795297,-6.66626324547137e-05,0.0017603227994148333,0.0011600655096542284
2019-01-08,0.005275921770161473,0.004686026751805803,-0.002497770429971777,0.0006688378262053931,-0.0005955848286866441,-0.0007528595262974561,0.0028400730708362594,0.001531905093709584
2019-01-09,0.0064418743627229795,0.003005373163248287,0.0005478529876914212,0.005096152425903508,0.002839704194650595,0.0027714387867172276,0.00408631866695238,0.00354827255015964
2019-01-10,0.0010096289100689083,0.001928120498628165,-0.0004807593419899859,-0.000509110707676863,-0.0009184283046813693,-0.0007600046095797305,-0.00028578838300136986,-1.7692535314239014e-05
2019-01-11,0.00018538076156262857,0.0014206001014955428,0.0029849501879757284,0.00033435602121128453,0.0021783299372009827,0.0019099577495287738,0.001387881919588483,0.0014896306938802235
2019-01-14,-0.004422725840681958,-0.0038980659444190825,-0.0005760697356102007,-0.004305155345412759,-0.001775704909494867,-0.001502804902064986,-0.0029920599297597935,-0.0027636027330184406
2019-01-15,0.0055268797353880735,0.006492118472675417,-0.0009605521615418844,0.006011175823600041,0.0004409589263954896,0.001374570027476839,0.002746013677144857,0.0030581322713700678
2019-01-16,0.003615058433480758,0.0012298698547375821,-0.0005770441721448775,0.0011795075822131648,0.00044971186259683325,9.785382509343597e-05,0.0022833851665255696,0.001191488495164773
2019-01-17,0.002743238077558285,0.0038553733173685364,-0.001827964494690687,0.001995689011452079,-0.0006351798101836453,-0.0007090130990942675,0.0014137758335472,0.000965537230070109
2019-01-18,0.00281788031584174,0.006614702381290872,-0.00036542175228088315,0.0012328018710018411,-0.0007643263884248891,-0.0019983389583980707,0.0005098346860871598,0.0011195980568967075
2019-01-22,-0.00510807913939058,-0.006780554349966446,0.0005955982037851666,-0.004380389894457929,0.0017389442265909288,0.0016430813966652317,-0.0011120949348622374,-0.0019024600448143273
2019-01-23,0.0014045058808066012,0.001062058897230769,-0.0002132909901588595,0.0006750809866993209,7.143483531498e-05,-0.0005201342968602076,0.0008524372123864868,0.0004624037688012462
2019-01-24,0.0037209435112083027,0.0015901545264346301,0.0032821521783699733,0.003869137306964177,0.0029485787379475853,0.0030113062964547016,0.003312055600758445,0.0031065770677527475
2019-01-25,0.006606795836146242,0.0041528006262067495,0.004224787422198773,0.008084303536032365,-0.0007835263276178879,-0.00017453354174176797,0.0035102208235869774,0.003537840929904478
2019-01-28,-0.0035011391705753172,-0.004463797566432918,0.00453851592402519,-0.00038506860311040094,-0.001187241183013453,-0.0011358053898261923,-0.0014311623498605133,-0.0012055103235699876
2019-01-29,0.002715471917945496,0.00035696913207751543,0.005124519306043605,0.002818867131796766,0.003192676518125921,0.0030423877804979555,0.0030222497064688056,0.002831319020408031
2019-01-30,0.0099526664070454,0.01036508899984187,0.006378710440530277,0.008076558116996872,0.003476526147052716,0.002955122447317161,0.0065258959366947525,0.006831854718384243
2019-01-31,0.00648249344088574,0.0071220167612061685,0.00878008727275838,0.00850699886399833,0.00435319422821683,0.003857649234617349,0.006094344301966319,0.006428774643090615
2019-02-01,-0.0027723646594508657,-0.0018267122333490214,-0.006072737703080022,-0.005169850732009902,-0.0034546257853072977,-0.004180106689320827,-0.0033960015930195385,-0.003821820989363225
2019-02-04,0.0019230526729735033,0.0033894382054604007,0.004764002940444933,0.002786149563371125,-0.0015297411670412825,-0.0018414304048451576,9.632392892320769e-05,0.001344406368673049
2019-02-05,0.004596279455939853,0.0032273235048768147,0.004630280595808039,0.004894012384163122,0.0017135170731824739,0.0014520497275150672,0.0037159404570093002,0.0034572429209275926
2019-02-06,-0.0034275542854985686,-0.0005008462887435986,-0.004517522323041857,-0.003063740474132226,0.00026528033713363504,0.00020625335408469813,-0.002133592392129374,-0.0018712694451434866
2019-02-07,-0.0025611074141393764,-0.004514515107650006,0.00687334934720335,0.002066421164329798,0.0011714677793472463,0.0024068901621973086,2.632693441163977e-05,0.0007067281587182623
2019-02-08,0.0010876147687973359,0.001165270647633051,-0.00010341385017556254,0.0012162274572013634,0.001428143163918243,0.0015792344585032906,0.0016198174971975567,0.0011512337459361765
2019-02-11,-0.0021553205452011343,-0.00027877515419980975,0.002734356146341764,0.00018133982627873915,-0.0018864853172061845,-0.0018651665088534755,-0.0020924514170331467,-0.0008025874679345774
2019-02-12,0.0038982663555798256,0.007186031813029696,-0.006283282645037632,-0.0008325656836101914,0.00021923797757400178,0.000783847115806439,0.0016841191269629501,0.0009704235769846645
2019-02-13,-0.0005481582182846406,0.0009733865907131387,0.005129793901613055,0.002206968188842192,-0.001661556663584377,-0.0014709937773245041,-0.0013448115013625854,0.00039904409042538976
2019-02-14,0.002629609277473874,0.0005165166891645916,0.003204784281247485,0.0034112431410457346,0.0036516599117208766,0.003972180031234467,0.0031150391462880117,0.002944828178763247
2019-02-15,0.005223118125746131,0.006197984752017028,0.006743776628573618,0.0058399293936356785,0.001348974102308595,0.0025796756662422623,0.003230986414098914,0.004371110916317369
2019-02-19,0.00375629156861403,0.0017278652097587398,-0.00023495112493698782,0.0023959001825654817,0.0015907053720924155,0.003962708859459075,0.0030029325711344135,0.002307346406721639
2019-02-20,-0.00016511894768485625,0.0011059389505692508,-0.006256687885400033,-0.00349433223441985,6.544486728993077e-05,-0.0003881045501368218,-0.000685253903089172,-0.001405254196877031
2019-02-21,-0.0034745931198654958,-0.003319366873388664,0.0009460977847293131,-0.0021756727283642986,-0.002682345507641325,-0.00402426394144332,-0.0036815238212009977,-0.002637202069804183
2019-02-22,0.005564722561950655,0.004910130450342171,0.005909030777700774,0.005534430110302999,0.0033047386388479487,0.003525735688925534,0.00474122322215268,0.004785437203818069
2019-02-25,-0.001378142676730492,0.00020842523163038342,-0.007871530763460694,-0.005185111055770202,-0.0020588765143603987,-0.001957014520932225,-0.0016254312802693688,-0.0028268649713007765
2019-02-26,0.0010214095144457022,0.0007514233947430515,-0.0030782301164709,0.00019553992077281926,0.002665365689836543,0.002153115525009021,0.0016856959685899015,0.0007676070336147107
2019-02-27,-0.0038160904313243125,-0.0016678918283371245,-0.0049890574409131565,-0.004863887395310206,-0.002755898860798093,-0.003533689416790086,-0.004035548529338349,-0.0036587358656649744
2019-02-28,-0.003357505011275275,-0.0021507635067861378,0.0026263932909575925,-0.00028485112817264375,-0.0024462757833615552,-0.0027846684308867366,-0.0026964225040245118,-0.0015935914133700026
2019-03-01,-0.003512648401732681,0.002400016698433696,-0.0031292385665190416,-0.003520411470981792,-0.003485314356479254,-0.004957020183912616,-0.003952759535585728,-0.0028804784649603134
2019-03-04,0.0017945439995105416,-0.0009619280037843697,0.00453802758420285,0.002817750702893729,0.0022678943799017705,0.0014922356662871318,0.0023680428212278417,0.0020623982688717313
2019-03-05,0.002374667457061356,-0.0005863892614194073,0.002734681766527912,0.0022149498642106383,0.0006786551071044233,0.0007691678490176742,0.0015522047211455575,0.0013918600182033568
2019-03-06,-0.0023527312454991187,-0.002519949591138761,-0.0046239066705833195,-0.0036916325953988,0.0013430369262640743,0.0005859376899157642,-0.0004300320660946526,-0.0016560103280993997
2019-03-07,-0.003509017421807894,-0.003653556766203517,-0.002144237654914003,-0.0035323142116283025,0.0020444446765356633,0.0009698793049101562,-0.00019661941574049556,-0.0014003291195509595
2019-03-08,0.0008518173974028903,-0.0006100850288269361,0.0010741812152219585,0.0015711801303962458,0.001481130179761081,0.00256597847354933,0.0016188078288106123,0.0012180793453352608
2019-03-11,0.006876723129497643,0.008310112518698017,0.01466721613383525,0.010726130195737241,0.00044050649608462543,0.0008709804833193366,0.003546964343494971,0.006459938756242178
2019-03-12,0.004852784187741016,0.003339953754710015,0.004553040934999935,0.0052475057869701405,0.003057073940194317,0.0036209541149090493,0.004192350689566059,0.0041236429747696195
2019-03-13,0.0032920129140324847,0.003821135835691691,0.004913354118644352,0.003849892275138328,0.00047463425777342504,0.0020988572793828324,0.001666916081315493,0.0028915413018275964
2019-03-14,-0.0036430266174036865,-0.0009542053476929969,0.0015136642989714809,-0.0017022325802662688,-0.0018476960180949067,-0.0030593276047912363,-0.003174023396449476,-0.0018413258269994305
2019-03-15,0.004839841010069822,0.004227921096800703,-0.0031385336849613036,0.001813121931707331,0.0032388638143019516,0.003172552560854567,0.004039660171045297,0.0025924788171694485
2019-03-18,0.0017151169058679666,0.0016552263324634397,-0.005014164389457338,-0.002171347069848798,-0.0005268335212763935,-0.0004032585372728411,0.00029414499585116166,-0.0006225550864553353
2019-03-19,0.0004063507671565135,-0.00011473728638514564,-0.0030470769357299177,-0.00137897726364952,-0.00025895754361567204,3.0895976496976834e-05,1.8533178667174148e-06,-0.000605261964520458
2019-03-20,0.004842797635614334,0.0009389725269468795,0.0030563899911786336,0.004877672807306375,0.0062011466727429675,0.0056762154522198485,0.005902580496094778,0.004498123649974959
2019-03-21,0.004499180306642684,0.006560515536077221,0.017786284395405017,0.011941477475025655,0.00036790364145885873,0.0007598728262695995,0.0030663174878088695,0.006426753149094595
2019-03-22,-0.006164263759808237,-0.008666778298371043,-0.007253832800667602,-0.005402545719581054,0.004400255620369379,0.002446331497867708,9.439341362266662e-05,-0.002945768939053507
2019-03-25,0.0020626207829141634,0.0005762380159536741,0.0012757054292131813,0.0017182589322124893,0.002425532182067002,0.0030549531771737618,0.002269093462272449,0.001903735485071925
2019-03-26,0.002085018932542189,0.004098207679976905,0.007993074964215195,0.004853922234730922,-7.582484338834495e-05,-0.00019097800131749132,0.0010166737738390272,0.002825368432544872
2019-03-27,-0.00246286830865016,-0.001953815293711655,-0.0028735518648919096,-0.002233719274403821,0.0015272531694233153,0.00010633695765532489,-0.0001726449905399535,-0.0011379473372236147
2019-03-28,0.0011220788694944884,0.0022959438845625824,0.009703926858687813,0.004961150781585197,-1.0866257868518721e-05,-0.0016076435446708563,0.000777267667083022,0.002480616371565294
2019-03-29,0.002339970172152549,0.00311902700580365,-0.0009196765065588862,0.00026777320691099557,-0.0007494166132420546,-0.00024712989974873066,0.0006499467988747526,0.0006383652179750497
2019-04-01,0.0023742389361031332,0.004320204023027872,-0.0006199940225029683,0.002493114644158477,-0.004341945404885923,-0.0035514892603116842,-0.0016409673550616612,-0.0001851401040718377
2019-04-02,0.00212370580716783,0.0009695194907736061,0.007023145505005376,0.004142943372154386,0.0016575124313845488,0.0021820418457227896,0.0021389390268921776,0.002909518630363581
2019-04-03,-7.825333002927596e-05,-0.00028260734534560296,-0.0011435164842228346,-3.0048447914363146e-05,-0.0023984979077636445,-0.0020811420541204345,-0.001537457777799961,-0.0010933212804585144
2019-04-04,0.001720925108837419,0.0020170981706797075,-0.0016025490009954318,0.0002127089638236659,0.001256228377325829,0.0013323206506452943,0.0015036723598269221,0.0009082551589366793
2019-04-05,0.00337543843639799,0.003118372430822863,0.006993011017612403,0.005088467542219746,0.0010208382748218643,0.0010713197455195634,0.002333508237787003,0.003291081320487978
2019-04-08,-7.063831471042464e-05,-0.00016956313601894704,-0.005578168137402076,-0.0017840476574214146,-0.0010052784633338425,-0.00031189810962861035,-0.0007571040633685146,-0.0014050003221803982
2019-04-09,-0.0006500084138362457,-0.002405422566482903,-0.005266001285091468,-0.0028390260508928088,0.001244142469140594,0.0011828547183698466,0.0005076163428323203,-0.0011832177317755354
2019-04-10,0.004881879157896871,0.002971419342727402,0.009186055302308371,0.006198759831513691,0.00327251311096934,0.0031252258048498193,0.004312609480719692,0.004850700681784331
2019-04-11,-0.004547032339631686,-0.001071597898514437,-0.0006840223306840995,-0.0026590519158123846,-0.002399479070663797,-0.0038740992570381965,-0.0036580180507046313,-0.002699900577951934
2019-04-12,0.0014405944459244644,0.0022145227737552214,0.004792808701623123,0.0015431273920419924,-0.0026694037372442855,-0.002102320613119126,-0.0005005019639571537,0.0006945811338106762
2019-04-15,-0.0013714888176339637,0.00013229196539063385,-0.005110788097231191,-0.0017617269521799487,0.00045416847524338015,0.00016322875711006406,-0.0007627840490678173,-0.0011891472189731597
2019-04-16,-0.004016284257324348,-0.0009608397826184156,-0.022602917932712584,-0.010219276194011142,-0.0032187242071025552,-0.004790614325984425,-0.0045318331463054425,-0.007193847556872243
2019-04-17,-0.001130600746107237,-0.0014027476082003076,-0.009109856420435254,-0.0029649727496795235,-0.0003677953429585494,-0.0010044615389078427,-0.0009154230855529198,-0.002400817686459964
2019-04-18,0.002486833410352937,0.002132370974435729,0.00766114348735346,0.004551709435172814,0.002140614532993252,0.002323664221968796,0.0024431687484372596,0.003378434375402873
2019-04-22,-0.0018798771601383003,-7.649183945708759e-05,-0.01101877690585912,-0.004313601406472354,-0.0008254637426198904,-0.0011839283455773086,-0.0019985724196265762,-0.003041606874133528
2019-04-23,0.004932211262687956,0.006121700889699113,0.013246208837535122,0.011008025333935528,0.002457002487140847,0.002391126503592174,0.004120569596552398,0.006285351023736249
2019-04-24,0.00032971339185578906,0.00017356151545299347,0.007354164017465018,0.0026169130998291773,0.002780017665148002,0.002911097829233509,0.002226280479351967,0.0026383243707592875
2019-04-25,-0.00046388374375753603,-0.000860898013181842,-0.002085584106653048,0.000312662352866473,-0.0010816406716856093,-0.0008715206275673713,-0.0006544244796086381,-0.0008227992336390093
2019-04-26,0.0024271582990547003,0.0038562422336845146,0.007895754219175537,0.004459258539592853,0.0019205931021236435,0.0032867854605630967,0.002941230219115684,0.0038216503421810216
2019-04-29,-0.0022891171895709364,0.00011484176125165489,-0.009792605938790935,-0.004138209494045193,-0.0019889116451227967,-0.0023765823821890767,-0.0029646657404994287,-0.003362692842629247
2019-04-30,0.0016631049048045589,0.0010978016693566147,0.009540397659671065,0.00180501085755637,0.0017706088151964562,0.002410759369837686,0.001933559914477442,0.002903650681543767
2019-05-01,-0.0026985338474451825,-0.004745986721325916,7.363415141758972e-06,-0.0010308890615407448,-0.0013224487452538384,-0.0023451565536062773,-0.001593088829237828,-0.0019484147826674097
2019-05-02,-0.003272602511269029,-0.0024325067868816814,4.432792367283522e-05,-0.0029802594211539623,-0.0033758353964146934,-0.00305464187761978,-0.003267922552977019,-0.002589770634741512
2019-05-03,0.006816392790071712,0.006391031816979209,0.009878267927541358,0.010216263683492264,0.0025759795773069843,0.0033111040846306086,0.005181008976094676,0.006318466464144277
2019-05-06,-0.0025694013688649384,-0.0014481923059813863,-0.003734685694340392,-0.00295427692590539,0.0018722490544233776,0.0013983936147159179,-0.0004344111005694681,-0.0011299645210334336
2019-05-07,-0.007993507039520432,-0.008635462940181884,-0.01833787293372953,-0.012403572276952452,0.0006211352592109957,-0.00027224202566257646,-0.0036480461292911497,-0.007283995234166953
2019-05-08,-0.0019195724230181167,-0.0015902325108345448,-0.001320370448825971,-0.002302864528396723,-0.0019693167338572784,-0.0017879199793199747,-0.002249920050782656,-0.0018669772935138375
2019-05-09,-0.0017787040790179856,-0.0007249494642256604,0.0011047081461516262,-0.001111012746310713,0.0015777793901713905,0.0017485964971133581,0.0001613549683883748,0.00017170676278284653
2019-05-10,0.00276805487828328,0.002702086242922632,0.010656540485247001,0.003850924425876626,0.00016838259931520593,0.0009500540699461727,0.0016867577555775208,0.0032192735727420655
2019-05-13,-0.008426367249580315,-0.013121472429784967,-0.0010360691469519785,-0.009809917097062708,0.001741025253227702,0.002104342427146745,-0.002755801830382182,-0.004605749363187226
2019-05-14,0.005146332703995702,0.004991805687774404,0.0036878020422115246,0.004256446748214516,0.0008016617513426903,0.0006686803110985595,0.002673852750632183,0.0032000577470820525
2019-05-15,0.005433998696269351,0.004781455634288239,0.0067747121989551965,0.008433790656211382,0.003385678911928946,0.003179447217557876,0.00451848955624944,0.005245233670824692
2019-05-16,0.0011050833784466043,0.004738089305994767,0.003991577801756731,0.0036072545724267456,-0.0009750088797892116,-0.0011622384180855808,-0.00018284485776488428,0.0016205469992002794
2019-05-17,-0.005556123164452195,-0.0036900011759506703,-0.0019309964740209498,-0.0036376420502654094,-0.000887078748863425,-0.0020256995118179046,-0.002972954163065721,-0.002987534121778997
2019-05-20,-0.004877197293528977,-0.004632379692287761,-0.014454953989251425,-0.01110036383832968,-0.0018327585789140392,-0.0023090990589714044,-0.003871651565798065,-0.006190406847063316
2019-05-21,0.004083476361844818,0.004914597430146962,0.008501864915192222,0.006028386593785151,0.00023972110867216171,0.00019319185053264342,0.0020939164594029813,0.003716988346012727
2019-05-22,-0.0016585969123419867,-0.0006550428536541625,0.002977197506903284,0.001334062088427634,0.0011485112989004283,0.0010553355268776525,0.00022863283651888464,0.0006294161155599285
2019-05-23,-0.0035147251827242904,-0.004913215470631642,0.002283556740785293,-0.00020080109850156128,0.002707435847088133,0.0033302867938954112,0.0005289052587380836,1.5071615628723528e-05
2019-05-24,0.0025351529318003575,0.0012407367012433415,0.003075623487964304,0.0016042543573889882,0.0011046065176158735,0.0008505837129141975,0.0018058685011673142,0.0017386965309153233
2019-05-28,-0.00032171602454496816,-0.003790908080577282,-0.00987961327110185,-0.004281203660788234,0.0015969822930107058,0.0009983525281070113,0.0006921288482199556,-0.0021174752188370836
2019-05-29,-0.0024336685202427347,-0.004135682394686465,-0.01330437378135649,-0.007451835157576801,-0.0007490248355779091,-0.0016210978443763156,-0.0016211848658802305,-0.004463537068214231
2019-05-30,0.003504199581810642,0.0030926448287660743,0.004184725960321381,0.005087221108399762,0.003990168521120307,0.003620725331166718,0.004221841861671972,0.003949386265294754
2019-05-31,-0.0013050415517370211,-0.005439332191221114,0.005813091017562387,0.000456649165515497,0.0032044554346136495,0.00450894329743495,0.0020970256315353823,0.0013594567736198344
2019-06-03,0.0015007620757404633,0.00043468455587862683,0.0024432407012505417,-0.0021632516299543757,0.004217873782213977,0.00534974612792259,0.0029902550651582046,0.002122542527228691
2019-06-04,0.004142163575409935,0.011390669133590265,-0.004521072703302957,0.004023147533316117,0.000249938354025307,-9.314946268318509e-05,0.000935768294307906,0.0022538608700454843
2019-06-05,0.0005753450332867034,0.005192471090427245,0.020709953207876726,0.009258944269832937,0.0002120198088098517,0.0016166530093277636,0.0006667047075045876,0.0054618822645762875
2019-06-06,0.004647853886825059,0.0038380641520300183,0.0019284180665635827,0.003498320094187679,0.0017657708752773606,0.0018185561679475032,0.0031004033810408975,0.0029376562429303072
2019-06-07,0.0074340535112572366,0.007603709618483283,0.0037506334646415034,0.00849227500372719,0.004757616815911182,0.0048533317763395836,0.006183657656213429,0.006147710243610175
2019-06-10,-0.0007892573521099185,0.0008189007613212209,-0.0032951812647069177,0.00012007754923020615,-0.0040508650161288524,-0.004667169934731262,-0.002944522150285756,-0.0021323770047482456
2019-06-11,0.002391889382772133,-0.00020421760168582218,0.0021339777054987276,0.001989448681392125,0.0001961450811117341,3.072021557066704e-05,0.001393035899493478,0.0011385504868911987
2019-06-12,-0.0020894451228321057,-2.8333934418805964e-05,0.0027346757234527315,0.0002996186451454731,0.0018313561091435097,0.0018720181938540101,-0.00018634541386211199,0.0006407321471140631
2019-06-13,0.004421679651891906,0.003465114064289194,0.004058458895764512,0.0037573769364930595,0.0030342424618346256,0.0036893740450232933,0.004269248195114868,0.0038176435421624247
2019-06-14,-0.0009436117772421578,-0.0003686509754361864,0.0010355236213466616,-0.0006025745832166494,0.0003217219396647826,0.0005462119160122098,-0.00023966762175632757,-4.290901504914766e-05
2019-06-17,0.0019826848287901643,0.0001543366471934696,0.008515833387673007,0.005740686333478276,9.609248114991279e-05,-0.0003947392073344306,0.00129523215919669,0.0025336748776736426
2019-06-18,0.008694312369053782,0.007042349305655107,0.0004637792511477031,0.004957109026420453,0.00505374893369274,0.003635443177158294,0.007061624417625714,0.005233948772090426
2019-06-19,0.0038243667783867587,0.002449652771508634,0.004441784268727183,0.004088977420388139,0.004406308480943902,0.0030338812884987314,0.004344321684478404,0.003807771659760585
2019-06-20,0.01034686842766759,0.00632970803368114,0.004955585826148725,0.007938668280728596,0.006045484843938176,0.007761885868570138,0.010124015618216626,0.007591327246509776
2019-06-21,-0.0032762204081062877,-0.002503722183253259,-0.014047113432887507,-0.007653173595822068,-0.002655651632779794,-0.0013915544578001972,-0.0024806023582830336,-0.004866723181459252
2019-06-24,0.003004020076235473,0.0006412695807402196,-0.003266952822950339,0.0017719531304578866,0.0035707955098466288,0.005336304605785818,0.004261948816889119,0.0022074057808132612
2019-06-25,-0.004977696878691882,-0.005282078768910979,-0.014510270752338019,-0.009418356739795514,-0.001473360160628914,0.00037371993887305645,-0.0033066499976697797,-0.0054207716663546585
2019-06-26,-0.002576832254654304,-0.002237274183804373,-0.01976273408536957,-0.009585674077670098,-0.0033510641500413387,-0.004576628268791081,-0.0036038145726638594,-0.0064054936207176855
2019-06-27,0.004604165461319103,0.0033309741503404046,0.012778752039267541,0.007545534671599805,0.003831693857563315,0.002152716886866264,0.004138988858386872,0.005418031646785934
2019-06-28,0.00026983746816207506,0.003267175107050562,0.003378291302040657,0.0021342873896798395,0.001980719712722533,0.0011724805777038015,0.0009278863705872654,0.0018399562883115498
2019-07-01,0.0012075690047389448,0.004785568298702013,0.0007347692877435773,-0.004079653770849943,-0.00019337593277794782,-0.003908871980724254,-0.0014794817185726974,-0.0003811582377135573
2019-07-02,0.00442491613156518,0.0029830453172655326,0.005395154620044506,0.012249765129400247,0.00436761398773778,0.006512156904208662,0.005163098412423051,0.006033168778764194
2019-07-03,0.005415058372527228,0.005573554635172717,0.004020022918387634,0.005439702413131447,0.002929498359927165,0.002753073067723371,0.004261298154386069,0.004496463069879304
2019-07-05,-0.005697394377360542,-0.003202354615229443,-0.008116319815716451,-0.0070965325655546335,-0.007248831471995343,-0.006511902214024493,-0.007314300396068553,-0.0063698312167239845
2019-07-08,-0.002634252880903846,-0.003720390880290195,-0.0008092627521756407,-0.00320829996620464,-0.002067029162809694,-0.002636612795153209,-0.0016979647611892277,-0.002316669517430227
2019-07-09,0.001138397336305356,0.0004994527072862218,-0.001132816112910869,0.002567124161361522,-0.0007956171601070939,0.0005141060890197924,0.00020063817907783974,0.0005035509172572948
2019-07-10,0.0070704819490110555,0.0031043445952907223,0.0032019073398696207,0.009763552094621625,0.00291617103384998,0.004662344432049798,0.0050463184024654405,0.0051093265861540515
2019-07-11,-0.005161592276466153,-0.000700053559913435,-0.01138849175366767,-0.008393483853925944,-0.0047620962241889,-0.004863893344455331,-0.006440282447447341,-0.0058993189728470535
2019-07-12,0.002404736690627923,0.00313305770598289,0.0015781420315637868,0.0027741376546291173,0.0017642690515134879,0.0024638316378370814,0.001817777288220899,0.002271420608857601
2019-07-15,0.0005996279934896735,0.0010382859875115336,-0.00048073299444390455,0.0010654759766421194,0.0012512168791972507,0.0011953950259599123,0.0009536790099917323,0.0008277693616177751
2019-07-16,-0.004283032095478679,-0.0028156191946046532,-0.004709816633465193,-0.00490373539289783,-0.0030041904429429995,-0.003717191932365174,-0.0037810148184289584,-0.0038539155806557646
2019-07-17,0.0011241762789863956,-0.0022338335036558984,0.00426451874518059,0.003692247077758937,0.004221756854080482,0.005411706318020888,0.00424272669909201,0.0029551376253353404
2019-07-18,0.0025763622263210075,0.003181515187592932,0.005497412240361801,0.0037988041674760697,0.0030296219819630453,0.004589715367849272,0.0028225879079862314,0.003626107394995915
2019-07-19,-0.005469764967629747,-0.0040594411094696525,-0.015690970831458977,-0.010117188169466327,-0.0027204910910829595,-0.0045148443313300654,-0.004366043738479611,-0.006570716726192262
2019-07-22,0.0011844322642934582,0.0015303132800981417,-0.00031074092882701877,0.0015665398396741213,0.00023469557372945431,2.666486364162542e-05,0.0009483506493307497,0.0007544743087573702
2019-07-23,0.0022731834177127917,0.003637705203032175,-0.004859001382684682,0.0009323490958490366,-0.00023405436774334763,-0.001740849346762836,0.0004178227917225998,0.00021806721543075674
2019-07-24,0.0025987681293336735,0.003412756911934516,0.0048824533231329875,0.0039050558404169567,0.0015036379774636406,0.0021287960979071148,0.0022828157367642977,0.0029344633761454035
2019-07-25,-0.00552303622955038,-0.003569674441161497,-0.007013825226596176,-0.006405868442641831,-0.002457226500618578,-0.0033534713924371884,-0.0042972629472187536,-0.004652673135167311
2019-07-26,0.003367212422602057,0.003964822876577224,0.0017863464495944915,0.003899033964170249,0.0007592487046481944,0.0006805099064619011,0.0018689123532008667,0.0023690084397024187
2019-07-29,0.0007264290714679168,-0.0007387535386487616,0.006472571207940415,0.002155446579628481,0.001086197796512887,0.002428576698731088,0.0011482789003513497,0.001833917648654761
2019-07-30,0.0005780513324233731,-0.0013006945134880522,0.003566064693500999,0.00241416956838244,0.0006747735434717269,0.0014023379721827419,0.0012472950157335029,0.001242345215272513
2019-07-31,-0.0054953370392974,-0.005592109459548482,-0.010871553073950267,-0.006298460841165687,-0.000522720831816404,-0.002629148327688648,-0.0020505641867505473,-0.0047988644064089325
2019-08-01,0.0003189745626913081,-0.0006224081696998571,0.01799199554557758,0.006585155445265227,0.00692884851321251,0.011106098667084443,0.006108629826015883,0.006997821662443493
2019-08-02,-0.0018308487949683662,-0.00361070636129642,-0.0016791191725563234,-0.0015383880815051764,0.0005912171704986676,0.00012531756503061887,0.0008104669549513709,-0.0010257289071059009
2019-08-05,-0.00955618713237076,-0.014185936491858118,0.005620884744483608,-0.009673238718373056,0.003228884522060904,0.007262213087663932,-6.788160907117468e-05,-0.0022735365495282762
2019-08-06,0.007903981161695408,0.008808717705394988,0.008842101404611972,0.010470136747396247,0.002901180634086241,0.003343363982985074,0.005894671110975475,0.006829236144485667
2019-08-07,0.0026090101915921173,0.0003442421839039533,0.01386189691474814,0.007004867760520962,2.5815783748117508e-05,0.003122474595819669,0.0019420216485438527,0.004167287050931607
2019-08-08,0.009407219816634468,0.011480306338016713,0.00806036761493954,0.012657334200735651,0.002926537681247862,0.0024920960146127377,0.005171298690897615,0.007358864971045124
2019-08-09,-0.0032385449373975015,-0.004754806974814036,-0.003272921283498743,-0.0033625344208047274,-0.0015268222744618438,-0.0015955523910703416,-0.00214609770815816,-0.0028466243294770497
2019-08-12,-0.00026582421777246196,-0.00474766037492917,0.010593049011333058,0.008962428582280874,0.003108420854212657,0.005468603479521251,0.004510211015067472,0.0038243731200217216
2019-08-13,0.006727013890525895,0.007803288329510702,-0.005754283839115182,0.0006807282713791856,0.0007540541962683463,-0.0015720028013033087,0.001672582785586339,0.0014980869562747764
2019-08-14,-0.008780305805856965,-0.015029800651903336,0.008115781949031441,0.0043973603914207494,0.0004887989648486362,0.0036731003989813413,-8.574102212929001e-06,-0.0012215875482100105
2019-08-15,0.004374078044878176,0.004166586956985987,0.007022826267649515,0.0075447121713484765,0.004829781956806208,0.005338452708000741,0.0053460527344455335,0.005523832172635706
2019-08-16,0.004124157099117024,0.007610045376298845,-0.006535298100590057,-0.0014219264335887658,-0.0005333256464766543,-0.0027263421436913146,0.0004996878840812904,0.00022534582322966478
2019-08-19,0.0009597826422363737,0.005214378223757815,-0.01191153469379188,-0.005739124381438352,-0.002243351703589925,-0.005170058459149915,-0.0030628934733417635,-0.0030246204592226777
2019-08-20,0.0011108068005469037,-0.0028937086162299196,0.007730648499930323,0.004828036033768763,0.0028381132435996792,0.004563183649675132,0.0038869714078557356,0.0031381332914964047
2019-08-21,0.0025721090785481605,0.0037931970984567305,-0.0031644201236604636,-0.0019436158941785347,-0.000875666668464554,-0.001915802933618882,0.00038708555022323873,-0.00016734915808934794
2019-08-22,-0.003529414022666862,-0.0010681456319115577,-0.002539507789937164,-0.0018811641664592072,-0.002169014612333925,-0.002368466964757078,-0.0033263393366477294,-0.0024339846910552743
2019-08-23,-0.005235729612281712,-0.012726772550859427,0.019589847185487137,0.011113299338055712,0.0020747937646093586,0.007632055863090694,0.0024641790433726552,0.0034596146569394358
2019-08-26,0.0036585140092114934,0.006155407587198881,0.00013875475282665845,0.0013707854150452421,0.0005580742795581396,-0.00015233662913030063,0.0009127335014869064,0.0017912339425351644
2019-08-27,0.0038706154715985055,-0.0005902514723600755,0.00957073902105864,0.007807154174650876,0.0036770813190466264,0.005459318757850392,0.0055602789079453084,0.005082332397672797
2019-08-28,0.002653595185479271,0.0043191818433592705,-0.0028165394070236377,-0.0008823842851050576,0.0016766951161615046,0.00035969411913441146,0.0013410728509438926,0.0009562171045655716
2019-08-29,0.0038099779394104964,0.006859194217653469,-0.006878132317313363,-0.002657896512331492,3.3182041457670476e-05,-0.002336374673684973,-5.9676580008405226e-05,-0.00019210692775229423
2019-08-30,-0.0013718994394873508,-0.00016367344107039747,-0.0022968116687681834,-0.001048125657059286,-0.0011548672074063032,-0.0015387032161283487,-0.0012330232950113914,-0.0012662702202253745
2019-09-03,-0.00011459256972249461,-0.0026563951844621597,0.012707610470384776,0.008072324455770252,0.0010339511235372793,0.004288455885461462,0.0016140990450460718,0.003590861960849772
2019-09-04,0.00952326513906942,0.007454973907370106,0.005795182653795293,0.005362575936132387,0.004620138560744447,0.004608122910213891,0.006118193877068573,0.006226542028537884
2019-09-05,-0.0025361322758441166,0.004570245132034363,-0.023447219571136674,-0.01747722419304055,-0.005479871824528989,-0.010730125558496846,-0.007820428151475718,-0.009014894740265334
2019-09-06,0.0013270477013699394,0.0007117254101065513,-0.007044675147666277,-0.0011852223302323088,0.00046356985873264624,-0.001531280175977471,0.0015545547705899828,-0.0008496948401389385
2019-09-09,-0.0031440346005668324,-0.0021086220512070092,-0.005079894648686953,-0.008517989678892068,-0.00405113160313013,-0.004242568346194087,-0.005160527661257519,-0.0045558536498851825
2019-09-10,-0.005961861461077131,-0.0031045606041478504,-0.008847503223443501,-0.011100925630454658,-0.00585242182535922,-0.007386595777273895,-0.007641343996797616,-0.00712545628792154
2019-09-11,0.0022186755561972543,0.003886767207422164,0.005859103868470886,0.002767050554960316,-0.000643713845308733,0.0007599133075670674,0.0003900314065600968,0.0021793714210278114
2019-09-12,0.0009290475046711958,0.0012045603999590489,0.0018335157320514036,-1.313027660800891e-05,-0.001763715581468141,-0.0007527230654288253,-0.0005936083252827605,0.00011945442046229309
2019-09-13,-0.00625612131807567,-0.004014839415561636,-0.008615024186589626,-0.01217001744016527,-0.007448337257369257,-0.008108837391452288,-0.008389827161789645,-0.00785594515678835
2019-09-16,0.007462389914517165,-0.00016782446001275294,0.008459692470981058,0.007671942297555149,0.007008548624084211,0.007048158426524997,0.008634725864309953,0.0065995662215978974
2019-09-17,0.0011977464268202397,0.002564110209367825,0.0020689379927003176,0.004982518021457643,0.00066419835606993,0.0013722836817925594,0.001457761221234505,0.0020359627376667316
2019-09-18,-0.0014782119837882038,0.0005038884137977162,-0.006016407959054213,-0.001200940879623617,-0.00023215079221462813,-0.001110546750710782,-0.0006359894341542254,-0.0014728664297040425
2019-09-19,0.001788853765298199,8.041999135575891e-05,0.003991513529566688,0.00278635823976612,0.0008083520445683773,0.00046468163225011624,0.0021673235876866976,0.001749801541094274
2019-09-20,0.002741081896601257,-0.0005345362940353498,0.01182048544291203,0.007088501453767303,0.004147734947286573,0.004631836612173161,0.0056460912899833765,0.005119828546973419
2019-09-23,0.001279244996148547,0.00043461899858045466,0.005596383832365372,0.0021667134740855215,0.0013844316370471314,0.001535870116213904,0.0011869358665600725,0.001948449637106886
2019-09-24,-0.002164452492890495,-0.0026718278294461917,0.005286918308423878,0.0031500200813943074,0.0017090388643532831,0.0023209998497315727,0.0014804357442243417,0.0013449454771304443
2019-09-25,-0.0037917722792623738,0.0008465398348338933,-0.018545379403875562,-0.00957716969347338,-0.0051927235788102695,-0.00564681559751515,-0.0066687739607035595,-0.007032930505819313
2019-09-26,0.0014473719966159406,-0.0003793577318916366,-0.00028208802372807945,0.002925134513007123,0.0014620202795341747,0.0015288340539272225,0.002272627571677643,0.001287403260908713
2019-09-27,-0.004527629365658567,-0.002633958556050761,-0.00514842910011236,-0.003982915380050351,6.213238359009698e-06,-0.000724460273346931,-0.001996447032262827,-0.0027109165173094542
2019-09-30,0.0002130517305147597,0.003016954975028437,-0.006073016521458658,-0.0030906952097958006,0.00038642437258475896,-0.00023041433583642016,-0.0005597113343582394,-0.0010423720897244735
2019-10-01,-0.0027882120990085552,-0.0060425446000891316,0.003810308333857054,-0.0005079083890540363,0.00032877678085777376,0.00033404251818390605,-7.385466093061882e-05,-0.0006644556717327178
2019-10-02,-0.0042367034302814785,-0.00915818710254604,0.006550851364670471,0.001956643199575642,-0.0005446233726170594,0.0007682182635226709,-0.00033471632583089936,-0.0006278135437931139
2019-10-03,0.007020916292002032,0.006981184855310109,0.006992570909211215,0.00794119768997231,0.0052696908337342575,0.00588879890264668,0.005738646386936468,0.006504054127556407
2019-10-04,0.006659633608516213,0.008812196379956732,0.0039080542119743385,0.005206780513877278,0.003925768159165197,0.003302537548558928,0.004623831300225493,0.0051370221000565895
2019-10-07,-0.0049397671098512595,-0.003920019709953667,-0.008233565947686896,-0.0063224049147044305,-0.0034622069472628743,-0.003969883086642159,-0.00497007417663804,-0.005130072308208263
2019-10-08,-0.0034167372173717903,-0.008389115749218,0.005283905255459825,0.001008423273833243,-0.000556142810383351,0.00011397379428998458,-0.0003003670887304081,-0.0008226674369730828
2019-10-09,0.0026289150332275486,0.0045655285412779635,-0.005760587610450613,-0.0015697566130736139,2.6247924097022056e-05,-0.00012446081415814694,0.0003330960296688795,6.977948404745693e-05
2019-10-10,-0.0002568429251185286,0.0015910262790648846,-0.014893571982469092,-0.007988385208278352,-0.002436905089477158,-0.002221160502248152,-0.0037865362031107956,-0.004228643128247587
2019-10-11,0.002814988281588254,0.003589730499008032,-0.012377247397749919,-0.0061494752934156465,-0.0015405995734643406,-0.0011823203409175584,-0.0012805651468357332,-0.002227459980641692
2019-10-14,0.0007774205752416901,0.0004004099736208877,0.007262838433433223,0.004387639415495266,0.0011928888877291105,0.0009791920436385687,0.002027006025470582,0.0023816252107955213
2019-10-15,0.0005469321927868346,0.004149956313007505,-0.01208819714999009,-0.005855134181947022,-0.0016987535419649227,-0.001741597558436211,-0.0027527290380461233,-0.002692721365319854
2019-10-16,0.0011046792452344975,-0.00022057880725314348,0.0012162825124051324,0.001413484846716931,0.0014509295206413888,0.0018193192017321989,0.001677627250951515,0.0012501923629033808
2019-10-17,0.002258085010686134,0.0016655744092870734,-0.0024298102853976774,0.0008485344307305086,0.0007184479109827339,0.0007636388439437273,0.0015472436282751093,0.0008272222907429736
2019-10-18,-0.0013061635710705372,-0.002342689823056637,0.0028969083939683685,0.0001525292751113142,-0.0004278232185166972,-0.00046581802605002195,0.0002754698876301379,-0.00021116454544184193
2019-10-21,0.0014088986585530602,0.002589594160308205,-0.0016364391085966683,0.0010831420064648801,-0.0012122920975994947,-0.001090080140978365,-0.0011242603072401977,-0.00011330609362502496
2019-10-22,6.47361164637887e-05,-0.001034208770412126,0.002399147636533889,0.0002688382144531286,0.0013610379181722611,0.001680721811733266,0.0014639406272912612,0.0009504264751887232
2019-10-23,0.0026664172414051462,0.001888247489299061,0.001475797478603347,0.0017224925939765398,0.0015820064072478066,0.0013341731771081737,0.002085271396377104,0.0018177355462184355
2019-10-24,0.0023393676354836824,0.0009100298341269276,-0.0022082350684681537,0.0016303085505100805,0.00047967943181084955,0.00033388049307224064,0.0016785110093167346,0.000734992589801286
2019-10-25,0.0011149222382370845,0.0016040520915536899,-0.0063091658277294295,-0.0016306525043829705,-8.752329064868675e-05,8.585161460298191e-05,-0.000662948424784139,-0.0008319006028974309
2019-10-28,-0.0014224350315723184,0.0018992609603601322,-0.007911651757154685,-0.004223318871973243,-0.0018121374662044814,-0.0018270528317225559,-0.003647918001961167,-0.002741900354101542
2019-10-29,-0.0014581348397197434,0.0001479119230120261,0.0024584885963235318,0.0016452823863651548,0.00010861728647601859,-0.00025270826559967,-0.0009029483620528168,0.00022317831289002545
2019-10-30,0.004231223466136307,0.0037822975355693523,0.010898028431878962,0.006038135155646414,0.003767395310598466,0.0033146171981697477,0.00440084363687857,0.005229029246901739
2019-10-31,0.002043782045179936,0.0009489150792499016,0.008345897757881011,0.002095567606049017,0.003300731605038008,0.0027595238533186534,0.004247508581935989,0.0034348243818653947
2019-11-01,0.005291483948443913,0.004771478574822179,-0.0021235675865189643,0.0016682641325234397,0.002163212128324052,0.003051104147264072,0.0026922027933970402,0.0024874578696852325
2019-11-04,-0.000729067516671719,0.0003751749821727219,-0.011105474921039842,-0.004820635475145512,-0.002013382749112706,-0.0014733920516921402,-0.0032026357474552567,-0.003287823657878867
2019-11-05,-0.005292434014995756,-0.0028062361949275456,-0.013169417908225178,-0.011752504102094016,-0.003482166611132018,-0.0028679003720546966,-0.006706971978972815,-0.006570230886556748
2019-11-06,0.0005221784944007544,0.001282066778712951,0.004757259566080707,0.002170957979671778,0.0011204486700641916,0.00030849071633741367,0.002160883059783526,0.0017678676695380134
2019-11-07,-0.0051909846894234064,-0.0011830142835403184,-0.01781524730958717,-0.011886237901418706,-0.0049482525968447405,-0.00485001214701658,-0.007788135599364686,-0.007589605683294261
2019-11-08,-0.0017381286150146493,0.0009468346080442416,-0.0040521753158196784,-0.003999847410906755,-0.0010263377795086512,-0.001604876303599794,-0.0021801241672078516,-0.001916718848105215
2019-11-11,-0.0016681581572928904,-0.0007212120099987456,0.00062797996610351,-0.0009096721154372958,-0.0004085547234219512,-0.0009655993072157678,-0.0008251440025045704,-0.0006744314720974064
2019-11-12,3.4055759448831417e-05,0.0014505222921231348,0.004560020008144912,0.0014934276397764886,0.0002643045251975699,-0.0002575066928202012,0.0001885968731593049,0.0009869369618792838
2019-11-13,0.002164313055364293,0.0012731634623935077,0.006370444779244598,0.004204720850164633,0.0016594872841701716,0.0013006021239199206,0.002899116449804908,0.0028629142637496188
2019-11-14,0.003401720589382009,0.00288676782295371,0.010120353474110165,0.0061114360399025635,0.0036736068426309687,0.0033441170732991443,0.0045010337962948874,0.004847086052921948
2019-11-15,0.0032092090060072344,0.004033618782160001,-0.0009297131153688497,0.0010051806672254297,0.00131877986397532,0.00131524983152902,0.001420397363719864,0.0016951802015078034
2019-11-18,0.00016953058911718075,0.0010640947997856824,0.001414409133260873,0.001530546744986666,0.00046469500545830183,-0.0003161558312251758,0.0005636230315005687,0.000714056377013854
2019-11-19,0.0009699132507831078,0.0005817691034889189,0.00607706403892835,0.004177600637699759,0.0009048262620351015,0.0004286003707962185,0.0013195380705144154,0.0020876604878706114
2019-11-20,0.0015786213382434032,-0.0007558722427787109,0.004994201405074489,0.002616954508253615,0.0025729847275000528,0.0035706287778992703,0.002801374330559806,0.0025564532474462
2019-11-21,-0.0030839344137989478,-0.001967871070065745,-0.004952383090988611,-0.005285035495187694,-0.0016101699637201532,-0.000956483911272035,-0.0031971162789794397,-0.0030494673886248703
2019-11-22,6.06730808665877e-05,0.0012570225277032242,0.001079137674653992,0.0001463256928454888,0.00013576838533454748,-0.00011081653254612057,0.00026116284071450675,0.00039629609621682853
2019-11-25,0.0038596738101362308,0.004816720039815413,0.005823815966016668,0.004146840860832843,0.0022157643752725898,0.0018329485336135531,0.0023109303963960767,0.003510104668418614
2019-11-26,0.003913535835812719,0.002111118649509506,0.004559432595483571,0.004243373157650065,0.0017747720582641723,0.001816003663983384,0.003945096729334304,0.003238330046244154
2019-11-27,9.511588204885025e-05,0.0015820768287971004,0.0007066532794295052,0.001134924960007724,-0.00184433170754613,-0.002273340931492216,-0.0010936257589828089,-0.00026882432551269164
2019-11-29,-0.0052462463997622255,-0.0025526622166563368,-0.003038644131770019,-0.0025616600054967414,-0.004703836797005876,-0.005270271843799714,-0.0038870748258720634,-0.003875951702153357
2019-12-02,-0.006377565622983123,-0.00653792617968952,-0.012180630133033124,-0.009910048347408568,-0.003557470122393074,-0.003097506549430709,-0.005489289745209345,-0.006734763457688287
2019-12-03,0.003837347295551995,-0.0004537595264722605,0.01021854632119673,0.006157083321347502,0.005011044321995556,0.005541744840213447,0.006869225425542249,0.00538059985641643
2019-12-04,0.0023833311903176434,0.002127093856718102,-0.004468749727643733,0.0001668984938315475,0.0004905495055583385,0.0004964312662021654,0.00043184572311764425,0.00016376559288592196
2019-12-05,0.0003262192585536711,0.00014007746356606212,-0.0023325315122866637,-0.0003488484101844947,-0.0007820232629010332,-0.0008029038559425248,-0.0005285739249052991,-0.0006371415828446618
2019-12-06,0.0016536701998515406,0.00425224651474011,0.0004986204884295785,0.0006439760543927189,0.00016701336780793866,-0.0002340949921571789,-0.0006122709913666186,0.0008603410920596789
2019-12-09,-0.0009881059752725296,-0.0016131136089197096,-0.001569553057858085,-0.000972295259646583,-0.00030999091228974874,-0.00040389439119189633,-0.00020823809841261104,-0.0008413426396267192
2019-12-10,0.00021453403068349335,-0.0011372716107786428,-0.0004240925472931611,0.0001354683369082849,-0.0001913724711915397,5.853961401142962e-05,0.00011806757812497321,-0.00018163501688165935
2019-12-11,0.003444346480417654,0.0033628208463960772,0.006456128005681118,0.0048787136202558205,0.0038933108183918483,0.004257670596712615,0.0032610982325674332,0.004199542839918387
2019-12-12,-0.00038108085899112715,0.001990849127064831,-0.0033651981978038456,-0.0029381120216128704,-0.002127553520919904,-0.0016293652728449444,-0.0034839261760359224,-0.001800630263936773
2019-12-13,0.004116297158496776,0.0026978599978929245,0.0069896221565304145,0.005485130540278652,0.004647067629258796,0.0046946030084122105,0.005075998738241802,0.004831995640444814
2019-12-16,0.0026245843270730146,0.0022675913057098812,0.001499729886740153,0.0016847784739194816,-0.0009832127146431509,-0.000767802775983127,0.0001212125928718575,0.0008780319337118329
2019-12-17,0.00035416347358836487,0.00016827892442722965,-0.0002932768818503545,-0.0004243060591564129,0.0013109990379164226,0.0015169728206525662,-0.0001271231707195028,0.000337763423588567
2019-12-18,0.0007342284386826983,-0.0011469131343060579,0.0006644670693356728,-0.0008992166670902272,-0.0013847147888120027,-0.0013361431033800807,0.00012530184066107786,-0.0005221175637664264
2019-12-19,0.0033395905268574526,0.0027740747327061905,0.006251508998653893,0.003905014568170881,0.0015291593176759068,0.0016335940608526544,0.002601508727790076,0.0031141212870446928
2019-12-20,0.0018654034173310936,0.0026367739970113444,0.004030913286208634,0.0026959422747253638,0.0005111998883481583,0.000768342011856479,0.0010738814681440067,0.0019160213035082751
2019-12-23,0.00020597479492930727,0.000559939538512993,0.0026414969758405933,0.001643896189850085,-0.00030109205506137894,-0.0002018760639115953,-0.00013260911236108078,0.0005933299394945653
2019-12-24,0.0022627966084968637,0.0007031135325178157,0.0005192744824746855,0.0029636423810740636,0.0014955987921502175,0.0013604467479469225,0.0025013612750540313,0.001702162629422199
2019-12-26,0.005208518172976941,0.0037842828188487084,0.008824281325080723,0.006817423949591413,0.0031104305151721705,0.0031688497864618406,0.004067296966115398,0.004949738162666383
2019-12-27,0.0012816870502361554,0.0004242068671717479,-0.0008420206330272941,6.689415868021449e-05,0.0015472448283477317,0.0014358140300810105,0.0014632543940038332,0.0007857140406847624
2019-12-30,-0.0022817925610563233,-0.0036221269199079686,-0.00661559034918634,-0.004662004219789208,-0.001962512939367268,-0.002349610331950347,-0.000905553209392632,-0.0031796262751485975
2019-12-31,-0.0009073475628466807,4.122372841237334e-06,0.0018850308221249807,0.0012388397898164534,-0.0025085693325926067,-0.0018901845251024943,-0.00190381759139282,-0.0006264134899162016
2020-01-02,0.006772834981496957,0.007463256191983795,0.016697100283769455,0.013075624050563703,0.005913914586801307,0.005880646404994835,0.004481562891976564,0.008608526187459387
2020-01-03,0.002342754269418135,-0.0018903904855820958,-0.009159796971704857,-0.0037703300807184485,0.003383220437415761,0.0025016829314433407,0.004926648155855823,-0.00016667420095572744
2020-01-06,0.0012647011376178846,0.001848657889819562,0.006443194826439397,0.005121734693136658,-1.3335806238997663e-05,0.0007052743307352004,0.0001505693368490277,0.0021771431874634093
2020-01-07,-0.0022428301661586198,-0.002260373377081806,-0.00013927024597082478,-0.000565138054321596,-0.0015667745686847147,-0.0018119956088443836,-0.0024108579458878812,-0.0015658021730249726
2020-01-08,-0.0012583502764780933,0.0022531388277291036,0.007516272214914888,0.00337090045319215,-0.0017487616692325727,-0.000860373093002525,-0.0025216015639314767,0.0009019232607568933
2020-01-09,0.002236052770602822,0.004333686442406382,0.008450750203537857,0.005426377874881432,0.0015873016670377882,0.0022419439265964234,0.001548562055642531,0.0036814361143354263
2020-01-10,0.003036009376764951,-0.0008690887423747616,-0.0025574236907635935,-0.00010808302771087247,0.0012217945820149224,0.00037785200321627406,0.003578025679972296,0.0006787223267771333
2020-01-13,0.002736960241318959,0.0036610054012841896,0.011536716600907241,0.00822736986508665,0.0004917564660896687,0.0009186805892182507,0.0006421689100726506,0.004021010905436552
2020-01-14,-0.00035316879581157696,-0.00013043372664845886,-0.0039372270437703005,-0.0031062614108084492,0.0012012479965537218,0.001037996169750766,0.00044397688601811533,-0.0006953032090200766
2020-01-15,0.0017734783257530268,0.0023613927937998426,0.0004086535154752696,0.0021941088946977132,0.0012712595204403916,0.0018566661582705701,0.002328324881123666,0.0017267891376036573
2020-01-16,0.0028674348995261986,0.0041800575762644876,0.009583596376664817,0.007407201671691392,0.00026753686760223785,0.001334949392966866,0.0014661861404763293,0.0038640725924308015
2020-01-17,0.0011302629721829118,0.0015589591060196429,0.004948794216758745,0.0036551903307434452,0.0005723567080245495,0.0007614272330375221,0.00035985116858271897,0.001859472323320135
2020-01-21,-0.00041176753287589104,0.00039040113171663734,-0.0004636159787840989,0.0019264845289676136,0.0005837338260207257,0.0013028926023493992,0.0015464201239654253,0.0006776401869275604
2020-01-22,-0.0005218400408655471,0.00014392473547718835,0.002642528956435117,0.0010988715952429922,-0.0006917943801790219,-0.0008777906661201853,-0.0009579963761284096,0.00012713187387713174
2020-01-23,0.0008440435933361972,0.0016924666910574655,0.0032160059700943036,0.004008051051520137,0.0006687286613278804,0.001248296894821956,0.0012615268928031944,0.001843317772775736
2020-01-24,-0.0026421410930181485,-0.0038859177147411187,-0.008415394231073266,-0.0043712699534727345,-0.0008362804607758658,-0.001794655876483673,-0.0007132847767471159,-0.003259483501460976
2020-01-27,-0.006765338045488434,-0.00680546935099479,-0.02065543039305656,-0.01138008469223893,-0.0013949058083456856,-0.0023261331948400805,-0.002288675762761438,-0.007416544634173511
2020-01-28,0.0022692314994172545,0.004802390874119308,0.015359775855675996,0.008134872776014074,0.00026114025762723154,0.0015521857296208698,2.242773886275873e-07,0.004620312754614786
2020-01-29,0.002340825077037146,0.0014579492013949411,0.0016257186645645151,0.0021163067021650033,0.0029851048708267255,0.0023265489418027255,0.0026812345542980075,0.0022167035108241954
2020-01-30,-0.0016325649002258814,0.002295403522226227,0.003521475397231672,0.0018947578616509819,-0.0003330631572283229,0.0009079180397417555,-0.0012715300671765357,0.0007803219505447463
2020-01-31,-0.005766695113935062,-0.008898104422652417,-0.015858177735832073,-0.004773951980812431,-0.001500143273379384,-0.0034127306407956024,-0.002082109121993876,-0.006111524044860139
2020-02-03,0.0010152557019532265,0.004074610959146995,0.015109363355497708,0.007103814079756165,-0.00044331126633539737,0.0004220102735844808,-0.0009462923434185071,0.0037737200596187105
2020-02-04,0.004470054982648918,0.0067598921874720925,0.022888830679147237,0.006160287262700168,4.159952844726207e-05,0.0014270178305209723,0.00034598910235240064,0.00610847455382467
2020-02-05,0.002404867071521444,0.005226985670851267,0.003297156844169977,-0.002200955887809657,0.0007452754330158709,0.0022534581497954476,0.0008169995389910454,0.0018386935396355023
2020-02-06,0.0034031335132391066,0.0023183096729018004,0.008631932705873915,0.006732515674399515,0.001507434320604561,0.0018315475536012098,0.0023778104882096348,0.0038532743218098408
2020-02-07,-0.0006565359550710955,-0.001346002640415362,-0.004300789467341908,0.0024653445924121965,0.0011184666564967834,0.0007164740452553226,0.0012463548918744097,-0.00017397281345148938
2020-02-10,0.00408098891817078,0.005227293293347475,0.012056676666807173,0.008425789600859736,0.0020031739327402566,0.0028409488766460464,0.003028245659692264,0.0053827669479684466
2020-02-11,0.0015273064426387707,9.354348277521593e-05,0.00017232955807244805,-0.0004578350814067084,-0.00023179501990545383,-0.0006126784587920508,0.0006148234916345415,0.00013896631241135565
2020-02-12,0.004546456341658186,0.0028618063352995092,0.009741022780747722,0.004429068647420965,0.0014051574655692294,0.0015914081699023683,0.0025777120495519106,0.0038788370493164645
2020-02-13,6.025961507779644e-05,-0.0002945340736774839,-0.0012807298367087908,0.0018409853000607153,-0.00033501452033181134,0.00023819428639693707,0.0006915286334978896,0.0001234083746030512
2020-02-14,0.003131430232133612,0.0019487836864015803,0.0028637771684363327,0.004396829575885436,0.0019148035945072987,0.0019501572838806361,0.003273907765994679,0.002777239380059108
2020-02-18,0.0022788761600622703,-0.0009267219423465316,0.0003834306873036211,0.0033402736419376137,0.0009617096006407593,0.0006997485322067489,0.002776856372762794,0.0013613241072976748
2020-02-19,0.0024052641628673262,0.002811899273196952,0.009585536995286404,0.003691540908085807,0.001988577764388094,0.0021707503004767753,0.0007021504751861898,0.0033719888859282203
2020-02-20,-0.000358958881669532,-0.0013371035450171712,-0.009319347013225425,-0.0035388225062460326,-2.5128227019282666e-05,9.485567546530423e-05,0.0018197459402759847,-0.0017746385133939407
2020-02-21,-0.0006081714436018313,-0.004537811613074584,-0.019209322262239915,-0.00578703235915568,0.0004238587423420013,-0.0011443363070566528,0.002065183040890226,-0.004087472960786324
2020-02-24,-0.011911209495970757,-0.016572233207337413,-0.03856341952344453,-0.018165544281592227,-0.0038247457761370696,-0.007176916643257288,-0.005045769389739989,-0.01434619246444528
2020-02-25,-0.013061581744409086,-0.016567496346002037,-0.027192003475554383,-0.020793841577661367,-0.004833425626708181,-0.009002797620618501,-0.008475668255303217,-0.014110041597661042
2020-02-26,-0.0018815746256984505,-0.002340786517170331,0.005154013219532233,0.0037865179218169423,-0.00133300514307593,-0.0021665265820501427,-0.002677644708262594,-0.00032765262178678135
2020-02-27,-0.018976741924689653,-0.023805433022250674,-0.05007402526084556,-0.027257402230978042,-0.006156058625575379,-0.011712076699756347,-0.012191281745730182,-0.021150250619285292
2020-02-28,-0.004113201376808053,0.0025270849399177354,0.000778271960303332,-0.009328532287866455,0.005655458105748804,0.0046312865413638896,-0.001493737588500199,-6.02452148232576e-05
2020-03-02,0.019638915885006086,0.025504194573138208,-0.007563964187981205,0.013943892908393186,0.007743280786747404,0.00864708433750184,0.010979965262354932,0.012317390448651554
2020-03-03,-7.578350748247987e-05,-0.012945910723915004,0.015525674432494014,0.0006089467550252075,0.004677747751474375,0.0040216383962438955,0.007119620831425302,0.0018333518866466192
2020-03-04,0.014538223137492218,0.024367854433154545,-0.010618771340729891,0.00883029906873416,0.004655674893738735,0.005241443259710587,0.007490784163819434,0.008752870654635482
2020-03-05,-0.007231559517701611,-0.01685119725238548,0.024891895709103006,0.003815477270685518,-0.00032652898394719865,-0.0011331007442127597,-0.0009155104043580317,-0.0007534374846887256
2020-03-06,-0.003811940970548177,-0.00587834252628754,0.052043401638687564,0.020117038139270214,0.0008995519462386779,-4.7562178942831164e-05,0.0010970743789513707,0.007956205946373284
2020-03-09,-0.038801149092916196,-0.042775327139082886,0.027103527766755342,-0.010432722949366922,-0.014214184650580866,-0.016503164752948257,-0.026601326497166067,-0.018748808335125856
2020-03-10,0.010695000687470514,0.021769536948467602,-0.05125813272028097,-0.012263347817689549,-0.001468800276209286,-1.3631879023178091e-05,-0.0033401829033655192,-0.004193114708527729
2020-03-11,-0.033395321013315424,-0.03327186143810671,-0.036828648529179275,-0.03021473713399381,-0.017462250113483867,-0.020106218939433883,-0.029419351472274185,-0.02872644549822157
2020-03-12,-0.05610926378930628,-0.056277220264293444,0.006196231198386465,-0.03638998018306607,-0.019282394122727416,-0.025713191470487336,-0.05205620577348792,-0.03417268577902607
2020-03-13,0.033522294551620486,0.0455309456907077,-0.022602830332129235,0.006432428315974601,0.009285583971853466,0.01413997637356002,0.028280048994377305,0.01602211259553162
2020-03-16,-0.057386379508585425,-0.05336850479417333,0.0647657487994836,-0.012724420324544489,-0.003346088714932107,-0.012109506023531894,-0.04640304316268708,-0.017177410493376087
2020-03-17,0.009230865570969783,0.018615774257913185,-0.06668280818001542,-0.006115102201208454,-0.008121839193648636,-0.005648582984225046,0.0032867782261706132,-0.009033309278496484
2020-03-18,-0.047279729071168515,-0.034894098667595096,-0.05641276180111086,-0.03891486427949318,-0.0231281377676477,-0.027134729571000167,-0.04216067824773208,-0.03850734848113553
2020-03-19,0.00015895893960937236,0.0026311711010949925,0.027225132907003662,0.008323423076190275,0.003919712396751955,0.0041678741243577075,-0.008281659736801774,0.005589073190658218
2020-03-20,-0.000504565075244254,-0.015746924510096686,0.07511400776905501,0.04469258138810717,0.014089149630936392,0.01800243666875616,0.009707530910866461,0.020481788489232298
2020-03-23,0.01069133970040319,-0.00998170756757422,0.0412099525958349,0.033030309416442014,0.009994285647795724,0.010635467922910324,0.017196396542622103,0.016441107277306716
2020-03-24,0.04200737036307049,0.04911823605718835,-0.01861496379381498,0.005665578431162381,0.007025260697804044,0.002200485521738023,0.02832170377982688,0.016160127723837556
2020-03-25,0.01597714485556883,0.009169789592579825,-0.002270536435993948,-0.004274539570801734,-0.0008164939143881596,-0.0003334543923582444,0.010716933137347444,0.004103967785725477
2020-03-26,0.02581989202109581,0.03601515079954376,0.0049218146736860185,0.015601611783695011,0.011183042488308337,0.0081520754673814,0.01933992891662321,0.01729373586507728
2020-03-27,-0.011071901251986142,-0.0153978865305426,0.02669182211504359,0.010570026538798145,-0.00018109039348507527,0.002431265013553249,-0.004903080045645436,0.0009407018614423557
2020-03-30,0.01268782420436622,0.02053900122067558,-0.008228179699969463,0.0021364621583565666,0.008287121340301002,0.006222915727979372,0.009432999212703295,0.007202902010369938
2020-03-31,-0.01055348456317261,-0.008262300601519126,-0.011975740659281087,-0.010961263894154506,-4.259798029976442e-05,0.0005850232653960644,-0.00878927076587539,-0.0070988694092410385
2020-04-01,-0.023479858987095086,-0.025175883517752358,0.01329319645477254,-0.005214180369992151,-0.004002476006045814,-0.0012043372817742543,-0.015559768633272221,-0.008670409093754983
2020-04-02,0.013809576125908201,0.013540637872555142,0.007922102905291837,0.009150924486698972,0.0035208861204119226,0.00235115302032753,0.011221391976094256,0.00874251994936841
2020-04-03,-0.0036599720887619505,-0.00821487867595498,0.0027841838989238967,-0.0021795652939616645,-0.0017882844875174006,-0.0009123975413891977,-0.0014137486107210447,-0.0021722973186943735
2020-04-06,0.03383622473414943,0.037464530404819604,0.002195933295558429,0.020054362365258052,0.008206893146529635,0.0037816215188616626,0.024189969916943936,0.01827540686774771
2020-04-07,0.0003170030385413925,-0.0011545240310459684,-0.009639921273715997,-0.005998371824670262,-0.0037283855197396587,-0.003977627932123118,-0.0014175603336270015,-0.003697821041739462
2020-04-08,0.014396344657388526,0.019772730031053867,-0.007542446579002031,0.005522607332402182,0.002767588415361272,0.001384995196065442,0.008905517110287696,0.006402049917017575
2020-04-09,0.016508972483461695,0.009969092812200845,0.00394882768321711,0.01006207342367627,0.0020075057347495972,0.0020503070915024488,0.012141776698720881,0.008119204188009321
2020-04-13,-0.003061199477358533,-0.006359739443860938,-0.006749723457315695,0.0008130999529481663,0.00011543217441143008,-0.0006695990697880591,-0.0014820320264283095,-0.002563219440667064
2020-04-14,0.013204443346704656,0.01826641233446474,0.0005088651043674381,0.014402767616579368,0.008770707370620008,0.006200329179771386,0.0098642800942993,0.010188506152194009
2020-04-15,-0.009261744240036063,-0.00941770387300653,0.02353623811184348,0.005475191566685186,0.005205143963336408,0.006489621133617953,-0.0026148826079904074,0.002684946942915527
2020-04-16,0.002391165422817757,0.0033238738601211078,0.01024626100761631,0.009151555905173518,0.0041506988951480975,0.0030881908912576,0.0035798329179974014,0.005141587370687682
2020-04-17,0.006768823317348199,0.015210612660101373,-0.01394475464883089,-0.00681820852170345,-0.0004007558414638743,-0.0011648801189522839,0.00226176034802087,0.00027094269548604455
2020-04-20,-0.009329705652611146,-0.009695169749747018,0.007962510801743136,0.00042324812234017877,-3.6263015861560195e-05,0.0008800522882464669,-0.0054772272872354155,-0.0022358208006213244
2020-04-21,-0.017265718308796286,-0.01712866368011125,0.007759480799008464,-0.007185662424378295,-0.0041832233242608445,-0.0017781054629476506,-0.012603925057955219,-0.007435066936949164
2020-04-22,0.012625988393454543,0.011870303059534263,-0.002924380847596433,0.007809602067361102,0.002439953109416493,0.0005126567387318684,0.00824800597826034,0.0056971844793071175
2020-04-23,0.0003892135825533018,0.0002207621454597736,0.006468348463523871,0.0037342749308082734,0.00017080040342105316,0.00033880748695860397,0.0010528108358196205,0.001766628080917311
2020-04-24,0.0019356711983039275,0.008430741272942766,0.0006862974101747904,0.0053894579809247375,0.0029338527419291408,0.0020038102079608386,0.0015573712741133287,0.003280336607898124
2020-04-27,0.0022180786077361566,0.006542946824452894,-0.015631010226245527,-0.007698981738996608,-0.002977621618247221,-0.0037869033097431425,-0.0025716416565340597,-0.003444425831489737
2020-04-28,0.0001636419361966341,-0.0010654326822809807,0.007496738582576282,-0.0014399049033559836,0.00024650969590294075,0.0016674155433224983,0.0009719157552413196,0.0011842034815378983
2020-04-29,0.014479755886962386,0.015606365383732657,-0.0025249406940202656,0.010012217909836914,0.005767420330938771,0.003599966395433757,0.010714173533777934,0.008209904406924184
2020-04-30,-0.006994034424427639,-0.006572295393351626,-0.013959935577847742,-0.009911405241526932,-0.002066287625957887,-0.002187604921317631,-0.0054512905157485005,-0.006720098351501163
2020-05-01,-0.013891906251359337,-0.015284795530633917,0.007731883239706999,-0.0048303355636359685,-0.0037969506812185676,-0.0020050821812337824,-0.00872523661861995,-0.0058499138940678545
2020-05-04,0.003641198904284958,0.0016988469611255693,-0.0018549922820465397,0.00305966705806569,0.0021288868035288667,0.0014463704923923417,0.0028828565922186045,0.0018268274588924052
2020-05-05,0.005886626148993685,0.005169504178486132,-0.002687465479457315,0.002706428435721777,0.0013462011001218086,0.0006214907153469729,0.004381297095908613,0.0024445124517335293
2020-05-06,-0.009512801083112506,-0.005529982172230201,-0.01498359968163868,-0.00780418515499821,-0.001984498814058312,-0.0025765271899710683,-0.009001869761599609,-0.007338627260814947
2020-05-07,0.01046504543303894,0.009645276110661592,0.016229355939172505,0.014994382926364165,0.007294708665646462,0.006883743373450841,0.010277463019787174,0.010812624173646247
2020-05-08,0.007603627474654747,0.008520970166685134,-0.010541624847862554,-0.00160817671454406,-0.0002789493700724668,-0.0013175131289634202,0.0037166650055749425,0.0008489298435758792
2020-05-11,-0.005683263039100932,-0.0010303169673156589,-0.006344377258598704,-0.003826207272768239,-0.0007812249723100698,-0.0014896245230498362,-0.005030439155289167,-0.003435909457148538
2020-05-12,-0.007908415157372891,-0.010655704986921349,0.0057279036486099525,-0.0015097704144851184,-0.00097922841933088,0.0004997483326677483,-0.00391830450794481,-0.0026745941767496815
2020-05-13,-0.004868056516219162,-0.009692034316549409,0.007497141394649293,0.0016798389677000966,-0.0004659316387640359,0.0004085096313469552,-0.002409154986478158,-0.001114495223046149
2020-05-14,0.008503876340594192,0.007703073163440452,0.009381121224002675,0.009223145582483704,0.003234605497345846,0.0026521956874911,0.008022292894144965,0.0069692612724945174
2020-05-15,0.0010657524571654176,0.002457996393732606,0.0019201695580175044,0.0018789921504363638,0.000577015661200528,0.0001490987724745462,0.0012677287297202411,0.001323208189645587
2020-05-18,0.015566737014775092,0.015597834154342023,-0.013038599216720218,-0.004149787403807979,-0.001851190830879416,-0.003342318135433226,0.0073463069420935355,0.00218054519272145
2020-05-19,-0.0021725827117008286,-0.0050765769381011525,0.006467028006552886,0.003089574106996186,0.001864914849298551,0.0021899027103585277,-0.0003059415177952676,0.0008507427913051765
2020-05-20,0.010305297115797252,0.010258196279543707,0.0031920904811079723,0.008573460127549337,0.0036633029165865734,0.0024689581311421794,0.008442336580597308,0.006682255207598938
2020-05-21,-0.00499774568090541,-0.003909321427822883,-0.010752204550963599,-0.005287769703771881,-0.001394475443283098,-0.0006859383937841276,-0.003649667958234216,-0.004329830590320441
2020-05-22,0.0004700675580837524,0.00189560184458029,0.005836296516716372,0.00496759736898337,0.002164231769976453,0.0020704246358602693,0.0012806365672351303,0.002668834470401371
2020-05-26,0.005331337726615838,0.0063745504327613264,-0.013562803552566522,-0.009367319650129134,-0.0026370472677506728,-0.0026340264494111214,0.000817829099912716,-0.002214003948629646
2020-05-27,0.004065815670046276,0.00933712662972976,0.0011620876312152294,0.0015854289020278336,0.0016377638463438663,0.0013572632293093294,0.002103063292382466,0.003043840097095914
2020-05-28,-3.346550572237933e-05,-0.0014773212250181157,0.0016269590563238654,-0.0013072838561440376,-0.0009741399674630338,-0.00095051371463088,-0.00032991428233361737,-0.0005132421998213428
2020-05-29,0.007374396451506613,0.003967840533929958,0.0076172163962325784,0.009459131285899808,0.005233629567761788,0.004533348086748787,0.007509838042538934,0.0065021014987852385
2020-06-01,0.0062056653501114285,0.0022291075132219763,0.0025868768746804835,0.0008556275711287273,0.00016171504096453783,-4.4188771966185824e-05,0.0031119418221838033,0.0021276761060769964
2020-06-02,0.005538273259626856,0.004321686418996685,-0.0030845946789059696,0.0005457537238185564,-0.00017744744268777723,-0.0006850122955021848,0.0031909155833197067,0.0013437345918893547
2020-06-03,0.004103540637295772,0.0056820422930480745,-0.01246556127083811,-0.005035044757583424,-0.004082031476782598,-0.004718022184521434,-0.00048001362895489907,-0.002480128582992462
2020-06-04,-0.004136184127788119,-0.003154068915844452,0.002915301153847968,-0.005748451213407649,-0.004511967424006847,-0.004326620587511974,-0.004434139535697691,-0.003355242905206529
2020-06-05,0.011817741206987555,0.013638804104035023,-0.009200850161830771,0.0032317656630538065,-0.0005757602634243269,-0.002099312942069168,0.006684053081243445,0.0033058281396193853
2020-06-08,0.007183830146119383,0.00785736582285428,0.009126551142003732,0.007792626381410083,0.002294213580876247,0.0018789306113603907,0.005159405117258548,0.00589808183230658
2020-06-09,-0.00013909111400076487,-0.003239094177134098,0.009310320473443616,0.007675305870356547,0.004253279031039814,0.00402415429385882,0.0025439421846614836,0.003446772873266758
2020-06-10,0.004196331510138445,-0.0003877983958357777,0.01351519645413817,0.009273841220229164,0.008238245721072937,0.007964919248553448,0.006907426460608798,0.00712360398751902
2020-06-11,-0.0278556912714044,-0.0329788064714415,-0.01781718262203145,-0.014489489529685075,-0.00577384271141368,-0.002549196699582107,-0.01752162338187358,-0.017022079458767374
2020-06-12,0.007963842069168253,0.00603714842690159,0.0014143723538430476,0.0023790186792092155,-0.0005126923963148035,-0.0011065156337722363,0.0035826694029091038,0.002793429852012517
2020-06-15,0.005221829949708058,0.005120206337924338,0.003876631536394115,0.0042883580463419484,0.0013745121473206737,0.0006099100019139107,0.004276358985422876,0.0035185101076070807
2020-06-16,0.005318852347760868,0.010458147671256314,0.002915729476936762,0.0004356677238108436,0.0012287771269650807,8.672863224987106e-05,0.0020565511565114624,0.0032084218183303453
2020-06-17,-0.000547569464293143,-0.0018221792706892958,0.002852920314936722,0.0012001389585260974,0.0018470992823931105,0.0017515702577632797,0.0004179356818663079,0.0008283022871326794
2020-06-18,0.0013398425146029576,0.0011379426737056432,0.0024424022704571803,0.0029495013439706204,0.002311422714981127,0.0022820207329106966,0.002796849840483458,0.002168254272018365
2020-06-19,1.7699175302362464e-05,-0.0033284766993956646,0.003106387173294871,0.0022996276267843252,0.000212511043488835,0.00024139396238505984,0.0008623800251996524,0.000504204859114179
2020-06-22,0.005007121442756187,0.003476718007418758,0.006310783113691554,0.006453027742212964,0.0013504660264785412,0.0005696068282087468,0.003949388671956607,0.00386315181149701
2020-06-23,0.0014978734714144186,0.002631795277818125,0.003078221634321899,0.003350281412409382,0.001231629871651941,0.0006929787098129952,0.0004614052103993892,0.001855945054875158
2020-06-24,-0.011840877424021432,-0.014587927005674569,-0.00509244804857454,-0.007251369682566616,-0.002113292345042515,-0.0007286763139103152,-0.007492487720645135,-0.007005888293390664
2020-06-25,0.005465318688238985,0.006443428888732774,0.004452465202556179,0.005042598993979426,0.001798913404837277,0.0012329197455827313,0.004323869678758222,0.0040858819419186555
2020-06-26,-0.007936697352731618,-0.01309529858258736,-0.003976693064578853,-0.005958720965437374,-0.0019208422919637135,-0.0003185117222011336,-0.004443687550582966,-0.00532398623957879
2020-06-29,0.007508711229649699,0.00908718022657329,0.0030699438454802907,0.00427181725276422,0.00269345546379931,0.0020997624242051994,0.005419970691950564,0.004853177617493415
2020-06-30,0.005116370899849985,0.006910250719064545,0.005870357209501966,0.010773778554353174,0.001885793650208651,0.0005909106236424791,0.0034826116581458404,0.004913230112234094
2020-07-01,0.006374432497136439,0.0036085398044776685,0.0038809062261198905,0.0073196282251065635,0.0007948267489703653,-1.8467556608088272e-05,0.003993046255674696,0.0036405388499511507
2020-07-02,0.0047840724954423515,0.0038212718746934997,0.003589840240894624,0.005176031156018648,0.0022328437820816633,0.0018885402386483864,0.0036824279109608296,0.0035759042453178654
2020-07-06,0.01054318055132669,0.008781304301386308,0.008819466624554722,0.015521233366014903,0.0032306733256344897,0.001608660280958201,0.007163257641385997,0.007909762998079153
2020-07-07,-0.0033389193061342417,-0.0050471126982304295,0.004468781436970547,-0.001943029674609765,0.001345667549519922,0.0019853486562852224,0.00017395995486614937,-0.00029703903310881015
2020-07-08,0.006507073114976666,0.004033356099699335,0.0039041017355194913,0.008198295163732508,0.0011388041657107231,0.00021102577816475322,0.004352121890872066,0.004054380201772558
2020-07-09,0.0007103754382515983,-0.0022188922056651877,0.01197238210863579,0.007898966266772311,0.004168249107393278,0.0038384430585600322,0.0028432015932385035,0.004124996738502955
2020-07-10,0.0009038521619651649,0.005285607469669451,0.0006290267276188404,-0.0008643608216816434,-0.0005727593325527241,-0.0010142584737140982,0.00010579607824251624,0.0006834203962981523
2020-07-13,-0.006155161248718228,-0.004796878643299298,-0.008263377635939706,-0.00494401628445717,-0.002232474883322087,-0.0014270840166681004,-0.004500320994415025,-0.004721015388523017
2020-07-14,0.005167632291506604,0.007749995150263466,0.004137009874911475,0.0037499444425191804,0.0010260995761178595,0.0007277154560522999,0.0038910539139823774,0.003807523336278828
2020-07-15,0.0037652361540642344,0.005416129765973692,-0.00145026988222656,-0.0016838425237522998,0.00037250552788553544,-5.925857084244728e-05,0.0021694373828458464,0.0012583609007745715
2020-07-16,-0.005029525890522554,-0.0017047438177023424,-0.0008241887987318868,-0.0004975155458825411,-0.0005509255834728418,-0.00012375542896449839,-0.0029757375221979958,-0.0017464481290984757
2020-07-17,0.0036437712929369478,0.0016569412088551683,-0.0005368638223884284,0.00016878981381113662,-7.017447671579918e-07,-8.687232182685709e-05,0.002120573723740163,0.0010287748238885632
2020-07-20,0.0051934789959212895,0.005153566766882383,0.014884376716353294,0.011061054474561021,0.0043197845994148954,0.003797900129512437,0.005130055537166256,0.007171649375935041
2020-07-21,0.003610947062423686,0.0016871133401633817,-0.005159329936528407,-0.0005742226680315403,-9.022165246501355e-05,-0.0002640303628113996,0.002613211482433586,0.00024311701705282668
2020-07-22,0.005359386496541075,0.0035477019544524137,0.0032655535332311364,0.004793103734399997,0.0009414319352844944,0.0006890952386591836,0.0043391577086930215,0.0032749214466287037
2020-07-23,-0.003321307381109236,-0.006786461978339824,-0.007919447325730617,-0.00018221036769725167,-0.0027546467803074466,-0.002095374646003484,-0.001611123098320722,-0.00354035196412617
2020-07-24,-0.0018022270927624915,-0.004051075787104609,-0.0048623524206265305,-0.0017672858508975416,-0.001603578671027274,-0.0014882007325103899,-0.0013230645693480235,-0.0024169240313664736
2020-07-27,0.007865059255832611,0.0037277260814937985,0.007208791184338148,0.006008969324077808,0.0013114805194113384,0.0005788250108079878,0.005481168050681753,0.0045961046895029905
2020-07-28,0.0005352938850417926,-0.002847941719053251,-0.0031383886891441534,0.0018475019884641622,0.00013268483042196374,0.0006863822899145589,0.000731076401313873,-0.0003052820151262387
2020-07-29,0.008576005665372866,0.007868860063654688,0.005004875620901615,0.004453009707921433,0.0027686020178640603,0.002433534683967757,0.005928006963165544,0.005289753548952684
2020-07-30,-0.003381930783132374,-0.001689615055040294,-0.003300146733818652,0.0025705606052079197,0.0013998228905595113,0.001723305951592044,-0.0012834892940621488,-0.0004339426142181354
2020-07-31,0.003629660545865476,0.004829787052779645,0.00938070539163516,0.007707941107364824,0.00278968963318381,0.002264080046021168,0.0035787998946358443,0.004834296668645141
2020-08-03,0.0023704073576849343,0.003980547347460342,0.002606716236230224,0.002785590805486921,0.0017617125909158444,0.001142048494951464,0.001977775060922946,0.0023708882836443053
2020-08-04,0.008742068644332895,0.0036884821860233103,0.016395610479283326,0.00994671917510064,0.0035247531939255044,0.0034585047037229357,0.007606829958730813,0.007488952125803028
2020-08-05,0.0021046787799099613,0.002418075022117735,0.005619858032378549,-0.0006176990535867802,-0.002157775542751383,-0.0026461035643271574,0.00029211324543713024,0.0005766761881635515
2020-08-06,0.006337849230772734,0.004493997140414335,0.012260883025515836,0.009821170621656414,0.003036273650928526,0.0025773241055054197,0.005967554026921062,0.006322052104739634
2020-08-07,-0.0065677559618667345,-0.00039899566484390787,-0.01387857789459227,-0.010272443480605504,-0.003809184915162034,-0.0032475322360470474,-0.006610686814403486,-0.006351096510782031
2020-08-10,-0.00037643791593883143,0.001330286718588134,-0.00385950419751695,-0.004078729178773456,-0.0013342067005032775,-0.0014669249466665619,-0.0011281854672606747,-0.0015596039857579274
2020-08-11,-0.015038607210887317,-0.006330069400005618,-0.038255451591422684,-0.024812244951624943,-0.005909856612403409,-0.005200099077982082,-0.013757663530555773,-0.015602002187499115
2020-08-12,0.006063309248472092,0.007181542556368079,0.008844883418267337,0.0055074552846438056,0.0012077254995014953,0.00020865082211959061,0.0034003517362300555,0.004482324922441519
2020-08-13,-0.000972780373744382,-0.0019060079039776917,0.01379252259499339,0.0026946206271947957,-0.0012338828627183336,-0.0015553909347142277,-0.0012909442425008567,0.0012779681195874855
2020-08-14,-0.0016383857629264642,0.00021377496484992765,-0.0028819940818207625,-0.002899506180149814,0.0002509924421504379,0.00030132342704356966,-0.001570692759256658,-0.0011780294597640887
2020-08-17,0.008899407110022853,0.0025705572533850068,0.01709544281541724,0.010903651894501615,0.003477983515009264,0.002797876195312324,0.007534227748669834,0.007552221853267357
2020-08-18,0.0031841935430818205,0.001988781203465022,0.009288158805138266,0.008451495192469707,0.0028282444660549526,0.002647386593746784,0.003905700237681048,0.004596880030325282
2020-08-19,-0.009528836866006737,-0.0030538592500153495,-0.017677739256419172,-0.016004672951213373,-0.0021085528930019823,-0.0019628156430166696,-0.007541287958830677,-0.008262870602283996
2020-08-20,0.004899988535389879,0.0030185850222309756,0.010856136207368451,0.009182852135322541,0.004145695002257638,0.004127996563942253,0.005244380755752067,0.005913767085614204
2020-08-21,0.0009121921933959807,0.002421525763993843,0.0004800788815324253,0.00046808357983222726,0.0011757292791825338,0.0014488913492899207,0.0011364673483940857,0.0011636254671683543
2020-08-24,0.0032058339891514903,0.005523747116483475,0.001148993402436477,0.00015586614387248261,-0.00015077838048250896,-0.0005094942386150245,0.0016668207132337584,0.0015685311848694615
2020-08-25,0.002123376500889729,0.001164660683688824,0.005036466678751536,0.0018582108087627656,-0.00064391470645874,-0.0011871020662739427,0.0005463007639791726,0.0012413759575102244
2020-08-26,0.0039195397809944545,0.0058948081465810005,0.01730269568229304,0.010324324788808143,0.002590910931891326,0.0021420058891413697,0.003358600451785065,0.006478773185426784
2020-08-27,-0.0042297284804576575,-6.424283120297402e-05,-0.006674321054206539,-0.007272311806884492,-0.0034846753805017542,-0.0034856824238277215,-0.005815133564800798,-0.004483392844687392
2020-08-28,0.006506985384493913,0.0044575679992007395,0.005326753316316989,0.007068997916610269,0.0022009418492511677,0.0019649663548630915,0.004842206289298672,0.0047125772997469945
2020-08-31,-0.0015918763025965714,-0.0017503097309831829,0.007884766549790782,0.00514165245872615,0.0019155413191285788,0.0018698573421618797,0.0007790219305887458,0.0019904778190486514
2020-09-01,0.007546196462507405,0.006962179067669578,0.016674951286118542,0.011418803790529257,0.005028320387456362,0.004871538553939609,0.007294599927858375,0.008430648538497
2020-09-02,0.003136849501724685,0.009256085350052415,0.00888635983966547,0.003456075686640657,0.0019428344471221458,0.0023388612907419056,0.0027567876891670577,0.004397079470879142
2020-09-03,-0.014709786966056765,-0.020287823128463906,-0.04962556304921683,-0.02693941786997618,-0.00602346807787129,-0.004807309369268825,-0.011116328983360985,-0.018898541895749143
2020-09-04,-0.007569280121727362,-0.007114910604338758,-0.01290224098682733,-0.009841321783762222,-0.006682971345095322,-0.006437602461220193,-0.008769146139484802,-0.008343913641563875
2020-09-08,-0.013356759512830864,-0.01539730028651626,-0.04682975809082854,-0.02273586892486195,-0.0051755876824551615,-0.003454487878885747,-0.009946825270201022,-0.016270459002830036
2020-09-09,0.009997798922036769,0.01159517188257737,0.020120779489119296,0.01836149482912809,0.00317630766219537,0.0028669005780526152,0.007290321355901217,0.010537096459686717
2020-09-10,-0.00805649391338855,-0.010014548156162106,-0.012199367372978673,-0.011949325171965482,-0.0018371107316416944,-0.0012522186202005494,-0.005171739547287894,-0.007275980370413055
2020-09-11,0.0009968475195968952,0.0009291269672532473,-0.003723845741289761,-0.00312551297186082,0.001207273726479715,0.0005810165472652175,0.0010284212875887797,-0.00033740937373330867
2020-09-14,0.009023844224596482,0.007543137325140568,0.012950689172166387,0.012773634603110219,0.0013669124686346418,0.0011921937694619393,0.005919684372113836,0.007263893225952041
2020-09-15,0.004810419776631936,0.0028533743323926795,0.0064452189260085935,0.007821945200090429,0.00150428981564789,0.0012114663945721287,0.003204557802988652,0.004041602928937395
2020-09-16,0.0002418499302904403,-0.0026269990236096065,-0.007261838531193954,-0.00840318025832003,-0.001182827689152842,-0.002383125578898326,-0.00029480149059240885,-0.0032322591050873853
2020-09-17,-0.0043021403689311715,-0.00518155851984151,-0.010889257743970973,-0.010039660222688752,-0.0007866377337069256,-0.001522968167317939,-0.002373342573791063,-0.005055126112089222
2020-09-18,-0.00611599019557918,-0.007308863577636628,-0.005324886293670488,-0.005923238095504069,-0.002407278571172534,-0.002299381803845241,-0.004256714033528772,-0.004853933460946117
2020-09-21,-0.009619144958731903,-0.005921550644501792,-0.009436221998616951,-0.005548816666795779,0.0015959336256745154,0.0018746135242045311,-0.005738888813964187,-0.004645442384528006
2020-09-22,0.002582602632984482,0.006052830177801565,0.006146552754114569,0.006587970709743109,0.0021316803588883842,0.0021033389242019365,0.0019493575415038958,0.003982168383057754
2020-09-23,-0.015301969535535465,-0.013839129337578684,-0.025587761150648695,-0.021821573514504852,-0.003941619656736369,-0.003513692851656511,-0.010960157094124214,-0.013566296142829342
2020-09-24,0.00200492879539001,0.0017767911363903673,0.00416134648939847,0.0039691548356692715,0.0009686070809321165,0.0009582861644961377,0.002078781509301534,0.0022616853919537536
2020-09-25,0.006355888950459314,0.009899255936157387,0.009474623084443938,0.009595310673847349,0.0034885606732682436,0.0033399365477132575,0.004624879405515997,0.006730465649570537
2020-09-28,0.009891964869009963,0.009820805709072351,0.015034004511935973,0.012899986429279371,0.0025375736173216708,0.0022351818602381326,0.00680793147210884,0.008460461838083043
2020-09-29,-0.002323130019394169,-0.003044912900304418,-0.0026724497905249237,0.00011479344651293098,-0.000322620254191,6.489590626401279e-05,-0.0015408734044470677,-0.001312171724245707
2020-09-30,0.0029498676362164503,0.0034530628396168476,0.002945437748901528,-0.0004889953757227403,-0.0007564438145291328,-0.0016147572765652317,0.0006231997891655973,0.0009728995268908722
2020-10-01,0.005927241208139314,0.0040843292837459706,0.012814011062103088,0.010318714127949123,0.0015593212532079995,0.0023239221195226183,0.004023637289533876,0.005880519002508183
2020-10-02,-0.005533862813454778,-0.006110710810099164,-0.021911162818995585,-0.014868666969008317,-0.004053556374420816,-0.004143112570120649,-0.0057255590136249005,-0.008826214416901283
2020-10-05,0.006608252044010568,0.008116498640008699,0.012702057270982982,0.006339978184911738,-0.0021390991717611975,-0.003188042462053518,0.0023591433669685707,0.004424397986727017
2020-10-06,-0.004285476263784151,-0.00770327780700866,-0.013306089234917865,-0.010010322881644456,0.0006783511856878095,-2.9970218019528903e-05,-0.002396624018808035,-0.005366450317027786
2020-10-07,0.004552002087183647,0.009330864830125789,0.011640211314822102,0.006410004632337655,-0.0005151136079496723,-0.0005812251030614481,0.0021379331488497934,0.004672925835701246
2020-10-08,0.00688221236380594,0.006017204764296112,0.004928182679471621,0.005480700249928416,0.002610243921655734,0.002166733848738983,0.005474280809850401,0.004792153330588718
2020-10-09,0.005528353536870634,0.00517583448613333,0.01587626906216986,0.010419844914927336,0.0011760092729922338,0.0011984067353466605,0.00439633883081906,0.006244951545222743
2020-10-12,0.006367423599336652,0.010141095007722712,0.02387423224217943,0.018237757282250727,0.0033112913352566714,0.00431778717950888,0.005262399817904771,0.010203073926256037
2020-10-13,-0.0036745838745126554,-0.00308974288765184,-0.003203119879203685,0.00013191888547878992,0.0018409848629599573,0.001976043782612393,-0.001047299513012087,-0.001026688077864953
2020-10-14,-0.002270987213775477,-0.0036738483866689416,-0.006070255921780168,-0.004433986635702205,-0.0003616602833165035,-0.0006388861649731452,-0.0008734960770533675,-0.002613843116500829
2020-10-15,-0.0008358448780683534,-0.0011699564750908813,-0.00462666612281706,-0.0045918400329985724,-0.0015658252831822522,-0.0016941309238032876,-0.0010251232937081695,-0.0022092909366296953
2020-10-16,-0.0027753647286726784,-0.0005937779132017668,-0.005071800502498727,-0.003631640604028568,-0.0011280141764351459,-0.0011172447037082122,-0.002653713028660439,-0.002440172984676201
2020-10-19,-0.0062656202271113084,-0.009818028713663648,-0.012180293483604752,-0.009090255007897535,-0.0028298853249955863,-0.002553977690157888,-0.004924547227448769,-0.006848423030602737
2020-10-20,0.0029651943010398016,0.0015241311311821712,0.0010232462020213372,-0.0008512019772553329,-0.0008402741271374941,-0.001897245030990956,0.0006992854570840724,0.00041225983529608317
2020-10-21,-0.0010949314037778841,-0.001664724951650875,0.00015378385088587348,-0.0003509408019391872,-0.0014448594915132274,-0.001292418870024489,-0.0014790175180429137,-0.001014815845886714
2020-10-22,-0.001984346717667654,0.0018811513833724624,-0.0028909614760054313,-0.004564398259480234,-0.002827560024484633,-0.0032794394355054684,-0.0031563127572562803,-0.0023780982831450716
2020-10-23,0.0020616202014666868,0.0026032123174881626,0.002037629110967803,0.0029236128803310033,0.0012186487351632377,0.0014469918625191868,0.001858087346834503,0.002015949280718919
2020-10-26,-0.006874548452299584,-0.010038918232060658,-0.009633651930052799,-0.0048824673156184425,2.007669125184109e-05,0.001619520387465371,-0.0033840240344429687,-0.004816961299873942
2020-10-27,0.0017119591063056673,-0.0011486115941967971,0.006862552086879645,0.006366468508350936,0.0029432636312757892,0.00255923689317434,0.0031044674035495003,0.0032026565292137465
2020-10-28,-0.018818615914457933,-0.020591576322592432,-0.026987998019463093,-0.017022212293156112,-0.005194778878685195,-0.0026620476082502955,-0.01367259066875765,-0.015103165631828008
2020-10-29,0.0018973063690987935,0.004291613911559122,0.007456251158616206,0.001119398399650692,-0.0024079083066037657,-0.002857131397626746,-0.0009024184519516145,0.0012963847469404772
2020-10-30,-0.0074959248359532556,-0.007514884851258372,-0.014966265071047969,-0.008491871039469964,-0.005141697195469348,-0.004651655284097932,-0.007085598138110574,-0.008039370825691615
2020-11-02,0.010111047204972377,0.00734876348161155,0.005076019995452892,0.007510349221966321,0.00275407012349415,0.0017490633146414953,0.007782791841826994,0.0059874750582996975
2020-11-03,0.007012178865325442,0.009607988160046085,0.010618255771264852,0.005590329362482671,-0.00014538406561964029,-0.0010232616873081836,0.003882639296464612,0.005099397695890854
2020-11-04,0.017144780706589972,0.016783850018107702,0.028795696248311534,0.018623539076541084,0.012140144883324369,0.010730604851571485,0.01650155760620079,0.017459921542875637
2020-11-05,0.01116494761980481,0.011707613574949436,0.02168415248352307,0.015341575440697683,0.0027474028789351195,0.0015628279242801578,0.00844950209580907,0.010428492762791612
2020-11-06,-0.002552805057046281,-0.001523289700004887,0.0007869450146904331,-0.0025951279706860216,-0.002913103249694003,-0.003151645006593428,-0.003607566138760795,-0.002247135051436925
2020-11-09,-0.0037461247485994333,0.004600249121018909,-0.030295699567481193,-0.021462867210727887,-0.006984926445456082,-0.008237248050422556,-0.008088831049988289,-0.010586679516998654
2020-11-10,-0.0003978133885327263,-0.0020094358954180444,-0.009070171415958258,-0.010450730777703407,-0.0032520194082598652,-0.0038136076339888685,-0.0014705944317342048,-0.004282578971086253
2020-11-11,0.0046395741674183375,0.00512840226504764,0.01105322929018482,0.012321131985999606,0.002858753188125859,0.002912681548767111,0.004158687606448225,0.006069657642772213
2020-11-12,-0.0013675596367049027,-0.003655054473537151,2.5545762103969226e-05,0.002223040859518722,0.004144900499911989,0.00501988705345908,0.0020869164980428963,0.0012284996854477277
2020-11-13,0.0072181326076896256,0.007828113185341027,0.0078084945281744,0.005974317739505981,-0.00031855727386654415,-0.000683894502748299,0.0037555120951084943,0.004501316429837912
2020-11-16,0.005995825643980898,0.007283967930110899,0.0044279162294877435,0.004098144304890527,0.000545436250727637,-0.0001966272220289859,0.0036113241159675628,0.0036806123019755372
2020-11-17,0.0002952996018690926,-0.002230489153528525,-0.0034291618243020615,0.00037185103113303466,0.0019379382428149864,0.002173819412624865,0.0013897936593324142,6.528832592750101e-05
2020-11-18,-0.0046401391908849135,-0.007331479327477767,-0.006655031154349732,-0.003173674565177874,-0.0011322361586788836,-0.0007885934434431362,-0.0024966997201358847,-0.003756214915914191
2020-11-19,0.0030503252777627577,0.0029436416385800034,0.003541680645463091,0.004224783372649085,0.0012678387144968895,0.0015139802103343925,0.0029379786933063203,0.002804990941454805
2020-11-20,0.000519643673050749,-0.0033758297808631913,-0.0025098902109380638,0.0016318858114613805,0.0013763943085757509,0.0011914956723472906,0.0016003009816040453,2.9720521443528554e-05
2020-11-23,-0.001288335912326145,0.002751447992467026,-0.008672709639074471,-0.004199665850699949,-0.0012085433024595273,-0.0018620849901731177,-0.002001043825672383,-0.002333977369441641
2020-11-24,0.004579062782742745,0.008962805208179919,0.001227330693940808,0.0007173563395709925,0.0006414014778522102,-0.0005760001775706071,0.0020319277846227576,0.0025576066241236404
2020-11-25,0.0006382703125660103,-0.0007919627169498816,0.003305904349284334,0.00025502299459257164,0.000311996934739428,0.000711923505312854,0.0007642592660125673,0.0007710162135436523
2020-11-27,0.0022905272339211738,0.002826346254985532,0.0061443883426744806,0.004780050921503652,0.0029476791746133216,0.003357681584618495,0.0031110529641217043,0.003577746808500185
2020-11-30,-0.005540613375431947,-0.0029217401192029244,0.00019654168173579385,-0.0017815810130230934,-0.0017008627057344579,-0.00048748127476499093,-0.0033368054584107867,-0.002281306451255238
2020-12-01,0.005545884318768967,0.004418968413642159,0.01014623424353392,0.007445162437220444,-0.0035559538409530747,-0.00413119611495805,0.0010411515473000698,0.0030440739913200356
2020-12-02,-0.0004530905514897121,0.000604929717639808,0.0009780438371875732,0.0003264482128451886,-0.0011629919915440428,-0.0014742168338811982,-0.0011049410673134592,-0.00029740328118180745
2020-12-03,0.004983759650218127,0.000896429835140194,0.003365040191320688,0.004856483501558201,0.0026605157528597437,0.0025941000648339583,0.004546753626368307,0.003440340762756955
2020-12-04,0.0017644080148138978,0.0036404662097683487,0.0003577971356699521,-0.001998837809768849,-0.002473962588963453,-0.0033898543312327447,-0.001463700931399709,-0.0004924627515741295
2020-12-07,0.002522536814722739,-2.4225500420794977e-05,0.007596710391565006,0.008162739284420814,0.0025771818813380806,0.003273329352107895,0.0037404799925746393,0.003997255220976284
2020-12-08,0.0013801349223351508,0.002128300452040817,0.003398793355237531,0.0033539344856119593,0.001104255769115974,0.0011286461419121377,0.001746701307921879,0.0020385987219415
2020-12-09,-0.007919953670419859,-0.00595201419988624,-0.020827184696400002,-0.017645495000547108,-0.002043513325989374,-0.0028004843097096084,-0.006510068243099787,-0.00905895629132382
2020-12-10,0.004612113410289516,0.000709902989685743,0.002298214273463579,0.004308919993842509,0.0026858851575170483,0.0023689590146435194,0.00489637482048303,0.003141692863454103
2020-12-11,-0.0006430428574490043,0.00010331131437550569,-0.000957181256212413,-0.0009276857590226866,0.0014370657334328908,0.0017319262075187998,0.0003449076666212684,0.00017441900254009594
2020-12-14,-0.0015069558041281297,-0.0029088025506440887,0.003376942735797797,0.002496681134804547,-0.0008550027126578614,-8.357405959103891e-05,-0.0009076661297762395,-8.063392644852899e-05
2020-12-15,0.008242713065919043,0.007658565203114353,0.011532447004903414,0.0090756994213521,0.0005060418386406379,-0.0002494984668624876,0.004986517240180087,0.0059012981296615264
2020-12-16,0.0021992941787444256,0.000607589142713327,0.00543242447751191,0.004183717843464971,-0.00035322445831522325,-0.0004227558899482324,0.0013217866870640644,0.0018265923719410358
2020-12-17,0.005372388308129575,0.0030302996596942564,0.006149586849446508,0.005074987679756958,-6.163858007874346e-06,-0.0002886272814274052,0.0035011595816339595,0.003294246914136603
2020-12-18,-0.003461771319858703,-0.002734572233680015,-0.0027648314066837025,-0.0025444436992505936,-0.0010981404983560594,-0.0009785464323687609,-0.0023285550156463817,-0.0022717461687622163
2020-12-21,-0.004076945870200109,-0.001880660549298935,-0.0014187564510978776,-0.0013272752838249008,0.00013197424885813503,0.000503611515263767,-0.0022340811895361253,-0.0015011786264273667
2020-12-22,-0.001044708000614022,-0.00034210638449830213,0.0009753119512048208,-0.00015256463201101194,0.0012029553956294963,0.001739114918134753,-0.0001022198455726403,0.00030981521125204045
2020-12-23,0.0010873568242925923,-0.0002981752405293635,-0.003040780124193177,-0.0015011371703579782,-0.0016353687989854647,-0.002277895728702355,-0.00014215418238367134,-0.0011011555449702308
2020-12-24,0.0031319676377878037,0.002901814189738195,0.004275676475369613,0.0036996109357031143,0.0016766258660421756,0.0016156199116799377,0.0029422424719700115,0.0028891512851790604
2020-12-28,0.002075820852893426,0.005189842107282166,0.006279932569373497,0.003192970247242252,0.0008452514027313797,0.0007348566812735902,0.0012747874605286457,0.002824697223967779
2020-12-29,0.0011637651951021228,-0.0012443769837334317,0.0004663871570508523,0.001808327321313182,-0.0003376544417361389,-0.00013081195184736475,0.0007103195643799782,0.0003582923680829972
2020-12-30,0.0042676167614301395,0.0011229006631560219,0.0008372271649294962,0.002783823401120304,0.000803150242774279,0.0006268396125122762,0.0031238271365494883,0.0019612229468360057
2020-12-31,0.0029595316028547757,0.0033143597336902308,0.002277650388336054,0.0023278614123107408,0.0011359433126274206,0.0007837782031473531,0.0022379236685552747,0.0021543903204326175
2021-01-04,-0.004731502521068751,-0.008079743294656959,-0.009622643614444015,-0.003873887267198614,-0.0011713311118169598,-0.0006856450249943711,-0.00296387300650975,-0.004329578717967826
2021-01-05,0.006601654086039278,0.003175368693286229,0.004330765823613625,0.005344985673639619,-0.001104859313574987,-0.0016543136459857668,0.0036986134942999307,0.002907279913559893
2021-01-06,-0.007144316861366889,0.00124428785765492,-0.015506608428097412,-0.014434255070801628,-0.0046127296648107476,-0.006367140353219624,-0.008646110420604017,-0.007949311798269512
2021-01-07,0.004094294597857282,0.00754896651028375,0.01543551658193733,0.011613820536428671,-0.001623612049518906,-0.0017444866012055126,0.0017571115494318013,0.005221935960633332
2021-01-08,0.00238717721905422,0.002255747984512179,0.003189702962584614,0.0021977384375500286,-0.0019428228573470268,-0.001705418208094195,0.00020175407570585349,0.000986810248742356
2021-01-11,-0.0072818171103460816,-0.004832401391735984,-0.010969826340318603,-0.008614394145331942,-0.00247515037507319,-0.0028225459112002902,-0.005598827321751933,-0.006107887644829771
2021-01-12,0.004184066482465804,5.9233309980856474e-05,-0.00020523768495463935,0.0012585865248063402,-0.00011861804927209684,-0.00019709097725391253,0.0030643088199832297,0.001141228036519294
2021-01-13,0.0043795783613600585,0.0030049332781362393,0.0055034538497050955,0.005765566667974837,0.00338619339869381,0.003674846907885697,0.004646933756560537,0.004346056644707645
2021-01-14,-6.986211433878168e-05,-0.0030143782350738235,-0.005054654930926282,-0.0041823810804592545,-0.0024087491806328598,-0.002402039979882846,-0.001653216787333039,-0.0026843397035878377
2021-01-15,-0.004039265067836398,-0.003297049223535923,-0.007233747191758173,-0.005548788576418203,0.0016061632053169168,0.0019258492969741314,-0.002426269078895772,-0.0027168382901845596
2021-01-19,0.00591013772671937,0.004933871114004685,0.012254926209233937,0.009754573420463392,0.0013797253315783373,0.001571668932566458,0.004724629741801187,0.005789313588629667
2021-01-20,0.010157824344178184,0.008431086706027198,0.017573359703591633,0.01386150155464176,0.0018463873759110465,0.002148402274722359,0.0070036201215904976,0.00875144354035821
2021-01-21,-0.0008412740095579333,-1.8942474008127545e-05,0.004254120537807102,0.0011906400115329185,-0.0011739594387824145,-0.0007944758099156743,-0.001320231682661631,0.00021003322032828227
2021-01-22,-0.003741919088687028,-0.001534617827734337,-0.0013718336145377473,-0.0015577592961070164,0.0009510074397791272,0.0008613804981575624,-0.0023978930420115005,-0.0012964304713353606
2021-01-25,0.006534935389166047,0.003985113434806535,0.009137870573566933,0.008377027265281611,0.004039359647244644,0.004429059867212533,0.00661751311652571,0.006142044900816485
2021-01-26,-0.00034133765604316054,-0.001073877553968102,0.0006309294656217623,-0.00029934702912741434,-0.0004698992305466667,-0.00041340609004906223,-0.0003914980890080726,-0.0003370731135224034
2021-01-27,-0.011753267449109263,-0.014250609287170962,-0.020340852155072767,-0.016038127239763826,-0.0016458519694832628,-0.001347527781585372,-0.007290270772685684,-0.010431018588282086
2021-01-28,0.0014851496019803916,0.004074614043783006,0.0030155783691581486,0.002063314614181395,-0.00139739356855098,-0.0018695028716185797,-0.0003717945926880066,0.0010052325040058087
2021-01-29,-0.009568611010524627,-0.012746015227391525,-0.0188936014482047,-0.015068586641055207,-0.0037863984687435117,-0.0035066998625980297,-0.007023382741352545,-0.010049663354454877
2021-02-01,0.013747998273834975,0.010418103390340567,0.02150405541730572,0.01742795504517974,0.002910918236170915,0.0033765106917520043,0.009805304453308721,0.01122495718546559
2021-02-02,0.0037104893905483636,0.007460484932189912,0.013047055316961395,0.006971802289923222,-0.0007073436402093673,-0.0009638650432934715,0.0013409747380497222,0.004367253098183166
2021-02-03,-0.0009392480414717657,-0.0004974519023538393,-0.004654242129062331,-0.003482722089337333,-0.0020868613595387804,-0.0022643415791574373,-0.0020054035586503692,-0.002292847502185023
2021-02-04,0.0014831999985632808,0.006730813582402292,0.009787762965985582,0.003383169131822179,0.0009618080473028456,0.00041589193226202885,0.0006811594459656642,0.0033486643296623732
2021-02-05,0.0024066240288679102,0.0015555381162092037,0.0017715541596692206,0.002009299307531736,-0.0014360532137535234,-0.0014454400015158795,0.00042491989160017786,0.0007310834598135676
2021-02-08,0.006274072202596037,0.004558505276080035,0.006385894702443623,0.005744652449458245,0.0011972743029868068,0.0009288507880953929,0.005332549195230955,0.004354831378613171
2021-02-09,0.002210658671463479,-0.00012920202288652173,0.00018579570541441128,0.0013808046121332978,0.0005736005442223113,0.0009669587661503825,0.001533188717876996,0.0009618515787252315
2021-02-10,0.002176872981585986,0.0007570730175498531,-0.0014492216931827216,0.0005465315276798924,0.0022166660243592854,0.0022721947450387273,0.002407979864039577,0.001291639954896549
2021-02-11,5.814623422504159e-05,0.0006620755910911318,0.0036374208603790503,0.002223244063149038,-0.000503184762867947,-9.459130205670308e-05,-0.0009335535237205741,0.0007239485373937792
2021-02-12,0.00022512481269917396,0.0016399175109808415,0.004330346069289594,0.0013081658261298824,-0.0023943760105593773,-0.002583965141845832,-0.0013964672008301212,0.00012915870155648287
2021-02-16,-0.004294640909394743,-0.00339675801787341,-0.004246058789010071,-0.005276855358542345,-0.006509013627257724,-0.0065558683272082,-0.005653456924871663,-0.005138802501299049
2021-02-17,-0.0001889221170550976,0.0004097101690590924,-0.005437599967107254,-0.00298077391310874,0.0006346127869952208,0.00037573803623012326,0.000556723638481641,-0.0009071825448125591
2021-02-18,-0.004098688853686456,-0.002599760389761815,-0.003862418217906599,-0.004667230632109218,-0.0005474343246556051,-0.0007465887459265658,-0.003032269119687333,-0.002810896277282254
2021-02-19,-0.001693431198417902,-0.0027062711555690742,-0.005271600666637817,-0.0032061034264869426,-0.003778110753337876,-0.0038124007637626214,-0.003693049816462045,-0.0034307115956637717
2021-02-22,-0.0036264362267226596,-0.005270185925183237,-0.024149349118887876,-0.008934033896359573,-0.0018619210269829212,-0.0026611075487262743,-0.003199025299617633,-0.007182961556660262
2021-02-23,0.0011403549746350754,0.0010375800250454735,-0.0029679707114138696,-0.0009184992715693521,0.0008807563562572628,0.0007515981201693834,0.0004532061623543596,5.453890416713434e-05
2021-02-24,0.0032503471070132435,0.006051907683599791,0.006787453773019448,0.0026856366290786355,0.00012958609100144152,-0.0004253735551006231,0.0017758409549607868,0.002886227862404789
2021-02-25,-0.01917055624759311,-0.01981232909489486,-0.03306460117944585,-0.023081484402270664,-0.014329379647321214,-0.014459103599437636,-0.01770973186253373,-0.020258086409827538
2021-02-26,-0.002406503649124724,0.0005060056105060115,0.0070371016877512045,0.001034638321294288,0.007074459744841008,0.007445012995479741,0.0034438139144091448,0.0033867393452720676
2021-03-01,0.006626923220130697,0.013996317149681452,0.025698940292470454,0.009460768680283971,0.0012597358408331155,0.000688869631519791,0.0026735388104782093,0.008663403694807172
2021-03-02,-0.0037108312568800805,-0.004016880674567541,-0.016100481020173803,-0.009452244719530654,0.0010933678459663968,0.0010613583960272799,-0.0020476348963652763,-0.004673515308044125
2021-03-03,-0.008702730781675619,-0.010071263926332055,-0.02902024641647491,-0.016723748856235936,-0.005349334485568193,-0.005640660944709487,-0.008561845597950691,-0.01193074221465183
2021-03-04,-0.008494520067531333,-0.009373442780802339,-0.01636694652509794,-0.009894952622354337,-0.004360400609920285,-0.003930664997375117,-0.006807319041328003,-0.008434871740919198
2021-03-05,0.00840336238221754,0.010359817276295286,0.015060910357020285,0.013615868595659771,0.001520438156373604,0.0010692116686986178,0.005920942416534484,0.007808651051295034
2021-03-08,-0.010698730706017387,-0.004559101761495525,-0.02831426908655109,-0.020950083072191268,-0.004620103388188264,-0.005860880048250449,-0.009897400290421,-0.01193149006332387
2021-03-09,0.014132123189693117,0.010446745274583422,0.039441242064506686,0.025428236174428506,0.005239697688403114,0.005962464275787934,0.012557286102598604,0.01587412585523028
2021-03-10,0.0033018501604053594,0.004576127731297673,-0.0028546253190524424,6.445331014844654e-05,0.002698991238290681,0.002197882632658424,0.0028614945589977353,0.0018712385881554864
2021-03-11,0.009204391025583175,0.005854961813371184,0.0200807650874239,0.014439733956292097,0.0009553560673728676,0.0018924553070894686,0.005811850555949053,0.008392461844002587
2021-03-12,-0.0058378801732068865,-0.0020643927392577006,-0.006843928190702216,-0.008722264292500163,-0.006946395134246047,-0.006897896695439772,-0.007821350723458138,-0.006448830427911488
2021-03-15,0.005072318195687079,0.004091242696702115,0.005611570526620794,0.0037542685469627276,0.0012787235297060187,0.0007495388472346919,0.004079555071993646,0.0036504915416208936
2021-03-16,-0.00038897639015013656,-0.0008330995922395052,0.0021019065714467607,0.0005568129449663802,-0.00031493601939866224,-0.0005988717377811906,-0.0006364260459032294,6.0244394371603395e-05
2021-03-17,0.0010008502091547738,0.0014068912647615534,0.0026616393920585665,0.0013799939247040932,-0.0015021805505435885,-0.001364403686788081,-0.00016399966551723958,0.0005348070612515273
2021-03-18,-0.016623127685444994,-0.011280619146861386,-0.036552830506889136,-0.0262157369981616,-0.00821204023012945,-0.011986213207375015,-0.015454232770744411,-0.01804632380519117
2021-03-19,0.003571365794422015,-0.001363426015922225,0.009916592169977393,0.009554950975354,0.00029111428894504365,0.0022763782827565503,0.0038649327575798038,0.0038592744852994857
2021-03-22,0.00494472329436036,0.0059724637502327396,0.004881356659527349,0.008838935954903841,0.0032952805390170183,0.0023699637937976796,0.005169176201596725,0.005131417302138801
2021-03-23,-0.005642442344287955,-0.002761524123146354,-0.013619021550650172,-0.009469380454583474,0.002828008878238927,-0.0021443812575983596,-0.002211064845697325,-0.0046910081962227845
2021-03-24,-0.001264114940224164,-0.0025111971962910487,-0.02062005817000561,-0.014793331849804891,0.001730713661307916,0.005193429628976633,0.0006685894542633338,-0.00406570406935397
2021-03-25,-0.0020354227760501476,0.002825364027639909,0.002240861751550741,0.0012423027144448022,-0.0013580567808659772,-0.004716321017279599,-0.003142358503350004,-0.0009857924326102325
2021-03-26,0.010727688298484075,0.00829945576707653,0.021871219343482098,0.01918319977476638,-0.00031362128578144076,0.0032663225708608116,0.0060866599570006345,0.0096382769981948
2021-03-29,-0.004276451014805936,-0.0016683487225952775,-0.004461858997039005,-0.0032458854929303775,-0.00327014320832871,-0.002563460305121254,-0.004136797045495275,-0.00330995919594905
2021-03-30,-0.0031738898130473287,-0.0019512344108105993,0.00012542330167813,-0.00230689454484695,-0.0014490702287284633,-0.003695067701782322,-0.0022388309017984556,-0.002277734407571852
2021-03-31,0.0038078787217343093,0.0018265349490321843,0.01211883518403079,0.007691031512684781,-0.0012240444438640576,-0.0010093150397322503,0.0034218173581612088,0.0037680324486840866
2021-04-01,0.012507621869794552,0.008259586593776872,0.014815787572476076,0.013206569198133324,0.0058642715977767846,0.008127603960932497,0.010491753382079937,0.010468238437105176
2021-04-05,0.0016765756403696922,0.007531587117533572,0.015078728802713348,0.006897264246887721,-0.0023810508165100644,-0.0037246579794033958,-0.0003377104230728767,0.003543029579270711
2021-04-06,0.004061468544539629,0.0015539055136771511,0.0011829252120703357,0.0031447317942260014,0.004500801971918363,0.004350592725795508,0.0048160987719770565,0.0033641510797603412
2021-04-07,-0.0021911157265480383,0.0004578079000180538,-0.0027571389109521693,-0.00636870521920057,-0.0003352127267867188,0.00011558584800416106,-0.0018587567328527958,-0.0018804848305416406
2021-04-08,0.00571035216033944,0.004230363151890364,0.009770990899412862,0.007976303094974768,0.003190155103511244,0.0027877807798060276,0.005543224446671658,0.00562059541239742
2021-04-09,-0.0017106207256260529,0.0033714002072342364,0.0017144881560425896,-0.002748361278241011,-0.002248438145196184,-0.002550798132429821,-0.0021480216875928134,-0.0009009604293320275
2021-04-12,-0.0009480736225793711,-0.00010929049941135356,-0.0013866353960943622,-0.0010416301639129657,-0.0002816001014306742,0.0003553267074723811,-0.0010736329721531637,-0.0006929909356728374
2021-04-13,0.006403050201653955,0.0034336967296470346,0.01167314192695822,0.008588896975750477,0.004412567634586672,0.0052378006479330535,0.005982381008665082,0.006483358976016167
2021-04-14,-0.00030559422240473283,-0.0025401077605864174,-0.012008279238800303,0.0058842008309911206,-0.0005139534737310885,0.0018707154101479286,-0.0008180216828807014,-0.0012094654668801832
2021-04-15,0.011573141207363075,0.00900722137919492,0.015155272925234211,0.01017108433131443,0.007126202594735982,0.007892293414635751,0.010282979733682047,0.010159777146650166
2021-04-16,-0.0004130298383750869,0.0009260715604821495,0.001171234178915403,0.0005947721616912433,-0.0022017018632393337,-0.0018806661558290188,-0.0015955917393891239,-0.00046120924349944367
2021-04-19,-0.0026416760001299368,-0.003375205977785378,-0.009151799357417044,-0.0031878593629964553,-0.0009325724823106589,-0.00030898003430087945,-0.0025026831222390565,-0.003160349926785444
2021-04-20,-0.0003418997805626256,-0.0032116184525345795,-0.0072886746980788016,-0.00463793818990304,0.002699129744844867,0.0029466459404146233,0.0006684231738351774,-0.0013426798988209318
2021-04-21,0.004659953203588925,0.005811026465059778,0.0018782368638449896,0.0042430099577293835,0.0008802778601690539,0.0006621304686027352,0.004026676943777827,0.003243865903925239
2021-04-22,-0.0025144691658744,-0.005186788705655596,-0.0015483850935243872,-0.003754028868582927,0.0004183931560811099,0.0009407747725964751,-0.0015697407554268574,-0.0020138104260823053
2021-04-23,0.005003875350422389,0.005979072490564279,0.010169770370149857,0.010454210315933552,-0.00014127715324843503,0.0010906390725243863,0.0029038981609035225,0.0051030725093884465
2021-04-26,0.002157466537281077,0.0008417737143760298,0.006664356898012175,0.004912985355371714,-0.0004070675305920415,0.0006918637534047319,0.0013393983029648822,0.0023168979843752463
2021-04-27,-0.0018025790764181107,-0.0016903533115168326,0.0023913674101283373,0.0006580997525386359,-0.003090415371249587,-0.0015408720595171473,-0.002674632481883073,-0.001174473104067636
2021-04-28,0.0009410082377386298,0.0003473932816980584,-0.0007044770815363608,0.00034170755964676254,0.0010960958316953175,0.0008663643944147251,0.0008479430939206853,0.0005106488314638625
2021-04-29,0.0014480404616622304,0.003154093459713985,0.005238361152265158,0.004204371070834333,-0.0005786067762115143,0.0010141859458068145,0.0002787285594715736,0.002090579696833952
2021-04-30,-0.00378375700609264,-0.003680838966016202,-0.008395419365276184,-0.008754761579883094,0.00031458840174091514,-0.00010835968475997344,-0.0021188408523680493,-0.003763903362299976
2021-05-03,0.002637742953135888,0.001974450590546799,0.011167059039223869,0.0029297741777936114,0.0019158815011030479,0.0025479327460763176,0.002955478413342878,0.003578821483414073
2021-05-04,-0.002744015519749664,-0.003163089629113603,0.015461093086463339,-0.0016107576634737074,0.0012394318765414241,0.0022559048733091884,-0.001642304322208885,0.0011135166623392118
2021-05-05,-0.00030931725202626117,0.0006808818303813056,0.0038062728348955354,0.0006519752357902519,0.00039443226317278273,-0.0009444957676308163,0.00045867116737251956,0.0005944787853675676
2021-05-06,0.006218144475166319,0.004938105887410391,0.004875494344538161,0.006559683687919221,0.0011350024085612256,0.0018230849556663512,0.005119505575062367,0.004401241302064068
2021-05-07,0.005903101881313271,0.004493437154873892,0.009703442124632694,0.00934110946629246,0.0016220112645975076,0.0035597758637067912,0.0042040311613916566,0.005556144397387953
2021-05-10,-0.008226651231792462,-0.006743056476721584,-0.0069406929223797586,-0.01490040333120418,-0.002400604029867741,-0.0025054559985769618,-0.006609930506509819,-0.007029303726133208
2021-05-11,-0.0028970389031016024,-0.006055186576250192,0.010717514576385123,0.0049104377436292625,-0.0017510179893135416,-0.0014662720978450422,-0.0025508363757578726,9.873275731536155e-05
2021-05-12,-0.014613594804049135,-0.014646854839011379,-0.0010637066170526928,-0.010423896620219118,-0.006088754896781157,-0.007195821101132477,-0.011313817056944547,-0.009394437231496237
2021-05-13,0.0017039056485765058,0.00849657229841241,-0.027688973083131663,-0.014448519608832961,0.0021379027129748377,8.448005922628756e-05,0.0020838253472608543,-0.003952118617005306
2021-05-14,0.01126098559197416,0.01004287133463375,0.008214624624786952,0.012318944435732775,0.0032762439904025914,0.004442655494082875,0.00899151494829336,0.008393886033518651
2021-05-17,0.00126171369063914,-0.0019114376828287824,0.012493250439502774,0.006286228143640241,-2.6105417114553084e-05,0.0012748976704755233,0.0010313983461428724,0.002849576362437431
2021-05-18,-0.0011762911886883274,-0.005161378289175937,-0.004828295519250456,-0.003925679808915893,-0.0003126306772244831,-0.0006791709893769846,-0.0015241551963604476,-0.0025003619722742242
2021-05-19,-0.0038438083746197165,-0.002766683567636038,-0.020485221736580066,-0.01290395525441833,-0.004049886234907128,-0.005569619224235074,-0.003284023185022747,-0.007497094113738679
2021-05-20,0.006684488647674551,0.008075180465698202,-0.01048970188466796,-0.00023291673064388893,0.003724977225674326,0.0029986421024454516,0.006383899037845641,0.0024531183054224527
2021-05-21,-0.0005531736144036518,-0.00035283828953246003,0.009455011918276768,0.0029452688895922293,0.000788239788048662,0.001462327274768439,-8.70986618422013e-05,0.0019364258890083163
2021-05-24,0.007860049638273563,0.006513898963870438,0.013774137288237379,0.01321158421918419,0.0025179715313268514,0.00449590714236038,0.0053041970426779255,0.007676425587821192
2021-05-25,0.003447237836240096,0.00011777954916896934,-0.003260908153241291,-0.0003426771890632466,0.0029812410399068824,0.0020748877528249487,0.0036451098417878934,0.0012288829011194106
2021-05-26,0.0015372404225433567,0.0007440018879334106,0.001635818111942026,0.0028083870461606385,-0.0005795121022013357,8.54502291564398e-05,0.0005144003467441028,0.0009637668310574129
2021-05-27,0.00020591072040490013,-0.00037669481423801106,0.015786506878868477,0.007798928654892272,-0.000742099864262596,0.0007314391926419063,-0.0011075142707575362,0.0031926200594111194
2021-05-28,0.0019059617782017273,0.0010447368518957524,-0.003215413686723385,0.00032313887026546033,0.00015315892845895246,0.00034651456841333433,0.001223187774744398,0.00024549991021298955
2021-06-01,0.0054416896819341285,-0.0006251446939867821,0.017718846044060915,0.014749025520558002,0.002113766217918849,0.005042712509318542,0.003244890721153267,0.006798785560215664
2021-06-02,0.003577758257552656,0.0013984910010281884,0.005282818738478351,0.004431039810921121,0.0021279791242985553,0.0032975742570657534,0.0028147668782699045,0.0032947124599555476
2021-06-03,-0.007413040662523181,-0.003240384180112827,-0.008407722959815175,-0.009203451636235925,-0.0029716977322492644,-0.0035757485073010034,-0.005284248582727934,-0.00573994268502266
2021-06-04,0.009279094509736428,0.007694025242382282,0.011128587276602929,0.010568195088928329,0.005501123752728277,0.005603582821442285,0.00789931236654544,0.008249282810690005
2021-06-07,0.0010869779757674513,-0.0008958564587193458,0.0015723171089951883,0.0010971909599898843,0.00024391156247128705,0.0014137837544956,0.00044071244707576216,0.0007352021764891964
2021-06-08,0.0027771795886652626,0.0012774289941560046,0.00994237578941214,0.0045476475194520345,0.0036906595728968747,0.004728224791554805,0.0032264409686486636,0.004353785014525004
2021-06-09,0.000684417299196452,0.0003578484793233616,-0.004663183305762858,-0.0029781031271782295,0.0025268048639409883,0.0017015821811026794,0.0021138357815381373,-5.814948679132032e-05
2021-06-10,0.005780754441634559,0.004186224595614318,0.003619810451575634,0.006465789614919701,0.003780003984036824,0.004064121188176252,0.005084903703504319,0.004704012654040846
2021-06-11,-0.0021931787034157164,0.00040498424008526975,-0.0031121270745618768,-0.002330498809589795,-0.0017347656896812213,-0.0020728246791538027,-0.0015519019108333383,-0.001804584393363446
2021-06-14,-0.0008240660453983062,0.00010349905678281538,-0.00572316909511494,0.0005441625784822469,-0.0027860823004103663,-0.0024784806974426843,-0.001820265705064764,-0.0018718492955200892
2021-06-15,-0.0038105737509266466,-0.001035848355322929,-0.004186148785558008,-0.005829115803826465,-0.0008231154799800917,-0.002046014297585148,-0.0022649617538256306,-0.0028576405834984473
2021-06-16,-0.006934003847237759,-0.006089193468377782,-0.005780309534872965,-0.007369972021860001,-0.006769116388865782,-0.006649069302503733,-0.006075991126499856,-0.0065267873089244685
2021-06-17,-0.001622397757969358,0.00122540117082831,-0.025898583768954143,-0.008559908898912685,0.0015644385992198745,-0.001395977096638813,0.0018088367550933287,-0.0047170649931280164
2021-06-18,-0.0011976299105087333,-0.005853772257179599,0.010309212138223762,-0.0010786440070705231,0.004384154132103732,0.0030444629650471454,0.0016138332904398545,0.0015873117477465447
2021-06-21,0.004883159742077795,0.007274971274618704,0.012318906698978307,0.011298144787706068,-0.0008418192129411914,0.0024808345780385826,0.0010794173271014057,0.005468880984307977
2021-06-22,0.0008968229964319982,0.003951741346855873,0.001591385285482966,0.002238166996979192,0.0013772729335602954,0.0007557769966633391,0.0011815680686040383,0.0017058779518303421
2021-06-23,0.0003612306162934447,-0.0015165062203860873,0.006355891616861778,0.004060103327936674,-0.001455744476519406,-0.0007242850955400598,-0.0007521007602184224,0.0009048929447213424
2021-06-24,0.002852877545811784,0.0035113707766620257,0.0036843025177508686,0.004246696258224375,-5.188618881496839e-05,0.00010959699123567481,0.0017999322786014036,0.002319346676126468
2021-06-25,0.0002007182867361736,0.0013350181960325056,-0.004195158733716554,-0.0012475246035711708,-0.00167972119302928,-0.0011109545077949451,-0.000844484196837478,-0.0010638932824859624
2021-06-28,0.0032174066639339286,0.0024542452888518234,-0.0005265896005133236,0.001992748244953715,0.0025312919847299766,0.0017005756868712398,0.0034266617680135513,0.002123479427825832
2021-06-29,-0.00017921423938275713,0.0005311352336537538,0.004741918879336937,0.0032075545725877876,0.0005875322136915143,0.0006714503802216307,0.00021312182732710302,0.0013858890828383603
2021-06-30,0.0009770240683994642,0.0011145379857166301,0.00942411958495674,0.0036740088181342473,0.0016206344917244183,0.0017078386671191593,0.0009093265189263431,0.0027821442740333597
2021-07-01,0.0011368307679902,0.0030333517939368083,0.0036363404481896074,0.0023314959244424053,-0.00014669747058715756,0.0006457231200274234,0.0004909188045477172,0.0015940342005016871
2021-07-02,0.005510659863772708,0.006048136481713437,0.00931671099089604,0.008726438492798985,0.003959516873215291,0.004391555784365049,0.004607826332798647,0.006081992779806526
2021-07-06,-0.0010372430404259098,0.0009988266466557383,-0.02717954090600264,-0.013520941283528827,0.0033554509119275533,0.0007510555089431086,0.0021093699579041386,-0.005030723666346324
2021-07-07,0.0017020588098326584,0.0032896935793739228,-0.012124215753611405,-0.00525671917831667,0.002040274478893895,0.0008343246073508998,0.002701026609410933,-0.0009608640294936984
2021-07-08,-0.002483652937049643,-0.0038684483354826647,0.008537831946056467,0.0007916242818594306,0.002604914403198915,0.002640196823318836,-0.0008162806416929564,0.001028525645173705
2021-07-09,0.004536808664346683,0.0043587970631320215,0.011640137388971615,0.010748250253558383,-0.002746716148558602,0.00044942884575064766,0.0007335453362397552,0.004225369585711116
2021-07-12,0.001632988738097293,0.0019109844291139576,0.0015370515907955921,0.004073260453354749,0.00012756409795007534,0.0010697465880961134,0.0010080973688655042,0.0016060866196941643
2021-07-13,-0.0023683337565186223,-0.0032835028792159854,0.00835515324877799,-0.0003929363822012663,-0.003046247089392228,-0.0030049998723049942,-0.0034850198694252174,-0.000985176787144387
2021-07-14,0.003948164469559454,0.0026171589810431405,-0.009839512386826664,-0.002474997848132218,0.0035866689346768115,0.002605263962459182,0.004540612942584209,0.0006752803277557096
2021-07-15,0.0006560862247693057,-0.00036863325291023176,-0.005230092544664775,-0.0026991417769990146,0.0034683523489551296,0.002454556414374733,0.002163195756021863,3.765990976799076e-05
2021-07-16,-0.00417589314436284,-0.004762416303578835,-4.039664940173433e-18,-0.0013935652717381574,-0.00019052193805454184,-0.00021780355285079593,-0.002667447489980325,-0.0019430184569299448
2021-07-19,-0.006493775200732718,-0.005360167078315235,-0.03995791622867815,-0.028584433175245623,0.003974355906480584,-0.002345512673573385,-0.00021904713326091206,-0.011208791268612678
2021-07-20,0.005812304981912323,0.007947755335065467,0.014786564413016956,0.016996927681937852,0.0011288813091067983,0.004503058954923981,0.003246100130861468,0.007637717677561422
2021-07-21,0.0017942328871357134,0.002517910607242939,0.016016164581664483,0.01131020636219302,-0.0038727179848419484,-0.0012235665548946278,-0.0013925441947309617,0.003632487055151488
2021-07-22,0.0031631902695091465,0.002177892316271069,0.004883751159369031,0.0027074296544706312,0.0020424449285390547,0.0016625954949091206,0.00282358769318562,0.0028223996797389246
2021-07-23,0.0010111150789414557,0.005598332592547989,0.005826077326810935,0.006552628949158231,-0.0005145309578433783,0.0008923928587481832,0.0002868146526800446,0.0028044605945613593
2021-07-26,-0.0017406873708305244,0.0012189329839346083,0.006009308739993746,0.0032632428210212306,-0.00010203971449951202,0.0006887096960111467,-0.0015868987903315433,0.0011443346073800472
2021-07-27,-0.0016836339274596975,-0.0010875457165297818,-0.003550757032502388,-0.0037039936362753267,0.0037107019214671095,0.0029576238550645347,0.0011206798562134273,-0.0003657947307851232
2021-07-28,0.004262752302144145,8.79200584751478e-05,0.0031324475554949183,0.0027528260960609074,0.0008334063651038124,0.0008017433456680107,0.0026551245502631268,0.002099222427086039
2021-07-29,0.0032144030778855815,0.001297313281894531,0.014331562633555128,0.009331801141669266,-0.0015358730466023128,0.0005360812372056409,0.00024331429249866224,0.004013426504452454
2021-07-30,-0.0026570524976180006,-0.001833100391918208,-0.00565344791211043,-0.004305999331055842,0.0021579355702862875,0.0013220233771416296,-0.0004756890648790301,-0.0016153978450186752
2021-08-02,0.0008076391294200033,0.0005075375995551492,-0.010769162976975138,-0.005880009556727058,0.003064261418218478,0.0012416270881570393,0.0022552128773442167,-0.0012313425723902457
2021-08-03,0.001791279482027131,0.004956223321732637,-0.004665486535803768,-0.00018696316819854716,1.526485513346444e-05,-0.00031062650480525694,0.0014831122025102676,0.0004574290033225047
2021-08-04,-0.0016587625486939386,-0.0030460421682793246,-0.0161460707650571,-0.00835860739626679,-0.0013804581358343622,-0.002932939144943462,-0.000875635863488591,-0.004853910030546748
2021-08-05,0.0022485688848246014,0.0023177497879851823,0.014822796690335784,0.011542178268205815,-0.0016282309736882225,0.0011741489772203583,6.805467823209886e-05,0.0042942132103452775
2021-08-06,-0.008524420852043075,-0.0013551127226154444,-0.00834643544442171,-0.005787125760010347,-0.005763354900959487,-0.005620057833476875,-0.007509912521036303,-0.006099754293283988
2021-08-09,-0.00468931667746202,-0.0013404192668694222,-0.014202960950793738,-0.00752546294190571,-0.003055119540381607,-0.004320801444033109,-0.0036494725096237776,-0.005497310503081153
2021-08-10,-0.00027272292041481986,-2.1757179086498406e-05,0.01586868566630017,0.004515081029895479,-0.001120573993143993,-7.46744670504086e-05,-0.001623368283858741,0.002498779007875918
2021-08-11,0.0038037514670807367,0.0019381584544379612,0.007899172724214254,0.0054561288890164015,0.001890612446625001,0.0029576632117340245,0.0026035471851830385,0.0038082303721174403
2021-08-12,-0.0005319870922573127,0.0013910113807052626,-0.0029542474730153384,-0.00015810004983310573,-0.0010023569890363457,-0.0009593268629911854,-0.00028014017637504,-0.0006581039790792677
2021-08-13,0.00499493402047817,0.003383062694250886,-0.004858515585358368,-0.00028735667793278316,0.0050051291877846035,0.003993830574000595,0.005731650035743104,0.002528893777330934
2021-08-16,3.290454415928062e-05,0.002300065086273915,-0.0023298352677811225,-0.0013244460365097145,0.0017086823950927174,0.001007145671613847,0.000671679534897408,0.0002875644493133201
2021-08-17,-0.005508691744034348,-0.004144278054609568,-0.010826858211437005,-0.007569339700360797,-0.0011971990551058864,-0.0021355158363436824,-0.003528161908352836,-0.005001900469401295
2021-08-18,-0.004084224338125695,-0.006768039000623944,-0.011497042195919809,-0.010488534931186561,-0.0017155646888206925,-0.0033812624514354033,-0.002790823761392219,-0.005813943220081843
2021-08-19,-0.0012486182322511037,0.0017765264503570184,-0.007980924134936696,-0.004562491241747594,0.0011129317635882345,0.00018913572499082716,0.0006966509093690444,-0.0014774445833258567
2021-08-20,4.5954076117203646e-05,0.004398689559245185,-0.014202289568568243,-0.006103593513287016,-0.0022223449185265636,-0.003316173793861503,0.0005339515195077239,-0.003050318826357457
2021-08-23,0.009398941176396258,0.00539682096319027,0.02364821123160022,0.020731512298082712,0.002784714611934437,0.0050288634595063685,0.005073208640634905,0.01034650298969872
2021-08-24,0.0033690925124975203,-0.00011911067499176893,0.012797426941935698,0.010260020375594607,-0.0010176740359124925,0.0004849294933320825,0.0003846292776553598,0.0038002848700930464
2021-08-25,-0.0009686539952855767,-0.0002800456431124015,0.005912528986821679,0.00431802985707793,-0.002675500699250724,-0.0015367848674603902,-0.0021362529463592947,0.0004184348577284196
2021-08-26,-0.0029058494955803704,-0.00358007580487367,-0.005251264566396245,-0.0058726265764383855,-0.0005970989625758292,-0.0011225517246579043,-0.001627575000458837,-0.0030325150005286955
2021-08-27,0.00944375432535415,0.006694818169200525,0.011967418946040774,0.011253618590790269,0.004516385834343049,0.005703631986061204,0.0073738579742993506,0.008153071883156848
2021-08-30,0.003591158899339474,0.0033778898400094195,0.004409554542116097,0.005698637645481353,0.0026218415551471004,0.0033247857869473994,0.0032121607444472603,0.00378403455668707
2021-08-31,0.00028065700704474697,-0.001638206638403591,-0.003467498035584779,-0.001417440968031429,-0.0016149744773090084,-0.0013228595002280463,-0.0005650410755299641,-0.001363620325470428
2021-09-01,0.0033436114360460988,0.0004896372091827189,-0.0020161459110668786,0.0009231737790256801,0.0011628665722000953,0.0019649509714036928,0.0029008451449177423,0.0013175173684595216
2021-09-02,0.0021529209834558107,0.002325334242961422,0.01070013279823092,0.006808667725771977,0.0022850392507463104,0.0032918349895374732,0.0019467098945525644,0.004186200714449659
2021-09-03,0.0005536062202608733,-0.0010980977565621768,0.000923715934030156,0.0011427680213426093,-0.0019331820692455723,-0.0015062785039469272,-0.0010305043323838576,-0.0004115767004131323
2021-09-07,-0.006162306140516566,-0.0037173368965453526,-0.011366581759954518,-0.00750299102787086,-0.005051700378373533,-0.0061137745462917,-0.005514230627825977,-0.006485114861630167
2021-09-08,0.00029892334511059243,0.00036038188474798983,0.007023994310280516,0.003205403755690741,0.0032654215431806057,0.003748134267386256,0.001469948771983293,0.002750801587466496
2021-09-09,-0.0012725268673529821,-0.0014512494035969748,-0.0075019039422444585,-0.011027454950378315,0.00037635002414604114,-0.0011363721219455718,0.00039387135465021215,-0.003077895260185804
2021-09-10,-0.004223724181750099,-0.005985655927020706,0.011564867565731857,0.00039649937863919186,-0.0027164887384291056,-0.0019667361632533854,-0.004666904101038264,-0.001108324123643113
2021-09-13,0.0035646915288694474,0.0020110161161071474,0.007414906147527472,0.0061939884647276115,0.002093184013500499,0.0027424011282896786,0.00295004359576126,0.0038516098828689045
2021-09-14,0.0007507594086519487,-0.0017097823926970012,-0.0006299353365171625,-0.0017776946055527495,0.0030430771562627718,0.0019614066567933135,0.00186210489897149,0.000509618283130492
2021-09-15,0.0025222866671322105,0.004282386263464123,0.0157385912364794,0.009768822100788957,4.6814729784862156e-05,0.002240534123850385,0.0008548725518604946,0.005066896427634249
2021-09-16,-0.0056046460542827055,-0.002217475407569839,-0.006581202085945409,-0.00397687251075856,-0.003189177064949746,-0.0033357993246856815,-0.004041442181423801,-0.004140630291854342
2021-09-17,-0.006046136965819153,-0.00699541494878032,-0.008284782923145528,-0.008471337461962707,-0.0037426944382336846,-0.004722757300675727,-0.004986233023585543,-0.006184741142199541
2021-09-20,-0.0060920264457471505,-0.008028614179851212,-0.012821099542373525,-0.014391123766423215,0.0029149810416352123,-0.0001475580480853759,-0.002206445270492822,-0.005771832442166163
2021-09-21,0.0015811183089079793,-0.0008040185453350787,0.0010581680075160717,0.0009504821917836016,-0.0003975613389297651,-0.0002930199246915581,0.0006875129046207558,0.00039975161064526824
2021-09-22,0.0064685098604930925,0.006181887637566982,0.011166420024277783,0.010395360931426418,0.0023604039664667283,0.003894789570994228,0.004927972850652759,0.006474157352279365
2021-09-23,-0.0009242681756560153,0.0036012265657411058,0.014684666007826313,0.010815928984419155,-0.00666811158099614,-0.0031347832600621644,-0.004086688811612811,0.0019852569295678146
2021-09-24,-0.0035004300133336243,-0.00020936783586036206,0.004143947510690552,0.0011903180038034913,-0.0029731922512766288,-0.0020960842885713532,-0.003701617146722392,-0.0010554578739752957
2021-09-27,-0.0009643373653971719,-0.002788552417352748,0.011200402067425647,0.001956699508117817,-0.002160866709542077,-0.0010201588076907742,-0.0021607713928728876,0.0006322725303300799
2021-09-28,-0.012860435548383169,-0.01366410689675263,-0.010109216030031395,-0.015255663430639185,-0.004351790563964094,-0.005979871180903378,-0.010742323489216856,-0.01033221945618686
2021-09-29,-0.0003236769453247615,0.0014067494766452884,0.0009780024299303554,0.0009168443308272372,0.001580550048762236,0.0015827877737506944,0.00037382338162002845,0.0009272133589933735
2021-09-30,-0.0001986863715540964,-0.006848855144990381,0.006483749410180565,0.0005018783571393137,6.985248278115253e-05,-0.00046056635849068845,-0.0012925657512156694,-0.0002710824254362567
2021-10-01,0.007391059242678955,0.008739359991665346,0.013379608076058421,0.011292493659352549,0.00574976607166394,0.006908866557371624,0.006947022565647913,0.00862036870668619
2021-10-04,-0.003598354305946347,-0.008207668162655437,0.016137031640685667,0.0031239442178035053,0.0003451281397030689,0.0006715162558285212,-0.0033565079498916552,0.0006968124180375046
2021-10-05,0.0016360503660514218,0.004940927353806855,0.012511950288067706,0.010325941191915303,-0.002058530049380655,6.860644833872956e-05,-0.0006149447996278482,0.0038743583755555854
2021-10-06,0.0006562065375921404,0.002594647881458449,-0.016635083636427486,-0.006851960096586139,-0.0004029561388162895,-0.0013829977048911422,0.001398108215480291,-0.0030032696402013644
2021-10-07,0.0031465846802902946,0.0035908930046719863,0.012566590566189348,0.010484345970662048,-0.001953327204922382,0.00011366456491211348,0.0003467806072964077,0.004077147870781078
2021-10-08,-0.0025323936638972804,-0.0019967310027965163,0.003310878787056309,0.0008686610745593801,-0.0023772841690184437,-0.0019222758593435503,-0.0031980668782198374,-0.0011388431006684944
2021-10-11,-0.0018248924270368241,-0.0053230991889716365,0.006660281133774588,0.003342371369949053,-0.0012676319600046606,-0.0010311407128886123,-0.0021355424992044987,-0.00023480568398842301
2021-10-12,0.0038290062001115088,0.00035280099257735766,4.6534327285938665e-18,0.0004569741565529921,0.004886776793221961,0.003987847254030269,0.004844266240796654,0.002612320042711075
2021-10-13,0.00810813027234965,0.0029214609205489737,0.005671145260566669,0.005770467379895096,0.0027068080740881534,0.0030566542962121423,0.00629808000552385,0.004948526464636457
2021-10-14,0.008197329521865922,0.010998367803977182,0.010338279838953522,0.011986704409112911,0.0039271950610791605,0.0054931564176282505,0.006825280122140236,0.00827245551555563
2021-10-15,0.00036146413951546736,0.002603218476745261,0.008372142055931503,0.007340296175385726,-0.003408449027374484,-0.0015625982349466339,-0.0012724771827729005,0.0017997276487749213
2021-10-18,0.0007758519768099072,0.0012357476472213103,-0.005996372875368467,-0.002771605717048813,-0.0014311894528449484,-0.0014522175669307589,0.0005522972810648659,-0.0012844606079778652
2021-10-19,0.0012837635307776396,0.003174850568704881,0.002299574704750622,0.0020436442406214905,-0.0027257144783716975,-0.0010231815574817584,-0.0007875522816541928,0.0006247847183819171
2021-10-20,0.0031773485198096354,0.0021931310673631503,0.011111141555653063,0.011763472712589165,0.0019519266315166793,0.0030350315972715487,0.001805791411873403,0.004980041818924166
2021-10-21,-0.0020448677577237792,0.000531809189779565,-0.015109893418679726,-0.011431539417467664,-0.0033196222674482323,-0.0034018725031378684,-0.0016393926934965691,-0.005207498496973488
2021-10-22,0.002351722280677611,0.00038061680864732983,0.004648868711418782,0.004388422216172389,0.0029057871438292883,0.002557368602882068,0.002663836629822161,0.002817167685452131
2021-10-25,0.004037013355881521,0.0037262359763001306,0.005090305424411576,0.004820566603387252,0.001740857194530034,0.0024613321582628096,0.0029046712806215427,0.0035526292572034355
2021-10-26,0.0010129237680522312,0.0010291634795031217,0.0013812066878016152,0.0016885981524133223,0.0013738046548458286,0.0013304290527001853,0.0017390808089174255,0.0013648306890072278
2021-10-27,-0.0005589296877849528,-0.00046788370032985194,-0.0183907886116008,-0.015988404453003056,0.0022990255835123206,-0.0002091525640973992,0.0018884626947179054,-0.00448302709982893
2021-10-28,0.0036381398439858173,0.0047026375753372,0.005109964109972014,0.0085446192394147,-0.0005304281317679326,0.002024900261780053,0.002132677717238636,0.003628711269365153
2021-10-29,-0.003277800624983656,0.0013966823925949722,-0.005125681388968597,-0.006071111936067077,-0.0010535214005626156,9.796884185014779e-05,-0.00205131487344747,-0.00231552830759734
2021-11-01,0.0023922381399472626,0.0010066846241034368,0.007494200164847234,0.00607993098510916,0.0009984646985421526,0.0015378458499824472,0.000997622733605442,0.0029409751342017987
2021-11-02,0.0017245054532067945,0.0034097351318360817,0.002789280464285729,0.0035718042224587633,0.002679755692481378,0.002963172420977344,0.002450919931664541,0.00279274301873269
2021-11-03,-0.002752189655039901,0.002447068536610867,-0.025498318343269415,-0.012222850669633245,-0.004422798529357289,-0.0036590590331274484,-0.002052009747426464,-0.006990066768452997
2021-11-04,0.0035733611328525603,0.0049896065722563505,-0.006184651049050353,-0.005455194736938262,0.003140789011402564,0.0035663021920495698,0.004117652284754539,0.0011101011584787866
2021-11-05,0.006952386276620251,0.0042592493103321746,0.013882362767649824,0.009605790230112553,0.006124319444450095,0.006057926737778713,0.006668645971264582,0.0076462854856071075
2021-11-08,0.0009922179260402196,-0.0012398976198183746,0.0061139894456334574,0.0027163970215591205,-0.003107273299094532,-0.0012273090108785311,-0.0006412928378684164,0.000516051952137778
2021-11-09,0.002312520909061279,-0.00015310236106831675,0.00797742448736226,0.0030286576338760893,0.004577342241399888,0.002773500828200035,0.002610305678084789,0.003329057979613613
2021-11-10,-0.0078002023799085655,-0.00824860107109467,-0.012569854921372402,-0.011211543574672248,-0.008475181920656811,-0.009020769545027753,-0.008633374333296685,-0.009411308697830757
2021-11-11,0.003041627089076154,-0.001097648027258634,0.007072297896365315,0.004800690054232942,-0.0018470701346280055,-0.0006020189852933751,0.0008058392778420799,0.0017403259456039773
2021-11-12,0.001892938638039832,0.00536912476829343,-0.0014046905457900563,0.0015103302003062887,0.0015014647113171867,0.0031657429027325606,0.0015305433165106706,0.0019085510255741553
2021-11-15,-0.0023444978347076217,-0.0013580239722024525,0.00046902584749641666,0.001837807637604288,-0.0023916680378266186,-0.001985970594101041,-0.0033249220887431896,-0.0012901111070420129
2021-11-16,-0.0008988215933816702,0.002037207145496389,-0.0014059043050335086,-0.0006440360301274963,-0.001536444499215424,0.00047867996673356904,-0.0009545998592146019,-0.00044129902846166703
2021-11-17,0.0012911987370835883,-3.505698367400282e-05,-0.00893129261740707,-0.003772282327438789,0.002490499169844464,-0.00010061455039424728,0.0023266205243999754,-0.0009676218354365941
2021-11-18,0.0009461366694862615,0.0022784261349429523,0.0033143726117035315,0.004972035324639832,0.000787196287140972,0.0018396612130235465,0.0013136918811685388,0.0021906637528451376
2021-11-19,-0.0011166332630225214,1.2984397425393765e-05,-0.016045304925860746,-0.007269503726250862,0.0002545339191817348,-0.0014463382086403421,0.0007557164531882872,-0.0035609742019914042
2021-11-22,-0.007872842957040866,-0.004622775413505793,0.007194198467151292,-0.0010912924511950863,-0.005891502561249992,-0.0038313886036570755,-0.008001596247644861,-0.0034669377544607645
2021-11-23,-0.0014180632785880973,-0.0008573690668849026,0.01809522725946587,0.008982459927466447,-0.00101789048024901,0.000823049474447633,-0.00301078747787773,0.0030874165898051144
2021-11-24,0.004012272182109358,0.0028343949278864774,-0.0037418935209476653,0.0013167361638612418,0.003474188520239022,0.0019183830389924977,0.004751920108644897,0.002073653126896441
2021-11-26,-0.013014757595767538,-0.008234886253957366,-0.05962434758196396,-0.04083401234182655,0.00253346115509255,-0.00852787626281297,-0.004799893735141009,-0.01899346010745875
2021-11-29,0.0037864430147084853,0.0064355961793253185,0.0006540281989095185,0.008943524561475022,-0.0009359398413952579,0.0023104709380730036,0.002827061662209327,0.003403527251254097
2021-11-30,-0.007275320259088851,-0.009365236550016132,-0.027051972976417774,-0.019896423480253347,-0.00018393681013307607,-0.006346668445571714,-0.0037880112367617586,-0.01055458859051929
2021-12-01,-0.004129585511512373,-0.0058755613891699945,-0.008994170274137066,-0.013267231704641731,-0.0009519713854658126,-0.00340531018079494,-0.0030956105809381088,-0.005629737812925994
2021-12-02,0.007620381788402112,0.008225206218909141,0.008752593455213328,0.01437173429668209,0.0018337892344298412,0.004445595011317483,0.006285500814936435,0.00729669054782564
2021-12-03,-0.0008883825507193739,-0.0028453972834509805,0.0004382885135096856,-0.005934423717882671,0.004306078209834248,0.000919541468742774,0.001228155207529742,-0.0003660764630568556
2021-12-06,0.003903810703250112,0.005025323123735801,0.017140292301592936,0.013708440323143068,-0.000505461557145262,0.0030484010164164013,0.0012853809165514812,0.0061523213869731025
2021-12-07,0.00975115469662446,0.010862925608911219,0.015587163919716318,0.019090023821836687,0.00022618398350454107,0.006068382392427124,0.0065364261924554514,0.009683625795447674
2021-12-08,0.0005436414334027245,0.00028261748946623396,0.012777452386764787,0.008924006246768196,-0.0004919504078172418,0.000808644551153742,-0.0015648204475917776,0.003034042913505551
2021-12-09,-0.006132537443652747,-0.003054923920507741,-0.015117870015041822,-0.013992576211612207,-0.0009661515501371257,-0.0027340618423609504,-0.0039185335223313736,-0.006592461838051867
2021-12-10,0.004361694680394169,0.005918438296465542,0.01063172858180873,0.008942296977706569,0.002242187262880322,0.004316168079674703,0.003138599110829317,0.005663426203247576
2021-12-13,-0.0009442352178172799,-0.0034246170742367756,-0.003541796028524817,-0.0032243909038489295,0.003749730410077431,0.0003506600736390824,0.0012463526243717735,-0.0008760994111063897
2021-12-14,-0.006574424402169453,-0.00480805314568207,-0.009277180016164132,-0.009861427598359807,-0.0034826973227229316,-0.004303907430776182,-0.005619020113708363,-0.006277349724292151
2021-12-15,0.005405226732395854,0.00873155834639705,0.005867275522697109,0.010979469281648236,0.0008221104251118395,0.003931468972827501,0.004099172915811946,0.005718785696674443
2021-12-16,-0.0013815340653640573,-0.004136178673760677,0.005337157303041339,-0.00265353911405651,0.0027031249393707733,0.00045654261059758,-0.00111920286381032,-0.0001779206378962827
2021-12-17,-0.002248112671600552,-0.0055232899783157615,-0.00824225466271648,-0.008105114187401312,0.00011447664035566641,-0.0029000094160532264,-0.0005451811603439101,-0.003951242287006253
2021-12-20,-0.007434744641934652,-0.006694217113042085,-0.007264753867987749,-0.007603137277055963,-0.0022823680085027535,-0.004221292741089509,-0.006129510724188038,-0.005944684874679321
2021-12-21,0.009155400248555861,0.008948941749262777,0.017716852139442282,0.018638369553970975,0.00037426555834175904,0.005032420313182447,0.005938606228009138,0.009402894167466452
2021-12-22,0.007292625346240128,0.006377687319250144,0.011281387717600743,0.011441426361292074,0.0030695236926180265,0.00490968556761185,0.005528129977650318,0.007136963478025834
2021-12-23,0.0014822296387449181,0.002917984912575575,0.0031543191593686273,0.003962883795229802,-0.0009884763614969928,0.0009618861463827296,0.00024497142229096085,0.0017069392202784055
2021-12-27,0.008147056952476785,0.008683246466065456,0.014084136850709635,0.014305326950481674,0.0033325000462304695,0.005916223811770843,0.0065299837872563994,0.00872224446394082
2021-12-28,-0.0018496525650422142,-0.0005642154880152909,3.985028808884067e-06,-0.0008066166764340336,-7.353448244426535e-05,-0.0004424431195664575,-0.0013670122565379414,-0.0007518375297867453
2021-12-29,-0.001565620609857173,-0.001323156314608514,0.0055233072974914905,0.004588147826247912,-0.0030179995260783362,-0.001878436609151299,-0.002731866514079107,-5.438772212796731e-05
2021-12-30,0.003113588156823352,-0.00034354837480938096,-0.0011084750316498588,-0.000524036067185262,0.0023706225014079032,0.000780845591786064,0.0034300508609113327,0.001060424825906746
2021-12-31,-0.0010486796437213816,-0.0019637628016620774,-0.0017378252786190544,-0.001690437559796057,-0.0012490699882283687,-0.001833101605877058,-0.0009317887634808557,-0.0015222475488699122
2022-01-03,-0.004814377655918041,-0.00025168028029142267,-0.0008943136162756415,-9.71664847386818e-05,-0.007418633431291072,-0.0038803260531946123,-0.00682982445776718,-0.003405862791289894
2022-01-04,-0.00027120826860172723,-0.0004109049546647476,0.006666420986510341,0.0032048677080284606,0.0007822277160053899,0.001246414143046111,-0.0006826396507529332,0.0015522170201643652
2022-01-05,-0.013089600941513384,-0.013258752775091783,-0.01399853327240405,-0.01769173152751729,-0.006507922900596259,-0.008603095374093182,-0.011556160825587834,-0.01205283460766573
2022-01-06,-0.00012139939500266307,-0.001551649031850574,0.005543901326094485,0.003840090139107075,-0.0009588920267109668,-0.0004311039438533084,-0.000740362513061319,0.0008397536808975227
2022-01-07,-0.00234975998533703,-0.003736551945510839,-0.0037435021171382393,-0.0030762787737309083,-0.0028584692998747255,-0.002882765723797404,-0.0032863046771635994,-0.0030975286599706866
2022-01-10,-0.0006959074330623913,-0.0008527107100283916,-0.00523466313812029,-0.004899062128286762,-0.0007112894822806393,-0.0012353382679564217,-0.0006972765504573854,-0.0020365905789950832
2022-01-11,0.0102840884672542,0.006420530571483493,0.0077329901805098765,0.00980952913749021,0.004347190046403446,0.00631248482669669,0.007434383432713287,0.007573494542476866
2022-01-12,0.0034586589429666174,0.0016959057120348084,0.003531098636394294,0.00424459637662198,0.001055521749285928,0.0018939597667761445,0.0019844308668955897,0.0025902222093218815
2022-01-13,-0.006052787710277266,-0.0070232660054689,-0.005018571590849978,-0.0065233246951134,0.0010645886726001162,-0.0029428056137174047,-0.003062393452476319,-0.004300685056901087
2022-01-14,-0.002598800454240731,-0.002523581761073318,-0.0013125430831311263,0.0012164123396064663,-0.0046043816504614315,-0.002446898589110011,-0.004911131148810971,-0.002341878966469496
2022-01-18,-0.010584427236435033,-0.013640608864775184,-0.003993204848709096,-0.00269891456764371,-0.006440270264552891,-0.007826994335136664,-0.010796734494771991,-0.007935879632007288
2022-01-19,7.154141588832501e-05,-0.005377680607582419,0.0053526522918118545,-0.0012840022298821277,0.0018872463416230998,-0.0006222951831795644,-0.00016023672028468825,-0.0002328957720067914
2022-01-20,-0.003213478634416298,-0.00574262375458372,-0.0036248074047936577,-0.0069287040316539285,0.0007225532662686301,-0.0020472325252786127,-0.0023801135763828595,-0.0034138749394880944
2022-01-21,-0.004597962209358301,-0.009302271788593266,0.0009095982904936321,-0.0033476731181548715,0.0039014820171143967,-0.0005885991109021282,-0.0015689516969689186,-0.0020755423960896
2022-01-24,-0.0014472654118337096,0.002129576683288799,-0.0022717797962082905,-0.00043401532928973073,-0.0007716912225803635,8.584202922632268e-05,-0.0014742296070805758,-0.0005639439771542778
2022-01-25,-0.003701487820214503,-0.007735108532380761,0.009107510669315902,0.0023001824201557006,-0.0007129195078479523,-0.0022230523675338706,-0.0037860781714457977,-0.0010694047371018148
2022-01-26,-0.008081573871979622,-0.004409945868668178,0.002256303405445234,-0.002371399202911644,-0.0058619203978681695,-0.005121554367057217,-0.008172084002391285,-0.004738052935197243
2022-01-27,-0.002727726387006835,-0.0011651017561398332,0.004952791409148044,-0.0016367955585800086,0.0037190629273002023,0.001675669304771539,-0.0011815921395403445,0.0003025329930673923
2022-01-28,0.010536416965468294,0.015793714357405855,0.0008624750011384622,0.008497755075940857,0.003470552327659895,0.0054873932020124555,0.009194492257729996,0.00777671174817385
2022-01-31,0.011198903673675068,0.010902438342966222,0.003580998103138291,0.007926840631212772,0.0014356464962678292,0.0026118251835255514,0.008228569404522953,0.006597154473617112
2022-02-01,0.002044444348130367,0.00359128577333022,0.004014345622262106,0.003052292768819501,-0.00032075038675444923,-7.087594270395719e-05,0.0013033769504214945,0.0019459564686727126
2022-02-02,0.004736379775667736,0.006735948714122388,0.003998197704634391,0.005652624560955579,0.0027521396454945894,0.0036378926400896707,0.004100568280544129,0.0045533599835793125
2022-02-03,-0.011914397782338902,-0.016065338668546147,0.0022124724241125745,-0.005797531837908911,-0.00462199666518813,-0.0048347151128701644,-0.01096205123559026,-0.007498257441651597
2022-02-04,-0.0013482426321727707,-0.00014115406244008533,0.007946969107507581,0.00492269321641902,-0.00523546832260778,-0.004326990846231799,-0.004032688858331214,-0.00031637800255464006
2022-02-07,-0.00032626583041619334,-0.0018579732528632813,0.002190086866084679,0.0004995297832720097,0.00029332842786193494,0.00026745673784144247,-0.00014008895610400537,0.0001240137170219833
2022-02-08,0.0005420741443929006,0.0036147837679241443,-0.008768337058010498,-0.0077370390659168165,-0.003259932298646966,-0.0036146436697809614,-0.0004902526244766997,-0.002773411691282609
2022-02-09,0.01050154207614817,0.00935946445232226,0.010141028785846547,0.012128207812163708,0.0031032079629485254,0.005155477644617256,0.008546029549989937,0.008438692298680073
2022-02-10,-0.013212940842049818,-0.014506186910650587,-0.005237854309116833,-0.008513159689081813,-0.009231621467170879,-0.010063709310607656,-0.013404298263616245,-0.010642109676509574
2022-02-11,-0.0011440746971417164,-0.007799071043524805,0.014918729339923992,0.010394747876834597,0.009196633976611288,0.007943371414438296,0.0008597410649303978,0.004810234072946757
2022-02-14,-0.003944786732424632,-0.004745554582380797,0.00518822453281697,0.0026922383153003986,-0.005319888538429003,-0.004731880961861824,-0.005570305923678786,-0.0023315616327980373
2022-02-15,0.0028144868568859317,0.00843034611232625,-0.01634407551893057,-0.011779995277158305,-0.0035109460836258146,-0.003387755448381498,0.00161074599531083,-0.003167928421302155
2022-02-16,0.0037818597850744844,0.001506661887564765,0.0013117537100462162,0.0018548525056919234,0.0019457776338039775,0.0020698692382959093,0.0032801959161098543,0.002250726889077221
2022-02-17,-0.004229556829000509,-0.010697973906494733,0.008275648515391639,0.0022280916176631083,0.0041592522737457106,0.001668753889260744,-0.0028572658017693357,-0.00016036743751196938
2022-02-18,-0.0015320929901940254,-0.002523148427285377,0.0038978613928122244,0.0014339935227151602,0.002785041394939403,0.0017309432223014012,-0.0004563260590103869,0.0007873516117700651
2022-02-22,-0.002202066718968047,-0.006380847719829012,0.01423631915318556,0.009250624492180401,0.0010611201296853359,0.0012931486674786152,-0.0022805581945039574,0.0022067625875373574
2022-02-23,-0.009302194295064296,-0.01258638029675958,0.009357754027148984,0.003100322142992438,-0.004106890197489871,-0.004264638034093525,-0.009615381332368242,-0.0037987864011841377
2022-02-24,0.005351639355570303,0.00978552577352006,0.004213955778358704,0.007234066001868851,0.0032646874397695494,0.004912563412513168,0.005352433488039517,0.005689192970234136
2022-02-25,0.007006214928474304,0.012874714857968792,-0.015107005464105016,-0.006699881175402797,-0.0009057138055625891,0.0004455866800210772,0.0067527229514547675,0.0004231353246045748
2022-02-28,0.00504179311855625,0.003096026093504671,0.017043207200916996,0.011345970797764029,0.011288893608982924,0.00967415835102498,0.0060520616581826525,0.009129061363101529
2022-03-01,0.003725490365583839,-0.005297598664001845,0.04016251438920695,0.022692597376524792,0.01185916834736717,0.014900785142941643,0.0031595019187624445,0.013119221552621135
2022-03-02,0.001472930916084267,0.004824459019774493,0.03262170648312312,0.02347469090388152,-0.007263725573824984,-0.0032618103838957828,-0.004199874927200302,0.007113413276337499
2022-03-03,0.0011785327009200463,-0.0012823619665220125,0.010920453222276189,0.007219991276983283,0.004608342848483963,0.006026210691074407,0.0015113612752382173,0.0044259518302265525
2022-03-04,0.005774279237248589,-0.0009024204343551475,0.04205245611778461,0.02661194070378536,0.013003548047484508,0.016315426880231437,0.004246428372266773,0.015812849187673502
2022-03-07,-0.011529552214521767,-0.019271346173921285,0.02184386676232173,0.00680561217584391,-0.002232003912703427,0.0015842976254284136,-0.012124758093785503,-0.0015218278613907971
2022-03-08,0.0013728098332728166,-0.007132408542076427,0.01702887595869517,0.010776074506311312,-0.0033626664636356505,0.0016083671712643324,-0.0013563823700324428,0.0031253056287976885
2022-03-09,-0.004304829126321954,0.01325372287079514,-0.07944413446757521,-0.046567514905634114,-0.014483535373529437,-0.022007109093742133,-0.0007248633869865852,-0.024153839811117357
2022-03-10,-0.007943556248093847,-0.004586770995125663,-0.012038159436161494,-0.009267796098442258,-0.005017997229792341,-0.00487787612034607,-0.007635478729191878,-0.007347141615813569
2022-03-11,-0.005495598051415935,-0.007737661948106201,0.017234514947847203,0.008644502783469003,-0.0008711425184958304,0.0012736683124554898,-0.004465171602501709,0.00125567786205656
2022-03-14,-0.017029782590742885,-0.009466145009919623,-0.0292646039628821,-0.024930776693524725,-0.012909740917635927,-0.01537971819625742,-0.015575465838838695,-0.017858616088900586
2022-03-15,0.002564683607980726,0.012972970464533577,-0.024593348296833767,-0.015811987532314477,0.0009990521669288339,-0.005104403056600428,0.003150431507931031,-0.003736082755006894
2022-03-16,0.018310696844591284,0.012840376841324606,-0.008540092025078529,-0.000430961267798337,0.001189292692709629,-0.00027771048767460883,0.014416888978328175,0.005390228015676027
2022-03-17,0.009647381707400194,0.006868407556866504,0.04799012355979835,0.036083800547351025,0.0024686454242183313,0.008648161878350456,0.006359842220721935,0.01667280895783406
2022-03-18,0.006616981013025401,0.007849552045140928,0.0046968153608320014,0.004639266798455595,0.004065247096082738,0.002376236820996058,0.005413315559599621,0.005101138142330321
2022-03-21,-0.003315899303047327,-0.005407216603265445,0.03737338597563281,0.025632498121713986,-0.006163213342945144,-0.0010500539426644532,-0.0077359560668805085,0.005592478903618919
2022-03-22,0.0024237207592249675,0.004881314665652701,-0.0022530837293226465,0.0018206991046294892,-0.002704443267543538,-0.0022034431257994635,0.00017519464900539542,0.0002516129705222804
2022-03-23,0.002721286521969422,-0.005177439670093934,0.024840052367272707,0.014383928383186046,0.005813431284373869,0.0064811598514565435,0.003082382524039409,0.007618673236441308
2022-03-24,0.003647394116040402,0.006868617402858319,-0.009915551779224761,-0.002958458007365986,-0.0031198001504765113,2.163488058069818e-05,0.00179218478270162,-0.0006737885861325516
2022-03-25,-0.002132922678019251,-0.0010632487263529614,0.007418350579670329,0.006448634376643193,-0.0062004678255844214,-0.004114494110926422,-0.004368221898478852,-0.0005024186831824084
2022-03-28,-0.0012796743212144758,0.005226003577733152,-0.04344621309764684,-0.02796244783335469,-0.001972092594514689,-0.006236343318664737,0.0015357451005396068,-0.011016067285186577
2022-03-29,0.011327288143039368,0.009506195143019064,0.0038491747194242575,0.008490139532359347,0.005950798267141636,0.005455580797589401,0.010312127186106523,0.007827745103342046
2022-03-30,0.0014103853035654236,-0.002146660043560567,0.018007439077574593,0.012039107960740276,0.003918970738912825,0.004233833920186167,0.0015568423774786,0.005549061211719389
2022-03-31,-0.007886845907303897,-0.00844703338191905,-0.01845570911347393,-0.01648854644967055,-0.002289774674663265,-0.004421683700375606,-0.005220133206428833,-0.009075357829710431
2022-04-01,0.004146175760621649,-0.0009659457058136844,0.006523365819225192,0.006059945266656235,-0.0041394595307957804,-0.002964207241433188,0.0025643567743654215,0.00161052688849871
2022-04-04,0.006795472451208189,0.0048372695050171,0.019062105085640314,0.016699251329195815,0.0024901278865657453,0.004667409219504983,0.004188886057770141,0.008416670451598067
2022-04-05,-0.013853127957800566,-0.012343774707237017,-0.008230400704328908,-0.009522770908803567,-0.011489273810088983,-0.010590423840454041,-0.014012714887212258,-0.011430672159720507
2022-04-06,-0.0061834805200146935,-0.00738987698566484,-0.007921571292859864,-0.007506105342756142,-0.004573421943865202,-0.004302875552259799,-0.005203111376047615,-0.006178515530765416
2022-04-07,-0.0020032589352831517,0.00200302429273372,0.0034220315555681872,0.0022153606390763903,-0.0007353958866807618,0.0009044434627363446,-0.002779320618571805,0.0004426805315899795
2022-04-08,-0.0021532967557504187,-0.0036588799135637024,0.012475437702599129,0.008736282889052312,-0.002835809125230543,-0.0002425662963770762,-0.0035910448954370525,0.0012486659697533147
2022-04-11,-0.010805264970563151,-0.012182780325178713,-0.00823356228540362,-0.00990826661542982,-0.006310143923730005,-0.006271643073174357,-0.009722615839861112,-0.00905168283439215
2022-04-12,0.0033241388393702997,-0.0002730260544118832,0.02981137903135942,0.02274712361529032,0.0056225422779167394,0.005967219944798343,0.002384127615116099,0.010038573707001494
2022-04-13,0.009815086653772785,0.007714147576926795,0.021985934207019435,0.01989386909085981,0.005164538830652772,0.007473430640520841,0.007356034000277668,0.011446153982084803
2022-04-14,-0.009701180283322543,-0.011065391665270697,0.007529611746706956,0.0035010001660724568,-0.007872425577514804,-0.006772608485941972,-0.010268016792675817,-0.004785156536988543
2022-04-18,-0.0006724020532297835,-0.0009236501896582275,0.011387906407689375,0.008612445825273514,-0.0009947693961713075,0.0005408908314772633,-0.002293403253718639,0.0023990115176058214
2022-04-19,-0.001199319396379903,0.006996184091992888,-0.025686128327597063,-0.015990301313133396,-0.005288583092278934,-0.005775019228564909,-0.002003092081877994,-0.007361201783126273
2022-04-20,0.004376734565241563,0.002646841858444881,0.0010519398506827942,0.0030331732068564223,0.005961115400496628,0.003986059131096626,0.006448350957440834,0.003909739168205072
2022-04-21,-0.010000586825331125,-0.011160765970843426,-0.0014429923143738444,-0.004158883898469824,-0.006451179194075116,-0.007131332189372945,-0.009347841767840395,-0.0070876575183461965
2022-04-22,-0.012801053547580422,-0.01614754184594177,-0.019147435921802344,-0.01941384915316236,-0.005472819533831863,-0.01168573370877768,-0.009069709437190342,-0.013394278767254335
2022-04-25,0.0011973087316084078,0.006055012154129692,-0.007366436114332405,-0.004862407446647105,0.004017113641300118,-0.0008950559847998655,0.0032741488354865577,0.00019452647795528731
2022-04-26,-0.007887797140376487,-0.014303528596479754,0.013729122250393225,0.0032621600544672563,0.0019416839785067848,-0.0030636050813119195,-0.00477929229963944,-0.0015452110033128165
2022-04-27,-0.0026162451126272466,-0.0007101579659636668,0.006954648158380864,0.0036029165741020145,-0.003660393535772354,-0.002306113587392553,-0.00442512719612349,-0.0004368614400912011
2022-04-28,0.011907933562295003,0.014094250158733904,0.008360542852821954,0.012318553921786459,0.0032678843930107025,0.008214540457432036,0.008458573280577353,0.009475398422241713
2022-04-29,-0.017968192610368108,-0.024343000438506374,-0.007611421689840711,-0.00760955694829939,-0.010134594453512313,-0.0167355899149699,-0.015383836081186021,-0.014325368333788384
2022-05-02,-0.004129461546364004,0.0005267553218980883,0.015256065501274767,0.014756913923718314,-0.004755879042478965,-0.0065431116275990586,-0.006391989878048121,0.0012184778572710388
2022-05-03,0.003063371081954073,0.0032059706758321427,-0.013953555490165737,-0.013701673403198781,0.0007807337125130921,0.0010859695607501906,0.0038869505552506234,-0.0022598957274416625
2022-05-04,0.016575991694782508,0.020769946201389358,0.031204604932874903,0.030905299092479768,0.01183636175746201,0.015295257649190399,0.013200395082869753,0.019969012266815536
2022-05-05,-0.02347748117776388,-0.025386986072342833,-0.005277939877300081,-0.005306627665630455,-0.013205316027441601,-0.014465767217620794,-0.02063595908761924,-0.015411035965790257
2022-05-06,-0.007649939282713751,-0.005862080960285048,0.0010612664047733296,0.0010411027929164525,-0.004889679284454656,-0.004527716263615825,-0.007779886144314456,-0.004048905338069173
2022-05-09,-0.020411039813791467,-0.01606943736564964,-0.045229778484142766,-0.04486565754599024,-0.003563449890042374,-0.019870300754687927,-0.01200303199101272,-0.023329737702236494
2022-05-10,0.0003151168003714531,0.002671616773794012,-0.005971719123869897,-0.005664506966649532,0.0014093492799445342,-0.004095209487131985,0.001113053158068922,-0.0014581243056958142
2022-05-11,0.0008612070220125384,-0.007060205033916628,0.024571779255256433,0.01768505586757184,0.00535308077864928,0.005465093908951701,0.002466725566710964,0.007109570651258967
2022-05-12,-0.0012091336553700306,0.000720946840322665,0.004723887136159234,0.0028194328732839306,0.0012570012271339262,0.0015648414981002318,-0.00047274271931995024,0.0013779375901525554
2022-05-13,0.010406810646250497,0.012057580363160516,0.013743210921824293,0.010969762573167877,-0.0004972038303164884,0.009395937042665701,0.005023080781186943,0.008729227008014559
2022-05-16,0.0005033520876707651,-0.0007610508088392164,0.01641096247569961,0.0100950145392892,0.0047084787487976796,0.004508636562116262,0.0009172906098077808,0.0053393830513651696
2022-05-17,0.0046184453861060105,0.009267636065262585,-0.010881019171792062,-0.006309148138571157,-0.0044156458746144305,0.00021662520641770825,0.0012577948945168835,-0.0010625104115678011
2022-05-18,-0.014920688188079317,-0.02157094459305868,-0.02164657702669071,-0.017019248217249785,-0.001366071236594471,-0.015183050466421422,-0.007764741680462315,-0.014268175834996049
2022-05-19,0.003940328099615201,-0.002299324963077619,0.012633356452000775,0.010509996890470233,0.004313188696999591,0.004037354363968874,0.0036634337188010467,0.005237745277331862
2022-05-20,0.0034332684696216495,0.0021292235374528673,0.0014326556456547574,0.0017823754229637466,0.0036718439269857643,0.002138498024393562,0.004169818001094354,0.0027078651117838763
2022-05-23,0.00445076567817664,0.008716481480028947,0.0075107603167998685,0.008274458202733575,-0.0012390123196116796,0.006502184579452583,0.0011113298129799254,0.0049872474749297945
2022-05-24,0.0010956866695148442,-0.0011727716150080354,-0.0007099706207247516,-0.00025768525862267727,0.005393155483577711,0.00027630827217879606,0.00465077013681233,0.001414397254623403
2022-05-25,0.005913450060663399,0.006099009857165789,0.007104750371278444,0.0072828161070652665,0.0027209430732882127,0.005755895697209729,0.005422826299941069,0.005724232290253421
2022-05-26,0.007592869220444133,0.011803002662473644,0.01093475225912055,0.010513235202919238,0.002932622015265327,0.009823218095552115,0.004561105664172905,0.00821066393011533
2022-05-27,0.013062693992068249,0.015423918459289586,0.011863225179783443,0.013557511910904964,0.005091336862475405,0.012272165047282561,0.009727800581321538,0.011555634216861144
2022-05-31,-0.006936860091267383,-0.007561477578855617,-0.00691558028336108,-0.006920462350510279,-0.009020688079461032,-0.007665451809561589,-0.008024975439449814,-0.007585285626029877
2022-06-01,-0.0035888719860705407,-0.007108063311131951,0.004861156513652041,0.003698569888770974,-0.004239382775586377,-0.0024192007187262363,-0.004235545861834579,-0.001865173918171681
2022-06-02,0.01281388497972954,0.012020797717236985,0.022805811500114626,0.02264251722264991,0.006307089272966956,0.014858206274335357,0.008756840046881565,0.01433528441407941
2022-06-03,-0.008936227206012294,-0.010693998225069517,0.009459399215291148,0.0066266125865253635,-0.0034181825233213924,-0.0019526560428056129,-0.007239477025140009,-0.002257887770684489
2022-06-06,-0.0026365301458177465,-0.0011630762144753675,0.004350708829695459,0.003975160325714225,-0.004807353488117165,0.0002252480516546178,-0.004599741950376882,-0.0006147938598519967
2022-06-07,0.0075720120021449885,0.007387669088059769,0.006664476363719362,0.0070331199156826955,0.005031792545033824,0.0067146822725553355,0.006866323099159715,0.006764133133188568
2022-06-08,-0.005004136511357061,-0.008047175945038345,0.008937454074691594,0.006855622685775192,-0.002996707283895115,-0.0009422320568308559,-0.00543709365430535,-0.0008598525287267758
2022-06-09,-0.011539754580600576,-0.014649540854656942,0.0016141014463677374,-0.0008416372447891453,-0.004735522087739224,-0.006876178622048207,-0.009004283018801917,-0.0065529232121061985
2022-06-10,-0.013174554423306103,-0.02122252109645623,-0.009826409269181435,-0.01185777374375959,-0.009845800432675631,-0.015519163392708514,-0.011529416672154093,-0.01326252622630961
2022-06-13,-0.030820187414370214,-0.029681058863241207,-0.01124710626789294,-0.015273711035702412,-0.020988308600405573,-0.021192608315326725,-0.02817103559227431,-0.022392360389797354
2022-06-14,-0.0045531063156646085,-0.005078114006538006,-0.011040484661634096,-0.010061285178988823,-0.0060442753493485666,-0.007733292541291581,-0.0053541312029331475,-0.0071810847810336205
2022-06-15,0.01519799702770187,0.014132955165909289,0.0006765115171578649,0.0036028665085587846,0.012881458910316999,0.00893482477281628,0.015377122501617924,0.010022123612676572
2022-06-16,-0.01054020688483891,-0.016688580330547147,0.00439490781453555,0.0007687501852795052,0.00047392707431762645,-0.005804570098518608,-0.005745144557083434,-0.004642177177223867
2022-06-17,-0.001717813601472011,0.0013691639945456776,-0.03567814399930102,-0.029779456343828226,-0.002509984302435836,-0.013044151722472374,-0.00014538465063886497,-0.01187865135190476
2022-06-21,0.0046560263039638625,0.013009376752086998,-0.0024620687162036667,-0.0023457274171743083,-0.0013570047071778848,0.0035661597447405632,0.0006638644923642997,0.002262175586992332
2022-06-22,0.002696219794278402,0.0038645803490101197,-0.017844686403780893,-0.01718600358163846,0.0065095217006104185,-0.0018463844555267998,0.0060659727350556684,-0.002473511513563389
2022-06-23,0.004561001894725195,0.00815601403225566,-0.022443904490334725,-0.0217994052401113,0.002536367529996069,-0.0029554558234069364,0.005595372587149512,-0.003556522830780508
2022-06-24,0.011637445484667422,0.017825328875686382,0.00947531862989637,0.009338319594662166,0.0019858184589434053,0.010258950488904073,0.006910473513583257,0.00966594150117467
2022-06-27,-0.004231041259371881,-0.004521996379491499,-0.0021660510978196434,-0.0021691226774086234,-0.004434999074311111,-0.003969019717136003,-0.004988913658644351,-0.0038181773909644707
2022-06-28,-0.006313466970663931,-0.012035791150092685,0.011939141829274243,0.011322133874746856,-0.00026193025389698575,-0.0010043114404541913,-0.00407089137317803,-0.00030868489555520556
2022-06-29,0.00018130181610146552,0.002655560642033439,-0.01716121362116507,-0.016624870529028852,0.003824451828225919,-0.0029635174611368814,0.002788655532615888,-0.0037294716599009015
2022-06-30,-0.004976713536330976,-0.0018192457900909839,-0.030938245948961433,-0.026602496198086596,0.0013221084758467813,-0.009986727031093979,-0.0008978903182669826,-0.010564154398790255
2022-07-01,0.007426908105551472,0.010634574540758952,0.004880013928791229,0.005201978309521351,0.008349787573893163,0.007650552842073387,0.008594784659368136,0.007570986495632476
2022-07-05,-0.00739202677024158,0.0026123157039819865,-0.06723950899042218,-0.057949162531323956,-0.004987652756597718,-0.02227298685249382,-0.0036558082088093947,-0.022602488671310397
2022-07-06,-0.006449670945825719,-0.0014212828185917866,-0.01481777546647966,-0.01435977844643635,-0.008549424980829211,-0.00813886714126983,-0.007083587720158301,-0.008504056761058962
2022-07-07,0.00917743868457082,0.006503792640100729,0.04146350873875714,0.03512542077769173,0.0010774533832627231,0.015464764040390646,0.0040388266347956385,0.015493305682857323
2022-07-08,-0.0007764329799760533,-0.002903091213625927,0.01756429010159998,0.01422260896936275,-0.002925999117578651,0.0034100359093897936,-0.002485725800425235,0.0034919619513508466
2022-07-11,-0.004660212300888385,-0.003795664435817589,-0.0019178171341308642,-0.0010846844758341347,0.0025908274148233267,-0.0013523649352133074,-0.0010168707891412927,-0.0016223333666091503
2022-07-12,-0.007312086760017824,-0.004390644336159983,-0.04536953237727639,-0.03673168965700945,-0.0030411678537289326,-0.016962184938375407,-0.003290399036398664,-0.016718566697007716
2022-07-13,0.002142918653402199,-0.0014084634083181453,0.005636123288928371,0.0055300413533044355,0.0032557828327857206,0.0024652922728100775,0.0032618680176397115,0.0029539922706752937
2022-07-14,-0.006695838506844231,-0.003687045320949194,-0.009207394662787636,-0.009516279924508153,-0.0065014703290130075,-0.006561444587975196,-0.006803546635178804,-0.006959614916940344
2022-07-15,0.009672072117426414,0.012763540558794622,0.01292929904839446,0.011356520847044173,0.005034728096273749,0.009593949847054523,0.00797861119487183,0.009890862789829615
2022-07-18,-0.0020645293265174986,-0.006119230829068201,0.018747562190003276,0.014054488966308388,-0.0009829880902937392,0.004441692742453186,-0.003321322458172805,0.003388309725895483
2022-07-19,0.01101697572682098,0.014319514939820538,0.0039153157515607944,0.004078737111875845,0.0005256931559942801,0.005806313220998464,0.006986174390323935,0.006677105287467082
2022-07-20,0.0007305847560728295,0.0034736077057602767,-0.0007799407747703915,-0.0012896552021425508,-0.0012613409409144957,0.0001087875174640865,-0.00018517652490267412,0.00014347581156703819
2022-07-21,0.009263897980081932,0.010644248292538263,-0.016803692291054387,-0.00961561018330954,0.00944956157261717,0.001117663089372608,0.010960934906580592,0.002142270069558902
2022-07-22,-0.0005219369589483768,-0.0009801550198744466,-0.011909586276277803,-0.009694959020106253,0.005999469808834867,-0.0020204114606509377,0.003504154838089262,-0.0021538097261609036
2022-07-25,-0.0007480407072063058,-0.0007161665759669736,0.018079613107622846,0.012955082906623451,-0.0011775704567394364,0.005097627744613696,-0.0026590641815634726,0.004287943582792627
2022-07-26,-0.004010124520123976,-0.006894343479420666,0.0019731524964876606,-0.00046300765391119785,-0.0011306410526923207,-0.0021967537193932807,-0.002502992833693334,-0.002166451289857799
2022-07-27,0.014101197583098683,0.016218841192825403,0.02284366792653114,0.021527858915585115,0.007178172632247676,0.015370569060477013,0.009844614376445134,0.015223429330295805
2022-07-28,0.010914092439345427,0.011479542717340741,0.0007701144933371963,0.0030577058741246563,0.009378153241551047,0.007366674251387227,0.010899727313725583,0.007705512333012279
2022-07-29,0.004547002562133642,0.008888584844858289,0.004617131240336248,0.005049681464836169,0.0018871078316068637,0.005523346356678045,0.00308269254524846,0.004768270939066444
2022-08-01,-0.00034026660561047186,0.0005420325039497592,-0.020319064580164553,-0.016670407496113808,0.002367448358471216,-0.005662256480143002,0.0020533322713790405,-0.005395993434473897
2022-08-02,-0.009538154544979081,-0.009503788324721738,-0.005081977468086031,-0.0050677815034561955,-0.011364272641656424,-0.008922809733655697,-0.011037259318104013,-0.00868298795544296
2022-08-03,0.008773473905356988,0.011043158363103588,-0.00864460333503724,-0.0038143472649329714,0.004251419411589894,0.002650562148724591,0.008345702705302388,0.003287230927971956
2022-08-04,0.0024599558574828363,0.0016083463975909021,-0.010701391955063803,-0.00725226536899211,0.004615821343948135,-0.0018762253939303547,0.003209602789731686,-0.0010636823387620929
2022-08-05,-0.008160215626782626,-0.006786257732781978,-0.003605746114478837,-0.0041884608358254425,-0.011458731152135684,-0.007402658288067968,-0.010161392887812199,-0.007443718176584382
2022-08-08,0.005749199880333979,0.0016303768451415997,0.012062648563116115,0.009928476206978376,0.005697133718969892,0.006150543897906625,0.005947298607511465,0.006692619199641087
2022-08-09,-0.0015542091388895951,-0.003575137137778785,0.00834329983896542,0.005675843588322548,-0.0017246146723790636,0.0006726663831016677,-0.0020699270370490128,0.0007620095516930291
2022-08-10,0.010142563581688645,0.01281867555818421,0.013775633251036165,0.014299761915119214,0.003379463849696529,0.01047583599042557,0.007549027048562418,0.010350835457433292
2022-08-11,-0.002940123065093347,-0.0026232392191996266,0.019432530014863662,0.01367299536963821,-0.003367185550007411,0.004314491266936468,-0.005207443483436562,0.003353248022454848
2022-08-12,0.010412193695155883,0.011828962996116313,-0.005337449593446615,-6.700086902542996e-05,0.005793261727030255,0.00397766820072603,0.009839060560093472,0.005134144636552387
2022-08-15,-0.001289461504978143,0.003754831462564729,-0.012265242452887178,-0.008842808085664844,-0.0003973110522678307,-0.002070297616506501,-0.0006018594379419718,-0.0031208669761008515
2022-08-16,-0.0019176975950319845,0.0007439819111361551,-0.011253409647281607,-0.008918788077192815,-0.0014271118563557277,-0.0038917911304124932,-0.0015863221684203077,-0.004038171972770633
2022-08-17,-0.006433169381744574,-0.006958190227245245,0.003924708163222543,0.0008228867216662559,-0.005985356589529328,-0.0031047380317423354,-0.007036726970636354,-0.003548880043621257
2022-08-18,0.0012890641924701877,0.00252910390188067,0.015246275173162346,0.010972161559363354,0.0014968735540676504,0.006880923001990441,0.0009193842292035811,0.0056432350099846484
2022-08-19,-0.011273301301045691,-0.011518512931344928,-0.00039690299495801753,-0.003749517103095887,-0.00878945768590861,-0.006960899606509626,-0.011096986034785178,-0.007681759633745501
2022-08-22,-0.009958537275348579,-0.014230701359499305,0.00885998223764783,0.0023829223863750014,-0.005684002790397944,-0.003881420449227681,-0.00880403931156176,-0.004456360147325572
2022-08-23,0.0007192066492703157,-0.0024316405616899885,0.01641837452518002,0.011967168780460809,0.00045070939318777583,0.00434479420963363,-0.0002864588918778299,0.004529434043540998
2022-08-24,0.001296568476426167,0.0005506433762393357,0.010518422864857822,0.008632953630829238,-0.0009579264970897358,0.0033356722686762085,-0.00031211766682929295,0.003375265918724374
2022-08-25,0.009564480050099152,0.011005948450375088,-0.01412638575185598,-0.007807484031091615,0.006590729836548551,0.0008015777896284082,0.00978286185158787,0.002060062848644938
2022-08-26,-0.013473859074423559,-0.020722271431773093,0.0041477865728984905,-0.0028774687940103525,-0.006121452703865529,-0.007507812493561237,-0.010274595277491425,-0.008058891887835188
2022-08-29,-0.004051526906218083,-0.006233568639883777,0.014645126554047034,0.00961343064878856,-0.0038308944964160017,0.0015144602969486753,-0.00514539475871433,0.001078486536778377
2022-08-30,-0.008956698067926348,-0.006728576935827339,-0.02778070898846325,-0.023954072567748425,-0.004580394289775252,-0.012754627852940806,-0.005801859225276961,-0.0129621959879925
2022-08-31,-0.007473145567470837,-0.006213871390572052,-0.020936463500619486,-0.01767497318828689,-0.005213676481708823,-0.01087076361092487,-0.006906304664410796,-0.010729392206494229
2022-09-01,-0.0071793038311084864,-0.0013349651486571149,-0.02138408722075144,-0.017645802567717823,-0.007774407337253668,-0.00970518089018596,-0.007253974389349336,-0.010258701090155304
2022-09-02,-0.002320648882426195,-0.004073752700359939,0.006754029369760095,0.004718743755617838,0.00371545690500256,0.001767569465498634,-0.000452324495911045,0.001380555564786078
2022-09-06,-0.008377112874168797,-0.006754749892190817,-0.005919457489463205,-0.00532807125145956,-0.009547797507480117,-0.007453154449727403,-0.009676973213558326,-0.007608637246855878
2022-09-07,0.010015783273866196,0.013361995931645203,-0.02381899851467367,-0.01563527551945544,0.006798679249312124,-0.0008811714893100266,0.010654489306847037,0.0002429965713747085
2022-09-08,-0.0010370634517131631,0.0024411568644193576,0.004066668039456757,0.002870732884146074,-0.002961007281837158,0.0016027779726742733,-0.0021832299357431592,0.0006456497938350709
2022-09-09,0.011235677842361957,0.009334149969545699,0.02832447855132794,0.02360970345227942,0.005291548750017804,0.014008989647181195,0.00761738145517782,0.014172734107237989
2022-09-12,0.005974209827055802,0.005533815280496523,0.013784954162530337,0.011713075392360757,0.0023837824762136966,0.006773103968481903,0.003280407725309237,0.007082166306442209
2022-09-13,-0.02195874621762466,-0.028599396999301162,-0.0050504732231925345,-0.010201188336598272,-0.013221234503149958,-0.015205462205606101,-0.017177107188901156,-0.015863155941790743
2022-09-14,0.0016215692290328441,0.0024836023385086934,0.004295169983693279,0.0031967313176633713,0.0006036560820928249,0.002716177751034001,0.0013934704858690277,0.00233833762872293
2022-09-15,-0.012710039174026761,-0.00817311840813939,-0.02916017317197949,-0.0257478994063312,-0.008976855339367788,-0.014804794976587779,-0.009811787345940678,-0.015736100990038596
2022-09-16,-0.0034366180552462197,-0.004222072942502989,-0.003604390194485552,-0.0027817910314698636,-0.0001931518115065703,-0.0029036734258376384,-0.0025612313808830002,-0.002814435477461648
2022-09-19,0.0024828273230358237,0.003457811927258537,0.003215590176388839,0.003126872571810797,-0.00019981794600168357,0.0019944138821226635,0.0013657951226732214,0.002196339461770824
2022-09-20,-0.009177006762740891,-0.009395803845839842,-0.0012310866004286568,-0.003962089789790901,-0.0062685931666958865,-0.006038282455470851,-0.009077564951069945,-0.0064335070742374415
2022-09-21,-0.004951636995401121,-0.008843668553389491,-0.00601689700766838,-0.0065315999748802155,0.0009504928762470478,-0.005612513233020291,-0.0017228579432718215,-0.004661879687872329
2022-09-22,-0.010098770925761873,-0.011112738332083354,0.0028250179327955435,8.50430259300536e-05,-0.011495766178266689,-0.007015003101239184,-0.011778980046898493,-0.0069110947307201446
2022-09-23,-0.013306369399925291,-0.00946933019546691,-0.03380295207320204,-0.02891259906106833,-0.005331529603992325,-0.016048154506078032,-0.009039930617454532,-0.016659884375519234
2022-09-26,-0.015821363451321433,-0.012649262827975455,-0.023323468235660446,-0.020769540308333244,-0.015717844702738494,-0.01700909083007285,-0.016257629347287028,-0.017353929775902756
2022-09-27,-0.005822697624022013,-0.004294673678222457,0.010660912048737528,0.006715863310157781,-0.004321120987226444,0.0003275439749225689,-0.007904477720939166,-0.0006750395687867322
2022-09-28,0.021549669815728527,0.020834522382456366,0.02784801603476272,0.026047612168969392,0.021758460998925696,0.023540660121366005,0.021619768204189843,0.02332272023661273
2022-09-29,-0.013923720802753193,-0.014422832427871948,-0.00618543121182407,-0.008054039471133789,-0.0060798154111208775,-0.010421107496582134,-0.011529054732588499,-0.01007226714706267
2022-09-30,-0.006144775692463624,-0.010266363079495402,-0.012391495193338483,-0.010934489799040985,-0.003677272012154984,-0.009974567847717022,-0.004722945687113905,-0.008297041780202087
2022-10-03,0.01966425227486212,0.020484993361495486,0.022584639339218615,0.023248288785046256,0.01573210022910515,0.020050800992746403,0.018160238399311416,0.019961098993455703
2022-10-04,0.017754598008651888,0.019311701131364455,0.02699387251089535,0.025283554586279774,0.008708179079844242,0.019625444728415282,0.013145208111210097,0.018664531175994592
2022-10-05,-0.003965001136001241,-0.005162425154657919,0.01792112004490519,0.010654370148944336,-0.00668266140585472,0.0020451683461442704,-0.006071918746387373,0.001325392680620781
2022-10-06,-0.006608864610153642,-0.008416296253902788,0.00625974118193117,0.002352322982710496,-0.004709832151578631,-0.0030359684889216952,-0.006397535722908661,-0.0028510740067656712
2022-10-07,-0.014947502479992655,-0.018787158332812828,0.010497686205132455,0.0004842330064926898,-0.00786852191500907,-0.006939137766406745,-0.013131539718632958,-0.0069952627223927874
2022-10-10,-0.010894934441199563,-0.0069559773045605984,-0.011180418115262344,-0.010986744689169851,-0.008109078120895273,-0.008216246220133724,-0.010204415919627,-0.00951716809580313
2022-10-11,-0.004151534614766316,-0.0027818109718794524,-0.014396965648179492,-0.013144952800026814,-0.00036145987783202865,-0.00570205333185241,-0.002205277927788043,-0.006098672625278442
2022-10-12,-8.254120988886366e-05,-0.0006556829580022423,7.962697529239772e-19,-2.5094173276564294e-05,0.002838769596522268,0.00043990347628861104,0.0004929099273594585,0.0004348298993328112
2022-10-13,0.007263788253351728,0.01402756600969702,0.013817606828331991,0.014368448716918676,-0.0010859420948041076,0.009913737317803588,0.0037636354522283047,0.008838005651292025
2022-10-14,-0.01653702486430023,-0.015963220762183337,-0.019859772997510287,-0.020326102880324926,-0.009120721126511624,-0.015059412866468686,-0.013570652860741772,-0.015776046853181597
2022-10-17,0.013918079533538802,0.015816278656920764,-0.0023837750716799657,0.0021368804608356143,0.00431592710161801,0.0062231572454407545,0.01069171304461946,0.007278160316720681
2022-10-18,0.0037670512539066253,0.008111040659413184,-0.010752706945414966,-0.007226351893622944,0.002669684771992333,0.00037688829424691473,0.004034635204290717,0.00022176456522273553
2022-10-19,-0.012253364977133667,-0.008465929385475935,-0.0004312639596180483,-0.004592015332674089,-0.010575647179749818,-0.006074200712416363,-0.012969213748006156,-0.007877851455372056
2022-10-20,-0.0050527790509119815,-0.008022211457278898,0.000805472054383747,-0.0010541163980198579,-0.00582263664604585,-0.004770963428351162,-0.0060805273379481274,-0.004272881502901866
2022-10-21,0.008619093145687515,0.01549758637324803,0.001207059267897882,0.0065943645499959855,0.00728588005774736,0.007523836211654931,0.006459481679810689,0.007576626456921697
2022-10-24,-0.0027754688410570123,0.006905277978235011,0.0028135753269487016,0.0016471455055562883,-0.0013458364815328568,0.0036845908255783485,-0.0032996098864372775,0.0011358758568145292
2022-10-25,0.016248962182877934,0.014600774970159356,0.005611274806361035,0.006619294924717117,0.010597150596471129,0.01095806659729034,0.015696459387688943,0.011479666978182125
2022-10-26,0.003671081606892587,-0.0026058784775753793,0.01873253066909686,0.012846500274182451,0.004981902196419589,0.006571913533747663,0.004599379114221307,0.006951878615350803
2022-10-27,-0.0009120801998547972,-0.0004575615866426251,0.0015650210547601968,0.0003728689525681983,0.0038121238025201408,0.0018835182854419663,0.0014007460646673132,0.0010767085883355656
2022-10-28,0.004252622324942947,0.012198894003541525,-0.011738263996492736,-0.0031710106947023184,-0.0032309389720272317,-4.325783210323753e-05,0.001885147316226696,-4.5592481133672935e-05
2022-10-31,-0.006139484556144729,-0.006165931290039139,-0.00711457950760952,-0.006849675042726348,-0.005572564604561312,-0.006141614863687108,-0.005687958222289186,-0.006242212508483818
2022-11-01,0.0049097205421273675,-0.002723687821935815,0.015127379433720329,0.009560472433606337,0.0017249107731283453,0.004049209502403157,0.004774300392941046,0.005349675162587603
2022-11-02,-0.011651342787375762,-0.015859175972122157,0.009019636429404612,-0.002452004685600492,-0.004889120548230916,-0.004023633651960097,-0.009320382825600413,-0.005548441310199792
2022-11-03,-0.004760558363447799,-0.007919341172720917,-0.0007772977928884894,-0.00299219969840937,-0.004777994864404817,-0.004596691998948774,-0.004251397804635399,-0.0042745416475245416
2022-11-04,0.01497416778937651,0.00774969672929812,0.033838927299456804,0.028153765121921574,0.006783638767258349,0.01494337495592684,0.010305216342579021,0.0167876862801948
2022-11-07,-0.0010051624376433272,0.00435312633028652,-0.008653067700775006,-0.004163572838478882,-0.002383766746204709,-0.0020791075168477427,-0.001965302300397685,-0.0023490847566106053
2022-11-08,0.006150153874623139,0.00586918615212135,-0.012176440689732185,-0.007794036050830594,0.008998237655208153,-0.0003318223278703916,0.006923915264608622,0.0011648669327432603
2022-11-09,-0.010530595254599845,-0.010988244560836089,-0.023050347445322292,-0.02121365426328648,-0.001477729953054491,-0.012021664192151357,-0.006555265419998446,-0.012187643630009164
2022-11-10,0.041314619186384405,0.04174908611647575,0.009044378014763828,0.014472510006512247,0.02693428216002935,0.02615500173741847,0.03759052892033663,0.02845128881008426
2022-11-11,0.008529302553744405,0.004991186402011694,0.019095833768289362,0.017808829067461285,0.0013980530747577638,0.00819670271700421,0.005574472293779345,0.009196828943735108
2022-11-14,-0.0078049997322469054,-0.006088350016644303,-0.0149139479978757,-0.012808831356415714,-0.0025369128784497,-0.00829834040548148,-0.006259966070456322,-0.008306527118908417
2022-11-15,0.012100810168339712,0.008087406820834225,0.011646059586176703,0.011294753123664687,0.006910965913047628,0.009150109466480125,0.0115940373153324,0.01008080309087673
2022-11-16,-0.002439438097491078,-0.0016763786363435903,-0.0111282628605036,-0.010363970940624422,0.003409185089479284,-0.0028989275095131196,0.0011498784482872667,-0.0033172352693818527
2022-11-17,-0.006338318477585644,-0.004568400418778061,-0.016700544169090566,-0.013496586597735224,-0.0067934275351878995,-0.009339078042352386,-0.0062126060163492786,-0.009057744526326598
2022-11-18,-0.0014359375544956091,0.0013218140132694113,-0.007103348987355872,-0.005589905915816192,-0.003397689830799181,-0.0026913485906220154,-0.0017544184621632554,-0.0029399582609501524
2022-11-21,-0.0031543414223161137,-0.0024401733568979083,-0.003577083768039335,-0.003525940851149311,-0.0019538552612371565,-0.002438777321495308,-0.002332852934047427,-0.0027777573649864166
2022-11-22,0.008456452990036402,0.010380522308721885,0.010370895112681076,0.00947743072241582,0.0058473200639358675,0.009355375494570856,0.007867381547498166,0.008814904759058592
2022-11-23,0.005655591096979353,0.0059374080106829865,-0.013817520290345326,-0.008025913141585598,0.0050767431567533775,-0.001070816998750567,0.006789282207484239,0.00013072883534679357
2022-11-25,-0.0017217927291025572,-0.00025729986673384345,-0.008807076970948178,-0.006342346960194615,-0.0003282413436467706,-0.0032111244622493066,-0.0009565283699499596,-0.003047131370216334
2022-11-28,-0.008936188883538322,-0.009477965800313395,-0.006058119704125064,-0.00639764460195134,-0.003072155548361242,-0.006124458649550138,-0.0069766405175820815,-0.00674015857001282
2022-11-29,0.0028358654081818402,-0.0027522014945463545,0.012969144705293556,0.01018093571352855,-0.001115394075216877,0.0024662701485842855,0.0008323163547208696,0.0035940423097452277
2022-11-30,0.02143169410463586,0.022511156001846257,0.022462929756062115,0.022743162409190495,0.01277701129966881,0.019557250301990882,0.017630755067824296,0.019850811393742448
2022-12-01,0.006901300542945318,0.0038589265442212947,-0.005100006776389102,-0.0023357455284648094,0.01186943741279463,0.002174378595222827,0.009265992002501066,0.003775567879298748
2022-12-02,0.0002382347586810476,0.0001101412016941925,-0.010646706034052485,-0.008238374064580776,-6.811550831315914e-05,-0.0032914274370331917,0.001753706426548874,-0.0028548792571805805
2022-12-05,-0.015557531219765814,-0.014865442385912975,-0.025906745257414876,-0.02344381268766347,-0.013250151840061121,-0.01772389239703908,-0.013728078063737941,-0.017736503304642964
2022-12-06,-0.004058526473938865,-0.006201002366640066,-0.015957524571063024,-0.013529724908618451,0.0026988762213705363,-0.006897793557488338,-0.0005409991711082006,-0.006273442050071683
2022-12-07,0.004300562843573855,0.0025267703965139166,-0.004989482466630884,-0.0028448175639737014,0.00764763027871375,0.0013099294951969141,0.006602442192789393,0.0021556764054344985
2022-12-08,0.002913100217499488,0.002420213834267324,-0.0016924950213637166,-9.307693353102963e-05,-0.003422168756169053,-0.0008000522474971443,0.0008977791255522211,4.336363983786791e-05
2022-12-09,-0.006482339434182879,-0.007444503105944524,0.0012557475960177627,0.00029535039314867117,-0.00539218892755001,-0.00436901154645126,-0.007272722286955581,-0.0042066283564987424
2022-12-12,0.003865750936480036,0.008129059695748304,0.010869496488069112,0.008580371156142685,-0.0007377265042436507,0.007026231151769679,0.0019520257635802312,0.005659572800796845
2022-12-13,0.011683308183744422,0.008134325033409795,0.01654267501950213,0.01558302473171947,0.010424488692882901,0.011314124484998956,0.010932343043025237,0.012102620491397514
2022-12-14,-0.0008080765266862822,-0.0028013230951858623,0.007729901911692313,0.004693728453263335,0.0013600768587549812,0.0021548191244249726,-0.00010788489743114918,0.0017496761583668113
2022-12-15,-0.013028214404453207,-0.01401617339509902,-0.012111436436307965,-0.013725940488000922,-0.0036203995402436283,-0.00990243740443386,-0.008764728917478065,-0.010777015587463416
2022-12-16,-0.007407958852355423,-0.008076958496718703,-0.012668672348686065,-0.010322552701766635,-0.0019359166131507409,-0.008518902539258827,-0.006048162065915713,-0.007856092297647128
2022-12-19,-0.008252646148017918,-0.00834550368625641,-0.001886389969008846,-0.0028243028690205507,-0.007106900148925371,-0.006018354651833056,-0.00854513027225489,-0.006141866951594582
2022-12-20,-0.001943638166096554,-0.00208350768003792,0.0045891319763129435,0.00492932847492657,-0.002419080285004368,-0.0008490612785661115,-0.004010430967086672,-0.00024321393276133295
2022-12-21,0.007648386330632131,0.009493089035494721,0.012873590883570206,0.010713819874599153,0.002334586264398792,0.008906744490587678,0.0060644942000461595,0.008308518154834469
2022-12-22,-0.008677534495489138,-0.00875636616434654,-0.012709967955961798,-0.012556269189750667,-0.003785007444318001,-0.008352385008693048,-0.005998901782509442,-0.008713200282195795
2022-12-23,0.0016890114179871287,0.0016598782006524702,0.01827231026552933,0.013447914437173091,-0.0016567016298769553,0.006232573900868785,-0.0005532915113322437,0.005641794666610698
2022-12-27,-0.0028524805103743436,-0.005695757438679182,0.008972212089693786,0.007442353567176367,-0.004709577933060126,-0.0009851390099084316,-0.004799221931936125,-0.00030841351559680657
2022-12-28,-0.009448002571828323,-0.008469757272803444,-0.01131769885434153,-0.01072016535916295,-0.003905121057808423,-0.008212419107257223,-0.007599168377296983,-0.008554853490919398
2022-12-29,0.012049328850753535,0.012737161594706411,-0.0012536595716423045,0.0025497519323849824,0.005828349275664207,0.006083104750687456,0.010568762392355846,0.006929561976189306
2022-12-30,-0.003599651820422464,-0.003239264930165007,0.00900535473049356,0.006504572645461751,-0.002185780252603431,0.0008485501769930608,-0.004516453459591957,0.00038324312122793103
2023-01-03,0.0018115721350939417,0.000564403608303901,-0.02393510293194731,-0.01312502980872114,0.005742312712676692,-0.006507259687591152,0.004648424113577894,-0.004472245457238727
2023-01-04,0.009578014859270621,0.007698601541612813,-0.017871925009837,-0.0078008406821931265,0.007021613606904869,-0.001179371460360166,0.010237154590715888,0.00115639474918276
2023-01-05,-0.008097647906116435,-0.007429715876503628,-0.0050783925443637105,-0.0077769835575736725,-0.004100978671210366,-0.005295077586574063,-0.006118561381119994,-0.006263896675288123
2023-01-06,0.01897875227649712,0.018888756167673944,0.0055295193143931765,0.01101898996111073,0.014330748473924761,0.012986489327593337,0.018006723038504646,0.014307938077892757
2023-01-09,0.0043652390639568025,0.0006745626931384482,0.011844418194996592,0.008311257575877827,0.00256521733521818,0.0048743614811145265,0.00384543951107088,0.005160727337389603
2023-01-10,0.0002077844975367679,0.0016390620486461593,0.0010611700786353046,0.0013650648622996397,-0.0034870286985435412,-0.0007035801788542206,-0.0016059834956976007,-0.00023461511095289355
2023-01-11,0.013161178104126594,0.010179578649212932,0.012299051085123946,0.011276797655719225,0.006262318958446179,0.012116404166018474,0.01142050185539507,0.011059002517752263
2023-01-12,0.00957072807064637,0.005728579153652305,0.009220935039349027,0.009097798416782767,0.008866307643407392,0.007301520967640512,0.010043529011724908,0.008530907739748444
2023-01-13,0.0016531175324253512,0.00022858708580006598,0.010446016529901686,0.007958352028634416,-0.001318244669442371,0.0024188774520381914,-0.00027713062293936296,0.0030269458619531535
2023-01-17,-0.0016761955254218257,-0.0023442479284659706,0.0028171243329168927,0.0007488267612837931,-0.0031801091079973302,0.0007811028107082751,-0.00258566584813493,-0.0006889483774790948
2023-01-18,-0.0017848592825923466,-0.004214963778270551,-0.008444397901986802,-0.00614699768087008,0.007636800814821679,-0.0027836565798365293,0.002768831317006616,-0.0019470205747374558
2023-01-19,7.371011594467297e-05,-0.00512170889288602,0.011850372537498028,0.0086517569336697,0.0008660997392016447,0.0010273471010608121,-0.0003447046708959982,0.0024327769376286186
2023-01-20,0.005289045225278807,0.008505507617542766,0.002411268909048085,0.005632808099093212,-0.0036104586803478314,0.004304729797612327,0.0015063295166583748,0.003424391273325823
2023-01-23,0.004480612466464393,0.005999813249926848,0.002203215243366804,0.0036279677684222652,-0.0009584331033058824,0.002728565911169564,0.002100289843748784,0.0028802976298013443
2023-01-24,0.0025337692887694788,0.0015970024325190346,-0.002075060520090213,-0.0009652306809678829,0.004432427426741475,-3.7242418565453395e-05,0.003858467610596034,0.001311001484234613
2023-01-25,0.0005775300211857209,0.0006614947999571145,3.121732471174691e-05,-0.00011202871190208103,0.001441046816206816,-0.0004581246463216961,0.0008990232366983698,0.00042228177871536936
2023-01-26,0.004339595145071665,0.0052616475127275535,-0.000761003992595636,0.0029606857899249026,-0.002940631216167079,0.0030399208506833243,0.0020647274298153996,0.002006052937081942
2023-01-27,1.9531602555758693e-05,0.0008166268140925737,-0.007451013183526871,-0.004407650118275739,-0.0015301795509575287,-0.003894560111825166,-0.0004969802377980393,-0.002447529857548154
2023-01-30,-0.010342866675072993,-0.008895132631903814,-0.0089520633155141,-0.010939672795161755,-0.004207435501535145,-0.009053690590043333,-0.008242213946846905,-0.00867628169384339
2023-01-31,0.00989271933170432,0.010792523479715658,0.00784434237862633,0.012407779593005737,0.006022239256465691,0.011761074923276335,0.008394793363303966,0.009634920664231056
2023-02-01,0.008147775890154457,0.009261259343306325,0.002588750677036786,-0.0019669385930338144,0.0073304408325565685,-0.0011763722988512356,0.008815031267190817,0.004584395740969433
2023-02-02,0.0047300995256275066,0.008620107874255793,-0.0165929580634352,-0.004029636803986156,-0.0025731769447481945,0.001070245099157255,0.0027626114400085095,-0.0007635873440390256
2023-02-03,-0.016859983869016524,-0.010670887441442595,-0.025029312461782666,-0.022353630012876942,-0.013411783742054515,-0.015699312785970546,-0.015334242514074142,-0.01699635418660919
2023-02-06,-0.006203051476430426,-0.007098220213131426,0.0023545024357613867,-0.0009222862220005794,-0.006388082997037863,-0.003990018058999076,-0.0068549675028720175,-0.004216737073941953
2023-02-07,0.004695094500842592,0.006978138045450395,0.006598666757921381,0.009472162680323765,0.00013802248695191782,0.009056765183619656,0.0017667096679163017,0.005607869745469151
2023-02-08,-0.002491834433322262,-0.005244543444919146,0.0023445809022076226,-0.00012540151997929522,0.0022014842477558697,-0.0007657349593665387,-0.0007631528102368406,-0.0007307249952534943
2023-02-09,-0.006912536954978648,-0.007037589100308831,-0.007931789318664373,-0.007665968152722464,-0.005525190854712732,-0.0067927015434676025,-0.006621018479292462,-0.006928645953825491
2023-02-10,-0.0019360925716460245,-0.0005368447392713957,0.006094960705218916,0.002444152228676966,-0.0025054305177425584,0.0037074911488647506,-0.0034001405604445426,0.0005990523726841341
2023-02-13,0.005780242884473953,0.007998909055564742,-0.0040364122998102075,0.0030718971932764873,0.0018180370751402952,0.0031956449907194666,0.00505053993458663,0.0032390171469719783
2023-02-14,-0.0008837974472636413,-0.002074966156162321,0.001630042611131053,0.0010939013883860037,-0.0030886601798798753,-0.0007053043075366822,-0.0018922410975929045,-0.0008506594874133961
2023-02-15,-0.0033437396179751694,0.0007739459819872557,-0.010209395869653169,-0.004151267312335796,-0.003844696083350482,-0.004113236822953368,-0.003638612014326998,-0.004107706322644991
2023-02-16,-0.007952792469794506,-0.00964475080048051,-0.001539254578826119,-0.006557045414911703,-0.0037885233021808917,-0.005892977510494624,-0.0071764269244742815,-0.006069310059125796
2023-02-17,-0.001659563377016315,-0.00039076094651309986,-0.0006257236489101412,-0.0028359798558088584,0.002013985314070847,-0.0022120640086995243,-3.478699122708265e-05,-0.0008380542728277981
2023-02-21,-0.013784040532052838,-0.01646395871037283,-0.001013004908591939,-0.008815395435368358,-0.010154984732572507,-0.009032922056515319,-0.01362723334056087,-0.010442610889480475
2023-02-22,-0.0021763868803382448,-0.00010663263629464908,-0.009750975555043373,-0.007639885780074462,-0.0001756518823328585,-0.004283657542150101,-0.000729178631189193,-0.0035180559623340987
2023-02-23,0.006108111667199417,0.004736640193912482,0.004034571794373308,0.006180648394805491,0.00344849321676285,0.005571850014745559,0.005840269903413136,0.005082845390241489
2023-02-24,-0.011592693091089581,-0.008816321896574282,-0.0050483152776609926,-0.008496094656083975,-0.006498852489192007,-0.0062803765460274046,-0.01063438115645391,-0.00822306068540245
2023-02-27,0.003118455014843065,0.0032589382041161973,0.0021922323474536476,0.0025095887136632384,0.00312460223545913,0.002354108005958649,0.002840921612121063,0.002792620018499839
2023-02-28,9.428906648926554e-05,-0.0015705666295166747,0.003657558842774504,0.00045118941152326,0.001656952748600757,0.0007229850949853624,0.00038649333992903047,0.0007895737815341042
2023-03-01,-0.0005527820470906792,-0.005520088631116744,0.012211595607315566,0.006648762914412663,-0.004598447573668686,0.0020303522454760007,-0.002484105792520089,0.001044099914681293
2023-03-02,0.0016252877860289648,0.0029903271723751134,-0.002259351912880132,-0.00041809419833870515,-0.002544720823322585,-0.000949747101800229,0.0004910732964515147,-0.00012852100000875904
2023-03-03,0.014547158175965797,0.012865268484901826,0.013367525631779065,0.015469020886173652,0.009422988426551749,0.012841130311148759,0.013288574305480128,0.01311271785489643
2023-03-06,-0.003084781028042646,-0.00028712395415296196,-0.0049715330489143745,-0.004186575330023446,-0.0022585253381005722,-0.0022421740290576157,-0.0030588559315237983,-0.0028536791668550203
2023-03-07,-0.011400110117892494,-0.009237336609703632,-0.019085376794569182,-0.015331353247458115,-0.004936158969849831,-0.011187636243907638,-0.008469682109221551,-0.011417047228497897
2023-03-08,0.0017194188875111023,0.0008561213515432298,-0.0030801506784692866,-0.0003970472957553579,-0.00034526337981767466,-0.0016004389947329185,0.0012545861411174877,-0.00022760116119003128
2023-03-09,-0.008423673732920977,-0.008636114841565493,-0.0016795184292827045,-0.010052141018405505,0.004246778283478792,-0.006620201354454099,-0.0050058302408579605,-0.005212990806793293
2023-03-10,0.003751813589132141,-0.0011636402035226463,0.015937834929064944,0.005757755932691096,0.016096405021685512,0.007283855536699397,0.007850174735975284,0.007856964250770159
2023-03-13,0.005719292932145537,0.0038753646812716386,0.019915183414607553,0.0073618501912694895,0.0109001734880106,0.005623594086487204,0.006733978148811742,0.00831301718203739
2023-03-14,0.00025771945070377617,0.0060575536939393776,-0.004296376670591091,0.0011756255828475654,-0.007399718289751486,-0.00918861049230258,-0.0013020008240305116,-0.0022094588367894386
2023-03-15,0.0010306379264937234,0.0019656416191785823,0.007072159982827935,-0.0018158620396946006,0.007629794884381001,0.0019214027065137087,0.0037650806526478564,0.0027789613316443473
2023-03-16,0.004894974263850408,0.006878481766003216,0.0027153349966007045,0.005553850646437745,-0.003896074198063915,-0.00408563499206779,0.0027172779837651927,0.002130906196012438
2023-03-17,0.0013878101095840846,-0.00238838195451867,0.025115017603125886,0.0009039944326419394,0.011698407693847099,0.006172773200338305,0.003792609278263732,0.006455130658238577
2023-03-20,0.0018409743182174697,0.004140137084307725,0.0007065106854776508,0.0035027091274426668,-0.0014326099336317124,-0.000978648795437448,0.000585027665867642,0.001228618452041866
2023-03-21,0.0004358426851082711,0.004442155328168822,-0.015513347095118682,-0.0007896872279688615,-0.007759734288215894,-0.003961441543004825,-0.0008912213032819306,-0.0033179574422953885
2023-03-22,-0.0014005660898165314,-0.005019103162913183,0.01696420161742804,0.002216562576578262,0.010838409091282126,0.01001681783131202,0.0016625493209099236,0.004870870678364412
2023-03-23,0.004565608296225619,0.003940458873343625,0.012538176085625125,0.006197855337325849,0.005442360693345456,0.0033073738782837462,0.0051862545125611285,0.005844655565546286
2023-03-24,0.0036557395552742136,0.004007128593642789,-0.011252350246951027,0.00010041500115528222,-0.00044955301740784166,0.001606420773611116,0.0025780637031761356,8.340914759689293e-05
2023-03-27,-0.0056073260940726725,-0.0038958874129046226,-0.009256722051406265,-0.003853959587132403,-0.007134049193308227,-0.0033028151476727514,-0.007549885234881748,-0.0057326550148730625
2023-03-28,0.001905058980823861,-0.0015850270475672144,0.008189093257242147,0.0022350143462343264,0.0012616757583455355,0.0009676464317910729,0.0017785824659807443,0.002087037172367693
2023-03-29,0.00512737253185592,0.00797504120223006,-0.004960770006531386,0.0027197842956928307,-0.0020774518248888596,-0.0031114009567502544,0.004028496882821837,0.0014403016910961692
2023-03-30,0.006922484980866917,0.004124414666621587,0.009039576549164647,0.007581452116342107,0.0035531407710414162,0.0032325185261485243,0.005934083234228979,0.005777801521648912
2023-03-31,0.00934842734144829,0.010609164438928308,-0.005250907780272165,0.004305967772182673,0.004871520588485251,0.006233609155382789,0.008208736769728034,0.0055266699218744515
2023-04-03,0.0038145606003042983,0.0041689484864810365,0.007204410308019102,0.006135302903924805,0.006589648976115789,0.0071197321251744265,0.003964259604551884,0.005573390631976302
2023-04-04,0.002176475419175328,-0.0007752298031833329,0.01864095896043747,0.007046113575959266,0.00651701403010983,0.004845263736358491,0.003007780401301161,0.005856567614766913
2023-04-05,-0.0004997480186950782,0.00011561611326894286,-0.0007979247786650269,-0.001149707898387981,0.003128416438396041,0.004102764670560901,0.00018225380502600642,0.0007285245405708261
2023-04-06,0.0014705478574295518,0.0024505515430672947,-0.007134091065472461,-0.0014370046241846271,-0.0009984768431390272,-0.0003591202288155868,0.0011198446988989821,-0.0006937787343810522
2023-04-10,-0.0035909097087984195,-0.003345073034407735,-0.007399886547073344,-0.004744417896358906,-0.007689471182614177,-0.007826815191779597,-0.004616012893043021,-0.005575346745298049
2023-04-11,0.0019188491735468022,8.44394071832221e-07,0.006320556237304984,0.0027345146590228454,0.001341992363947843,0.000798386784746436,0.0015961776309262633,0.0020962425353055684
2023-04-12,-0.0014074769666754287,-0.0013235789064925266,0.004840680611857429,-0.00027795805370501144,0.0031509925638845858,0.0026948160719718023,-0.0010867913356682275,0.0009850008917778846
2023-04-13,0.00527232666139052,0.0066183383724114355,0.013515672558895407,0.009087745798919668,-0.00029350871787541997,-0.0012206684795687105,0.004377107387179143,0.0053244242611104635
2023-04-14,-0.006544457764416782,-0.0034317427415619262,-0.01771031303358894,-0.00721475991540546,-0.004976361330966084,-0.003974601466123306,-0.0063591817820159114,-0.007217080978755968
2023-04-17,-0.00042303673634566994,-0.000365960556167447,-0.004453755249712143,-0.000398808748919574,-0.005153485891463708,-0.005064107507079719,-0.0016693619591002238,-0.002554061123837579
2023-04-18,0.0012760545633331846,0.001037462021423826,0.003880780603893851,0.00137327559488705,0.0017647030857617313,0.0015724907974246746,0.0014517167532073253,0.001779783476777474
2023-04-19,-0.0035171715261106463,-0.0009447326439438491,-0.004778520212877395,-0.0045090512404151635,-0.004009136853338915,-0.0032631565323628774,-0.0035239247102210685,-0.003539836496554303
2023-04-20,-0.0012896473391335772,-0.0010154415546846842,0.003938259199046884,-0.0027224232511273835,0.002869634425101562,0.0029761000507236156,0.0002819660196729472,0.0007381097685606853
2023-04-21,-0.003023869251506551,-0.0005467491127311878,-0.008269697298039697,-0.005791601440933711,-0.002950105927874161,-0.002099218657953755,-0.003059687839545944,-0.0036742502549467165
2023-04-24,0.0025365805617670713,0.002570886030544792,0.003256171193608749,0.0037565631006547836,0.0048211649714382495,0.004818451778522275,0.002843160362486411,0.003486534877545432
2023-04-25,-0.004804769854899978,-0.005562988249081729,0.004974601588440449,-0.00012994279886375387,0.004257745438279583,0.004511286175976535,-0.00220024645428348,4.970044416375218e-05
2023-04-26,-0.004673065159481484,-0.004098779388070241,-0.005266846537422616,-0.004956250702350342,-0.005430414295772271,-0.0051803715359394,-0.004104069262880222,-0.004804030584507951
2023-04-27,0.007038374543916902,0.009165004418528345,-0.0005362029452439302,0.00258224550919923,-0.003159548725125223,-0.002975430530809869,0.004456802885552884,0.0024519054728676837
2023-04-28,0.008218629629310898,0.008111277315254128,0.0014644716222394526,0.006011583560050703,0.007189248226740633,0.007799930032875146,0.0078842265449944,0.0066535621023560585
2023-05-01,-0.009202887315954344,-0.0053125325742281035,-0.0063514687597176,-0.008979571854768475,-0.009999672081121957,-0.010286340480101012,-0.00992015341358826,-0.008503347221470892
2023-05-02,-3.861534572188272e-05,-0.001571494856464958,0.019261353444284295,0.002340260142295159,0.007467834059445768,0.006458321772006433,0.003071143779668693,0.00532931042596482
2023-05-03,-0.0009390299615797497,-0.0014295077609194442,0.008479075840785767,0.000227209143040094,0.0034957631490939237,0.003065934731099353,0.0005664890771906363,0.001953703026436008
2023-05-04,0.0003930968839223889,-0.004267466038048112,0.007032953449114688,0.002094587650720476,0.001039086057494114,-0.0004480244323528766,0.0002457620911768613,0.0008611556084905136
2023-05-05,0.006831332644329064,0.008695982701002079,-0.015647950479605405,0.0038137859501193323,-0.0017441255281031368,1.909002259658718e-05,0.003990507993745577,0.0007393524808580003
2023-05-08,-0.00268087989725453,-0.002319543898132262,0.0012269055761324726,-0.00014490324621331476,-0.0033273845345839726,-0.0042693274136093575,-0.0034195140321769996,-0.002167946053265232
2023-05-09,-0.0017780135683833761,-0.00310477139327545,0.007086162362163405,3.303216660347142e-05,0.00022902479284843684,-0.0010694305571101012,-0.001671763443238884,-3.179283726807052e-05
2023-05-10,0.005009898558259399,0.005806373683981524,-0.0014284428439209514,0.0034004676467010424,0.004671168913039344,0.0060225715314873186,0.0053744509247891726,0.004121567124498643
2023-05-11,-0.0023678733475359713,0.000366509318021995,-0.006046068579381159,-0.001225686459805514,-0.0009073049369971101,0.0007288917211082147,-0.0009891688943536254,-0.0015610531992354276
2023-05-12,-0.0052187173788909745,-0.003190635746707129,-0.0021273082126226075,-0.0037475129511795424,-0.005673851792488287,-0.005716355363491716,-0.00551835665698386,-0.004471257539422984
2023-05-15,0.002314457216223829,0.0011841442181457847,0.0028679452475375055,0.0021925607111587474,0.0008185657101697236,-0.00011993215490191671,0.001573108907831789,0.0015591306885722922
2023-05-16,-0.008011214687617497,-0.00530309457459145,-0.009465955352191892,-0.005473306696017952,-0.005417359397117011,-0.004438347306816956,-0.007056256854417637,-0.006511249458195947
2023-05-17,0.00494256914022608,0.005994766932501584,3.8993108330385214e-05,0.004262787248905655,5.962133866496385e-05,4.0733706436293406e-05,0.0033103147791730307,0.0025909385325453486
2023-05-18,-0.002321998392646657,0.003368872081732353,-0.005792281965967942,0.0015654765372633014,-0.006085711467783337,-0.004845118983988142,-0.0029781343166066475,-0.0026045335275379604
2023-05-19,-0.0009205972330347623,-0.00236513865812673,0.007064921400409943,0.0011916400702034653,-0.002021761291376573,-0.0032535999948507376,-0.0011090788462959917,-0.0001676928182061201
2023-05-22,0.0011389188180039938,-0.0005578827907164442,0.000772749678641215,0.000661597519000657,-0.001236154493463477,-0.0013685228079359862,0.0007954769319864843,-6.482138162912721e-06
2023-05-23,-0.00414123776770467,-0.006083858134481122,-0.006557074585718428,-0.006030953430491446,0.000762978495045733,0.0005606717719323388,-0.0034591002931166786,-0.0034830083670717013
2023-05-24,-0.006702617626447168,-0.005359480662538966,-0.006435667383158343,-0.006091364780168308,-0.00300710733123303,-0.0027059971041419138,-0.006072838313080701,-0.005206540845248832
2023-05-25,-0.0007938170098169195,0.002634680374071656,0.009269853859856864,0.007860756114255966,-0.006855161658996174,-0.005808296779006041,-0.0013958235757868444,0.00047575195110279435
2023-05-26,0.011352593406241791,0.008513445474170527,0.016165939089211306,0.015450423150682565,0.005088769811590091,0.004598856460959439,0.009809317028243785,0.010019523788580759
2023-05-30,0.0005889143696709027,0.0033459135900964433,0.005247245373854782,0.004866254194737872,0.002373848378881081,0.0035441956300137204,0.00204295185164021,0.003143092614933665
2023-05-31,-0.001037227569971819,-0.0018191008966038256,-0.0025756539940722262,-0.0016862955233562893,0.0006246046693398929,0.001159683811514856,-0.0002563011627735514,-0.0007706595393794065
2023-06-01,0.008080889024491557,0.006784725817821484,0.009959700042038588,0.008325889928597261,0.005844388273509054,0.004969301558730846,0.007310583590535379,0.0073370408332285855
2023-06-02,0.004487439755137802,0.0055322006120400264,-0.0020066038668510016,-0.0014304791365867715,-0.0035659567231232465,-0.003241096754969741,0.0024000602621979017,0.0002955359576553003
2023-06-05,-0.0010614982027263731,-0.0012841661515815648,0.002947282707730132,0.0012159180052207016,-0.00021674534244412906,-0.0007482724639277761,-0.0008694837311033888,9.338890938771229e-06
2023-06-06,0.0034971244373176447,0.0015634308618619217,0.0003670848206737261,0.0014257383859970832,0.001017039765857547,0.000864223628588834,0.003184267077964459,0.0017037217094063336
2023-06-07,-0.004968096452128839,-0.00496540532203169,-0.014867286971729142,-0.011973258456844098,-0.005734905541004269,-0.005590390895417655,-0.005963052631563827,-0.007755175890541834
2023-06-08,0.006504045750637038,0.006314094164225665,0.0127521810836485,0.010528592151601646,0.006509518817900948,0.006076936523047825,0.0068551685014681075,0.00795067127718012
2023-06-09,-0.0013240765242082926,-0.00032079853090193,0.0010579932079168442,-3.0051589468623098e-05,-0.003371865889867716,-0.003316108106214943,-0.0013562972406233273,-0.0012227535190944294
2023-06-12,0.0023347706620815427,0.006056260153430574,0.01173523193072726,0.008449253947380839,-0.0002949470289500703,-7.022805170607207e-05,0.0026417898000749055,0.0043626641042184295
2023-06-13,0.0016922075539808807,0.001137536954622766,0.003407271713685869,0.003581100354204993,-0.0030057957399725202,-0.0037545678539829576,0.00015330748873085222,0.0004035556444745897
2023-06-14,0.003880568767642597,0.0012529593638271699,0.005380430675371318,0.005174674667513531,0.0014987501900405615,0.0013100877729067808,0.003648335041460809,0.003151424862541653
2023-06-15,0.010360115529451224,0.010569264630647134,0.010549432029180622,0.009684611199149947,0.009967826385889174,0.009576404460737459,0.009742035839080601,0.010062742512981232
2023-06-16,-0.0014286681833004925,-0.003764929025402334,-0.0049678542745614784,-0.004237334252802147,-0.0015625648062132934,-0.0017891851667523346,-0.0021420636137616782,-0.0028410976434032754
2023-06-20,-0.004898809841609684,-0.0019671693844064064,-0.003926356367147498,-0.005906834022527823,-0.0008695050403354922,-0.0012102905214411211,-0.0037357827792001692,-0.003185014940941786
2023-06-21,-0.001573765226077399,-0.002730180552375016,-0.010242452131509936,-0.008084415593130731,0.002204323516795712,0.0017479036864230353,-0.0016448071558595948,-0.002868917969990866
2023-06-22,-0.006103111827169544,-0.00021158249694171714,0.011683616433569204,0.004464807481929241,-0.007305062350712413,-0.010119042127744395,-0.005555805036496692,-0.0019740610993700097
2023-06-23,-0.00412097672048232,-0.0029073007476094173,-0.009913380664116615,-0.005547730654829726,0.0011006056131065936,-0.0035752418188912715,-0.0027512575268382007,-0.0038788609957511
2023-06-26,0.001778283560972381,-0.001459012245557504,-0.013405542829373663,-0.008170724297308153,0.0017501348321598816,0.00113018769111462,0.0016448908167482081,-0.00227805230511707
2023-06-27,0.0025420353912067647,0.005149590804503498,0.01719398218002597,0.010630086574872404,-0.004218788871516397,-0.006850558584597348,0.0021447815553550537,0.003721466252225883
2023-06-28,0.0005888019387014222,0.0019061869612155427,0.001951715502368054,0.0013682802270199045,0.002145943131268118,0.000486956397510575,0.0010959475396482123,0.001354177562485522
2023-06-29,-0.0031983268368917725,-0.0017359205161807485,-0.0020026825656993554,-0.004181718748832356,-0.006825040747146096,-0.003816079863737665,-0.004536913322293973,-0.0037579795757747055
2023-06-30,0.008571239778932344,0.00798924609582202,0.015420328912280285,0.012867450764518744,0.0042123972465037945,0.0061168752380492564,0.007773291035051286,0.008924953721511138
2023-07-03,0.001396622517928824,-0.001065334530570451,0.0023344246537353396,0.00162445460489324,-0.0027765443624996338,-0.0015718591242293257,0.0006864823351626411,8.730549405745138e-05
2023-07-05,-0.00266737809475803,-0.002805530329887177,-2.7001111489909645e-05,-0.001802433541222692,-0.002914868894181663,0.00036296816791379655,-0.003540976139356346,-0.0019253481071893244
2023-07-06,-0.009003952644392837,-0.007965090569220625,-0.007615776890331993,-0.008030070130650931,-0.006763704617909922,-0.005127702421097029,-0.0094403525368491,-0.007717642167725304
2023-07-07,0.0012186015408003914,-0.0020244192969154848,-0.0033202656618131886,-0.0007326870389323545,0.000911056971404576,0.0035047509820368677,0.0009352234906023649,5.054452680335183e-05
2023-07-10,0.0025045510113164207,0.0035856951719296657,0.0003276811930750295,0.0007511510605077354,0.004088188417141519,0.0032857776018113266,0.0029071300089203167,0.0024949799258191085
2023-07-11,0.007048753831155571,0.00466799408817636,0.004940559541908528,0.005315819585801477,0.003936983391583632,0.0068395486237397204,0.006218603296306604,0.005557766806875441
2023-07-12,0.010986662647408994,0.008727919570045862,0.012630091238550412,0.012608368956668108,0.009694976937216368,0.008808356286465244,0.01117266069330859,0.010663704198110108
2023-07-13,0.009375897241407385,0.008017574506101365,0.016907806578806125,0.010766156358106333,0.007214472830069272,0.009063772130643312,0.008550034097207705,0.010048994781209304
2023-07-14,-0.004098240929835318,-0.002353436628347345,-0.00021071551881712993,-0.0022540282697389308,-0.004610369899458885,-0.005338115177756545,-0.004886739857536203,-0.0033731977441542145
2023-07-17,0.0004578286783906867,0.0027479872136744275,0.009338393209876946,0.0038438676795056765,0.0007709516937671022,-0.0027878357540714344,2.8358309213801945e-05,0.0021105580564096693
2023-07-18,0.003967901333024357,0.004922246567689467,0.008180676709888424,0.008496942781046323,0.004150060620846309,0.008671469257571911,0.0035070884099348797,0.0059654307597011725
2023-07-19,0.004122618082619284,0.0026944961215630663,-0.00023327676090134612,0.0005564007867480869,0.0027371140391363132,0.0035908820382912097,0.004221310446289879,0.0025292173691031255
2023-07-20,-0.007733523538040093,-0.007148340897565008,-0.023052042839542534,-0.01264033255473734,-0.0064590608234952945,-0.0025434399174013344,-0.006686083464237164,-0.009580225909646398
2023-07-21,0.0006091713984910587,0.00032964914845414064,-0.00299922406862485,-0.001778730667256259,0.0003040271623946424,0.001994726831165804,0.0007744845053937596,-0.00010332031071030325
2023-07-24,0.0037653273990487413,0.0016821682954928378,-0.00017646153156998588,0.0004189468578124524,-0.0007111511490875045,0.005965961120140359,0.0029127110066546227,0.002039995234077207
2023-07-25,0.0016317059683391697,0.0008972228384959803,0.006423298383768764,0.00576085453627543,0.0004584903156442254,0.0022025597182750616,0.001132172498794787,0.0026475811805864715
2023-07-26,0.0017922267177101076,0.0014579415207575102,-0.0009243286083446816,-0.0003923004509512093,0.0030499638863568054,8.46303258021635e-05,0.002577372836869816,0.0010535907962960736
2023-07-27,-0.011507297138755182,-0.008328522657266656,-0.006308418413489721,-0.00709135868152497,-0.011149444083813192,-0.008251198672281194,-0.012207599936185799,-0.00920612070906111
2023-07-28,0.008999499321687072,0.007195004631728435,0.01522997458335514,0.014630583331878737,0.005142234455675398,0.005565834312186465,0.008054941632797229,0.00929572910889256
2023-07-31,0.002494781431650414,0.0016472315327100391,0.0011507569577097546,0.0011985278177290986,0.0017700028241282478,0.002815145308181887,0.002499404193946732,0.0019345019374088057
2023-08-01,-0.007466394604324999,-0.004040114128436308,-0.004652817128252205,-0.005219073933063115,-0.006806390421372926,-0.006582558388096192,-0.008293829820063025,-0.006119046539860258
2023-08-02,-0.011621563520046532,-0.009195432785164015,-0.02034548998616046,-0.01770027764375497,-0.005213096203651594,-0.008356028702458407,-0.009755167738373127,-0.011680898320253012
2023-08-03,-0.004656947534348959,-0.004687588676087702,-0.0014790271408958095,0.0011254425776978506,-0.0039249243765479185,0.0014926746378746926,-0.004977191951243606,-0.0024843687533138026
2023-08-04,0.002813474309776546,0.0015665272217764872,-0.0038722063755973445,-0.0018273813707945555,0.0075158540108143925,0.005153948412278989,0.004925994362386789,0.0023630513524778504
2023-08-07,0.0012535894538645976,0.004208771659295614,0.0074113794532213164,0.004130971225461749,-0.0012288767832924746,-0.0011584657869088738,-0.0004178244543632409,0.001980703517366559
2023-08-08,-0.002027698722149473,-0.0005584337667607036,-0.008291982852556733,-0.007069606379753457,0.0022743467625203676,-0.00019908350479957938,-0.0007066090206640217,-0.0023600772743304663
2023-08-09,-0.000685152047691818,-0.0037226919194177227,-0.01038660132320264,-0.004594619252554749,0.0005284744527989083,0.0021966186254334307,0.00039496570831770364,-0.0023351512532911846
2023-08-10,-0.004237642094117378,-0.0029010967920663666,0.0015622950222052765,-0.00023254377909879284,-0.006067684795575237,-0.0051806101139076945,-0.005135816564118727,-0.00319271378109549
2023-08-11,-0.003667601626150277,-0.002494721404497578,-0.005453254857734212,-0.0050405221258277705,-0.004545980943378159,-0.0025549096656805152,-0.004142232971284872,-0.0039780003980265065
2023-08-14,-0.0007561718641104543,0.002682875853187397,0.009077052089919466,0.003140679107644531,-0.0015161267925014334,-0.003361729959278946,-0.0007259245278710849,0.0012069222643241633
2023-08-15,-0.00808435567891619,-0.007783117524871422,-0.009429118646586023,-0.009809822999876656,-0.003607834002120571,-0.00643918820038856,-0.007203865387354577,-0.007485265954166799
2023-08-16,-0.007257633204806232,-0.005939864610418153,-0.009868869516569897,-0.008483072288059258,-0.004126202253603341,-0.0044110670187526915,-0.00674641705333091,-0.006690151604203287
2023-08-17,-0.0035138071716883075,-0.00508323719479543,-0.009512904614016026,-0.005272375822223805,-0.00129230792949565,0.00030176647728020946,-0.0031795506590102524,-0.0039249481713076306
2023-08-18,0.0014792706816305296,0.001493749401675571,-0.0010389218268227272,0.00019748397964303144,0.0032255037132634264,0.004146147505600751,0.001481391593210039,0.0015765980616627084
2023-08-21,-0.0010751211488581678,0.0013932725867129474,0.01408349699739183,0.006859905708033579,-0.004862992258549887,-0.0026027376229296787,-0.001673474245292885,0.0017188523141950388
2023-08-22,0.0009851682599712462,-0.0015712568481972679,0.00014946019723439285,-0.0006964266209457575,0.00013158541362123804,0.0011329672275750397,0.0009264197955021021,0.0001291692121887145
2023-08-23,0.013396576316487286,0.011023661540998073,0.012675613205325141,0.012948922549498436,0.009932539752788638,0.008890003195382145,0.013352596828299968,0.011744099690862066
2023-08-24,-0.0062309400960179695,-0.00979689860276415,-0.009730934162468952,-0.014284006399791715,-0.0038278372271986693,-0.0005844873713578843,-0.0059376213527317446,-0.007281444807331748
2023-08-25,0.003169508607510382,0.004078685095930358,0.002724061067178639,0.006055711526879962,0.0012045212674276023,0.0007607969655449276,0.0025072618591276395,0.003015241529049786
2023-08-28,0.004569510937189071,0.004910097901898589,0.004949524738337825,0.0054552081120645335,0.0025325900758572583,0.0020842070285377904,0.004461334261687587,0.004141725912327928
2023-08-29,0.011115934867180986,0.011521659294190655,0.015170588714349665,0.01709807027095629,0.00727359315459031,0.008327050519671808,0.010671102280969317,0.011601378006397397
2023-08-30,0.0012445910416138423,0.002433999452598585,0.0038870164148447363,0.004416275880530166,0.0003460438186779727,0.0018857492082301507,0.0008462498194314267,0.002139872071691973
2023-08-31,-0.0009310598937667698,-0.00016420391228378416,0.0028508964500410104,8.992973346113749e-05,0.0018583093116312723,-0.0006289229074651415,-0.0007297184326051871,0.00033547587572208275
2023-09-01,-0.0002753806370503083,-0.001332535057621738,-0.001038946300426345,-0.00018696944542961148,-0.0036063009810756424,-0.0009009262529782391,-0.00129221935694824,-0.0011709821922872314
2023-09-05,-0.005889428580761281,-0.005017336518084539,0.0011539665080521908,-0.0034083736023413987,-0.00481848315644809,-0.00697390042477523,-0.006135857505622433,-0.00443855191387592
2023-09-06,-0.0029386837589403395,-0.005067588925302389,-0.008755346120753472,-0.00657845989660619,-0.0023259378051274306,-0.0040481115187287735,-0.0029926860593571998,-0.004630118823332724
2023-09-07,-0.0006882127618628227,-0.0004715004009022269,-0.007050014715576827,-0.003981514161084052,0.002393267200699094,0.0012643919530104433,-0.00023692936515484848,-0.0012171185273303353
2023-09-08,0.0009123026483723498,0.0009879875023930161,0.001384484847891829,0.0010373109274585414,0.0004911661200567416,0.0004447985379761329,0.0008812228939862391,0.000875263233159866
2023-09-11,0.0031017789195341996,0.0032554211087756774,0.011658935099488699,0.0074789539290557976,-0.0002950572298533227,0.0014100892881842618,0.0024883436983403947,0.0041126101587241354
2023-09-12,-0.0017614956597810177,-0.002846797798400186,-0.011200496932058797,-0.008171249219829323,0.0010598549693925502,0.0014158432361692736,-0.0015192412373346191,-0.003347060748599055
2023-09-13,-0.00035808673576026746,0.001170300185856619,0.003809111315639317,0.001809062177159568,0.0013821159897869184,0.0017411346363559827,1.8923917474769397e-05,0.0013098908154890257
2023-09-14,0.004313115862952068,0.0042579066878964235,0.008177198834154352,0.0062892382905163965,-0.00018216760713295763,0.0013990544251095132,0.003086853231489516,0.0038700635136177234
2023-09-15,-0.0048118438756756836,-0.008479435831456807,-0.017123131239233244,-0.009488328620619792,-0.0033739326040488145,-0.002883071993853537,-0.004514876683269361,-0.0071271956530460845
2023-09-18,0.0006023728765550264,0.0007390133921094317,0.001042439400307457,0.001842506925971579,0.0008423550722770664,0.0007119763619827908,0.0008063404449337572,0.0009957401254635544
2023-09-19,-0.003236911218907807,-0.0027058929980634683,-0.0021312244711883003,-0.0020565661296393267,-0.0029244228340292054,-0.002122350025601033,-0.0033794720409143237,-0.0026473000662347473
2023-09-20,-0.0035031289532974374,-0.00580992379582582,-0.014410412408191286,-0.009441057995705519,-0.0022175736674080264,-0.0033966958629867267,-0.002998826451293646,-0.005877302374119771
2023-09-21,-0.01558468134145877,-0.012943070412681246,-0.01713000305362601,-0.012581277366009426,-0.00836433622870752,-0.0072294933585921005,-0.013627462095440407,-0.012527546666764257
2023-09-22,0.0027071414484185785,0.0002282667851509104,0.0004874954648892892,0.002189335129149157,0.00270264364117482,0.0025733266031463344,0.0036162463636997657,0.0020727391324370666
2023-09-25,-0.005349444968226345,-0.0004619205312866208,0.003622155711193296,-0.0007646260853899771,-0.0053489588946580525,-0.005368703076300043,-0.006830168013323144,-0.0029147703873272472
2023-09-26,-0.008627539918019284,-0.00893256109324259,-0.014223114244879263,-0.011207911180208727,-0.002933189596756305,-0.0020650526395437235,-0.006704574066698288,-0.007818200404380981
2023-09-27,-0.0025901559406307,-0.0015696105646250615,0.0006720973861736729,-0.004798692614048714,-0.0033455896393050225,-0.0007346051072217958,-0.003430463377569438,-0.0021947012082216637
2023-09-28,0.0030456485065616535,0.004563561562756782,0.006866982522678118,0.0013831327272569882,0.002301214892112877,0.0020173545501464747,0.0020742601883805304,0.003228869285321713
2023-09-29,-0.0023394544269563448,-0.0013622882669359405,-0.0004929555775528275,-0.004855070336431525,-0.0018530966172949205,-0.003182568740240781,-0.0027314147363403556,-0.0023472441264359278
2023-10-02,-0.007565744851103979,-0.0035428408420476684,0.008286129744031668,0.0020029285162979256,-0.007188415070435475,-0.00637679653307629,-0.008881629705140687,-0.0034000426802859207
2023-10-03,-0.012477927256218085,-0.011352005951739848,-0.01754973045869523,-0.013226730677340903,-0.008244609352720644,-0.008087755440052687,-0.011165107540364734,-0.011678547360265796
2023-10-04,0.0034170155959153655,0.006907146041144428,0.013608653670343225,0.007177425495649283,0.0007685135678893625,-0.0036999099855628817,0.0024609258798525273,0.004371209489736868
2023-10-05,-0.0006582220396807038,0.0005238158059001029,-0.0029466267462764373,-0.0024699285452950645,0.00037214760310875627,-0.0009349069184753757,-0.0005440388078170014,-0.000947274410278211
2023-10-06,0.003798697415632102,0.0047890546157785705,0.016755571345464564,0.012763740172798126,-0.0022272160863609732,-0.00015537196109825617,0.0015031943090084911,0.0053121225665179505
2023-10-09,0.011613710817787512,0.00891969365009894,0.005099976127337154,0.008609730217097678,0.013317227054111178,0.014221893181320614,0.012641933468961464,0.010645076212951566
2023-10-10,0.002548156188994823,0.0023552438372819048,0.005538132879324919,0.003760526543322048,-0.0012016400752274886,-0.00108646087600978,0.0015500361644992312,0.0019126660776688496
2023-10-11,0.007619504802610295,0.004615680671413171,0.00709625938984798,0.008568166588185183,0.0036122213424965317,0.0020940922140004477,0.007525815868849879,0.005836804237601042
2023-10-12,-0.009596384178674408,-0.00750436500803637,-0.0034751580116519957,-0.0069914712181763225,-0.007871561161747727,-0.006138735221575243,-0.009437472565169646,-0.007241814085352924
2023-10-13,0.0071766243244887305,-0.0004354054413453477,-0.012569937053508819,-0.002788610201642173,0.008224350819544292,0.01076228704553317,0.008062865503217968,0.002682377272287935
2023-10-16,0.0003830358506447958,0.003909105411702,0.011306486916813345,0.005272367069880034,-0.003808385074562537,-0.0033740658134753213,-0.0009658369053247794,0.001806081310417515
2023-10-17,-0.00345394578641196,-0.003935785068818689,-0.0032755552228090857,-0.0036644242323634105,-0.00685227624148279,-0.0051485238469986564,-0.004214279386039996,-0.0043223509573663554
2023-10-18,-0.006686662527137144,-0.009900783739227932,-0.013117827017277253,-0.009461339376492009,-0.0034922528689368608,-0.0011839594206289553,-0.0056640182092913055,-0.0070112101017549226
2023-10-19,-0.006283189932171933,-0.007248504570177688,-0.009356874245275865,-0.008018408624744821,-0.0029274489334782717,-0.000411474235035359,-0.005666750512752167,-0.005609386911614054
2023-10-20,-0.003952854338782975,-0.005065838849686816,-0.014949265522835148,-0.010258027938062207,8.43735057738695e-05,-0.00043533007898488585,-0.0028680853017807304,-0.00530054436479956
2023-10-23,0.0006299688210577372,0.0008659069598286105,0.003017576810012686,0.0009942175426416856,0.001309597432716736,0.001087764296838357,0.0015152860242890883,0.001376421424498733
2023-10-24,0.005844026975843246,0.0052015101461835985,0.009728126274118003,0.006401912153809158,-6.294534169688434e-05,-0.001328600292425373,0.005680032051913694,0.004502442709795882
2023-10-25,-0.011417579030729595,-0.012095135226896425,-0.02447602316683648,-0.015966153614431395,-0.0062029673103448,-0.005419461166042372,-0.011225931056884821,-0.012417879966883054
2023-10-26,0.0008148376405999379,-0.004021871485161536,-0.019067171100701764,-0.013286698640282516,0.0011585380021877868,4.271611307059492e-05,0.0012796138055849984,-0.004592875315148592
2023-10-27,0.00037961555548791373,-0.002032190297891755,0.004801323442759302,0.006872928107126425,0.0031854351232906797,0.0054979843833909,0.00033050850875757294,0.0026629313466209753
2023-10-30,0.0006886480010624579,0.005655878817865542,0.011265295362248951,0.005678588305050014,-0.0038019751136506522,-0.00585936879134299,0.0006791500272487142,0.001961615185169913
2023-10-31,0.0004928056842300328,0.002873925109473982,0.002837191997416154,0.0024475003263642846,-0.0017328192004905701,-0.00214680054958122,5.6625356333000095e-05,0.0007104225220502821
2023-11-01,0.009940379730850305,0.011004140775577941,0.01358816904868241,0.010668438434367373,0.009015464546999535,0.008434041908051708,0.010585798153184507,0.010542722547996215
2023-11-02,0.015899284973891616,0.01400085051622679,0.015473346289965953,0.015106641472562448,0.008370061655896864,0.00869301682933559,0.014824139871628568,0.013231936528043145
2023-11-03,0.009313362641388295,0.00856023400320802,0.010300573796102226,0.009797083802520104,0.005414968528688441,0.0035959033131751847,0.00910056137231915,0.008040279288995826
2023-11-06,-0.0027633437010951886,-0.0008913940186761366,0.001973164458085808,2.1817201795702772e-05,-0.0029862813853884997,-0.001618236472246474,-0.0028235017473146927,-0.0012456239106136276
2023-11-07,0.0006378226205388778,0.003970415240612898,0.007064036560632915,0.0033756147157451687,0.00018675305453026312,-0.0032852560994915143,0.002008604742620361,0.002084582159922288
2023-11-08,0.0004729420635019889,0.002033535141653522,-0.0011991946096694503,-0.0023300426220768033,-4.89260384961773e-05,-0.0015162963240042356,0.0010648311677673148,-0.000169846123364371
2023-11-09,-0.009176037229606242,-0.008682300797928078,-0.0077417836105958225,-0.006352875364667323,-0.007339230444739014,-0.006922034342491537,-0.0091762274006844,-0.007883058093166348
2023-11-10,0.006682213906091601,0.009809445749110104,0.022482318026355128,0.017283326024502523,0.0032337759562000782,0.004118491941962975,0.006407893262206794,0.009880224299147967
2023-11-13,0.0005328557799406876,-0.0007928343865382099,-0.0031185825039157207,-0.0011191711455079121,0.002480502617056208,0.0045531102365071255,0.0003005193571685023,0.0004063664880788022
2023-11-14,0.02031143087214391,0.017670763907565452,0.021526592027886426,0.018774478121438586,0.01217239762119396,0.009688134212417801,0.019542640657995894,0.017108251845285468
2023-11-15,-0.002392148978192672,-0.0017949729937567,0.0007526690421526506,-0.00028978812821924937,-0.006033182366990783,-0.006478589707662474,-0.002627062471280439,-0.002680357825790957
2023-11-16,0.0005727610036041298,0.0036953481135420475,0.000855824661113447,0.0008508447254580434,0.0011304497673715703,-0.0038697388877193453,0.0017706675415158663,0.0007726791738511367
2023-11-17,0.002663447313595648,0.0010092879231823864,0.00023305377324178922,0.0010359675491986922,0.0030805140079558993,0.005236177236793971,0.0023480178492931983,0.00220173552799383
2023-11-20,0.006881724260180869,0.00516437545597701,0.012158717611329225,0.010104860603080856,0.003833230033023129,0.0061097998691940335,0.006367449932902345,0.007240888502041975
2023-11-21,-0.00041279467542731246,-0.0007950739818555225,-0.005809434641836805,-0.0037265713149009947,0.0025150636460728936,0.002392271125780953,-0.00041493401813379535,-0.0008977331060298839
2023-11-22,0.0005608956206289167,0.0021900717996747535,0.004092809293476437,0.002990169279931413,-0.0016811620332101134,-0.002879736317288922,0.0008714132937455766,0.0008709183689322396
2023-11-24,-0.0023265234582748305,-0.0016912930680370445,-0.0014099793598354447,-0.0012206914967673754,-0.0037258568036151597,-0.005120857126629545,-0.002490444655010098,-0.0025662374014161628
2023-11-27,0.0032505929174279817,0.0019253705923701905,-0.0008729889096100713,0.0010602564006460201,0.004122871259726678,0.0019022054476357294,0.003635479032661602,0.002124718861006389
2023-11-28,0.006045312650519155,0.002355161965932268,0.002620856700501053,0.004033705102412263,0.006398136171853948,0.007074456645618692,0.005646666021129896,0.004881975771704224
2023-11-29,0.0037768093237958355,0.0016769800524367132,-0.0009738156816029281,0.0002498026273059245,0.0044454374549706705,0.005224142620639365,0.00372522326216316,0.0025849033766138906
2023-11-30,-0.003587087584602049,0.00037061397320936834,-0.002545760507097495,-0.003252459219111612,-0.006906542781757919,-0.008806665155056088,-0.0033973485842246644,-0.004004738663256319
2023-12-01,0.010094100775855232,0.007316124477237444,0.0028549545458351807,0.007965979220776296,0.006608732849274516,0.004224243312302239,0.009880158460967958,0.006978327789935044
2023-12-04,-0.006592415210961558,-0.004809864223227322,-0.009283535952650737,-0.011804902224528712,-0.00640775177743917,-0.005841968294176057,-0.006589702224768363,-0.0073122432641443795
2023-12-05,0.0015017909885937997,0.0026932918330341,0.002510733802344012,0.00021844965249491894,0.002572670999590146,0.0010484170870244643,0.0022140240303385656,0.0018565051035486844
2023-12-06,-0.001372490362577752,-0.0007577356816686124,-0.005783770329758407,-0.003193411576634389,-0.002428448490164885,-0.0062653705566371575,-0.0005617572732734423,-0.002887716891826795
2023-12-07,0.0027919053193892086,0.003962276263626553,0.013972188165274558,0.008960053949919994,0.0007982548814236998,0.0010347419050335059,0.0026821518966014426,0.004896754146968483
2023-12-08,-0.002966885719859367,-6.07973312392613e-06,0.004456626884818731,-0.0012558781525489004,-0.0037768910449860497,-0.002050379218724213,-0.0032321530794749307,-0.001230364044063822
2023-12-11,0.0004486547501848924,0.0023507170645622527,0.008516596929281882,0.003675549600915886,-0.0008847249578448069,-0.0008318681434988775,0.0005249893220310497,0.001964126388776479
2023-12-12,0.0008098243658206442,0.0035939474141315,0.007964144807678366,0.005406885744668953,-0.0009541510500792965,-0.0032593624140173885,0.001653582107958615,0.0021808063824221265
2023-12-13,0.018205404351058874,0.014219692253139387,0.012717435355700699,0.015460933614564331,0.014731180015935572,0.014021794385036873,0.017590901234956897,0.015281956549230914
2023-12-14,0.01260791092758844,0.0052442949172932015,-0.000867025077989958,0.0016493341084407298,0.008804820279044313,0.009569418898101372,0.011892221126089106,0.006989816271799775
2023-12-15,-0.002873114673796266,-0.0013208455568893079,0.0048340354465188275,0.0011677747732366352,-0.0007166402180860322,0.0002148162253085773,-0.0026623708808812792,-0.0002074377329249333
2023-12-18,0.0006770515442159721,0.0024985433559509473,0.006298639806503911,0.00572812597632441,0.0011178872205816575,0.002877552604234393,-8.163578874470306e-05,0.0027101880960652045
2023-12-19,0.0055880774384299845,0.0044073653713178765,0.005109580545237248,0.005595680701092609,0.003821893353916292,0.0047625379797889,0.004897014084827107,0.004876292130420564
2023-12-20,-0.006852361855323734,-0.006364675065568427,-0.014869071973816513,-0.013053172798182149,-0.0013484163239545397,-0.004646042574112503,-0.005275789732128685,-0.007480083316358304
2023-12-21,0.005430814192861969,0.005016764521519588,0.01163530261544054,0.010602537039636425,0.0012089842605339735,0.0022628423790742266,0.004682551619950868,0.005814195368582116
2023-12-22,-0.00022097352652187478,0.0008264962771645657,0.0014959268945315958,0.002220107186141456,-0.000326217214802944,-0.00042552469354068814,-0.00047221968966265995,0.0004406648950643601
2023-12-26,0.005405646221523725,0.0027787309968725915,0.006121843113269465,0.006498709545417056,0.003570545953340664,0.0052299420467951515,0.0046349187354540675,0.004891232911274518
2023-12-27,0.005490765305033589,0.0042035765752565565,0.0020355032188259497,0.0027333123817995914,0.00450154522647056,0.0024109452914312145,0.006130369437184875,0.0039281596252738055
2023-12-28,-0.0014674771306880273,-0.001306467787402782,-0.0004859711346975071,-0.0006090480531670856,-0.004503629722635536,-0.005100457405790959,-0.0014623749472015522,-0.0021458513403038214
2023-12-29,-0.0046423314689237015,-0.0027301177983674986,-0.004327742298939951,-0.00463338235488291,-0.0031054409738506053,-0.0036904310410270616,-0.00421166960033467,-0.0038979364824016016
2024-01-02,-0.0058507766658198,-0.004879844847033504,-0.016950343469401313,-0.014553716832983992,-0.005560859636629868,-0.007158819900920558,-0.0052163550744790226,-0.00856836710624367
2024-01-03,-0.004407904020367535,-0.0039371887000201255,-0.010581441128965632,-0.008588670328519819,0.0023152965515399653,0.003215016884050727,-0.0030779010574850346,-0.00362345806440566
2024-01-04,-0.004981637984824304,-0.004351356292045919,-0.005146634756485572,-0.005354259137847661,-0.005244723423102067,-0.005108143633700543,-0.004869635068843395,-0.004985308972603868
2024-01-05,-0.0011467790943203303,-0.0006528478169276349,0.001186042703780862,0.0003984176337213977,-0.0011517205672601479,0.0004023599725167064,-0.0013753286771078736,-0.0003398561737099809
2024-01-08,0.005535977399538344,0.009896058061019621,0.0206681350239059,0.01619272166327381,0.0007073329076000309,-0.0013325473387153382,0.0034904361937867826,0.00784056660067364
2024-01-09,-0.0019724268358791456,-0.0010790981098330417,0.001975478889045578,0.0013661402545250489,0.0012720223492779805,0.002699520538505489,-0.001566366704901912,0.00037025580108033195
2024-01-10,-0.0005830800498870423,0.002774473792348562,0.006777672759424845,0.004728674850349777,-0.0017581373944726547,-0.0022264025950740085,-0.001462886188864733,0.0011927325348226265
2024-01-11,0.002504870639087887,0.0018475862502660531,0.002055493095597709,0.002166320591154498,0.005004601749748963,0.0052467157197031815,0.002991947912064472,0.003119880103981896
2024-01-12,0.003011907536766534,0.001501936608663532,0.000512927022701563,0.001194584181851926,0.0031497660229149052,0.0032909018186346372,0.0028245330750805106,0.0022228793369320037
2024-01-16,-0.009933475244065954,-0.005453185567615038,-9.763951009580802e-05,-0.0009138574149124341,-0.007550957337393726,-0.007210897280640296,-0.010024528885680534,-0.0059133858187663205
2024-01-17,-0.007059662797063566,-0.004632392082168521,-0.005640761626296899,-0.005898851459689444,-0.0036933587933668673,-0.0035925149257836886,-0.006449033293257921,-0.005281537041626872
2024-01-18,0.003031924309807265,0.004437640202032293,0.014194242616510231,0.013628270646630067,0.001833294060226576,0.004104190667950022,0.002314355035997798,0.006199605472448862
2024-01-19,0.006694440261131486,0.007538017725314098,0.019830986582090458,0.01824901667987176,0.0018665353121420439,0.002635125991684099,0.005934687955631583,0.008963375975298867
2024-01-22,0.0013938865514589549,0.002486314102334828,0.0013059624363054286,0.0010410569951834654,0.002609893587693349,0.002589370135160159,0.001410680160753775,0.0018325730572107978
2024-01-23,0.0004450482943292093,0.0007299049294373323,0.004137482158188201,0.004137262166103751,0.00017916380481424477,0.0017684743395512603,5.015170911274937e-05,0.0016372530559928828
2024-01-24,-0.0007167221257165374,-0.000475990240536031,0.005549243989998675,0.005537121180400281,-0.000214598893195154,0.001958335123588782,-0.0011635986479878399,0.0014975813455284262
2024-01-25,0.005511094434688919,0.004997320141229363,0.0012211791125642587,0.001223561408250365,0.004762346137282995,0.004988593484139368,0.005704477208595368,0.004049213959112194
2024-01-26,-0.0013251830406936502,-0.0014757465635608779,-0.00595757534343743,-0.005953001675390478,-0.0007639092315390591,-0.00012160047680086542,-0.0010248711515044857,-0.002380261236136816
2024-01-29,0.0050091473011876575,0.007157623200713708,0.010240418653955075,0.010237638791359326,0.0035878143455933616,0.0016096843500353944,0.004246336797074087,0.006017482096347508
2024-01-30,-0.00034710791651618785,7.382563472571087e-05,-0.006656542186705739,-0.006649542782343716,0.0017344956030748548,0.0020329458223251762,0.00041792391594773975,-0.001349207404784408
2024-01-31,-0.004628640448231066,-0.006508963161312399,-0.019586194198271668,-0.019569650613655735,0.0009493842417140999,-0.003234889044338009,-0.0022811135665186215,-0.007835899033176419
2024-02-01,0.009372267333305236,0.01031664858796461,0.011761888920537743,0.01188121783366407,0.0035809777693041112,0.0006829624849978089,0.008122393863902889,0.007958304689457798
2024-02-02,-0.005867163556940856,0.0011494899876360182,0.016900517801445393,0.014611960150017454,-0.009309416499470476,-0.008897792573908514,-0.00830472470241606,0.00010835717821312514
2024-02-05,-0.007277024121972951,-0.0060332334657860155,-0.001305412067722949,-0.0021068457290592045,-0.005889565633585063,-0.003780885427770235,-0.007480880720486777,-0.004801517599145254
2024-02-06,0.007388516906223859,0.00387603176573228,-0.0020071644640504657,-0.0011849696948899758,0.004375195300407739,0.003933489599401647,0.007704898351182959,0.0033808739187416426
2024-02-07,0.0015184159937938905,0.004372102689879124,0.010290282467960703,0.009396866444574763,0.0008653344329184055,0.0018623862082377909,0.00043212735778966755,0.004165457688111952
2024-02-08,-0.0005317638960661609,-0.0010016513957099055,0.0018518257336479467,0.001894131892943446,-0.0008645752644409175,0.0004683195852442244,-0.0009836122636503032,0.0001342944938338071
2024-02-09,0.0017651691259118634,0.0028359305697441607,0.009843141590185171,0.008896775123038648,0.00013174608218342177,0.000985467792784553,0.0007103445137061344,0.00367281185597266
2024-02-12,0.00040595428667523453,0.00010438804237714164,-0.003925652306131855,-0.00388966358106896,8.93723407647888e-05,-0.0002834517839544563,0.0006210810895178475,-0.0009795655611640945
2024-02-13,-0.014175076984645955,-0.01266125325730532,-0.015597085994008995,-0.015546981883926588,-0.010789758405634644,-0.010062814295334385,-0.013434368840885164,-0.01318099913822627
2024-02-14,0.005048327454697915,0.006943858429974356,0.010897255663146357,0.010578247232700209,0.0016978526283744492,-0.0006753450781999517,0.003989564896481608,0.005494809433859939
2024-02-15,0.006494282160318365,0.005248641402246619,0.0029776677772299673,0.0030804955644588975,0.0032876453345626424,0.0031118926059637325,0.006119584136045466,0.004335212930073803
2024-02-16,-0.0030582301057048263,-0.004730633212006573,-0.00906762940860394,-0.00871692947552219,-0.0027724386328451932,-0.0015781592298146942,-0.0024129669732316124,-0.004631345670785659
2024-02-20,-0.0007460953371824176,-0.0026286225364235832,-0.007548238846027281,-0.007168550914134445,-0.0002460068291118561,-0.0014319087421027195,0.00017916885582533557,-0.002795081690868863
2024-02-21,-0.0004787796593718723,-0.0007368256437997897,-0.004001711824493376,-0.003887098746614036,-0.0013930874933164048,-0.00028633175827357926,-0.0004013064730629168,-0.0015896477994798524
2024-02-22,0.007961594943066419,0.012446047238607733,0.029261780078149797,0.026823402166154312,0.004170308391828642,0.004652096253468596,0.0052781953496459765,0.012950632468757262
2024-02-23,0.0009736643274031811,0.00223222293977133,-0.0029446308582685675,-0.003140782728485466,-0.00015661129940499263,-0.0030341282513081627,0.0009989763696721704,-0.0007192707566528104
2024-02-26,-0.0022667234843934685,-0.002801649586294159,-0.0005265984621228865,-0.0008071439867491121,0.0006430572721353588,0.0023071974976586057,-0.0019545503850872522,-0.0007803121705450839
2024-02-27,0.00037434762411487916,0.00023414002645943965,0.0024053369689212,0.002505391927069309,0.000533615134432097,0.0020365214975002,0.00024538416829311205,0.0011887568809953327
2024-02-28,-0.00025417575310440624,0.000636736704012094,-0.005324742053101068,-0.004434104951366312,0.0008185673555473575,-0.0004700400596784919,8.116916125386537e-05,-0.001301770596669177
2024-02-29,0.00390166031880719,0.00297039082145419,0.008569628480088236,0.008191507267886675,0.0022785199183912056,0.0020263898741237065,0.003174540773720344,0.0044628152422669385
2024-03-01,0.009949261045077562,0.007476446796735598,0.015056750513949162,0.014508686445437477,0.007124670169839547,0.00783570924522558,0.009247158148458934,0.010202671470129385
2024-03-04,0.0015095194146306497,-0.0015499868012490208,-0.0035846818981576066,-0.003335168923285728,9.954541691760573e-05,0.0018189372397523806,0.0018220673011171257,-0.0004470778595800044
2024-03-05,-0.002749765513709106,-0.003537849830572865,-0.017949669877918555,-0.01752641880964919,-0.001178348054527296,-0.0017512622516036645,-0.0008643124333960581,-0.006477932494996813
2024-03-06,0.006457931092363127,0.004001674448249489,0.006283729965933956,0.006307880211338223,0.004754838076952891,0.0056764653756638354,0.006146211282538153,0.005656309972363828
2024-03-07,0.004705983039822785,0.006605079935126027,0.015178282886485248,0.014993897117068295,0.004307615461378483,0.004183166167422118,0.0037362547553505434,0.0076170364774583044
2024-03-08,-0.00043637850348616694,-0.003300346213538052,-0.01443499814275449,-0.014088398238529753,-0.0018327371585137146,-0.0015017315969611358,0.0007652486656806044,-0.0049267623011912945
2024-03-11,0.00019327921958176193,-0.0010210450319764865,-0.0037127490517532237,-0.0036264925818261934,0.0010728446050579051,0.0023401106283405682,0.0006304374877116887,-0.0005721374419175743
2024-03-12,0.00040742041002288584,0.00477652458890907,0.014335080391720366,0.013910663481619612,-0.0007644965747537742,-0.002280105068263321,-0.0013072322924331983,0.004048565587153805
2024-03-13,-0.0005449447584243593,-0.0018593387353751318,-0.007718107976096755,-0.005683096075168431,0.0020446711125848118,0.003990416099218503,0.00035222335409765564,-0.001372681132494174
2024-03-14,-0.006177971042357817,-0.004147995799632145,-0.002521335920961706,-0.003711471479589978,-0.0033011883786709753,-0.0026193233486466625,-0.006189548107201804,-0.004086490898202787
2024-03-15,-0.0031520461912598495,-0.0048096740915059,-0.011886803761075634,-0.010011412216572113,-0.0021790953766548317,-0.0012291947307544126,-0.0021378439072526796,-0.005064735332991756
2024-03-18,0.002537234548013155,0.003097613091425266,0.009537255308924793,0.00780649606020682,0.003616623754489765,0.004251067764506387,0.0018349515428770723,0.004668003799526618
2024-03-19,0.0010807284688220723,0.00449397094158451,0.0024915186699399064,0.0018697915750329644,0.002173254334836393,0.0011190031460300463,0.000943249146266861,0.002029084908993929
2024-03-20,0.005770801157475915,0.006505432605087987,0.011856817027155122,0.011410952258944645,0.00373671607599726,0.002870145194735866,0.0048717685467322535,0.006701210653265994
2024-03-21,0.0019668948341226232,0.0020388369864636864,0.004732141906349514,0.0042177348781472866,0.0005667916422636203,1.182156121149635e-05,0.001455477613626737,0.0021420706283621204
2024-03-22,-0.00197474942983095,0.0007925922620419754,0.001117508435433932,-0.00033796064778521587,-0.0004372187325864739,-0.0014557521701195615,-0.0018370781238616334,-0.0006010968179654114
2024-03-25,-0.0012668639196206154,-0.002715608200696478,-0.0036293423737069307,-0.00258490632693073,0.0003459314394083691,0.0018705813170609622,-0.0008556281145092825,-0.0012676483130376066
2024-03-26,-0.0011609488054942193,-0.0005085883007641285,-0.0032376249787062737,-0.0029435088673952876,-0.0015656357994290084,-0.002217712181646418,-0.0009327534503043033,-0.0017925845015922073
2024-03-27,0.007338059266279262,0.006556472959618641,0.0034060161921454306,0.004209256155737641,0.003694834235368749,0.002522989897177047,0.006904158672055702,0.00496320522591337
2024-03-28,0.0034094875047347463,-0.0004956030029094922,-0.001843352657707179,-0.00012719646951366383,0.003249830844792185,0.0052310932619412725,0.0037845993988658757,0.001900165484703733
2024-04-01,-0.00412278723063733,-0.004671616888193993,0.0021170088966129203,0.001524976892646008,-0.0021306879659549567,-0.00031879232488186927,-0.0042767221260865875,-0.0017003650929190346
2024-04-02,-0.00100151118696785,-0.0046726416285103245,-0.008630142197254652,-0.00623386734284982,0.0007131759625031737,0.0032610352474649103,0.00025374930271622313,-0.0023184596543461477
2024-04-03,0.0030353582290514663,0.0011047251092624838,0.0022186584731547555,0.0027270910447830207,0.0044216222992506556,0.006106699943982163,0.0024172885553421235,0.0031649300201171114
2024-04-04,-0.0032235979787558606,-0.005953476625364014,-0.01529073822772586,-0.013408027098080061,-0.0015704498062862646,-0.00032863067002942084,-0.0026357245712805215,-0.006028994131552292
2024-04-05,0.002949607101583857,0.003558419888593379,0.011784019685037611,0.011548886222745157,0.00230727407217939,0.002774270617927397,0.0016383467700014436,0.005194388981875239
2024-04-08,0.0023918476236729934,-0.0005654498101405921,0.00029514351134096766,0.0006670962834741421,-0.0004761071878645639,-0.00021022280002888093,0.0017926977878758802,0.0005663102012376482
2024-04-09,0.004806204150369724,0.002283974313479574,0.0036995968052868653,0.0029157357280406395,0.001282845110040085,0.0007243767946751361,0.004806413530594986,0.0029315036454994198
2024-04-10,-0.014189204869936743,-0.01132319122475,-0.008728689090947598,-0.008503760825678539,-0.007615898015434577,-0.005650339872305635,-0.014160146447554221,-0.01002319187973079
2024-04-11,0.004797578909842287,0.003973084750684592,0.015968302951052886,0.013727145385426564,0.002989864007580151,0.0032566528069696383,0.0038609719511921,0.006929968308879847
2024-04-12,-0.0072212369918663935,-0.0066578290624450115,-0.015971269540112232,-0.015481034406332637,-0.002069376715998638,-0.0015568631124852751,-0.006441655294556278,-0.007909296718625506
2024-04-15,-0.007268618223100455,-0.01004690074996565,-0.01645109844301784,-0.01197236822158304,-0.004338273962524396,-0.0017657932283658302,-0.007661521473617401,-0.008483379929267263
2024-04-16,-0.004777946786887035,-0.00267646467195761,9.27903343283934e-05,-0.0002607155154476187,-0.0023782208790936264,-0.0019919005009422187,-0.004379595019880061,-0.002350131651371723
2024-04-17,-0.0029143209596460577,-0.0009463375255421716,-0.012201334194041987,-0.011392323434184452,-0.0037549258629834804,-0.005494633377534112,-0.001906353979352254,-0.005481289530174719
2024-04-18,-0.001244229750679238,-0.002638630213207401,-0.00570631143837152,-0.0042916451885187355,-0.002108181875868302,-0.0017887568490998905,-0.0015022045155557832,-0.0027340456928709963
2024-04-19,-0.0015535272276150653,-0.004633502395251158,-0.020689183278481748,-0.016605003294281745,-0.0006413565012310877,0.00015249486200391094,-0.0019505192271325592,-0.006444418733316673
2024-04-22,0.00148704030913926,0.005474678340611113,0.01005668720909457,0.005274920681939035,0.0005119084685775576,-0.0019343186047229757,0.0018176771624823572,0.0031910441357364074
2024-04-23,0.0054570847842518744,0.007618976978031953,0.014898578901847174,0.00986189072861458,0.0044751601607371985,0.002901947774957039,0.005308440065644321,0.007250117282147284
2024-04-24,-0.0009760833961633755,-0.0014976220259794674,0.003387670092872105,0.001750110896766055,-0.0016391944604728559,-0.0017925223619753997,-0.0011580777027730264,-0.00025782552234115963
2024-04-25,-0.0016074497807877846,-0.0038077089908831654,-0.004830006887595383,-0.0016771796220445957,-0.0007071351738316815,0.0006229162070970548,-0.001919240553959481,-0.0020192844712497377
2024-04-26,0.005892897295826045,0.0068015352590599645,0.015431751542294585,0.011269278652895532,0.00420380859579801,0.0030530817803377476,0.005969574714958887,0.007560097732086175
2024-04-29,0.004589244346610341,0.0037400858068982576,0.004060339457822693,0.002614559514513853,0.00223236717183775,0.0015611210041798955,0.004449348926903227,0.003334189787510663
2024-04-30,-0.013027166293112628,-0.011428680541120876,-0.018856018712844588,-0.018621516665812958,-0.010653406911075391,-0.01042776333483076,-0.012162146414576478,-0.013627582613362518
2024-05-01,6.477195362432028e-05,-0.00037804575224283316,-0.007230669772085971,-0.0031593690975963533,-0.002689019205404504,-0.002949598532119183,0.0004701220388452273,-0.0023011335777325167
2024-05-02,0.00859223197362728,0.007462991942591703,0.012734895276956234,0.0085250794331405,0.005682833151651285,0.0037143086962360865,0.008371108213869775,0.007871671552778813
2024-05-03,0.007953576851580645,0.009663398846561566,0.02009853049319953,0.013688631030064626,0.0065509748632,0.004002034148454574,0.00815150710295523,0.01003143995945312
2024-05-06,0.0058129946419630835,0.006568020341764561,0.010953451589795323,0.010837655004204721,0.006048032128137998,0.006253148054373478,0.005462283298703357,0.007436791637657304
2024-05-07,0.0009706991150417843,0.0016920931123706223,0.000158905707247527,-0.0007247701507664935,0.0012232646400969953,0.0003761153443248362,0.0008833125493281186,0.0006423839949075464
2024-05-08,-0.0031181371600939637,-0.0010496063982265106,-0.0005904180281692852,-0.0013669092413749646,-0.0027687629811616885,-0.0035507975632228625,-0.0027831779675362646,-0.002166648295633851
2024-05-09,0.006718136291491961,0.004682311008147809,0.002181422478365401,0.005200571197731443,0.0036987588451374434,0.004774760872604998,0.0058538036985480305,0.004742287821776961
2024-05-10,-0.0002886849626864938,-0.00049321694286769,0.002358273855313176,0.002964599789919724,-0.0016317251063788449,-0.0010607173241606294,-0.0005017223465840885,0.00022344265587801273
2024-05-13,0.0013784255293868208,0.00053613981385784,0.0022871954879959025,0.0013442833795337616,0.002488404798646978,0.0016654846560124734,0.0012263577167742421,0.0015377749125330916
2024-05-14,0.004408758272568425,0.003918618180984333,0.006432184343927227,0.005892317895079336,0.001465847957364927,0.0011252742396008469,0.004282331644395063,0.0039342426022868785
2024-05-15,0.01099480358770145,0.010445233777607829,0.015630402548007846,0.014294892225718876,0.007801156188007778,0.007080077447940688,0.010744856097801337,0.011002834420451893
2024-05-16,-0.0009483045377159209,-0.0020041401894308206,-0.002031125603530693,-0.0017980699935021337,-0.0007353470201424167,-0.0005449626419355294,-0.0011452181567629255,-0.0013213174930197969
2024-05-17,0.002171229054510727,-0.00037364093411919016,-0.0004869643417866264,0.0014258613401824784,0.0015141641611860937,0.004147759954020789,0.0013757598316845917,0.0014290778766913783
2024-05-20,0.0007263794850171953,9.602587396593729e-05,0.006972739477939525,0.005340245325752758,0.0023678760696647836,0.0033477151827457623,0.0005939032515146592,0.0027960474560653112
2024-05-21,0.00016275856058677106,0.0025037285734400634,0.0019564276439187887,0.0012975125425842172,0.0006460209819276659,-0.0004042292379579796,0.0005407909852386923,0.0009517143946989927
2024-05-22,-0.0055352886107262345,-0.0022735914721320367,-0.0002283411077504705,-0.006368559540718794,-0.005084575204766765,-0.008060945038491503,-0.004640700127450547,-0.0045477898060297785
2024-05-23,-0.008879422947173378,-0.005799023826761843,-0.00449842472785511,-0.008918123571005692,-0.004703849656134778,-0.0061363651003383275,-0.007919457109654042,-0.006655380941247851
2024-05-24,0.003831235390402752,0.004480506076539215,0.009456488178538834,0.006827066977878944,0.004272494283775805,0.0036501276564430618,0.003765100099787227,0.005204490761813587
2024-05-28,-0.00015528792236800277,-0.001820253165046695,0.0037775512060898003,0.006398976315713473,0.002501608572466604,0.005261077898596089,-0.0009073255065458927,0.0021176400851131306
2024-05-29,-0.00896309478623856,-0.006153649165719545,-0.007048332942502288,-0.007905892766035634,-0.006929162190525718,-0.007548683167609505,-0.008272950572551577,-0.007543160657214446
2024-05-30,0.00035349101486075807,-0.001989594128564891,-0.010713489883651391,-0.007238344486699942,-0.003058724386345261,-0.0027410912120940964,0.000586404228740183,-0.0035864720570780136
2024-05-31,0.002398064925256481,0.007318932015612251,-0.0018603123425913167,-0.002654074922020047,0.0024867440827742683,-0.000303765906909311,0.0026710235733810226,0.001455618144353516
2024-06-03,0.004245108662235171,0.0030437318746344816,0.004171249955254193,0.005270469904900679,-0.0006278597769559275,-0.0008011312225952745,0.004698925351963641,0.0028717665168031575
2024-06-04,-1.9279247411312008e-05,0.0028672009758664505,0.002335413059696862,-0.002141531028478558,8.510534123338772e-05,-0.001983746734065787,0.0006638784398857932,0.00028685806531055847
2024-06-05,0.008512769198951458,0.008563489590081387,0.01811096401813551,0.015053083952826878,0.005962599657574886,0.005401024873696342,0.008301668735903342,0.010046365723476574
2024-06-06,0.002665837810119179,-0.0001817094230666143,-0.00026489046152186217,0.002774303072180386,0.003575524481499051,0.005354583808977086,0.0019526231502578267,0.0022455927311875365
2024-06-07,-0.012302973615890665,-0.004948171561430004,-0.0009662285489344884,-0.013911649623784076,-0.009557777824525271,-0.014508662239082423,-0.011122915630768504,-0.009549143244630727
2024-06-10,0.003192624845431349,0.0010031613614584264,0.0038055864871915273,0.005850367094482656,0.003920349540127438,0.005468049823185292,0.0023595180501533065,0.0036508115701157024
2024-06-11,0.0026649956831334733,0.003549206296101115,0.005767402119095464,0.004319609498645874,0.003012714973400607,0.0026962271447940884,0.0030571414825599306,0.0036191676794777743
2024-06-12,0.007209185024532628,0.007073784533858478,0.013013126858913333,0.010209407485326841,0.005743417569544707,0.004733270871789905,0.0072476716611596294,0.007849703008221829
2024-06-13,0.0031045402630020913,0.0038504243830562277,0.005420193132854316,0.0030289688667354624,0.0041030047250526615,0.0026751144928266295,0.003482364153039799,0.0036149308461774824
2024-06-14,0.0030386437923410744,0.0012984390913512267,0.005181118539272963,0.004338312620880604,0.0003909573936681913,0.0015026974417165922,0.0027430927586155696,0.002668564062410257
2024-06-17,0.00017382015854914298,0.0029037094202743444,0.012249916577894598,0.006810602885705291,0.000797702188746923,-0.0009735968483611851,0.00016312715459936104,0.0031479645308778587
2024-06-18,0.005139329676977861,0.00326204397335369,0.0003092739391528218,0.0021997976570006465,0.004957771459107834,0.00550370620321064,0.00482522195407147,0.0037312013575185234
2024-06-20,-0.0014607581285770916,-0.0026452240359361575,-0.007708069464990306,-0.003628796293747838,-0.001500533329890035,0.000723130800940012,-0.0019788021196845964,-0.0025470653922171414
2024-06-21,-0.003134602123521306,-0.0007222246131678223,-0.0026791902538136152,-0.003879757428959265,-0.0027172196589497657,-0.004876935178960535,-0.0024568077906574892,-0.002962236166669778
2024-06-24,0.0012134706726047609,-0.0016380508885282038,-0.011411444348112183,-0.005888555930130592,0.001616723952629391,0.0032751200512231822,0.0005264070029925762,-0.0017419382501502538
2024-06-25,-0.0013171127053392977,0.002646518696810683,0.011435608726249035,0.005504231519168716,-0.0011272648944758018,-0.0030971480475021317,-0.00042653462165666403,0.0018988547982553272
2024-06-26,-0.003917245870120299,-0.0016655184998258105,0.0020651263250310837,-0.0013823624580447623,-0.0020683750869360546,-0.00322293060530059,-0.0037731403080517763,-0.001979811904158597
2024-06-27,0.004352267004469654,0.0018389492382412406,0.0025813038492497062,0.005091598767578832,0.003038636106609604,0.004423077801001195,0.0037107494518829522,0.0035718402904013997
2024-06-28,-0.0037444427279611343,-0.004483394880192861,-0.005190935437044186,-0.003354570816200511,-0.00478152584271952,-0.004272558217123394,-0.004059091524799123,-0.00425610849665665
2024-07-01,-0.001544792232532188,-0.001726929037844022,0.005865141522188422,0.004173193626776883,0.0010164867081164735,0.0018424239803401209,-0.001970212653897767,0.0010885980517940435
2024-07-02,0.00489033831656542,0.005560109534355616,0.010499586534467692,0.007077595465218929,0.0039004613498372772,0.0027118216982096825,0.005163241508590467,0.005696347478531077
2024-07-03,0.007815090773727813,0.005321034571193043,0.008314432714064844,0.009060558305416884,0.005858534991141627,0.006869334732384892,0.007663640183960619,0.007266222417013988
2024-07-05,0.006609204594410471,0.005681018452932021,0.010426852799385595,0.011116615084452034,0.00504715287378881,0.006125196605404189,0.006426237069731035,0.007346997662128529
2024-07-08,-0.0018395530110477218,0.0008195021208729143,0.002378144268077474,-0.003185074318561659,-0.0038119389006973214,-0.006129907141034196,-0.0011723317158529563,-0.001824297216620259
2024-07-09,-0.0007724090056515008,3.072505752897757e-05,0.000864723479772289,0.001061657434739062,-0.0026017887668569164,-0.0028442700135016246,-0.0006846174819465896,-0.0006999002486451254
2024-07-10,0.004860737023864866,0.006322456414420457,0.010426384671450739,0.007861518280760031,0.0024051514892901625,0.0014116347564435694,0.0047621950130821095,0.005465736754447381
2024-07-11,0.005124396164526701,-0.0026608655107317656,-0.02193011821499811,-0.006760542322992637,0.0025269203951838346,0.005330608516843868,0.0037343784971336385,-0.0022088189056796554
2024-07-12,0.00329312269037172,0.0046240101071710156,0.005874777030095757,0.003428977624925993,0.0010973575292289785,-0.00017282583852605516,0.0034722046036098977,0.003102565693165794
2024-07-15,-0.002539373521805974,0.0003579680413114144,0.0026595300816780305,0.0018211249772735175,-0.003336731826231676,-0.00362832622790868,-0.002548374181950239,-0.0010156933535201286
2024-07-16,0.007334892164062863,0.00533508433977995,0.00038299195027003823,0.004745231066297355,0.0025419131023832245,0.003604134531200322,0.0065799760922475945,0.004404985091916677
2024-07-17,-0.006195486363505637,-0.008102447898024384,-0.029354829831093797,-0.021315449273075396,-0.002320457412883756,-0.001601466950021779,-0.006319767892165573,-0.01072737740424417
2024-07-18,-0.006576735193058987,-0.005737179655828879,-0.004732634657848459,-0.005479124402952305,-0.0051783617491508865,-0.004998468026417251,-0.006092742983084513,-0.005546730874239595
2024-07-19,-0.007901897207820547,-0.0052386884888705266,-0.008863606867177793,-0.010217284959618989,-0.007041871391382517,-0.00899104231162372,-0.007102094739722517,-0.007925723595695497
2024-07-22,0.0046898428141094175,0.00576215051919317,0.014897758704585975,0.010774241978668372,0.0023253759230318855,0.0012364262693007055,0.004433090391032229,0.00624190769528008
2024-07-23,-0.002385317093925132,-0.0006421633725035019,-0.0035247294658726763,-0.0022455351852780194,-0.002785901943253691,-0.0027024410735556736,-0.002094700516142434,-0.002315827838609271
2024-07-24,-0.01236746012575867,-0.014536966053967097,-0.035131933313247966,-0.016864733061429313,-0.0056714466735906174,-0.003402065314216444,-0.012124169767837206,-0.01444458708946236
2024-07-25,-0.002474932504672719,-0.002198842972098452,-0.01114402179267475,-0.012074338878675407,0.00081366436693183,-0.0005699396676353256,-0.0019023200243138744,-0.004155016112517613
2024-07-26,0.007451905187498797,0.008579767963859865,0.010263063404933105,0.01110527004409432,0.0012654394847426234,0.00023741578683572975,0.007341616351050304,0.006548193207627333
2024-07-29,0.0008661338706528106,0.0010319528802733159,0.0019231715654874544,0.0005654554802652811,-0.00044443357517390443,-0.0009065542713292216,0.0009859331649195086,0.0005807164427092246
2024-07-30,-0.00014263024745470206,-0.0021597686383697688,-0.013138702990524921,0.0008732553134615078,-0.0008953501257995284,0.0004281541556067044,-0.0005648175177971649,-0.0023039443489086815
2024-07-31,0.014149146734239795,0.012624285267030499,0.029299922161106474,0.019640273701046342,0.013901304717585314,0.015332102586273627,0.013481039497824412,0.016909621986289654
2024-08-01,-0.004879507832570587,-0.006694395317786717,-0.02369587495715042,-0.009570299368739174,-0.004296738928111769,-0.0038639625770046245,-0.004564542781818393,-0.008266077814659559
2024-08-02,-0.0024699390099777985,-0.005113878369775209,-0.0033210738202657324,-0.009154016531239725,-0.000309519528810706,0.0011454665172420356,-0.0010882553993798961,-0.0032245470396428453
2024-08-05,-0.013893952660185614,-0.016816615948181065,-0.013673469043372355,-0.022454591306417034,-0.00547941062600317,-0.0038977522161691225,-0.012757840542880013,-0.012857141414897494
2024-08-06,-0.0013902638529814846,0.0016893780413959744,-0.007010905759355621,0.004849079993516825,-0.005345699450751321,-0.007666903572232094,-0.0016867345340072014,-0.002238262471034777
2024-08-07,-0.002791984248306319,-0.005420579395724653,-0.0012614506430291953,-0.006157668188165087,-0.0008321911539545149,-0.0001167702986200319,-0.00320535421616497,-0.0029074140219605867
2024-08-08,0.011140792928067229,0.012356146746848259,0.01653408851474116,0.01857888053566669,0.005120552269713835,0.005361779740251869,0.009934327652732335,0.011449662551135373
2024-08-09,0.005242746758263867,0.004263948090377278,0.0026145245934603837,0.004366940691739328,0.004607217956989472,0.004274209403784252,0.005079257391664972,0.004384142318476874
2024-08-12,0.0042549513474256975,0.0014455507471980435,0.016279577108332156,0.004244624834577521,0.0053271966834522065,0.008448800187929609,0.0036246063552983054,0.006108441542592784
2024-08-13,0.007572556006935365,0.011586556566116853,-0.0015876492127812802,0.01038526755428788,0.0031697807811832085,0.0010882437961816586,0.0051426688965072395,0.00542758008124778
2024-08-14,-0.00016595246445362142,0.002431954963143425,-0.008155751250824425,-0.003653331926463585,-0.00034886262706513866,-0.002370926988870348,-0.00027707610266483314,-0.0017234939901904693
2024-08-15,0.005214109224635078,0.007858140407506108,0.003138844931238654,0.012683925439956802,0.0028116481589397363,0.0007869342869596904,0.0022961318369585154,0.005015194717747532
2024-08-16,0.004331319688481917,0.0021322664814079576,0.02238773852658931,0.011125379886351124,-0.00022620123109916594,0.003936260414118237,0.0041221186971630444,0.0066950859244420515
2024-08-19,0.004751204970553886,0.006345623838023631,-0.0016380226467285985,0.005435764200906467,0.001348549863243366,-0.00012784597736567919,0.003114618740696845,0.0028263138701860547
2024-08-20,0.00013515104268905695,0.0005683088554517576,0.0036699887797402137,0.0007980911748098293,0.0005547212199684443,0.0016876790336381798,0.0006042081193951374,0.001121636556288075
2024-08-21,0.001818400265061163,0.002894776829103143,-0.0013336178629831236,0.001636887953753251,0.00046712318228337335,-9.84204221249228e-05,0.0013439940673877172,0.0010023709280863216
2024-08-22,-0.007281351075560582,-0.0066448419750289095,-0.013978282782022455,-0.01073898301679982,-0.004377802498454776,-0.005896686175860493,-0.006027771555915405,-0.00785723569330668
2024-08-23,0.01184044708647182,0.008219772378620413,0.011205956156202637,0.01230867516988194,0.009595078342434338,0.00948856539645936,0.0112421976400037,0.010551395929414805
2024-08-26,-0.0013571635205391693,-0.0019219441314119734,-0.0031387589971690584,-0.004135841761709682,0.0017655004437195324,0.0019503703371123457,-0.00024058184785996032,-0.0009097934421238853
2024-08-27,0.0002169158025732232,0.0006606368265660216,0.0028435117402887764,0.0019900976070085534,-0.0012936833384837,-0.0007066064402888113,-0.00027048318145433275,0.0004964777812832444
2024-08-28,-0.005579977802843603,-0.003692195401567658,-0.00913306263408397,-0.007585583504842663,-0.004911459971043117,-0.0051979740452677975,-0.004927682539747639,-0.0058429949553686755
2024-08-29,0.0006564173440596966,-0.0006440775535853137,0.0019475124045635894,-0.0004805265883572539,0.0023051786673678326,0.002771613569341574,0.0009741269075247343,0.0011462034735852788
2024-08-30,-0.0002574134546257311,0.004331100415692923,0.0021059003783824785,0.004865529402768408,-0.0028566075391684826,-0.0052194691759169295,-0.0021570935938742884,-4.882117034631377e-05
2024-09-03,-0.0077995361490272,-0.00978256742796601,-0.011490607197418727,-0.014232602019699336,-0.006716094697351448,-0.004040267990622296,-0.004656874083437388,-0.008457413568365244
2024-09-04,0.0018666230570866236,0.001164348157257658,-0.0004975613580270929,3.8692179473406644e-05,0.0005419975608816031,0.0012496649188446732,0.0024090173044385237,0.0009727546558185331
2024-09-05,0.002277397819946768,-0.00047978549936167206,0.0040752860567337965,0.002653699370906023,0.0013223612535065103,0.003431951520351653,0.0027266514534452814,0.0022938765438968983
2024-09-06,-0.009025157074184376,-0.009352022426704897,-0.011608853992170562,-0.014039562013580928,-0.006493579981723198,-0.005319768663390933,-0.006395938875510231,-0.008948675125214921
2024-09-09,0.006430126379995899,0.007149219124828202,0.0070838739404896845,0.009096980117588228,0.0038540765372827614,0.0029060428954114934,0.005001787393113586,0.00593802095288163
2024-09-10,0.0032165787816814213,0.0043179848998893084,0.004572478421160034,0.007864500737562539,-0.0007833148553037053,0.000224390328389318,0.0022650400224038993,0.0031169739145379123
2024-09-11,0.004674388022225679,0.0057437160794276895,0.003644217444091383,0.007931618897380777,0.004216677166426748,0.0025648278898314563,0.0028531862749612597,0.004601686898560302
2024-09-12,0.006664820565295226,0.004334215120462456,0.01703391942071796,0.009025131108178977,0.006140034898535429,0.005539932890913301,0.0058389844673799,0.007794638571595786
2024-09-13,0.0049359851260900155,0.003911622699196445,0.009707693708069483,0.007455204446042772,0.002577481556278313,0.0039977123909572775,0.004534940346262703,0.005277336763136323
2024-09-16,0.0030070821564742215,0.0019342151402898956,-6.084600029049876e-06,0.000640328490300785,0.0037233898104452063,0.001777023129024112,0.0035831371619344694,0.002086633008729074
2024-09-17,-0.0011148074174347291,-0.00047462557157442294,-0.005234884073524533,-0.0035261456188375555,0.0010767702532397535,-0.0016911622925983058,-0.0010104676801216772,-0.0016642126305617248
2024-09-18,-0.0052161451059082615,-0.0035127780994117013,-0.007472650252871937,-0.004959659380153741,-0.004635585706585619,-0.005299882033303814,-0.005175533730446271,-0.005168398104245335
2024-09-19,0.01051098624121429,0.009981375773903381,0.015617466884833921,0.012895810015612673,0.00810469333537157,0.006989242800203209,0.00808645681294931,0.010389793164149593
2024-09-20,1.1316862638087195e-06,-0.001170458443372923,0.011982605741549078,0.0014257942462528048,-0.0005118512456920146,0.0025895482118986953,0.0004533531867487359,0.002061152770218379
2024-09-23,0.0022467724842176124,0.001158082373717541,0.0020196661948789774,0.003025275710437084,0.00021891336485262012,0.00033299416079735257,0.0017063898816959576,0.00154071092232786
2024-09-24,0.00850307384508315,0.002165324346539256,0.011693073039092323,0.006752077868097355,0.005762055430961158,0.00434686702551842,0.007108498857433765,0.006686595217764951
2024-09-25,-0.005192057474278145,-0.0029460317772418065,-0.0008110639396726843,-0.0009829471594489444,-0.004897095226266033,-0.002803685050646017,-0.005078897794575746,-0.0032949265892635825
2024-09-26,0.0041978638999826574,0.002100929861301977,0.005687604474786545,0.0046811769320742385,-0.0020427854989780985,0.0015908613694236924,0.00394366091691082,0.00282030347027347
2024-09-27,0.00022525603108336035,0.0007066812936607201,-0.007345741529548098,-0.005006046366463924,0.003133189683960141,0.00019021570024860233,0.0008374710923577823,-0.0010289563252555121
2024-09-30,-0.0025153945967521687,0.001316412454881493,-0.0053376152350993146,3.7813773780762966e-05,-0.001224422991518751,-0.002695849085868051,-0.002398331472143706,-0.0018810724704884116
2024-10-01,0.0023769154276827515,-0.003957919209615095,0.004372802625415568,-0.005478564685683118,0.0048858677508894135,0.002013183386493775,0.0019793984861634227,0.001068357385920914
2024-10-02,0.0013649662232032528,-0.0009805167044194601,0.00011048158123991453,-0.0007035567904869115,0.0007237521029178662,0.00035196576523178867,0.0006506924976055775,0.000213824536503869
2024-10-03,-0.0034182367528911516,-0.0031370726305861756,-0.0006920058878574519,-0.002314294444536295,0.0007873358984705229,0.00026772372741924993,-0.004153782432897272,-0.0018483291364086135
2024-10-04,-9.55540253600606e-05,0.0016220858778071396,-0.0019960303156934004,0.0007417172243750572,-0.002290191392111847,-0.003555952052241856,-0.0009937710486671596,-0.0008486373867874805
2024-10-07,-0.00282391603705817,-0.006908354876991704,-0.0033877625757333615,-0.006377605008982508,-0.00012269943713628158,-0.0001645804013204956,-0.0035441865752140673,-0.0034281563356261327
2024-10-08,-0.0029231247638436086,0.006048391071187422,-0.007371925565205386,0.0007045550619663964,-0.0039041215192838065,-0.0042327154679619875,-0.0013350692426683914,-0.0016619077085563792
2024-10-09,-0.0016452816074972775,0.0027316811431134483,-0.005446185963701722,-0.0009952883265426087,-0.002714413246234218,-0.0034025004318118867,-0.0013622820844157572,-0.0017222474902694987
2024-10-10,0.0013993990440710187,-0.0011072090377993147,0.007342892553628741,0.0023237871619506264,0.004817773258821205,0.0047641666001042035,0.0005497770009340508,0.002766112776346177
2024-10-11,0.0037559370137214983,0.003707782638476932,0.010902882910432557,0.006931632172039505,0.0016118702312892844,0.0016811736010758766,0.003038121186488261,0.004516296135216796
2024-10-14,5.775138223819399e-05,0.004211128831951165,-0.0016295021570669871,0.0029104549551413395,-0.003051934166438729,-0.004142606254357013,0.0004638645834928886,-0.00016098580843484835
2024-10-15,-0.0026247944074754654,-0.0026617778460815474,0.0034683593231465506,-0.0008467907543627486,-0.0034651544437038807,-0.00334536421891534,-0.0014188170184774827,-0.001557734026706195
2024-10-16,0.0038699322596019627,0.0032336030692168196,0.005001609209081436,0.004089265293347453,0.0011380183919747853,0.000968374203378143,0.0036587020117186124,0.0031432087466075377
2024-10-17,-0.0033531677087267294,-0.00201784681369296,0.005988310835030678,0.0012515851666294962,-0.002535626190796046,-0.002235795441962645,-0.003988442945773395,-0.0009638043746391355
2024-10-18,0.0038064228907141694,0.002774076365985152,0.010618185005034832,0.00816362995519601,0.00017265089110228256,0.0002064523857869512,0.003167694213150666,0.004170862019729405
2024-10-21,-0.006587756614125997,-0.004051160806263287,-0.0001990012771423538,-0.002776224145189024,-0.003864556821490928,-0.003652108302699417,-0.007051107349026128,-0.0040012835741477775
2024-10-22,0.0029560793852466956,-0.0008483491717610914,0.002177206287616527,0.003224078856736102,0.003462657195713321,0.0044899864271508785,0.001775055882444242,0.002616817225460511
2024-10-23,-0.005477801586190143,-0.006408355439048394,-0.009879658422961367,-0.004106971084532507,-0.004451593075009121,-0.004603459023909519,-0.00506621873833362,-0.005841326122090444
2024-10-24,0.0033018661084648054,0.0021829027019585074,0.003568813939204878,0.004688377275860965,0.0015475393046135485,0.0017001279339729542,0.003171592043040777,0.002975663522406505
2024-10-25,-0.000631253916496793,-0.001093403517177373,0.0002678997421079767,-0.002522459009613446,0.0004318834494207928,0.0007942000627345928,-0.001057894114437127,-0.0004610495597730705
2024-10-28,-0.0024750551284708445,0.0009216051944269932,0.0023109778783088997,0.0015483464467449363,-0.00735697212096063,-0.00828630998632437,-0.0017279005188316065,-0.0021938605319230726
2024-10-29,0.0014760596499726803,0.0011402098045872903,0.003985431271502223,0.0017505665665324814,0.00010996944303412638,0.0004266185125052543,0.001325037151364523,0.0016544062710026383
2024-10-30,0.0002659229060191679,-0.0024070702625208686,-0.0008333724223093259,0.0013929113644761168,0.0016541860302422598,0.0024606962768966138,-0.0005233701036290462,0.0003675658068888729
2024-10-31,-0.008714691509450784,-0.012024456662215115,-0.020117933058746165,-0.018332650999655045,-0.003200902145995702,-0.0032409270839091156,-0.0078927662186709,-0.010433823619188565
2024-11-01,-0.004355187564499954,0.00011649067570716851,0.0034926175792910903,-0.0015693142702599284,-0.004736640416560476,-0.0052381945309667045,-0.004171855367603919,-0.002446829285821192
2024-11-04,0.006481041237997243,0.0008593390453017977,-0.0017243154503727117,0.002175994467721731,0.006006552286332136,0.00641928392886443,0.006058465196043001,0.0038295745291191613
2024-11-05,0.007845363310370094,0.007421200910942941,0.010620964733008756,0.008992850817625192,0.003996696751716755,0.0037296741057999986,0.007169543349658858,0.0070816600441442066
2024-11-06,-0.007931956734582838,0.010758251672210586,0.016392163932551978,-0.004090678643184324,-0.003118199758705882,-0.006520452070374365,-0.006820055051909482,-0.0004555377169751544
2024-11-07,0.012901108339549517,0.00785418890332601,0.010646062935239495,0.013508430987476028,0.008383802330378616,0.009095907337133814,0.012257832424746479,0.010651726973198952
2024-11-08,-0.0009734524178004947,0.003465718751702539,0.001964537480484259,0.002421187020243995,-0.0007516325443656566,-0.002108082765289165,0.0002636141550015989,0.0006019666981829208
2024-11-11,-0.006832109770786658,-0.0005576941504049597,-0.004976465401437731,-0.00676234328277318,-0.004523362548437418,-0.007047147565327813,-0.005207239633792858,-0.00512680501683562
2024-11-12,-0.009112738864262854,-0.0043733304665351,-0.004417080168431386,-0.007487973699255629,-0.005451318887166839,-0.005810454713174392,-0.008759645264759008,-0.00647025140218692
2024-11-13,-0.0031821298513025134,3.633090385052551e-05,-0.002010360914683932,-0.0005873157923648964,-0.0008807889780268875,-0.001912189706043491,-0.002785686166324004,-0.0016325142290772787
2024-11-14,-0.002914247991908995,-0.003913195462856387,-0.005534896159836492,-0.006654979912271669,-0.0015930237364368788,-0.0015607445921084703,-0.0025474085881889187,-0.0035219166851678187
2024-11-15,-0.005004295428727129,-0.007518947482404841,-0.010214983167637078,-0.009388833250334098,-0.0033734784720140243,-0.003096577919832379,-0.0043315010265156904,-0.006172442653108951
2024-11-18,0.00855531328547648,0.0033532324374909777,0.007634085813831608,0.009165038528104233,0.006501657251481014,0.008498051506742342,0.006669646229525341,0.00719191639833578
2024-11-19,0.00400979596990644,0.003045146080411067,0.004926626926304521,0.006162101774067563,0.00264337847484576,0.003264634572554785,0.003565983744579783,0.003945832481766187
2024-11-20,-0.0005536201225143715,-0.00044218165749791954,0.0021134186879298183,0.0012562669529010057,-0.0009931385420024902,8.319444715447518e-05,-0.0009751904186112264,4.7348900782498154e-05
2024-11-21,0.003034485073049348,0.0030098251057002457,0.00639472219085385,0.005797203356944638,0.001987105164629832,0.0029597219994793433,0.0024115124222691396,0.0036555336393614426
2024-11-22,0.0031716981775845457,0.002120833170423908,0.006489341218142446,0.006187668000402106,0.0011779410002044674,0.003151132349756864,0.0024886578223986913,0.0035194275880465766
2024-11-25,0.0026806235313899546,0.006333387777800608,-0.00805198374832657,-0.004718337563707905,0.0049242546695692285,0.0008084839571975227,0.005178734810366087,0.0010964947413331727
2024-11-26,0.0004299852673856872,0.0022923456647745153,0.004102503450019579,0.0036911464649555777,-0.00027740150655604736,0.0006193202580547259,5.759151751790258e-05,0.0015611582172678725
2024-11-27,0.000949427207397364,-0.0002253283163165822,-0.0012436293802802337,-0.0009669249725988385,0.0009798374488956822,0.0011333640728400983,0.0013338388248856966,0.00027348166054672816
2024-11-29,0.004702116629652138,0.005416773345918703,0.007035478962241627,0.0061854418224673935,0.004053822126860802,0.005153740114886555,0.004719449778740375,0.0052780287861398665
2024-12-02,-0.0011625959199961264,0.0009958725264993251,0.0017465129788011827,-0.00345543329772107,-0.001000641668381037,-0.001455517694988906,-0.0008849832060034842,-0.0007669857913768913
2024-12-03,-0.00012187237245617059,-0.0008584293616490518,0.0004637390430815037,0.00038441196726590987,0.0002815288604373679,-0.0001544435323704499,-0.0006575939028913042,-8.863692502585475e-05
2024-12-04,0.003952644376260474,0.005250486925635101,0.006209510619023403,0.004754217850592706,0.002674052811693562,0.003628103607698831,0.003896401466995897,0.004337910651985398
2024-12-05,-0.0007997387225561153,-0.0010322489913743406,-0.0016456371446975768,-0.004101371519043227,-0.0006324619707354367,-0.0016881554317980231,-0.0007318119003298149,-0.00153743976463054
2024-12-06,0.000847179811352573,0.0023991040895966617,0.0018956945975732115,0.0019792601501940395,0.0010193656157445824,0.001577900685085739,0.0010819194439227143,0.0015489848815071158
2024-12-09,0.0015851967577610252,-0.004477198055940488,-0.005149570589002635,0.0013780997521511537,-0.0015563773984591633,-0.0009774153543858036,-8.455305217697391e-05,-0.0012876608421799169
2024-12-10,-0.0033232125774826354,-0.002582643901469568,-0.0031090937334795304,0.0014332021580896266,-0.0013495239968410802,0.0003693796996299106,-0.002982012885038695,-0.0016024659638845347
2024-12-11,0.003712882537065315,0.0033443487601272697,0.008844523306064675,0.014362997464054502,0.0017855506838063294,0.0028459985044570766,0.002348277342550873,0.0052174822173531215
2024-12-12,-0.00649329429073344,-0.004619088938138114,-0.00992704884440953,-0.008216247275127968,-0.004114817201920121,-0.005801019439408146,-0.005886997408840555,-0.006387405780754309
2024-12-13,-0.003014040075281526,-0.0019788421902295415,-0.005829481402327206,0.002209115937029152,-0.0030307426149883414,-0.004229328560503725,-0.0032807932990816407,-0.002744519647326798
2024-12-16,0.0012806280914963147,0.002703204288914165,0.0036942340946271393,0.009783605022095673,0.00011000732654241503,0.001253302168106972,0.0011898961678580733,0.0028012886841599
2024-12-17,-0.0026711755808893883,-0.0024896268944654435,-0.003991367128200672,-0.004123204923231482,-0.0020188360077412516,-0.0022056390411270416,-0.002210942304792658,-0.002820182830758979
2024-12-18,-0.021334746512479512,-0.021045838280427907,-0.02479571949866065,-0.031046923358545506,-0.012414775339469076,-0.015497734379457607,-0.01897502859153174,-0.020786392879541028
2024-12-19,-0.004460057092754581,-0.0020056942615222766,0.000409510613792856,-0.002361077493074964,-0.002898730285874328,-0.0021827571429155848,-0.004811024342621319,-0.0026348314297808956
2024-12-20,0.007900903311610509,0.008605718844113193,0.009746535519557982,0.009544081095939544,0.005565059262071508,0.0066070678521570345,0.00716387792328993,0.007897501595707622
2024-12-23,0.000551226992205521,0.001842686046855106,0.0004891182830697946,0.0016156654517974383,-0.001658936111223467,-0.0011452596568631648,-0.00031664349606503423,0.0002696237828124558
2024-12-24,0.005577862616981351,0.006933216146876593,0.0061911720877857795,0.007211758334443471,0.003355717161042897,0.004024756548386336,0.005045688943459229,0.005535459722262412
2024-12-26,0.00039493948830320735,0.00033864381761017717,0.004034149151186641,0.002857998780674108,6.259782400842352e-06,0.000613539074377499,0.0003651301977734021,0.0011994904416743324
2024-12-27,-0.0061971943947613855,-0.007409733668143978,-0.009207974390755791,-0.00958336406157039,-0.0027723431935697067,-0.004089045264231587,-0.005475355835489315,-0.006430476715847153
2024-12-30,-0.0015671464416033205,-0.004586039140627126,-0.006854087960732021,-0.007340818946340714,0.0032848871928137405,0.0010780704224037166,0.00019862821976381376,-0.0023403892763823888
2024-12-31,-0.0005346735075082155,-0.00291839143107714,0.000929992818707286,-0.000744083279839239,-0.0009291010523514718,-0.0007643484140069648,-0.0008343335635183077,-0.000877482537366271
2025-01-02,0.0012860377751394599,-0.0013137111602436926,0.006854968027751904,0.0058988830118818295,0.00155075124405444,0.001972291907702763,0.0009327556702425942,0.002458170405664002
2025-01-03,0.0034253095806546195,0.006843213959922132,0.0005328798942760985,0.002884194428766203,0.0002866238345642099,0.0010059325207695674,0.0023134265255791903,0.0024872279229619437
2025-01-06,9.05502570767261e-05,0.0030842928261875105,0.001685248302228475,0.003287993613061471,0.0007286587488171108,0.0011547099051540885,-0.0003822928082117344,0.0014172013484892545
2025-01-07,-0.00623752566059927,-0.008631929886303473,-0.0014616573332200925,-0.00452151227702489,-0.004180710175234121,-0.004233583346262623,-0.005977782513830473,-0.005076636330865383
2025-01-08,0.0008369785387478408,0.0015725862905586752,0.0037168266524878627,0.002872945691425782,0.0010638760103915997,0.0013624681483607934,0.0010147229740331148,0.001775535996450717
2025-01-10,-0.006093656638249572,-0.012093857101798514,-0.0007155371635100332,-0.0016880706035844952,-0.0027668733938379366,-0.00303337660872387,-0.005688556677442683,-0.00459430547257673
2025-01-13,-0.00046538874067900203,0.00023160727864738207,-0.005260689529180717,-0.005283109072746805,0.000443609390835527,-7.63539744693619e-05,-8.791106842290458e-05,-0.001558605877235053
2025-01-14,0.0027754116848352243,0.0009043770152624929,0.00519662830316121,0.002080278798855894,0.00032905936882931007,0.0006929882060341538,0.002320219198682812,0.0020233740204505103
2025-01-15,0.013693297232120044,0.015126471940947555,0.0074889936957352,0.014908860238148452,0.012863352510645115,0.013228269304440422,0.013411995704836895,0.01300680168835094
2025-01-16,0.0022818937205524924,-0.0002079914884775461,0.006910965874952426,6.808645723311007e-05,0.00043696205415485556,0.0004163003573518678,0.0022254555791246114,0.0016975504181980755
2025-01-17,0.0030782326263148986,0.006336586567040999,-0.005307269747253366,0.0043728029657053745,0.0015290349014563049,0.0019225910950287591,0.003130212516941657,0.0022198161798709076
2025-01-21,0.008164361733971595,0.006852244703029742,0.015485219016293949,0.009560549584480342,0.002991014541470354,0.00418009968155124,0.007576124015143729,0.007804450373345447
2025-01-22,-0.0005801570640302495,0.0023758245630195202,0.00513565269976812,0.007428244748397927,-0.0008067887253733963,0.0002496730033279781,-0.0011133441177466538,0.001816447515142794
2025-01-23,0.00010050595335212178,0.00229022293773773,-0.0014148699521492317,0.0002708854862356471,-0.0012872284750556867,-0.000595513461094828,-0.0001146632016421892,-6.591006652631953e-05
2025-01-24,0.001829910777212037,-0.0009428035095799472,0.006203809771993518,0.0002785839446829939,0.0008804444980957579,0.0007490711599384673,0.0017089367395235835,0.001525583176378463
2025-01-27,-0.005368586437663958,-0.005867207389585308,-0.010404805268242539,-0.016645361021684103,-0.0009138469714863487,-0.0032954128519792026,-0.0026475565677883768,-0.006484490192143827
2025-01-28,0.0028136174716119353,0.005145957967485175,0.008656417783572635,0.00965135464852355,0.001729420227972919,0.0028479445778045245,0.002065371186301804,0.004701185110139187
2025-01-29,-0.002886451863617134,-0.0031489346029076174,-0.003840409733000479,-0.003505634633219203,-0.001255127894669407,-0.0016751598160286516,-0.0026540031292006023,-0.002701594229318233
2025-01-30,0.007049250519355811,0.004065005841748443,0.015145518847155849,0.009286178572037484,0.002505553788735876,0.0034948379749549785,0.005940757109236553,0.006779921842926112
2025-01-31,-0.0035182209702480246,-0.0038215881587559328,0.0019763991077346096,-0.0007000499576688236,-0.0022992506347454143,-0.002371410072960251,-0.00354392310874052,-0.0020286587903284243
2025-02-03,-2.8318809374770922e-05,-0.0037153845355064256,0.005337271410283924,-0.0014615163187352985,0.0005966018624556273,0.0002591170500892894,-0.00018835225629743936,0.00013398208768797737
2025-02-04,0.006397974427282713,0.004999313027718032,0.009831226318882528,0.009391633452507143,0.003254704530354927,0.003992840516226572,0.00549677676969492,0.006198031934745258
2025-02-05,0.005460270001465424,0.004753021658895657,0.006209542410714253,0.006118640642730267,0.0034098938111552356,0.0033822962943089374,0.005931874932429248,0.005028820860084155
2025-02-06,0.00108320464367079,0.0016176585473059195,-0.002650256290805837,0.0004979795328013976,-6.669608471381365e-05,0.00019195790282400613,0.0006936287017591649,0.0002024351158654186
2025-02-07,-0.004221008539561603,-0.006828804628033578,0.001784159867026061,-0.003629629554430845,-0.0037222038080402856,-0.00390198049641294,-0.004503983816053876,-0.003590740000877132
2025-02-10,0.006555314295927959,0.003990922309958995,0.016938239196990987,0.013172173256816013,0.0035519637604284095,0.0049690560657635495,0.004708745817159786,0.007715686120639451
2025-02-11,-0.0009439607355602527,-0.000567975036939955,-0.003651602215523629,-0.002204006625532535,-0.00022134258809837623,-0.00010274874303158304,-0.0013439906007807296,-0.0012984480122412954
2025-02-12,-0.004660029404812392,-0.004679177105990637,0.001047154957020341,-0.0003537211088220908,-0.006962723990645246,-0.006194780873589598,-0.004997120476598899,-0.003809587188673765
2025-02-13,0.009742598505003103,0.009292521763339535,0.009828475754066214,0.010453189722499895,0.007542817998264751,0.007941380219096383,0.009450316448640741,0.009189178096239608
2025-02-14,0.0006982576058946502,0.0016459927890319947,-0.01487177333424537,-0.009677574237083165,0.0029718633300913045,0.0014123501378610274,0.0018487769568187845,-0.0022620391886921
2025-02-18,0.002842382785826528,-0.00038396032995575134,0.016560905481233668,0.012508719196957493,-0.0010709325384565625,0.0012822874626266787,0.0004890712364786494,0.004554918014244146
2025-02-19,0.0015256310488494782,0.002060626539006753,0.000554096378723613,0.00044397793162719837,0.0026851670963661148,0.002793615557019226,0.0013216350346492794,0.0016312304374031627
2025-02-20,0.001727122979277337,-0.001690408167933823,0.0005168326664386533,0.00044038226212709896,0.0009612718434320745,0.00025352864500400267,0.0018046645559451557,0.0005498729558149968
2025-02-21,-0.004901020481392673,-0.007909905091813583,-0.0009225433005247772,-0.005003552387868422,-0.0006987437185618918,-0.003646746686079194,-0.0028488235955635207,-0.0037786502942582017
2025-02-24,-0.002021622282146002,-0.0018420120468385288,0.005429568123388678,0.001450891904235792,0.00025917925392687606,-0.0002919353356919543,-0.001225198893794572,0.00022142570410619552
2025-02-25,0.0004218363496915703,0.00015603881020982593,-0.01320023014521909,-0.01042714411797004,0.003021861575843818,0.00027254839731626133,0.002768689261358966,-0.0024239911313111945
2025-02-26,0.0013981868631970104,0.0014086927681208246,0.0015263333689308203,0.000694328750679439,0.000735436324697455,0.0002719566045538157,0.0018347114373516117,0.0011372826973554085
2025-02-27,-0.009472777449284497,-0.00998710110650162,-0.015239958822878872,-0.01473260934283441,-0.0030781009617915026,-0.005283607550911223,-0.00809615682989518,-0.0094066770188427
2025-02-28,0.003839915975288765,0.011484205710234615,-0.0062658200581346924,-0.0008486669275821177,0.005092556673465383,0.005218573774596786,0.00487511187777409,0.0033700452691124367
2025-03-03,-0.0027228830383984547,-0.00895843156269085,0.013180390342641504,0.0051334833274917875,-0.00108246938397603,-0.0027997370604440127,-0.0018685095925684927,4.908751813803314e-05
2025-03-04,-0.002885134820157924,-0.008273603550378095,0.008697635934455047,0.004084149250026729,-0.003545073082316752,-0.003630350635830569,-0.003680115680154943,-0.001343861490324677
2025-03-05,0.005119997677387779,0.0040222910503716625,0.0020813110966890766,0.0046474008565681995,-0.002706787363641604,-0.0006531014349390403,0.0033224378833646233,0.002262381121201885
2025-03-06,-0.01049245116576034,-0.01087768546191306,-0.005096751737904829,-0.012121690383455957,-0.0039030901800637904,-0.0059231186112786785,-0.009036590220424051,-0.00818077313512489
2025-03-07,0.002988398925789831,0.002826277630573828,0.0005219558189655264,0.002732973952046982,0.0012852724532840206,0.002213181991536723,0.0019779250715100667,0.0020680840068870504
2025-03-10,-0.010290778699831377,-0.013099440751787986,-0.008755937163287817,-0.015025291814995331,-0.0002153783759750134,-0.004599530439398398,-0.007169119919780703,-0.008406840542215464
2025-03-11,-0.0015525632317279145,-0.0063678072081965655,0.011727541035094536,0.005398942706036191,-0.0029263233697228762,-0.002369853918015285,-0.0030742915922338464,0.0001287031390620152
2025-03-12,0.0011972524542577683,0.0019035184106834446,0.004346793335703088,0.004518814343248533,-0.0012741700767939174,-1.9049923744749353e-05,0.00020449644259331847,0.0015481144324751845
2025-03-13,-0.0025795056872120106,-0.006217406110204931,0.017756144523255458,0.005095487296148541,0.0002513666692474535,-0.0007442777113316812,-0.0019510861322929978,0.0017509012413706405
2025-03-14,0.008564872252263931,0.010660807722040037,0.0003997577494658829,0.00805925008551617,0.0014543208734218737,0.004113086569781145,0.006708993862823124,0.0056283215630189495
2025-03-17,0.007582336099952071,0.0049436622111785665,0.005391622464042632,0.006358114329403831,0.0027918836287182803,0.0037908767922357487,0.006325453422887263,0.0053270351484263415
2025-03-18,-0.0027019238067618745,-0.006039498485985872,0.011671955843306048,0.006193339704533973,-0.0012270999188707763,-0.0017600072744443705,-0.00214705736756173,0.0005446138916094217
2025-03-19,0.005809803016439819,0.007750176550586673,0.0041077079996585395,0.005109493658560029,0.004770822778253894,0.005618516494009015,0.00559364091399818,0.005532390466040944
2025-03-20,-0.0016732738924486877,-0.0011481551242560378,-0.001280585430333603,-0.001513892220145513,0.0008421930338543401,0.00024620767087675413,-0.0013913350808273815,-0.0008517423692509842
2025-03-21,-0.0038391103967630237,-0.0001390284124805325,-0.008049901213267985,-0.0065925746106812065,-0.0014136233359688076,-0.0017950036456271094,-0.003098286022866701,-0.003572752365681692
2025-03-24,0.004261043937745212,0.008426395106902271,-0.004452548665506594,-0.0005253651743624063,-0.0006858884095139942,0.0017697516950466003,0.002522747771462875,0.001651108498142967
2025-03-25,0.00026227429182115394,0.0021235701699424637,0.004400365088198743,0.0035482427124175113,0.0017546021546098241,0.0019913264503545235,0.0003210593633200712,0.0020403136855375787
2025-03-26,-0.005305645653748246,-0.00810778786597298,-0.0008408770114870616,-0.00342723679101638,-0.0036913442587693315,-0.004524599128221105,-0.005057074291208686,-0.004418821945658587
2025-03-27,0.000591869179439838,-0.0019281237048723726,0.013405732882559862,0.010005639918279702,-0.0005929318042870848,0.00015601102886951952,-0.00022777142399932443,0.003058294556739699
2025-03-28,-0.003726466718880922,-0.008782470028762045,0.007412123023167627,0.001260454111633722,0.002018943034455541,-0.0008215539252182823,-0.0016051706484644676,-0.0005796837973561606
2025-03-31,0.006446843548908154,0.005169348318879359,0.014363222998346359,0.011573783671719136,0.005167893537763383,0.006347685160320648,0.005241494685828773,0.007801468099701004
2025-04-01,0.0031511396243929374,0.0031059565194003127,-0.0019782303576065807,-0.0004046926154325572,0.0029445586664046557,0.00249937715774084,0.0034518279998484273,0.0017981004896795419
2025-04-02,0.003300957368259291,0.0033553166300935586,0.0020516615880092903,0.002777056930559777,0.0012365989185345483,0.0021761931150422707,0.002711525632338399,0.002516738549577838
2025-04-03,-0.020762159503832284,-0.025032075878195274,-0.006038278082531101,-0.013689507318136862,-0.006417104145932238,-0.013527324015089692,-0.01512203983940742,-0.014348996873126792
2025-04-04,-0.029668592623508613,-0.03402687529515253,-0.02341503547916134,-0.03190791000485954,-0.011415062200713432,-0.020553467684235206,-0.01922073348457598,-0.024289836236996664
2025-04-07,-0.01805983458965064,-0.005986871249966922,-0.021485806304151304,-0.0195076936355702,-0.010929761575720103,-0.010640216061809878,-0.019098098384034503,-0.015097395963163457
2025-04-08,-0.014144004887980703,-0.01127433400918583,0.005443793790763629,-0.0024927749838387385,-0.008691039337140015,-0.009659152155046905,-0.01245030758627844,-0.007578566922277404
2025-04-09,0.04873424883596555,0.06008437866474063,0.03699125081478164,0.04953368942479101,0.01716268751699807,0.031740709556015365,0.03115345602832647,0.03925601936602054
2025-04-10,-0.018537958077946497,-0.029138938241586865,0.024423579443014053,0.007916923416020641,-0.012872794860838421,-0.015070803541007352,-0.013321001410486978,-0.00802495484235008
2025-04-11,0.012574455263393852,0.00845586740460141,0.019086664805096243,0.019021970338357088,0.00040626265963347903,0.005034565611640283,0.008229155159378197,0.010501498787513514
2025-04-14,0.006811412002406591,0.009038871952656458,-0.005705977012200644,-0.001589948813174938,0.007335848263258074,0.006371733278656679,0.006567482874543452,0.00397742336053574
2025-04-15,0.0015920227745129972,-0.0005838051834876402,0.005140966005039727,0.004673618364157371,0.0025836182442462645,0.002414807935501069,0.002578949105656693,0.0025706882172653422
2025-04-16,-0.00059455025340132,-0.011565376330329606,0.0325408102664011,0.026055374516164437,0.0026934247923958354,0.002256504147862501,0.004874771162231249,0.007930289255677559
2025-04-17,0.0018382250949386465,-0.00031481726746917886,-0.004390692094044635,-0.003456591576195731,-0.0021259064145684537,-0.0015460567159756716,0.0007745307168091385,-0.0012659971193645012
2025-04-21,-0.008762029258610492,-0.016310727758323443,0.03093558529908469,0.02471367025645644,-0.005645854371158771,-0.004248954269698992,-0.006237904961082627,0.0021272447780528773
2025-04-22,0.009195202391667528,0.015621444116628585,-0.014195668551963636,-0.010000457924679594,0.0024657476791038998,0.0034583858211606365,0.0047603037309216015,0.0014641765228525377
2025-04-23,0.003651131636664292,0.009645304232846017,-0.023978630729734163,-0.01940822913443122,0.0015197409725473151,0.0008669740041903005,0.0007907403287591675,-0.0040140130687696
2025-04-24,0.012655639882177685,0.014762772314174213,0.014556277018207942,0.015342642843203967,0.008041389892728568,0.01104852638597586,0.010132665733845213,0.012375522171343994
2025-04-25,0.0023946694145104727,0.005820416151537139,-0.010874568077389436,-0.006149120662978001,0.003777359295422634,0.003043757061678449,0.001936768103599304,-5.0720335450452953e-05
2025-04-28,0.003240457677176849,0.0018222153609100305,0.014242103440495582,0.010855331525578002,0.0035568754950304642,0.0037541821628467643,0.0037901932837728003,0.0058960498892187616
2025-04-29,0.0014411745153189287,0.00516052937261003,-0.009738925467677283,-0.005328097974717843,0.0025421805047472715,0.0011024786697219186,0.0008382193535163875,-0.0006064956997739685
2025-04-30,-0.0033988757766863554,0.0008628063068415447,-0.007482221012837236,-0.004999346107938026,0.00020593808921479649,-0.001423311536831739,-0.003928653269017077,-0.002892451838465549
2025-05-01,-0.0005870533881530156,0.002514230089497637,-0.02077228754256475,-0.012372922118395873,-0.002960469715447689,-0.002500921759766557,-0.0031104625321961453,-0.005689179411426099
2025-05-02,0.006366267129627428,0.006288122429496277,0.0017481999132260642,0.005010960558863221,-0.0038944326240906175,-0.0007506443719982022,0.0019711628464052005,0.0023810742502221455
2025-05-05,0.0008644207740046918,-0.0041909929000084195,0.029867754776654123,0.019811229565775138,-0.001193979337036629,0.001054305855096625,0.0013879407318486423,0.006703270337978704
2025-05-06,0.0023775944552292625,-0.004014540579131558,0.028008819693546558,0.014313230248298638,0.0027785489842034614,0.0045953455520413395,0.004486299480754077,0.007552526541491758
2025-05-07,-0.0023671874390384317,0.0035743397919499017,-0.014993060801348533,-0.008979931934251695,0.0015551742871726566,-0.0006337155456568629,-0.002147636134297535,-0.0035013837531464365
2025-05-08,-0.0020383559695961112,0.0010322266132415294,-0.01969427229987929,-0.010295701535055077,-0.005865169194141904,-0.00441965562393244,-0.004651403910956504,-0.00661928179004552
2025-05-09,0.0031265200313623865,-0.0004700267061873262,0.007254674259445477,0.00519111056414701,0.0010835403981148556,0.0018597052058620294,0.0029865114800592812,0.0030070984149380598
2025-05-12,0.007002654737885496,0.017316635539099918,-0.028190568373488854,-0.006260729639919216,-0.002156836687609313,0.0005682425366209951,-0.00020927039389490802,-0.0017820540015072164
2025-05-13,0.0030868077889131176,0.003737899178345102,0.004258992599597276,0.005211109642953697,0.0016294251140192024,0.004251162621747224,0.0014503892035736211,0.0033625219769064015
2025-05-14,-0.0038966388030358,-0.0006681673235193081,-0.021037827999516905,-0.011795331542746253,-0.003449023230292775,-0.004119443842907389,-0.005618417977361852,-0.007189588059102584
2025-05-15,0.00581033094770771,0.005522763785890708,0.015941769214491388,0.012783908787913672,0.005862076559763307,0.00546784114880221,0.006572680563923906,0.00824798683219132
2025-05-16,0.0012862834263713046,0.0039257320405943034,-0.012087047232674269,-0.005685297133217256,7.970797533686799e-05,-0.0008696662097127299,0.000590754999087327,-0.0018217774386157925
2025-05-19,0.0013920225675202486,0.00044522072261151205,0.01288067112122636,0.008563375993845643,0.00013875667513340705,0.0014078123877844116,0.0011187941884597183,0.0036881298449880496
2025-05-20,0.0007282596256942481,-0.0025313768369577597,0.01862224546421818,0.01072143610854747,-0.0002346869922698687,0.0020032450156010984,0.0009274993624564924,0.004318558857005428
2025-05-21,-0.009893049567948543,-0.012891645429407936,0.007378683875855138,-0.001108917395901959,-0.006845763371120484,-0.005887379470628458,-0.009009211098604657,-0.005424812712670549
2025-05-22,-0.0006598115991173002,0.001744698291761946,-0.008861493387459111,-0.005885101393619321,0.0027592592757103717,0.0010329089487748373,0.00024890454506199314,-0.0014288668598904201
2025-05-23,0.002526137366059186,-0.002918126578394114,0.02190628804503445,0.012927948607826525,0.002585603825523982,0.003415168108982957,0.003933961941088108,0.006392426222501059
2025-05-27,0.006714162219561356,0.014106170140981335,-0.016981018719998017,0.00013410083445349502,0.00436954834270285,0.003967644072276147,0.004582000322412206,0.002323364273259205
2025-05-28,-0.003433562015451163,-0.004587634684882113,-0.0022660178699714945,-0.0030900402459457963,-0.002913491088430765,-0.003054062156510948,-0.0030037421115994387,-0.003191196567793489
2025-05-29,0.004160197398787411,0.004029033673785473,0.005924715471621985,0.005183461118797512,0.0036968770433156058,0.003253246503029663,0.004367042934533212,0.004374714084735303
2025-05-30,-0.0023584910146981232,0.0005039192302901518,-0.006576942326457886,-0.004367296548359376,0.001689736170640831,0.0001047473298584153,-0.0011431208586943882,-0.0017286009278983756
2025-06-02,0.005871578671802748,0.002041469822857113,0.02658105125817165,0.015222156087491502,6.80714936430397e-06,0.004337090457867222,0.00387701685058237,0.008265207625902748
2025-06-03,0.0010482153297685492,0.0030672536607967813,-0.008855551213511099,-0.0024195551729765284,-0.0002572375050072446,0.00024789821053650975,-0.00010819026242731261,-0.0010720294112943835
2025-06-04,0.00566835668520485,0.0027345345427814472,0.0064419740726546736,0.006292865176101323,0.0064680149875822575,0.00552066664338249,0.006526734723209648,0.005650123699693805
2025-06-05,-0.0015406739842681685,-0.004104772622150949,-0.005070328454921264,-0.004621775176079914,-0.003228937194451767,-0.003504474884790612,-0.0013555406766397992,-0.0033444485023992744
2025-06-06,-0.00046056365907955806,0.0029705831241059054,-0.013416073696802302,-0.005625385391450667,-0.006014694131688686,-0.004164690820694587,-0.0035635680042709113,-0.004303811875475897
2025-06-09,0.002637639688757726,0.0012642806771381394,0.004718534884218693,0.003496320490305815,0.0018974782121109976,0.002053735112888445,0.002638768047861372,0.0026672305096423735
2025-06-10,0.003763586688349043,0.004099538521969228,0.0002935109885975359,0.0027463172033110675,0.0019442222586040527,0.002124341364269576,0.0029499827424460555,0.0025764448849705784
2025-06-11,0.0027134655932032183,-8.119638371004048e-05,0.005412290790508974,0.0024764630772403057,0.0039624700526554035,0.0038519501389172096,0.003822346687339109,0.003146124402629144
2025-06-12,0.005201543481189996,0.004123731482573534,0.012420200248043797,0.008483175715311788,0.004405140960367883,0.004666997512407132,0.005631288523214217,0.006406586375288169
2025-06-13,-0.0027054312293292465,-0.008208730894423491,0.013100564311248055,0.0022424912275870253,-0.0023670391095439508,-0.0004335998623781947,-0.001267210611661964,1.617652051251993e-05
2025-06-16,0.0005605453315459571,0.004535645083576828,-0.014286598275605975,-0.008261315442785518,-0.0018944303111069094,-0.0012165330311779635,-0.0021804491196551865,-0.0031982796397800974
2025-06-17,0.0007431467465595022,-0.0032096970026434355,0.0005131941200071651,-0.0016630692211555926,0.003900173825406937,0.0028519081961833706,0.003476751410082514,0.0009422211597604201
2025-06-18,0.00037373591166328055,0.0001637478033372317,-0.0053856275650212525,-0.003762204661448647,0.0003340333817977759,-0.00012558669715205932,0.0004921504263477863,-0.0011020000312625892
2025-06-20,-0.0009315820906090501,-0.0011538462370039948,-0.00041901914110908944,-0.0011759035087132157,0.0003164575335121737,-1.2896271966814934e-05,-9.203027506330395e-05,-0.0004979530705419825
2025-06-23,0.0019536691686242898,0.007314298189760115,0.003063172458311671,0.0051338531111136,0.0025718013746505943,0.001480975995054723,0.000624890385034672,0.003155156434462713
2025-06-24,0.0034811831622254714,0.008021532754226212,-0.015719378751237623,-0.008188745939484614,0.0026264802078964627,0.0011390671199534414,0.0013822476516222012,-0.0009124541404723608
2025-06-25,-0.002024321892293142,0.0005044164619598504,0.0030373058178449997,0.0008967187816760946,0.0006847838120199116,0.0010156267430425647,-0.0020944742874279263,0.0002780431788583288
2025-06-26,0.004179763875524257,0.006106885413176643,-0.001121487200630399,0.0006815633720399325,0.0038544163058181497,0.004024174803664557,0.0033549924595151913,0.003020845011777912
2025-06-27,-0.002968516826009913,0.0019430664878097286,-0.01812372899379832,-0.012844751086852617,-0.0029224876689617385,-0.003673386680139297,-0.003950770776707843,-0.006044429291596704
2025-06-30,0.005828995449985668,0.0044645286851424364,0.011984547297433588,0.010591941770161819,0.0044841890560334404,0.005191468929977589,0.00578683434982765,0.006871752780094628
2025-07-01,0.0018226353642052224,-0.000931268569360884,0.008923010663382636,0.005768566279564919,-0.001663347836678547,-0.001145359994185731,0.0023499865472849982,0.002130327108865412
2025-07-02,0.0034936034534807058,0.0019029714337653407,0.005527596405484615,0.0055305788747380714,-0.0001908167352907403,0.0019983901131249648,0.0021242553280442686,0.0029024810177923684
2025-07-03,0.0003941566512867557,0.0033970920990625967,-0.006822911403597365,-0.0033425069272918096,-0.0022809122278780515,-0.0011818870278832824,-0.0017628284431455267,-0.0016418024739738276
2025-07-07,-0.006293000502104113,-0.005770494308685776,0.0007487805488752816,-0.0014123119471020574,-0.0032972372808424185,-0.003308984148697369,-0.0055097982516597865,-0.003573042626036675
2025-07-08,-0.0009257151752184696,-0.0009450336235632116,-0.01046700001521853,-0.00649664412553311,-0.0016004436187975328,-0.0019289276253022577,-0.0016163494720413884,-0.0034426601583326367
2025-07-09,0.0040234876221740355,0.005676243649312553,0.004471282664348263,0.0042053829252447425,0.005075546606871465,0.00490848836912875,0.004226678943622433,0.0046613344575493374
2025-07-10,0.0010837700454518792,0.0014825816329147963,0.0022257895319868215,0.002010153614981014,-0.0005696446302985651,-0.0005453264347183553,0.0008163317194813779,0.0009252528511053482
2025-07-11,-0.0012292078659853693,-0.003965216056778997,0.009601575193336034,0.0050184000078734884,-0.0030594904276505393,-0.0010094136450519197,-0.0018849921087622748,0.0005080554557870106
2025-07-14,-0.00016486787911885873,0.0009787618079354441,-0.003655317426628053,-0.0015190196115194626,-0.0005104533183344407,-0.0007191825275930715,-0.0007643277440612387,-0.0009098437459382875
2025-07-15,-0.003483544050641062,-0.004134469980427709,-0.004155705135267751,-0.003538742691155097,-0.003406849920057824,-0.002889456340128641,-0.004108975781749592,-0.0036805624944326433
2025-07-16,0.0034044724821020492,0.0031145758031575197,0.004988096125243757,0.004649591656058617,0.0026654197138587287,0.002619627646811251,0.0032293242913083945,0.0035244812287662515
2025-07-17,0.002924345595184743,0.0035157653136926193,-0.002202165220403639,0.0003793008229135624,0.0006437044731734361,0.0016139090736809727,0.0022447233593055975,0.0012893162904027296
2025-07-18,0.000962765555754374,0.0006597851026096786,0.0026009243475786357,0.0017236493022751746,0.002370890489418595,0.00197289901369007,0.001310612224786232,0.0016602464269682273
2025-07-21,0.005229653439889052,0.0025350093915264735,0.01537011579242775,0.011231445870683393,0.004040249428948024,0.004893804297749012,0.004903621338942494,0.006897362826276088
2025-07-22,0.0035229559938809453,0.0012250511846492599,0.009484882235462065,0.007038661995959961,0.0022735670453963744,0.0018690904579123642,0.0036899934280766955,0.004178943506157407
2025-07-23,-9.22479178253184e-05,0.0036690475691010084,-0.012401181120036625,-0.0065949151026286675,-0.003248898799202945,-0.0031683258973842785,-0.0006520591142378433,-0.003262886859355445
2025-07-24,-0.0018241797023515558,-0.00038851453338632357,-0.00611827697777234,-0.003929143480626895,-0.0012936052873198873,-0.0012304525695221507,-0.0017609444814345077,-0.002381010333880165
2025-07-25,-0.00043045716840633204,0.003471424630099017,-0.009249992647729296,-0.005567969582365428,0.0012864946572227645,-0.0001256644657228578,0.0008505800116613564,-0.0014118382407192261
2025-07-28,-0.0029732119197697624,-0.0010516850890849622,-0.006487960909820363,-0.004457786392850977,-0.001490892962387581,-0.0008905762745306719,-0.003313359013386499,-0.0029626656791645056
2025-07-29,0.006436851290426249,0.0010365263061536563,0.0027503890763838097,0.0033769581582735356,0.0058520953435578565,0.0049803948843606324,0.007053865532906692,0.004502348362834849
2025-07-30,-0.0058987422847583066,-0.0021466534694499417,-0.017273497289540845,-0.011859617447973382,-0.00367061659352665,-0.004319758803516728,-0.005389571953742557,-0.00721810818654103
2025-07-31,-0.003220908468271454,-0.0019076975074898525,0.006645401570921184,0.00164526820079076,0.00021629265222908387,-0.00023129590661364577,-0.0024598208411483226,7.072549221980219e-05
2025-08-01,-0.0007937790129544362,-0.0051648031125780865,0.020299689958884513,0.008188153972273725,0.00805447788215055,0.004799597230466163,0.002377805037678205,0.0053678155542576005
2025-08-04,0.006828414511863737,0.00953801764437184,0.005823229257701404,0.008003693575830252,0.0029330819400041497,0.004740593010161612,0.005537686713182007,0.006196822815920359
2025-08-05,-0.0010122214746045915,-0.003309330001535224,0.0008040912066364903,-0.0005953664091240566,-0.0014883678548687173,-0.0022106395277680145,-0.00039827080104749455,-0.00116970249087972
2025-08-06,0.0006476625496168281,0.0042838745806864035,-0.002140617731893836,0.0012213455064391321,0.0003514349181649992,0.0014574929058289083,2.9611435601824425e-05,0.0008216470134926301
2025-08-07,0.0024490784831926083,-0.0007955513639955124,0.008437987494967816,0.005987874495975646,0.00026003173773692394,0.001568648408790771,0.0014343338884569205,0.002765840750968397
2025-08-08,-0.00018838169497906106,0.0037780417694455353,-0.0002235798585540336,0.0012909516442637069,-0.0010205648990104503,0.0003647980813105757,-0.00114170370141304,0.0004000852426914023
2025-08-11,-0.002718703275514953,-0.0010707056208412058,-0.014374701087597629,-0.008368881841015348,-0.0007043500392529863,-0.002226555666849072,-0.0016610459572508098,-0.004476476461388258
2025-08-12,0.0035718060557789364,0.006345457898792273,-0.0009074665058316162,0.002765023523394097,0.0008193922971441398,0.0018733600271694266,0.0027011939104294312,0.0024513005892578764
2025-08-13,0.004884911319792187,0.0034787894854929795,0.0030492830145867358,0.00302095889099133,0.0030643905837129414,0.0025450601980880816,0.005112131915186512,0.0036001379666786106
2025-08-14,-0.004045262343081278,-0.001218271696076999,-0.006338706734070327,-0.004385550031987607,-0.0028896941110938008,-0.002646228771860339,-0.004150851512762654,-0.003672905239709823
2025-08-15,-0.0014746040863512263,-0.0022507586827159917,-0.000235761665988556,-0.0020115405587614,-0.0020946344967687366,-0.0022339357611175243,-0.001593469586538591,-0.0016728544488626889
2025-08-18,-0.0010688716276226616,-0.000508659083484676,-0.0013818900338559046,-0.0006559488555386952,-0.0007748728415326991,-0.0007912584441450588,-0.0013569503275819843,-0.0009393301787561015
2025-08-19,-0.0014945584048301351,-0.0022468717963963192,-0.0067231595997240615,-0.009239961580727032,0.00025096487337442346,-0.0023296602137218266,0.00010978433703832415,-0.0030395303654097874
2025-08-20,0.002030257886893748,-0.0009995499280325924,0.0076594757940401815,0.0014841158637455417,0.0026951288610107017,0.0019491866653271847,0.001570372429776824,0.002406755466529873
2025-08-21,-0.0025548809545890934,-0.0035765735975459845,-0.003645359943867161,-0.0038975768463906497,-0.002142085969973488,-0.002674313550631595,-0.0029308699282770464,-0.003049909668416715
2025-08-22,0.011737203057233895,0.01140986147194195,0.011419902900918068,0.013110435417778643,0.00617382711797093,0.007970868171312437,0.010663453988714777,0.010329469455760909
2025-08-25,-0.0026382762108218623,-0.0034323158264685243,-0.002486138991701884,-0.002711993351094291,-0.001343140118957399,-0.0017023461567156819,-0.0027328809623463025,-0.0024345131498979358
2025-08-26,0.0005392733419471772,0.0035009904310272983,0.007204683801091691,0.0057865620555638975,0.0018921694983540006,0.0027071927996004685,0.0006772146202778234,0.0031664888360142724
2025-08-27,0.000901776953803924,0.002118743227428264,0.0020187288833615207,0.0016759453108340712,0.0017761906006032665,0.0017638083130122227,0.0009429094150920218,0.0015964952168103972
2025-08-28,0.003908252655625155,0.003041904368752727,0.007419038046796884,0.0066759740353165,0.0032133905236525384,0.004024522068491695,0.0033266786039381174,0.0045129929849191805
2025-08-29,-0.0019344191611138884,-0.003914711025351098,0.009649901776661125,0.00440085291329794,-0.0003701550652866969,-0.001280041894709616,-0.0022761714922940463,0.0005058818548410908
2025-09-02,-0.0007289153761390916,-0.005637742937954728,0.023642559312442486,0.014952763609024509,0.0005277815883236257,0.0010442069710961774,-0.00244149476885007,0.004378400350468856
2025-09-03,0.0041009758174321365,0.004630082394963138,0.007831992196408065,0.007185961621561467,0.002691390400081102,0.003990618743021369,0.004528067152829932,0.005020523519830951
2025-09-04,0.0031744762792379148,0.006804255404354642,-0.004418882618094519,-0.0013234850182762515,0.0028824667339285236,0.0032412448001286533,0.00423542035140237,0.0020945064785784675
2025-09-05,0.005954208664612243,0.00019797692826941206,0.013329625113184331,0.00986363520151885,0.003971484899181293,0.004421625917046783,0.006407957651130479,0.006311157181141642
2025-09-08,0.005425762704863413,0.002715058942992431,0.011388067271604015,0.009418379052775327,0.004105767943758477,0.004826170779444446,0.004912706377730644,0.006126958821963126
2025-09-09,-0.0001304902747848537,0.00043006089208097247,-0.0022699054686092794,-0.0003714498011975896,-0.001630924154650582,-0.001016035254235801,-0.0008195245697030919,-0.0008411594657490079
2025-09-10,0.003358463762884794,0.00280800830427077,0.0035922056391106674,0.003323777386026854,0.003051857947949871,0.0026551373036554993,0.003195568404341657,0.0031376760990314127
2025-09-11,0.005638639419016641,0.00559842749283036,-0.0014913797811720775,0.0015439694478784796,0.0006018238028392538,0.0012757780387945413,0.005610463813443287,0.002658358613482139
2025-09-12,-0.0002693297984837108,-0.001350356298614006,0.00197157259784841,0.0021932332666037904,-0.0013606131222413075,-0.00021501896531121853,-0.0010902828149724733,-1.0137501942042958e-05
2025-09-15,0.005122052050515276,0.0038593116252555997,0.010404836010558855,0.009441986514007395,0.0032821391726262543,0.004683216416862508,0.004133754697635761,0.00586530765113239
2025-09-16,0.0015346530924441994,-0.0005932933907607029,0.0019922483350798535,0.0027715158806026967,0.00160027910449331,0.0012066206970156844,0.000957676128769552,0.0013436512958908996
2025-09-17,-0.0027764948333526026,-0.0016100520793441596,-0.0077151716641871105,-0.004885637878578161,-0.003377743205216053,-0.0034893527903358014,-0.002364816828758434,-0.00375680721697393
2025-09-18,-0.0011940792755651762,0.001481745125419996,-0.004006309459670286,-0.0019959330452937627,-0.0029305194421143026,-0.0011577092977024038,-0.001717617615035721,-0.0016344019889391772
2025-09-19,0.00027206594706477344,0.002815057726851026,0.010607227252210409,0.007234361956369456,-0.00013452085850158,0.001881869342052628,-0.00019934195567132047,0.003215306567104109
2025-09-22,0.0028745158058953793,0.0021951349002546625,0.017306430933261334,0.013071411817017051,0.00011874039751765789,0.00247481343419744,0.001300185543341331,0.005637147849074663
2025-09-23,0.002183366135560062,-0.002183368374109507,0.004086375052867464,0.0022125084984887886,0.0032239744036374756,0.001700996684794059,0.0023216352430712323,0.001932809731323613
2025-09-24,-0.003658724963442642,-0.0029853122495511475,-0.009063049726670935,-0.006913218901638525,-0.0022171030336426683,-0.00304961368962376,-0.0037308779473380696,-0.004539015042148987
2025-09-25,-0.0011813920254909237,-0.003654639707371027,0.004149273051316586,0.0007330899249903943,-0.0009273390031360604,-0.001071991532995258,-0.0015489729767313991,-0.0004897643547416813
2025-09-26,0.0026617002725140278,0.0032260264509068816,0.005772270440536516,0.004395154401515107,0.00020033658920507794,0.0012731110435126535,0.002108537975405487,0.002805742442066679
2025-09-29,0.004383661391389186,0.002850194004178742,0.016496514338703007,0.012574611946382382,0.0027593666421687267,0.004268173819692146,0.004127600347450911,0.006806938701493768
2025-09-30,0.0016620202405132228,0.0020980412789927657,0.008540004081594157,0.006551383712329939,-2.2886983457536285e-05,0.0011586129151285362,0.0009674369527128814,0.003022895407157111
2025-10-01,0.003040375388111936,0.0033922427628568074,0.0015753722020723773,0.0031521058294263116,0.002791310341930084,0.0030219447678186523,0.0032379818176980994,0.0028794630502788706
2025-10-02,8.76797297092119e-06,0.0011057416093596794,-0.0034828251513256956,-0.0007007807359836484,8.887761195549757e-05,0.00044289794479533635,0.00046654644593347334,-0.0003180177143620937
2025-10-03,0.0009585053470211214,-0.0007918435968236217,0.008032937892485043,0.004533951611280094,-0.0008712339668899901,-0.0006508109761336141,0.0001865201614273823,0.0016737898915475042
2025-10-06,0.0023455848998486704,0.0009651088938599431,0.018820972239209723,0.014270679589919306,0.00030430243195200645,0.0026245385234290675,0.00023277957199323407,0.005665221000741721
2025-10-07,-0.00011413299364671674,-0.0012353784678565613,0.005159462258136565,0.0014640207213169915,0.002491781028458224,0.0015253123090764537,0.0003825173861128489,0.0013863638950850007
2025-10-08,0.004235123271520193,0.003661163424207884,0.016490956878445037,0.013743480778512788,0.001918925432506123,0.004387727769006513,0.0027462888963027867,0.006802416834055491
2025-10-09,-0.005728147541747601,-0.0020317878379119705,-0.01845284808606495,-0.012584281371660079,-0.002843360541551863,-0.0037107286107355888,-0.004342893160208826,-0.007202630970273661
2025-10-10,-0.01081498611187199,-0.013755379460900836,0.010097700011941968,-0.006734383623137798,0.0019195915371694292,-0.0027982324069799865,-0.006812437705391911,-0.004080484687631133
2025-10-13,0.012416810342689166,0.009306505625635474,0.024301043940617054,0.02290925374033392,0.004226938183267124,0.008097500583792154,0.009358322160215891,0.013052558024346267
2025-10-14,-0.00013380881789791586,0.0003121433042501126,0.007141189222626959,0.0016688569333328956,0.0011295496082126767,0.0005140574398427737,0.0007887480181509387,0.0016851078303413134
2025-10-15,0.0066350226357213245,0.0021739889166653855,0.017295293973315393,0.015828359624412654,0.0005540661984677564,0.0017025201219172492,0.004627260156806431,0.006982778347872122
2025-10-16,0.0032468414045901395,-0.0022477111433481913,0.023387276945731048,0.01878954972098395,0.004604830094720112,0.004922798637444486,0.00313877777794057,0.007989194141344559
2025-10-17,-0.0007698220373518087,0.0027394134495996245,-0.018817055726966674,-0.014600371098478154,-0.0018810420899567177,-0.0023894715167048783,-0.0006035358405386887,-0.005263080270154123
2025-10-20,0.011314216477218197,0.006777273308657411,0.036401974389052225,0.03224542781744909,0.004318763105868088,0.006404917348925375,0.008464293852012012,0.015224790794000721
2025-10-21,-0.009381112777652651,0.0007247052106472137,-0.06426889260666145,-0.053687455806354124,-0.0023154514821939094,-0.005706618352475061,-0.005362291766698195,-0.020433943920991574
2025-10-22,0.0006680725778620633,-0.003048507459269946,0.0001060559483554417,-0.0010408300257654598,0.0003641272643798298,0.0007763532352372631,0.0005847838321448729,-0.00024549426400808435
2025-10-23,0.003577050256718203,0.0022550416069254215,0.004002358382396931,0.004419182205672289,-0.0009753641025957984,0.00044588063844042797,0.0016180210238178718,0.0022315956487495878
2025-10-24,0.0031443135828293457,0.005251730646373663,-0.0033742815627996496,0.0005222817376139642,0.0011612209994030062,0.0008556333989111942,0.0027508572719669,0.0014644822084787423
2025-10-27,0.0021046747275211644,0.007099069231140712,-0.027839530498784387,-0.014175369793761498,-0.0006951579199129357,-0.0018928452182882423,0.0025775999429998365,-0.004713856595519065
2025-10-28,-0.00243091630309711,0.0019706597331034595,-0.007166030388359275,-0.003149237776247156,0.00022093921354949034,-0.0007846125822882962,-0.0017079841392763902,-0.0018484050861740404
2025-10-29,-0.003889237121711149,-0.0022599590943861237,-0.0037872684129753842,-0.001146464317195078,-0.004961736500687785,-0.004288015645401217,-0.005168187463033726,-0.003665229703370709
2025-10-30,-0.0029494565986914636,-0.007239627169574049,0.01964188672951094,0.008708550330512807,-0.0009876268063788872,-6.890894622890824e-05,-0.0035420000921378507,0.0018461654137857898
2025-10-31,0.000395373858183271,0.0021456989846570704,-0.005430550723012568,-0.0023866221752601516,0.0007658633867662894,0.000978939646178169,-0.00018268932361039053,-0.0005255744868709275
2025-11-03,0.0017176261345217352,0.0009472293162766638,0.0017929035935666533,0.0028305674919419316,0.00044649568540973373,0.0009541790652135946,0.0006510360662847296,0.00132541695363444
2025-11-04,-0.007629731206979751,-0.006641681195912042,-0.017544110376342955,-0.017038490172644517,-0.0015806742957028127,-0.0017885597202928463,-0.004720076296260174,-0.008152005320025614
2025-11-05,0.001025082012140923,0.00014893266886187198,0.011564369498526786,0.008462652352140011,-0.003145262033450821,-0.003165447869011365,-0.0008244383408720946,0.0019967944946606125
2025-11-06,-0.0024444439394429476,-0.004380659578150993,-0.00120051957567969,-0.0064540746159405735,0.003072084751147166,0.003599245094596655,-0.0002433557516384683,-0.0011436271645466826
2025-11-07,0.0016913200485959385,0.0007535013220532841,0.006119021470095682,0.0018537995109482884,0.000589330421270518,0.0010090459499358991,0.0010857772333407823,0.0018892641312844704
2025-11-10,0.01012743500679858,0.008742213863431934,0.0273411185983805,0.02223742045999097,0.0022657357653461416,0.0029883158458107843,0.006561855347098003,0.01149862478431764
2025-11-11,0.0037989438340481174,0.0026171284701213735,0.003937814406542059,0.0018468283561851985,0.002992414103173109,0.0035770028336700914,0.003879972144021011,0.0032407522384116233
2025-11-12,-0.00015074284342660757,0.0004159621939612226,0.016110762091908523,0.007512443044835103,0.00030028333142906793,-0.0004708917653772548,-0.0005600293364808926,0.0034032872061140343
2025-11-13,-0.010067198773640916,-0.011145002630128433,-0.008115657135907263,-0.009946645463631498,-0.003722809909429901,-0.003973723838290585,-0.008578783325598405,-0.007970414394949412
2025-11-14,-0.0025280994505798905,-0.0007657433261282936,-0.018047911171504484,-0.01187270054132375,-0.0017805662630965753,-0.0021128925376913263,-0.002166592486102048,-0.005585103593300819
2025-11-17,-0.005138331882518473,-0.005102553873775083,-0.01146397929713949,-0.010975674118402173,0.00014765813985868299,-0.00026553240281918075,-0.0032744112499680828,-0.0051209039407849165
2025-11-18,-0.00043931733778461,-0.004320419212362575,0.007264932736103609,0.002888301607557856,0.0025720244302764412,0.002815861492517704,-0.0001868929489656487,0.0014462774113569768
2025-11-19,-0.0014394420247896673,0.001991988777368823,0.0016294519610446936,0.0006281255145675309,-0.0017850573538215632,-0.001911749890790426,-0.00134953227481272,-0.00030376094881319477
2025-11-20,-0.006489639097791511,-0.00807308739885516,-0.00029332556557750013,-0.005536514668922316,0.0002621678502655175,-0.0001683069250539152,-0.003989930858483413,-0.0034992463599736075
2025-11-21,0.00387923757349745,0.007224083520701915,-0.0015473311468576659,-0.0005793393359881964,0.001841369843073204,0.0015089985016283247,0.004156741090163822,0.0023919327078200203
2025-11-24,0.00946987459938547,0.009423650946022469,0.015819380061587472,0.017332200076319946,0.002633019322171856,0.003471731475020263,0.007338683607559274,0.009323123482341648
2025-11-25,0.0034120781065092617,0.006692355140268235,-0.0003156907704157071,0.0011766831297272298,0.0013833211453436888,0.001196826875690068,0.0034268738836683377,0.0024222792024165283
2025-11-26,0.006087030631789588,0.004498869491252147,0.007998338908444145,0.008066753746456518,0.002533393204449957,0.003012569806813869,0.004923411851465332,0.005305346652375007
2025-11-28,0.0040004555857292914,0.0026234977022040074,0.012424331348639172,0.010931963566706572,0.0009072786871599061,0.0017887362651669934,0.0019304312858121032,0.004942962717416827
2025-12-01,-0.003954109791590676,-0.004880760750938673,0.004821066034977666,0.0027469909859583887,-0.0037973002382117277,-0.0033452785051175386,-0.005049701910936542,-0.0018984142792943053
2025-12-02,-0.000254663273256454,0.0014505865047971965,-0.006440050713598426,-0.003115352207994456,-0.00018536740751350946,-0.00037350805890520465,9.540232608908132e-05,-0.0012885196973930818
2025-12-03,0.0022386203613584,0.002916088276239018,-0.0009296182229129293,-6.68648027550575e-05,0.002316287594786207,0.0023000358452330374,0.0022947688490851767,0.0015688052811262962
2025-12-04,-0.0011263117229143125,-0.0008291715696042547,0.000615913761592526,0.000286717964000913,-0.0021584165431037514,-0.0019318316432088399,-0.0017558946704767423,-0.0009836044557133448
2025-12-05,0.0010038355448943605,0.0003158276494902025,-0.001782353299158657,0.0012314544988935492,-0.000795194718622277,-0.0006474553991969009,9.952385814189784e-05,-9.797068370494261e-05
2025-12-08,-0.004151115485431909,-0.0026336420901279974,-0.0026394498686159737,-0.0026539327691296197,-0.0035459040345616043,-0.00376150379941202,-0.003642219457328543,-0.003288551478010773
2025-12-09,-0.0004229073303070723,-0.0010984654922449385,0.005137202012788664,0.0029393825630567774,-0.0013134680246792243,-0.0010679875447731442,-0.0007763702344818744,0.0005033502928323432
2025-12-10,0.005293879912417892,0.005275292105016274,0.00425914796716631,0.005930158306099733,0.0037738550003223385,0.003764907842548546,0.004879885667689616,0.0047229769506202555
2025-12-11,0.0006556949657426781,0.0014434265175793455,0.010769830543307707,0.00530585757104027,0.0002955742160374246,0.0006159974593369481,8.799737288209284e-05,0.002777648904919106
2025-12-12,-0.00707926765421608,-0.007554724647459842,0.005594579039939646,-0.0014328523754598105,-0.0032801294310464764,-0.0033108185930747804,-0.006629401789049594,-0.0033484394945473527
2025-12-15,-0.0008563957305383022,-0.0005924188303904792,0.0008917261215231201,-0.00031084464393979364,-1.6691955892774914e-05,-0.00019450779888702203,-0.00023853150576011765,-0.00019381488226055297
2025-12-16,-0.001520389381911699,-0.0005144765068259764,0.00022745542760294014,-0.00016595688808658,0.000806363953055335,0.0006319680842231485,-0.00029272085004430426,-0.00013378833198795105
2025-12-17,-0.0016360125445341878,-0.006664590796651272,0.008588228474273749,0.003083753371268607,0.0016761570310302322,0.0017630167899902291,-0.0014773496861498802,0.000758478496081401
2025-12-18,0.0033466032136695825,0.005544535853519958,-0.0018032036998042377,0.0017310166478967054,0.0012293218669497709,0.0011052521283328796,0.003349347811917373,0.002072082430725977
2025-12-19,0.0030412194909798925,0.004500585933247602,0.0011289903434379468,0.003639211880200899,-0.0006874212616225009,-0.00027499733117383415,0.0011797599615804401,0.0017995314159218365
2025-12-22,0.006014366158484357,0.00331790647129017,0.02308160549906856,0.01859499952713854,0.001853631911900894,0.0026668097858542797,0.0035340647491441937,0.008450338256654947
2025-12-23,0.004563826591868016,0.0025815157652113387,0.013252341857567624,0.011215685594798047,0.001795278484455029,0.0023360031231243763,0.003010970288985863,0.005581565912879854
2025-12-24,0.0025278083709831378,0.0031200345715608085,-0.004165171155279227,-0.0033250150058187766,0.0019472185433149088,0.0019324472599181863,0.003122690574897938,0.0007396000606824706
2025-12-26,0.0022405655646861294,0.0003126274791657294,0.011676735474757114,0.010531537396854945,0.001785935571391121,0.0017753087167883496,0.0013142205097389059,0.004214296751114961
2025-12-29,-0.006138038946013196,-0.001557395339556353,-0.04352830195311328,-0.03859693362069599,-0.0022311006370388225,-0.003285235642889833,-0.0027626083523193245,-0.013990483437456746
2025-12-30,0.0005855829362433759,-0.0011466360321846871,0.0007275678386380322,0.0006416069744604023,-0.00029079751591051025,-0.0006952633417477446,2.425879913673057e-05,-8.261703111442137e-06
2025-12-31,-0.006809329118529984,-0.005766770590099593,-0.006467991163222385,-0.006448612829265258,-0.004350394191084885,-0.004481765802665667,-0.006080303000364494,-0.00577855574919865
2026-01-02,0.0035730079021856864,0.0007609053508545987,0.004970859258759619,0.005538853455945547,0.00012502129832399106,-0.0004068123902072553,0.0022802319963239987,0.0023959428991092886
2026-01-05,0.00923255449479066,0.005197519456347541,0.026313174195160983,0.024085674942270017,0.005824952984697256,0.0060257535103284965,0.006862933199011044,0.011819411352437177
2026-01-06,0.0040988923568836405,0.0032614132675895264,0.010796798139285212,0.009902672607749886,0.00040429048791281266,0.0012122737702736045,0.0026147113120901897,0.004616296541818292
2026-01-07,-0.0033292889219292566,-0.0011945184178589283,-0.009559953917112056,-0.007627643159353609,0.0003554551092096012,0.00041765372232855947,-0.0016925452024594862,-0.003265377062031624
2026-01-08,0.0011997674537689079,-0.0012621362134176372,0.00552251591372754,0.003364603196086935,-0.0015325566008683443,-0.0019997677223962426,-0.0001427745330944719,0.0007568497262933677
2026-01-09,0.004764944864980456,0.004431312028820723,0.007242001159325271,0.007363270620233535,0.00189332463498631,0.002580812625859979,0.004144052777062627,0.004631483504431769
2026-01-12,0.004872882342992644,0.0004505608612922914,0.01872272961316888,0.01524937593693858,0.0010452110088585349,0.0011306871901754954,0.0025061920258107645,0.0063434099483616006
2026-01-13,0.0006703228797367118,-0.0007105967685451898,-0.0014210408732292486,-0.001837193650373985,0.0013898738277440886,0.0009971609638642924,0.0010890203178547096,1.7002119103847997e-05
2026-01-14,0.0020954080129197876,-0.002134211365827591,0.010222226854542209,0.0067033245327596845,0.0019013980913150318,0.0012779159387025893,0.0023637081599634994,0.0032646872898410653
2026-01-15,0.00012707821434272486,0.0007839107310960101,-0.006148607215011082,-0.003428411625768859,-0.0022972256242417793,-0.0019753273690830972,4.534066661386659e-05,-0.001854651699100068
2026-01-16,-0.0013501509238383023,-0.0020360743652758813,-0.004818883830700504,-0.004255794780103271,-0.0036546455727220527,-0.003500059420859304,-0.0016406798693448393,-0.0030335256731721673
2026-01-20,-0.004696032204771694,-0.013829306195854789,0.03783617488689293,0.025752580369825025,-0.0014225507622494674,-0.0021041338176498513,-0.006661635606981674,0.004955947139603943
2026-01-21,0.00978124245529995,0.007952390182659717,0.014568979615140476,0.014749732901085508,0.004480575020268589,0.005112769814509852,0.007985912179744651,0.00928298908178269
2026-01-22,0.0038764801715553796,0.003092261475662646,0.018462584149503188,0.015780961306817394,0.001433128859530981,0.002219162669223337,0.002444489611755327,0.006886407438541504
2026-01-23,0.005547148725227796,0.0008840838082839774,0.013745304981574552,0.011843095325220585,0.0034689032869801273,0.0034314978539131094,0.0038922824234471423,0.006233063482947994
2026-01-26,0.004095757370674202,0.003634074117356901,0.014628847613605382,0.011816604659329398,0.0025828366758083553,0.0029976623507192756,0.0029497750478058573,0.006246992513601327
2026-01-27,0.006886675009664742,0.0019129524511119005,0.024512236213845278,0.02392635264417188,0.001857973918272862,0.0024986895311522265,0.0034771287048362127,0.009321693145702883
2026-01-28,0.005323699331968081,-0.0003929351742715811,0.03877334849490529,0.03658892782153413,0.0025646309186053346,0.003262473329666472,0.0019429423281236387,0.012724138118747733
2026-01-29,0.0021706700349608424,-0.0007777500471627349,0.002709471741559215,0.002191125007335659,0.001486926078604421,0.0008553816045599196,0.0018858813516035287,0.0015081865035898138
2026-01-30,-0.0207385287413103,-0.0020411515621927808,-0.10274245274560025,-0.09741196680106826,-0.009606971340638438,-0.011518774755668919,-0.01203978900014761,-0.03762362719010458
2026-02-02,-0.008528572338533859,0.002197220734551365,-0.04004945911975229,-0.03698991737466635,-0.005513993000766217,-0.0050209784559004335,-0.005475681496762295,-0.013903956233998763
2026-02-03,0.007520409949045835,-0.004712733862024769,0.06358720612372097,0.058849809206676734,0.004991759378472932,0.00442705116973119,0.0038327569181312963,0.018893384234119154
2026-02-04,-0.0027220607201877862,-0.0029877312301371684,-0.000704411979571618,-0.0016657715729252113,-0.0010627166051869325,-0.002124794580835519,-0.0018030340907785865,-0.001898031688793346
2026-02-05,-0.006215841385398077,-0.0051675927902816,-0.026651010024852078,-0.023352774381889117,0.0034059272779997317,0.0012088415053113704,-0.0017073772372968206,-0.008410378658045427
2026-02-06,0.013771989282099332,0.011425933360114784,0.0307322947909061,0.02834151059100499,0.002409855761839737,0.004540813703305979,0.008720445491148948,0.014214918534281726
2026-02-09,0.006586144650192141,0.002976994818986037,0.025402905944066564,0.022057636029869987,0.0013315663057162591,0.0027422425428334143,0.004566290249373091,0.009410841998705878
2026-02-10,0.0012576658795103756,0.00015732894594625664,-0.00991372052098193,-0.008232495262743441,0.003448486979124543,0.0022954816295129,0.002813482528196,-0.0012319756480897316
2026-02-11,0.0027097285280352126,-0.0012588417635105546,0.011310577541873812,0.009795111703349287,-0.001105042202587022,-0.001203740977648038,0.0011318880545717397,0.0030940749135261
2026-02-12,-0.009187663545415753,-0.006821034725927439,-0.034728289598193615,-0.030728932251310934,0.0028252701119041777,0.00011442945326859159,-0.0034498933539000975,-0.011888113857514414
2026-02-13,0.00694082735411456,0.0020086504631237775,0.024878663914389847,0.021222827962774034,0.0038960308788968624,0.004996165562385604,0.006602251468318803,0.010064085396729018
2026-02-17,-0.003912203444055148,0.0008760270264735913,-0.03122117865782342,-0.01974255297794339,-0.0010973588261094158,-0.0022254379962366837,-0.002782793747176713,-0.008685493654682535
2026-02-18,0.0052223431573715316,0.0022025304485890516,0.02248992926758217,0.015356490250811709,0.000279975581202853,0.0006609603123648523,0.0028538752813245267,0.006976714646340884
2026-02-19,0.0004036201228422723,-0.0012188392829265802,0.002793049626224947,0.001081860309959385,0.0011670176865326344,0.0004305635680171568,0.0010320598223609039,0.0008205532111308649
2026-02-20,0.007593867986220425,0.004348238944631135,0.01971450432310215,0.019236669937742108,0.0015679968252354684,0.0023689312414089,0.004695014458060039,0.008470831346936545
2026-02-23,0.0009023480591796026,-0.004726094246215864,0.02701550039268702,0.01226494550159874,0.002686785887072217,0.003056533739242754,0.0027932454828354,0.006452448173048039
2026-02-24,0.0024251073447779823,0.00427641438445631,-0.013858904264985011,-0.002962925862549434,0.0007003184609627968,0.0002991658430839619,0.0008048569080255323,-0.001366052519246043
2026-02-25,0.0032243926036379903,0.0047478974406572096,-0.0025072627221415103,0.002172509147662774,0.00025778488035552193,0.0010404837189408257,0.0010159301938182472,0.0013728357040235777
2026-02-26,-0.0004570178996003057,-0.002280919261281729,0.008559209833153577,0.002220500678182903,0.0015808085295791758,0.0011399862774122223,0.001356989607781923,0.0017337752000643276
2026-02-27,0.003173437189482019,-0.0012653852684109906,0.013131416749195362,0.007682773712895725,0.0041512534655779075,0.003665738187846987,0.0036983046007590596,0.004910084032010493
2026-03-02,0.0010681432655900666,-0.002088887878416353,0.012919896640826793,0.004531440311918551,-0.004067753768271379,-0.0038791698365506127,-0.0005394092734852781,0.0011666158865665049
2026-03-03,-0.013176070741689805,-0.00572236821748586,-0.04461221500318876,-0.04149796933572781,-0.002998061477711737,-0.005165779543074925,-0.008779722556606629,-0.0176392388482824
2026-03-04,0.005131473582353753,0.003368667108255674,0.007818116439543884,0.009011985177483696,-0.0003570894821577021,0.000724417575977954,0.002487922522497208,0.0040033138406398786
2026-03-05,-0.005437937628953432,-0.004579451700779736,-0.012017768242597704,-0.01376675408109522,-0.002713097098850334,-0.0036486680454454346,-0.0046080149144207974,-0.006677769355226969
2026-03-06,0.0005017990415761642,-0.008078246881492638,0.0158325033906965,0.007293268533972505,0.001335967885777787,-0.0014311169217940305,0.0013541058290269547,0.002409985880718007
2026-03-09,0.005136995133725763,0.0064858764767324,-0.0020839203239122663,0.001883924423551613,0.0029452318372560032,0.004115506073580558,0.004231359765222253,0.0032638072129764235
2026-03-10,0.0008883797098741706,-0.002243744550446067,0.011279678721001439,0.009337702604553456,-0.0015059798047470326,-0.0018535561633439212,-0.0012371406880473416,0.0020759659584166264
2026-03-11,-0.0020900174875118525,-0.0025723588833444617,-0.0033901041452459755,-0.0005825735116197289,-0.0025636516205233637,-0.0038208811261280637,-0.004034748982043148,-0.0027302888427788766
2026-03-12,-0.00841434776147441,-0.010432819507499781,-0.019653925633074425,-0.01779784793931091,-0.002815767532431025,-0.006024497688239101,-0.005548397726541955,-0.010151834109063531
2026-03-13,-0.004493608554620725,-0.003812425215012917,-0.01293696127860077,-0.010120667422534193,-0.0015379096839386154,-0.0024184870880282292,-0.003762113787115256,-0.005565781298881417
2026-03-16,0.006533217424790561,0.007897100469197206,-0.0008896876689684609,0.0035209876440258836,0.0043237762129941775,0.005028839225106689,0.005236282234318747,0.0045656912237640145
2026-03-17,0.004707520227106866,0.0022864245862068934,-0.002519392047785829,0.0009795862935706157,0.0030112976319731266,0.001984242364194342,0.004575513013174847,0.002161442268684284
2026-03-18,-0.010292959945895325,-0.010226764160781268,-0.031661993019993596,-0.020027562699696556,-0.0040045988352110425,-0.005956677757088993,-0.007920651956146725,-0.012936408058204238
2026-03-19,-0.005950323277348945,-0.001514980883150148,-0.04121506267652218,-0.024941148501176385,-0.001136896488896846,-0.0038327363054064265,-0.0033590266947087014,-0.011598063694261862
2026-03-20,-0.018236054313961168,-0.012179325847432247,-0.030557441587655495,-0.024908413034762284,-0.009407182987658436,-0.010450388832304668,-0.016170879469511634,-0.01728735073168181
2026-03-23,0.0013087625304400233,0.007534304101625203,-0.02259421410703787,-0.0119585541481447,0.0014105684189392232,-0.00019881462537671033,0.0011491317041792421,-0.0030099546981893475
2026-03-24,-0.0025483593332321555,-0.0033588662610437893,0.00022274115430986714,-0.0005433755270591758,-0.0025018697354188373,-0.0022986640223731447,-0.0021692623781862617,-0.0019599822883194506
2026-03-25,0.007909821322152316,0.005451226100631706,0.030089336389747857,0.019101010486086742,0.005205924024267021,0.006402263191447865,0.00677706873086894,0.011265832279594608
2026-03-26,-0.014184337231978282,-0.013922427609871684,-0.03759396952904669,-0.027053953989936194,-0.008369591950246044,-0.010286417173992833,-0.01074968067307078,-0.017227662764535887
2026-03-27,4.171962234237075e-05,-0.010244251365151853,0.03191803683470918,0.014557381904191289,0.0030089559602570594,0.001836978440331403,0.001084568220248495,0.0060536035996907045
2026-03-30,0.0018790753620255896,0.000870305796904748,0.0012169580106008691,-0.0017784037220315734,0.006875455286613548,0.005662002333094646,0.004705019097106255,0.0027423279646843026
2026-03-31,0.01654259565263875,0.017972555656580923,0.02521959823223327,0.026423243163048935,0.0001693881061735139,0.0037068715835879987,0.010213030079605738,0.014598247021860007
2026-04-01,0.004375700530406037,0.00417002676349396,0.01073275499563683,0.008701527252562584,-0.001963529798318344,-0.0002829094344581935,0.00216829112262903,0.004187248780226919
2026-04-02,0.0020632515580376425,0.001463612883164566,-0.008855836803801798,-0.006096934553571532,0.004921679004831491,0.003721626782371634,0.003431382265380054,-0.0002205369889512086
2026-04-06,0.0018221623702466526,0.0017971485581975242,-0.001748356222165795,0.002306337243655273,-0.0016154991446646503,-0.001217774540038991,0.00019289100050921658,0.0001636621334364454
2026-04-07,0.0017046181133221123,0.0012676981432147797,0.006270463453553485,0.004122823988206484,0.001704790951341063,0.0018839461643121375,0.0016411935983645886,0.002752308378396303
2026-04-08,0.012830657306301443,0.01612352845909109,-0.002925507593207672,0.005920032521657904,-0.0016499906003531063,0.00044386410967422785,0.007395978252220066,0.005608290485695896
2026-04-09,0.0030127833965103478,0.0033691282625591323,0.006615949672884374,0.005326619249564273,0.00038009049001073433,0.0008778376214624221,0.0017382406200303698,0.0030459879035610897
2026-04-10,-0.00085421990023598,-0.0010606654114816896,-0.003274502549343827,-0.00209336549560036,-0.002383324136592968,-0.0021112775536901544,-0.001503765076212558,-0.0018680169932132986
2026-04-13,0.005932521436301605,0.00679959593044228,0.0026579189852939823,0.006596299193225932,0.003942608364786722,0.003821403964914951,0.004708352630680583,0.004873735700786259
2026-04-14,0.010042747460203094,0.008689881556277501,0.013910393879347316,0.012536286629557653,0.0023137611665109913,0.0038620203365509285,0.007052800897784978,0.008454141508372977
2026-04-15,0.000793157594155062,0.0039694276140577476,-0.006302840965386131,-0.0007009095352171109,-0.0016999448428774411,-0.0012632214819537943,-0.0008944984011745375,-0.0008969750629136484
2026-04-16,0.001679692613113743,0.0008200555393552902,0.001952932211879514,0.003322436135848964,-0.0005962516136719637,-0.0004393607713792261,-5.73505392879271e-05,0.0009441276839535195
2026-04-17,0.007113047729309853,0.009266407549550017,0.01019162220204218,0.008256277756923372,0.0006310278511664649,0.00017217283800604585,0.007570442584160131,0.005968963240911137
2026-04-20,-0.0006471086362227643,-0.0015767941279374838,-0.00363114040255426,-0.003560929039318521,0.0010769125702398553,0.0014904744183130026,-0.00045690657780619057,-0.0010100550397681423
2026-04-21,-0.0074090196931373906,-0.005683942411783409,-0.008965823703366953,-0.01112627145017214,-0.0011078613184371997,-0.0006141826238435996,-0.0063615486278188185,-0.005964782937700031
2026-04-22,0.0072236164090273385,0.006502524935899188,0.016628497057294012,0.015263817040337413,0.0029049353812366265,0.0033969310121766847,0.004834562996978299,0.007997840828829197
2026-04-23,-0.0021027560823434913,-0.0029634095255111066,-0.010841254765524663,-0.007923381396868639,0.00046502668720300403,0.00045262270251593753,-0.001698650164642805,-0.003360387391327149
2026-04-24,0.006207724469997845,0.005460352749618398,0.017670874208735525,0.013143696590546528,0.0018541455175637555,0.0016185502272584437,0.004880962318765765,0.006987768273983542
2026-04-27,-0.0016078536707363495,0.00012800294107608696,2.8598805721845918e-05,-0.001252695802940834,-0.0005780011355611709,-0.000433965849398142,-0.0019462714709919575,-0.0008579382176206284
2026-04-28,-0.0028954002703426972,-0.003342015436860914,-0.0034660765595262303,-0.005685737363566621,0.00016327473926939988,0.0005745831688810103,-0.0014427640063668368,-0.002401479713582696
2026-04-29,-0.0011889894383999566,-0.0019867761288148785,0.0060540994735558485,0.005768703097725075,-0.00016535965329417257,0.0002945565412472394,-0.0026887799987515915,0.0007238906776439527
2026-04-30,0.0080286023356049,0.006730534496019064,0.013145722714623345,0.01063648565685036,0.0021344852916058035,0.0020698762165419476,0.006036579140901929,0.007057177680761491
2026-05-01,0.000768376038662738,0.001969826296415599,-0.0021079929489705006,-0.0015063659160291837,-0.0006621264198436342,-0.0006531199203651517,0.00136560464388137,-7.714088506919161e-05
2026-05-04,-0.0032387091544019723,-0.003675707772242986,0.005957601299531264,0.0011730264752687555,-0.000599177948242807,-9.517608549705495e-05,-0.003368139939564224,-0.0006518801396884783
2026-05-05,0.006586481265094345,0.005423403353912011,0.011132786251790292,0.00801436420344896,0.0009706207719709494,0.001421283592804573,0.0055342441050485625,0.005696268097113448
2026-05-06,0.010619090166730853,0.010365196796630598,0.008468996035108096,0.007531520610877177,-0.0001349991004584326,-0.0007197012278695909,0.009395488017870443,0.006815282284126147
2026-05-07,-0.003823532117016229,-0.0031088365445841055,-0.0065201813059246015,-0.004122682868876336,-0.0023853698880249947,-0.002777015131436618,-0.004070600594605464,-0.0038483722994113417
2026-05-08,0.008070473089085144,0.006009478753975543,0.011487198685879045,0.011077278522466755,0.002696484426361658,0.0030224044935561007,0.00695970078848812,0.007091741215644071
2026-05-11,0.0022733402584037884,2.6168323783731405e-05,0.011328178796505845,0.010047421595518259,0.0015178421942286151,0.0014039573843181033,2.9478165265843428e-05,0.0037513757258086948
2026-05-12,-0.004129476268053064,-0.0022564262444589554,-0.00644283090075665,-0.00349812720388565,0.0006644292936966436,0.00041922178041597273,-0.004250909898273939,-0.0029144228363534087
2026-05-13,0.0012006228193377963,0.0033744614025819765,0.005935881875322544,0.003096535835436948,-0.0015093558297369276,-0.0014704005907864226,0.0011524915028743102,0.0017617273766958245
2026-05-14,-0.0003166744408388513,0.004520276429187853,-0.0020377582398050766,-0.0020106313302840437,-0.001382040992865516,-0.0016757645869397253,0.00024735677216973235,-0.00035602954176817796
2026-05-15,-0.014083684714682701,-0.01042673092548714,-0.01734515124862365,-0.01566197085492199,-0.006559440715689162,-0.005922836691600938,-0.012109782319585932,-0.011857103239371862
2026-05-18,0.0011124134661015506,-0.000649376156771231,0.003940094727715541,0.002267507949374534,0.0004749037975898326,-6.184752722300247e-05,0.00044597656924323187,0.0010478840648673626
2026-05-19,-0.005035471166100102,-0.00553689255361675,0.0023420082202344223,-0.00428874672639406,-0.002227513647722349,-0.0027387386470436982,-0.004489207173321291,-0.003179629404723861
2026-05-20,0.008220199410681236,0.008853297065514555,-0.011835023691354309,0.0002704570181323515,0.0023353765855728885,0.0031261679750486395,0.008760821890812526,0.0029318285401922035
2026-05-21,0.0015728636112664358,0.0014460110269202868,-0.0017895029216903916,0.0002847394836735036,-0.0002876292511117261,0.00022489367444390902,0.0017694880051436785,0.0005174269502183401
2026-05-22,0.0002723791231253878,0.002701311871429119,-0.004386177605479053,-0.004142113493475925,1.132684450303454e-05,0.00037578009876255004,0.0013970132126868264,-0.0005055123211785042
2026-05-26,0.007218349867548382,0.005690200725738337,-0.001236219382817325,0.006681814356514255,0.0012626819832639883,0.0014639264790866774,0.006852785350958747,0.004212193735705475
2026-05-27,-0.003399150677807762,6.47622540872752e-05,-0.012764597678193176,-0.009998825429039824,-0.0021952775825361745,-0.0015807010629122348,-0.0012525473690797192,-0.004347662287957836
2026-05-28,0.004602643325023201,0.004162912347527819,0.004226427776999529,0.006840982795320024,0.0028282156412923662,0.003230784553001004,0.003918364808684139,0.004282104458063833
2026-05-29,0.00023592653420119914,0.0019612851235880765,-0.002037752330346323,0.0005004971655921966,0.0004047076796376308,-0.00023400275087857728,-4.625497944426942e-05,4.2443034877413105e-05
2026-06-01,0.0017078659409507585,0.0009474892237332305,0.02056067476216098,0.010311609607193267,5.889401791779494e-05,0.0014278716542996536,0.0009455853272622506,0.005118962133229104
2026-06-02,0.0032996444878414222,0.001113430476162846,0.00886998148106801,0.005865666346979832,0.0010208121307862753,0.0010285970152029175,0.0028110013355655563,0.0034055766613397924
2026-06-03,-0.00410583980653088,-0.005239246371545957,-0.008176147286551846,-0.005026817867081574,-0.0019719423834760738,-0.0014148119224467598,-0.0035977886768242995,-0.004105310705557708
2026-06-04,0.0004818577507399865,0.002780914939785674,-0.012159125383844168,-0.007055440611104859,0.00010967486969967245,-0.000655088367719066,0.001099188358043518,-0.0022574392937781923
2026-06-05,-0.023098788282421213,-0.017647748876218606,-0.054899128065423436,-0.04426832431962844,-0.007276632687036963,-0.007950461145772084,-0.019071850920826583,-0.024582179585154997
2026-06-08,0.002798719692541382,0.0008684104211915019,0.012825437455641905,0.01070590129454828,-0.0003324618824764736,6.606209837167836e-05,0.0006135514555890161,0.003985589414028468
2026-06-09,-0.000995825470436645,-0.0006537901762570023,-0.006514571008191416,-0.00855488749663292,0.0014237930869619845,0.0008235066167410648,0.0018869205655161541,-0.00179244578349072
2026-06-10,-0.010782489654939395,-0.009834720354904092,-0.006794734581744425,-0.012779646664622708,-0.0007407167615843039,-0.0008206623528634472,-0.006783354947980362,-0.007069152891985402
2026-06-11,0.0157245935731224,0.012931337516249274,0.015410689024191862,0.01850818499119924,0.005591281113231433,0.005148602682937499,0.012692067083698983,0.012506929026060029
2026-06-12,0.001329345231893539,0.002553999269165738,-0.002479247810478119,-0.0011920138920195572,-0.002304245078856121,-0.0024561289656910464,0.001110487204823963,-0.00042364857979873137
2026-06-15,0.01009470729496561,0.011003952042400286,0.010581240187469913,0.014086931554032976,-0.0001306562681188413,-0.0008905320712964361,0.006440910808148243,0.007541894022554674
2026-06-16,-0.0043523631674377075,-0.002591599002294772,-0.013668357970226353,-0.011366028041343549,0.0012488415098889714,0.00042108500087987156,-0.002119888629091648,-0.004700606928287119
2026-06-17,-0.009571639617965642,-0.00972466568589569,-0.0012814843994935197,-0.005770362340117299,-0.005386643827609059,-0.005136882783553725,-0.007873026345501211,-0.006458126455195692
2026-06-18,0.008041431148737172,0.007672902973296923,0.032526304497425745,0.020950202765935743,0.0030350225232706513,0.0026830281271349268,0.0067804917707513825,0.011339613605318087
2026-06-22,-0.0019402637106671352,-0.0034143480892949627,0.005933015447287406,0.0012408134384533642,-0.004067804581913046,-0.004043297256197339,-0.00206147625802227,-0.0012955703851912244
2026-06-23,-0.013225511206658085,-0.008203047332651493,-0.056733618416915,-0.04078191480115186,0.00032725679032926964,-9.47825636742896e-05,-0.006844932055926404,-0.017779059659822686
2026-06-24,-0.0035422949313857603,0.0023406261129810713,0.0011910351829020809,-0.006978007944300278,0.003896509158538429,0.0025517550091556734,0.0015833294530752469,-9.079341160127784e-05
2026-06-25,0.0055255876405451146,0.0011163121694597617,0.010557607204054296,0.011246263376681576,0.0019860224338808415,0.0025992878739277987,0.0031234659736302257,0.005195169198636374
2026-06-26,-0.0018462640748480642,-0.0032747426647306236,-0.01133014498880902,-0.00925625537458879,0.0011231018854062451,0.00021375068806801507,-0.0005324585040561429,-0.0035519403990424015
2026-06-29,0.00315530065644153,0.009954206473079347,0.003380841884763644,0.002503428399736535,0.0005041421732422211,0.0006829625304204101,0.003365575758547125,0.0033677843065607013
2026-06-30,0.00033611063118731984,0.002659918806919406,0.014169392255305946,0.0058286889886462094,-0.004663998646665215,-0.004294921026688134,-0.0024840715148843878,0.0017106267800758384
2026-07-01,-0.006112538977348576,-0.0017758389975511986,-0.0275314649354922,-0.012707752157024478,-0.0027376732763954074,-0.0029662079315313557,-0.004698060768507123,-0.008483455078717537
2026-07-02,0.0009549130796285706,-0.0004218751112823617,-0.011177258392755116,-0.0014903097048733274,0.0013366903155834105,0.0014996840158622653,0.0005160845040543062,-0.0012981001840900082
2026-07-06,0.007836852389983455,0.005545165351252804,0.028036699258859807,0.015464439944310949,0.0016280804990587174,0.00226977114431506,0.004169586336936758,0.00929843908801949
2026-07-07,-0.006793549859969935,-0.004886859109679712,-0.025995365558793546,-0.011174953554447791,-0.0042671061967667345,-0.003755647343269836,-0.006045608136225508,-0.009049469854487202
2026-07-08,-0.0006962746119649288,-0.0026739201511418067,0.008070304158093192,0.0017429579973859415,-0.0007107454481841385,9.144888607454387e-05,-0.001963966321008193,0.0005986866451566642
2026-07-09,0.004678584123242322,0.005890291814772183,0.004407759487479985,0.004091653347174092,0.0007379472323070536,0.0009952084810960272,0.0036902801630785188,0.0035767072425418635
2026-07-10,0.0003286538311350355,0.002252407402675212,0.0008650366191334039,0.0005279342409264584,-0.0013012300492162767,-0.0013027079024435831,0.00013855463621843247,0.0002343346450495085
2026-07-13,-0.007687106114080565,-0.006057243601054769,-0.020599659166226712,-0.011932306742125313,-0.0006962296699239813,-0.0013089252926150735,-0.005773899319661892,-0.007958541135386016
2026-07-14,0.006720937472553721,0.0032465392897115925,0.016283413020654728,0.012100197804866947,0.003456847609849354,0.003550568610182703,0.0043173982554156835,0.007086656213360881
2026-07-15,0.0018619576464354813,0.0033645447278753933,0.00021570577459674488,0.0010930932140796367,0.0029846763702495458,0.002917403609877062,0.0022424500376212967,0.0020706494906957704
2026-07-16,-0.005901349141247176,-0.0035181458481390324,-0.01869071855654929,-0.01132604475046141,-0.0017376965185956525,-0.0020013921722602853,-0.0022778949177477957,-0.006515407450312989
2026-07-17,-0.0006170254276092494,-0.005439210554565698,-0.006025851145160348,-0.0015587622150829861,0.0027947598083238817,0.002296137672983664,-0.0008683218420153597,-0.0014506956857569778
2026-07-20,-0.0015154722971708243,-0.0023364704124244212,0.005015979602547639,0.001581927827065812,-0.0025798089267807123,-0.0024877582383569536,-0.002790551164142497,-0.0007348606924568633
2026-07-21,0.009419544451130971,0.0040253413383098445,0.01914395893923192,0.01764237874566279,-0.0002475640335587439,0.0006349082651960997,0.004386339950337521,0.00795976704250101
2026-07-22,-4.496995328503528e-06,-0.0015946499083415002,0.004741724645723018,0.0018329331358034474,-0.0005684779436015061,-0.00042791781769895053,-0.0013469456857826568,0.0002740590031975415
2026-07-23,-0.006654762164482456,-0.008514830201489845,0.008102113136133734,-0.0019198152190337018,-0.002145122541636835,-0.00308334713592059,-0.006073405872209363,-0.002991674735986372
2026-07-24,-0.0013990865529161364,0.0013842230823875707,-0.011079582323913059,-0.00716254263612769,0.0005562457038343441,0.00042590737508405333,0.0005905146019911603,-0.002529373298532958
2026-07-27,-0.002217566535454196,0.0012032192812008815,-0.02302704209318313,-0.0073545299086201395,-0.001239690520714615,-0.001387720902451233,8.502309266049477e-06,-0.0046833988672061976
2026-07-28,-0.00441391750440325,0.002637521142258629,-0.016018288740261923,-0.012665808814024994,0.0013378773495834363,0.0013091018452522458,-0.0003319976694908572,-0.004086888198566602
2026-07-29,-0.005873333679189089,-0.010951524870667223,0.015945334709418578,0.0020834694544837576,-0.001390444211204443,-0.0020555748988412025,-0.007323827579493252,-0.0014987492356527223
2026-07-30,0.010305264824749224,0.010186738830768633,0.007655690373710406,0.01740122541250583,0.0003453638883480575,0.0014121756611588437,0.005984017760706624,0.007666362485089156
2026-07-31,-0.000390279929533293,0.0032157612237646116,0.005310887111447769,0.0016695515905077569,-0.001465592708140449,-0.0008232924616697833,-0.0007248952580125858,0.0009842681425244785
