Date,DRO_Wasserstein,Min_CVaR_ExAnte
2010-01-05,0.002381444250126398,0.0027515313167845515
2010-01-06,0.000648110961231977,-0.001972364699303435
2010-01-07,-0.0008827659707062891,-0.00026157012184418896
2010-01-08,0.0021354364938751943,0.00134471405343049
2010-01-11,0.0008227807780749673,0.0001715316075884824
2010-01-12,-0.0062125393821976585,0.00016916774538398242
2010-01-13,0.0023768348155603497,-0.0006157905391928589
2010-01-14,0.0031439487108403403,0.0028843128018086737
2010-01-15,-0.004909953664076181,-6.469111199681815e-05
2010-01-19,0.0069781497609622415,0.0027183053319127597
2010-01-20,-0.008358223453932948,-0.001966797490255851
2010-01-21,-0.009090340985583888,-0.0015251848628778555
2010-01-22,-0.010487394657405422,-0.005403450909694667
2010-01-25,0.0017827210097153983,-0.0002024878368939322
2010-01-26,-0.0036820421354905025,-0.00043021166257550337
2010-01-27,-0.0018240169930967835,-0.001654016567007035
2010-01-28,-0.005654259139615095,-0.004036589736011927
2010-01-29,-0.003110902839026905,-0.00010483695244818572
2010-02-01,0.008800031865957883,0.0017464645149893755
2010-02-02,0.007946095567286498,0.005090544909327253
2010-02-03,-0.005944909819211792,-0.004735070565120722
2010-02-04,-0.017922981034232663,-0.0011220553038019097
2010-02-05,0.0010032334224405006,0.00233198390946342
2010-02-08,-0.004450065899643084,-0.001825193581093864
2010-02-09,0.005468211610459341,-0.001749885493510422
2010-02-10,-0.0031454227616312313,-0.002729084753693141
2010-02-11,0.008350719752727423,0.0021037212185036694
2010-02-12,0.00039901002279768333,0.0017963980119068343
2010-02-16,0.01447448077997585,0.006292566617751013
2010-02-17,-0.0016752901247262593,-0.003702233015783113
2010-02-18,0.0034232795105285157,-0.0008729242031834489
2010-02-19,0.000866023227438909,0.0009920766569232406
2010-02-22,-0.0015470845019827108,-0.0009933027770146798
2010-02-23,-0.004671115479026465,0.002803830609876958
2010-02-24,0.004778736597052376,0.002332360527231627
2010-02-25,-8.125454323992874e-05,0.001729289446574338
2010-02-26,0.006130443032337935,0.0033251273754117245
2010-03-01,0.003681642334873544,0.0017328628153711599
2010-03-02,0.004627655048462483,0.0019300011088601871
2010-03-03,0.001596579195970606,0.0002902691574371444
2010-03-04,-8.208073065387649e-05,0.000997530058100359
2010-03-05,0.005899438317750517,-0.0006323189428397074
2010-03-08,-0.001068985447566145,-0.0013121577816427713
2010-03-09,0.00027858765736033984,0.0013471430800357266
2010-03-10,0.0010128100356189228,0.00011159624510683424
2010-03-11,0.0015340834273133153,-0.00017493764118701018
2010-03-12,0.000398401578843723,0.0010280585973827798
2010-03-15,-0.002018797012727281,-0.0009704534126732467
2010-03-16,0.010432362529135732,0.005660414350359649
2010-03-17,0.004253462227362517,0.0024442743513840796
2010-03-18,-0.0012307859813640643,-0.0017621539835494873
2010-03-19,-0.006810307187308286,-0.003008361671125471
2010-03-22,0.0030498181566485138,0.0034869474008031656
2010-03-23,0.0009066791651104044,-0.0008502124612078301
2010-03-24,-0.009993792455154308,-0.008834119942268183
2010-03-25,-0.0022170938476453804,-0.0032191905680940096
2010-03-26,0.0033103491033355252,0.002366385274313043
2010-03-29,0.004534285193276666,0.000980498504593961
2010-03-30,0.0005995178340904486,0.0009993390323802752
2010-03-31,0.000740237442047883,0.000860660877622254
2010-04-01,0.006427815064341253,0.0007334543108389037
2010-04-05,0.0021473921943482247,-0.004344984672850761
2010-04-06,0.003727995030771523,0.003070455630545613
2010-04-07,0.0011165374429377916,0.0032988618742770016
2010-04-08,0.0006043949403716541,-0.00016724858259831664
2010-04-09,0.004761797157619484,0.0026333996169903414
2010-04-12,-0.0001967586836971171,0.0019079436518180338
2010-04-13,0.003581743669078983,0.0024828747154439367
2010-04-14,0.0037600888272932586,0.001912401370492317
2010-04-15,-0.0003866369900106285,0.0023269060239838584
2010-04-16,-0.009405341464243301,-0.0009101321594280265
2010-04-19,-0.002147676539013578,-0.002024551625482742
2010-04-20,0.005673859993220037,0.002378436503752018
2010-04-21,0.005064246623298428,0.0035365116261191045
2010-04-22,0.0011198310937463826,-0.0003008520365711079
2010-04-23,0.003847875589128014,0.00013987311243814126
2010-04-26,-0.0006624604181758024,-0.0005471863933502625
2010-04-27,-0.006095908789437341,-0.00019413846813122053
2010-04-28,-4.6186106703944706e-05,-0.002305083998647171
2010-04-29,0.009806554946483274,0.005644192489811705
2010-04-30,-0.0021620220487587843,-0.0004416912174085124
2010-05-03,0.006181480250488974,0.002228037250236587
2010-05-04,-0.01083112559002786,-0.0044127272342264455
2010-05-05,-0.004768494648520779,-8.572676756343561e-05
2010-05-06,-0.008143780156396935,0.001154511856191916
2010-05-07,-0.0074126090184267225,-0.00429527729502852
2010-05-10,0.018013359141732327,0.0025903088928574906
2010-05-11,0.0017119603904243638,0.0021155691811988965
2010-05-12,0.005804929725934958,0.0012260845343034905
2010-05-13,-0.005103614145007957,-0.0006635351761854966
2010-05-14,-0.00760082207652696,-0.00020135351434165047
2010-05-17,-0.004680603507204425,-0.0033652936989501288
2010-05-18,-0.00276032997263553,0.0032830362541819112
2010-05-19,-0.006203630636972934,-0.0020786224204399836
2010-05-20,-0.013972913486378583,1.889129046875695e-05
2010-05-21,0.007715446518854453,0.0022984627307638885
2010-05-24,-0.002571810339830418,-8.248405820317263e-05
2010-05-25,0.0003276667459451122,0.0017081623969905195
2010-05-26,-0.00016418458778131293,-0.0010044144238656768
2010-05-27,0.01319439076521178,-0.0006004697964936037
2010-05-28,-0.003618185812876318,0.0014102775138886106
2010-06-01,-0.005212542392449868,-0.0014608829565210606
2010-06-02,0.008246301200436578,-0.00014576696399276124
2010-06-03,-0.002343139157695836,-0.0010437229893245684
2010-06-04,-0.009148855952647677,0.003948575290628658
2010-06-07,-8.474326759629442e-05,0.0035715892434367807
2010-06-08,0.0032913844458062128,-0.0013223642699109698
2010-06-09,-0.0013602418153400295,-0.00016637381822449086
2010-06-10,0.0078038250413129204,-0.0037347560876124903
2010-06-11,0.007175095275397804,0.0060657273502368325
2010-06-14,-0.0002988316275729756,-0.0006367282416782076
2010-06-15,0.011494016319324597,0.0018801416660932406
2010-06-16,0.0004450163047171679,0.0014969467905556707
2010-06-17,0.0044767702873605465,0.005323879668420578
2010-06-18,0.0005453531251353662,-0.0007585491052781258
2010-06-21,-0.003504018667861393,-0.0024344538151761337
2010-06-22,-0.0027114789042492087,0.003725165810841736
2010-06-23,-0.0006692453448775744,0.0015915324769188433
2010-06-24,-0.007244983005041455,-0.0023497593939788165
2010-06-25,0.007941929466952026,0.003930647269583843
2010-06-28,-0.002138356194743785,0.003047266475709654
2010-06-29,-0.013670395539340227,-0.001931240371489519
2010-06-30,-0.0012683406433750127,0.0010559089181393358
2010-07-01,-0.006569251431843414,-0.0040628357575939675
2010-07-02,-0.0024606552154947075,-0.0014601363984807717
2010-07-06,0.0009844384580476623,0.0007268131522099837
2010-07-07,0.013664021954166532,0.004108891987201389
2010-07-08,0.0019106680541077733,-0.000427310838398267
2010-07-09,0.003918375428581282,-0.0002253590233852296
2010-07-12,-0.0020069323169978103,0.0006282161417177823
2010-07-13,0.006994605421584384,0.00034033043875066104
2010-07-14,0.0021560017928256847,0.003768262794702455
2010-07-15,0.002667237920823415,0.004092868959372488
2010-07-16,-0.012258574149387934,-0.0008432385234201747
2010-07-19,0.0012354157263850007,-0.0007647413487732958
2010-07-20,0.008179866869800732,0.0033321763066590537
2010-07-21,-0.0027335640113887944,0.0024492611129964233
2010-07-22,0.011170372888550821,0.0014112769929173227
2010-07-23,0.0003606461997277881,-0.0011513382024756402
2010-07-26,0.0038266187274923536,0.001605735804646711
2010-07-27,-0.0056193099772494925,-0.003875858853701867
2010-07-28,6.530390855833789e-06,0.002905082010748949
2010-07-29,0.00048556064831744824,0.0015068318547255095
2010-07-30,0.0072779057487183905,0.0060266903949175955
2010-08-02,0.008984721076207819,0.0021227294988390138
2010-08-03,0.0003097102498068064,0.002852838954711631
2010-08-04,0.002284384953257894,-0.0012366784484927362
2010-08-05,-0.0004263090715942872,0.002292898228350618
2010-08-06,0.002115415666401003,0.004229159693588754
2010-08-09,0.0022865201115393717,0.0014170024826821723
2010-08-10,-0.003227402361600954,0.0013196615004655542
2010-08-11,-0.010014198280252037,-0.0014628128143127739
2010-08-12,-0.0026381343438756978,-0.003313586157756256
2010-08-13,0.0022402718454086015,0.002556331711138415
2010-08-16,0.0077028043116499,0.006242896688769499
2010-08-17,0.004652163494556257,-0.0005922862874203866
2010-08-18,0.0010526390595308947,-0.00028062510312687765
2010-08-19,-0.0035073003691502343,8.704985402149541e-05
2010-08-20,-0.0021267177792355482,-0.002470764987515037
2010-08-23,-0.0028051738259222718,-0.0004531842942210495
2010-08-24,-0.0011587562786593178,0.0031453337104673258
2010-08-25,0.0026680143545142177,-0.0007323020950159644
2010-08-26,0.0002162860503399617,0.002414695704941199
2010-08-27,3.263623184691835e-05,-0.005844349472978514
2010-08-30,0.000320113054400587,0.004402837560367226
2010-08-31,0.003364840934649435,0.0028230830044390955
2010-09-01,0.007084068526256582,-0.000651645679988066
2010-09-02,0.002109827335756325,-0.0007398667390891255
2010-09-03,0.0016013176323365814,-0.0022101681835069594
2010-09-07,0.00205859786607724,0.005604664025197785
2010-09-08,0.001448683388019158,-0.0003032090031567216
2010-09-09,-0.005885025716624447,-0.006451064512944714
2010-09-10,0.0019826071394163786,-0.0003148201772605713
2010-09-13,0.007989428805870561,0.005178966975261631
2010-09-14,0.005402701688801796,0.0064915291567896535
2010-09-15,-0.0011259895803541196,-0.0015810550297187176
2010-09-16,-0.0025021781248596195,-0.0015995830224921736
2010-09-17,0.0020526386043227566,0.0021761641870812146
2010-09-20,0.009223446676057123,0.00521073414826309
2010-09-21,0.0023999786847782676,0.00633542639988912
2010-09-22,0.00037346269244533737,0.00098407010675822
2010-09-23,-0.002447416552703757,0.0006873137660484976
2010-09-24,0.007171889668716847,0.0010269803026529247
2010-09-27,0.0011297746002602964,0.003758716892515346
2010-09-28,0.003941076509282049,0.003272061571843449
2010-09-29,-0.0001807558581369789,-0.0008111766140108386
2010-09-30,0.0006232811094135576,-0.0006388973322748348
2010-10-01,0.0019046095385277983,0.0010497807818924808
2010-10-04,-0.0012481678795800912,0.0004271537871500131
2010-10-05,0.011161700923947082,0.007719784873433378
2010-10-06,0.002900341791987807,0.0036668192924916407
2010-10-07,-0.0037792458039321406,-0.0010785026790545269
2010-10-08,0.006604062287042276,0.004700036191768045
2010-10-11,0.0004191743390944381,0.0008595404579072278
2010-10-12,-0.0004798766942027112,-0.00048643244626124955
2010-10-13,0.006194084110048211,0.003481605458294749
2010-10-14,-0.004277017664783876,-0.003936875667937194
2010-10-15,-0.0030504315533808,-0.0020934067903712688
2010-10-18,0.005431730509813194,0.004507528852910877
2010-10-19,-0.011805927978076808,-0.005917403267906592
2010-10-20,0.008964519767615949,0.0044004948174168595
2010-10-21,-0.005473418285986286,-0.0054380052159193285
2010-10-22,0.003331560850543432,0.00220850875901936
2010-10-25,0.0042698123777362386,0.0025777084556574217
2010-10-26,-0.00338464716025002,-0.003414836372102733
2010-10-27,-0.005811972373390087,-0.004357694801401698
2010-10-28,0.004124262752596549,0.0055308079949569385
2010-10-29,0.0032022733528917122,0.0031546392519764713
2010-11-01,0.0008846912873031115,-0.0006653234206626701
2010-11-02,0.007842589472073017,0.005257780444826612
2010-11-03,-0.002196456562568065,0.0026927312144107334
2010-11-04,0.017047304363410863,0.01185785902593759
2010-11-05,-0.0014551278169366458,-0.0016011025286678197
2010-11-08,0.0014867767842910145,0.00010872138120072907
2010-11-09,-0.013413605123305082,-0.008645636035234964
2010-11-10,0.005647240673785741,0.004227804442015095
2010-11-11,-0.0037504599871151316,-0.0025301504794647484
2010-11-12,-0.016640156419107176,-0.011260475172935746
2010-11-15,-0.008375936355264384,-0.009246142532777153
2010-11-16,-0.00771485413418554,-0.0014356268941840902
2010-11-17,-0.0012213317031554817,-0.0017079511323018063
2010-11-18,0.010578461044972535,0.003954592550419937
2010-11-19,0.0009417690802475552,0.0015207000268640638
2010-11-22,0.004362097150275525,0.004345570074315973
2010-11-23,-0.0045675312580455395,-0.0027566274915626267
2010-11-24,0.0035668223489969623,-0.0016932363524705969
2010-11-26,-0.0018450352639567571,7.410902786650114e-05
2010-11-29,0.0029800347824686176,0.0020003577559098203
2010-11-30,-0.0012379536586534746,-0.0012166794864385355
2010-12-01,0.004866954300466715,-0.001406946321229842
2010-12-02,0.004904808853638549,0.002218716075512147
2010-12-03,0.0031160920571899095,0.0012367188577757865
2010-12-06,0.004429105794619683,0.005056344747018331
2010-12-07,-0.009679199743676847,-0.011790231856277844
2010-12-08,-0.005033173218356317,-0.006596444697458231
2010-12-09,0.001033868729560937,0.0011583741762851434
2010-12-10,-0.0005633384288915896,-0.0043383898916373904
2010-12-13,0.003442034868108967,0.0028716385000523642
2010-12-14,-0.004753184523707654,-0.007358288911540428
2010-12-15,-0.007766880750863758,-0.005129655348707263
2010-12-16,0.0029125240204528444,0.004568143333096387
2010-12-17,0.006990952812301899,0.0074811152916160325
2010-12-20,0.0025051558761028225,0.00150826837549055
2010-12-21,0.005675949353087842,0.003330915506935012
2010-12-22,5.0497819749723656e-05,-0.0009640439901132543
2010-12-23,-0.0015020075397309703,-0.0023561485202148505
2010-12-27,0.002948638233839092,0.0033610493708116584
2010-12-28,-0.0015414502030330296,-0.005658553829843089
2010-12-29,0.006693725440596671,0.007958889038955811
2010-12-30,-0.002068156281931124,-0.001987832823313864
2010-12-31,0.006177460052964564,0.004227046523618358
2011-01-03,0.0038068655894112355,0.002011009987071583
2011-01-04,-0.005281362663283995,-0.000961645641556102
2011-01-05,-0.0032891439978983625,-0.003282406512116126
2011-01-06,-0.0018878304629980757,0.001579216224991607
2011-01-07,0.0007026118418038044,0.002798008772858593
2011-01-10,0.0026446267427294567,0.0024044615405957315
2011-01-11,0.00170109261085199,-0.0002955065341824479
2011-01-12,0.003185103392053781,0.0020114765373734286
2011-01-13,0.0007176986867083294,0.0027899202597755192
2011-01-14,-0.00035035646506368127,0.0007949379743674971
2011-01-18,0.0005344007722584262,-0.00020430596544145319
2011-01-19,-0.0024645558622637263,-0.002640387233020659
2011-01-20,-0.008657071488522582,-0.006152384199547487
2011-01-21,0.0013530450051849406,0.0019132381975298684
2011-01-24,0.0016037848050657938,0.0024307534500090226
2011-01-25,0.0017227768889414403,0.002709722283835538
2011-01-26,0.001425804134218972,-0.0006838933635754611
2011-01-27,-0.0006193826377331006,0.002214829213575457
2011-01-28,-0.0032716250294587755,-0.0038450733128629665
2011-01-31,0.002518636650232152,0.0009920704424062157
2011-02-01,0.005800147233113274,0.004139111038986098
2011-02-02,-0.0007127959227095824,-0.001631924223129113
2011-02-03,-0.0011057380940508888,-0.0033396627296955867
2011-02-04,-0.00350795257063879,-0.005259149265653874
2011-02-07,0.002528522751386439,0.0016179209873580871
2011-02-08,0.000958894595476096,-0.002368811815450723
2011-02-09,0.0010639834716303503,0.0045981487943707895
2011-02-10,-0.003713725896905744,-0.0024135623533083385
2011-02-11,0.005265244729066768,0.004364132534535215
2011-02-14,0.0014577493694916414,0.0008944799321329766
2011-02-15,0.00020852106052311119,5.566318413270611e-06
2011-02-16,0.002248692271902249,0.00024204702796246482
2011-02-17,0.0027998939681330853,0.002739240382135162
2011-02-18,0.0007406071990724162,0.0008210033292575839
2011-02-22,-0.0038662514096880385,0.00290497692115701
2011-02-23,0.0014696009637388294,-0.0011103753363123595
2011-02-24,-0.0005016844220768886,-0.0005775126946140315
2011-02-25,0.010032110865004617,0.008211895607190435
2011-02-28,0.004184451006969731,0.004871097249007609
2011-03-01,-0.0020959333496880896,-0.0034432695723407066
2011-03-02,-0.0021864379923345533,-0.004772234993819829
2011-03-03,0.0017743686669033658,-0.0015225768623109079
2011-03-04,0.002358821997141507,0.0030602695022856428
2011-03-07,-0.005890729050024234,-0.004109264015305987
2011-03-08,0.0008603635532274906,-0.0016537871683199475
2011-03-09,0.0025274157750445193,0.003734224355072503
2011-03-10,-0.006165598860279753,0.0012810773096493381
2011-03-11,0.0014588320386115976,-0.0009667597611706479
2011-03-14,-4.523484319573232e-05,0.001320070487182886
2011-03-15,-0.007828211265074011,-0.0036760352848435656
2011-03-16,-0.0027797378063693715,0.003252410875045939
2011-03-17,0.005935047163439369,0.0023015299286126023
2011-03-18,0.0033318340202224996,0.0006150635244644637
2011-03-21,0.004916630616914131,-0.00038372651592321174
2011-03-22,0.0006990321090601544,0.0007427531662299513
2011-03-23,0.0019158627723183665,0.0003383698558101436
2011-03-24,0.0010625171455601935,-0.0014680047550561593
2011-03-25,0.0004835602934256046,-0.0011512814904777059
2011-03-28,-0.0030916364124331437,-0.0018846320095248007
2011-03-29,0.0010492682781643018,-0.0005590470840099695
2011-03-30,0.0056761172201385155,0.0033552153297758056
2011-03-31,0.003021757223847449,5.500811541113513e-05
2011-04-01,0.0036371959746037043,0.002345803212953042
2011-04-04,0.0026983392175486632,0.0023552817464525585
2011-04-05,0.00044598811026862623,-0.0023427383351408257
2011-04-06,-0.0014524273626115695,-0.002212500374297134
2011-04-07,-0.0014070328269115198,-0.0010748712266688792
2011-04-08,0.0011073588135612439,-0.0017478006923722614
2011-04-11,-0.004199746656862585,-0.0006664301784220315
2011-04-12,-0.003549988490544098,0.0014346307012459668
2011-04-13,0.004126988583465883,0.0035388108168412967
2011-04-14,0.002385188522235149,-9.673035701718748e-05
2011-04-15,0.006534909066555603,0.006765178337570506
2011-04-18,-0.0035274883180413134,-0.00012121526559263687
2011-04-19,0.004001826185174369,0.0024283771130241853
2011-04-20,0.007192638992742377,0.0019860347732614083
2011-04-21,0.0036499400917316275,0.002424207807678156
2011-04-25,0.0009832356786285267,0.0030118371422379097
2011-04-26,0.004855181097093185,0.0043575465453431885
2011-04-27,0.0029475107029872175,0.0011937533099144672
2011-04-28,0.0023373190224575263,0.0038195658735589062
2011-04-29,0.004434966444575399,0.0023047420986212104
2011-05-02,-0.002522497122640362,-0.0013709983167890171
2011-05-03,-0.0037637282578501575,-0.00035644077772865575
2011-05-04,-0.004970135118346689,-0.0007823342120658212
2011-05-05,-0.010872389985994638,-0.0006273560013065406
2011-05-06,0.0018051009989001818,3.274197799676101e-05
2011-05-09,0.007024820951260179,0.0034142015518144808
2011-05-10,0.003113477287136894,-0.0005871777075616342
2011-05-11,-0.007463723626574343,-0.0009528233165723615
2011-05-12,9.745821110888981e-05,-0.0007465576664013417
2011-05-13,-0.0030582648505452616,0.00024468935847216116
2011-05-16,-0.0024814491410989547,-0.0005164831617802631
2011-05-17,0.002258379761391764,0.002123205959274622
2011-05-18,0.0035279306904629428,-0.0009126900918669747
2011-05-19,-0.0001065043606719644,0.001368943438652573
2011-05-20,-0.000333766471509391,-0.0003221610459510107
2011-05-23,-0.005670232344426725,-0.002575913258415187
2011-05-24,0.0032030200137567163,0.0009448212042664015
2011-05-25,0.0022029111833790074,0.0011265280262184802
2011-05-26,0.005768060213255361,0.005803043222779255
2011-05-27,0.004094034943016556,0.0016536363311050982
2011-05-31,0.006274835249947096,0.004278772028736455
2011-06-01,-0.005546009463018973,-0.00019945309918125781
2011-06-02,-0.0039237638186774395,-0.005219037989630235
2011-06-03,0.00012920140215221811,0.001367059798277416
2011-06-06,-0.0069758800437977045,-0.0028209189990361285
2011-06-07,0.0035068060763436704,0.0021509774285114677
2011-06-08,-7.440413379734563e-05,0.0005855569461708226
2011-06-09,0.0004662369786550929,-0.0026170266679839287
2011-06-10,-0.007495895680745438,-0.0017986890569728136
2011-06-13,-0.0025872282289660254,-0.0017906397123362647
2011-06-14,0.0027513174484890958,-0.0028221195806039426
2011-06-15,-0.004452710831318845,0.004513614571700079
2011-06-16,7.022208254996566e-05,0.0020577072297617246
2011-06-17,0.00044118401020668067,0.0005345193226321362
2011-06-20,0.0013373730709528658,0.0002442448532758259
2011-06-21,0.005373668283756763,0.0017057123247402385
2011-06-22,-0.001482817397660026,-0.0009158994396012034
2011-06-23,-0.0033742413118711557,0.001289398817682333
2011-06-24,-0.005990223543715407,0.0003251674174652938
2011-06-27,0.00030737329248997777,-0.0015799151386531865
2011-06-28,0.003469672499047501,-0.004319049578942476
2011-06-29,0.0034772421582465345,-0.0021747313137413524
2011-06-30,0.0008073692539105474,-0.001417786060732342
2011-07-01,0.0040953166182022245,0.0006676733508326834
2011-07-05,0.006331910372356761,0.006482462140601351
2011-07-06,0.0026503532025187156,0.0020784910484365746
2011-07-07,0.006094561250378536,0.0006437005646850251
2011-07-08,0.0030609455050044105,0.00680951851738872
2011-07-11,-0.00335013789681673,0.002268054893976036
2011-07-12,0.0010426468127436956,0.0008326049904700013
2011-07-13,0.004797077696978124,0.0030186279199235473
2011-07-14,-0.007277724208539633,-0.005849513661263413
2011-07-15,0.005858737141815967,0.004889021606650038
2011-07-18,-0.004177275457064182,-0.0016930439390471122
2011-07-19,0.00943111381781832,0.005511977295565183
2011-07-20,-0.0008545628168945301,-0.002895290768479077
2011-07-21,0.0002917923589297076,-0.00252388374728832
2011-07-22,0.005539527343929313,0.004584794346500649
2011-07-25,-0.0037461358043329868,-0.002891723363660116
2011-07-26,0.003646419885513537,0.00357824125171106
2011-07-27,-0.01002193505389737,-0.0056487557260802065
2011-07-28,0.0008596258504072001,0.0013476094790949111
2011-07-29,0.004879565951291433,0.00785194283392171
2011-08-01,-0.00023548070922982031,0.0016481339362960715
2011-08-02,0.00019209812447781817,0.0042798980134298205
2011-08-03,-0.0007278071749134106,0.000895072297769979
2011-08-04,-0.015092572340940755,-0.0022237510633040017
2011-08-05,-0.009363994725186883,-0.009682048145110542
2011-08-08,-0.019350033495012006,-0.0016484537196238748
2011-08-09,0.024193786369089268,0.0152069031514319
2011-08-10,-0.001125918516318646,0.005258083769684942
2011-08-11,0.0024660940090177634,-0.0029629845959724547
2011-08-12,0.006021288632788431,0.00536714571614723
2011-08-15,0.008864788929885885,0.0026059504204214417
2011-08-16,0.002651738893533536,0.0027920167445351597
2011-08-17,0.005438062563369371,0.00579292429498684
2011-08-18,-0.011784673595053924,-0.0044144220719541825
2011-08-19,-0.0006341101741290426,-0.00029207458977153263
2011-08-22,0.0031028871669794072,0.0003839014766523711
2011-08-23,0.002452034839202516,0.0008431224846624645
2011-08-24,-0.010802486026303092,-0.009017540214149751
2011-08-25,-0.0016223216693135414,0.0020250824078110142
2011-08-26,0.013117242770087648,0.00739693898128701
2011-08-29,0.005208311640070434,-0.000563223073127934
2011-08-30,0.010714955065083027,0.007955931302370661
2011-08-31,-0.00035056431752568265,-0.0013976921405892706
2011-09-01,0.00025172223658649086,0.0036028727184474305
2011-09-02,0.0011772946907742067,0.004071162224203737
2011-09-06,5.484267764076982e-05,0.0007378073258360405
2011-09-07,0.0038464174268710172,-0.0005149299710009031
2011-09-08,0.0006790093782840208,0.002160355584222286
2011-09-09,-0.009901147624926417,-0.0010171608660372174
2011-09-12,-0.0022168638110004113,-0.002174512002345036
2011-09-13,0.0009823930427056596,-0.0013359672331436508
2011-09-14,0.0028976286769766004,0.000634572457956311
2011-09-15,0.0002490150770637546,-0.0036725268694237333
2011-09-16,0.004461663869250748,0.0014708828309142343
2011-09-19,-0.0039728867326562604,0.003056291682889392
2011-09-20,0.001290356848581159,0.0004883770679668828
2011-09-21,-0.00873424552945016,-0.0008049580037555874
2011-09-22,-0.012685072569107236,-0.0018615695578117555
2011-09-23,-0.00960364643503881,-0.008642611340681434
2011-09-26,0.0008090442125016844,-0.0017629792554368848
2011-09-27,0.005247526104814807,-0.0012677547805382307
2011-09-28,-0.01412784801376633,-0.005724320071052976
2011-09-29,0.0048442318742438276,0.0008024782954857353
2011-09-30,-0.008305032957840292,-0.002447978630902319
2011-10-03,-0.0025352662015594492,0.004084478227703007
2011-10-04,0.0019565602484377083,-0.0037441271653628296
2011-10-05,0.0076552805101311,0.002789852548940361
2011-10-06,0.00768280214447308,-0.0008147056913490151
2011-10-07,-0.007969897787700277,-0.004083843409664747
2011-10-10,0.017567294704637932,0.001107111679350977
2011-10-11,-0.00048361690362245483,0.0038146932788252026
2011-10-12,0.004228909639026398,-0.0004860335809643349
2011-10-13,0.0008560561690462039,0.003309056606120688
2011-10-14,0.00833179203318649,0.0018257923888078972
2011-10-17,-0.007907829966683277,-0.00026138150509861027
2011-10-18,0.008155910609761625,0.0024518440131096283
2011-10-19,-0.009262915798026263,-0.0026202410278658023
2011-10-20,-0.003939549653890154,-0.0009437504253156891
2011-10-21,0.009411162001970766,0.0019707706321527253
2011-10-24,0.012888985738434377,0.0051548191079897636
2011-10-25,0.0010664710658273855,0.004078032045621027
2011-10-26,0.0007036052464014657,-0.0045484136838099395
2011-10-27,0.015123626141692525,-9.311726173112309e-05
2011-10-28,0.0015438160915382617,0.003705450849674816
2011-10-31,-0.005723004035685436,0.00371453000775391
2011-11-01,-0.005871088481562257,0.0033839043405515445
2011-11-02,0.0065137472615243025,0.0030399773963504526
2011-11-03,0.006786506063973726,0.002209929987317542
2011-11-04,-0.0018497940795384935,0.0017740300301632575
2011-11-07,0.007242234073831425,-0.00016789380165525966
2011-11-08,0.0009248938165744676,-0.004195760018914929
2011-11-09,-0.01617192398685742,-0.004562226340096574
2011-11-10,-0.002703645428119159,-0.004422729614650317
2011-11-11,0.00945580960252387,0.0003455021742537591
2011-11-14,-0.0030050244353689217,-0.0007066288060431903
2011-11-15,0.0031705609161413757,0.00033351498087194446
2011-11-16,-0.006727795400131947,-0.0029308914224542896
2011-11-17,-0.013010678453561677,-0.009264473841076018
2011-11-18,-0.00019103576322985734,0.0002682043425237768
2011-11-21,-0.01169275147510152,-0.004652275558877446
2011-11-22,0.0036578692414023276,-0.0002784388785951874
2011-11-23,-0.010144375518940759,-0.00553587962166451
2011-11-25,-0.006404361279533347,-0.0049983925303166
2011-11-28,0.01566509488647919,0.00339526955789648
2011-11-29,-0.0009756654172074757,-0.000690921868379987
2011-11-30,0.017794484064246375,0.005484348030423511
2011-12-01,-0.0013993594917509407,0.0013627155391585917
2011-12-02,0.0033515777859579937,0.0047318485299480085
2011-12-05,0.0026256835334087444,0.0013308349942079997
2011-12-06,-0.0027595304531787906,-0.0022840236175871286
2011-12-07,0.0034359797327154595,0.003092330112556259
2011-12-08,-0.011073023514807033,-0.00016788530450946733
2011-12-09,0.003430328729343364,-0.0035253972299062993
2011-12-12,-0.010172942829870635,-5.760318872951643e-05
2011-12-13,-0.003712765140140346,0.003222214319575812
2011-12-14,-0.008004782003696292,-0.001997457110131589
2011-12-15,0.0006425183794520561,-0.0009048827173748212
2011-12-16,0.008282194602477115,0.005364630991348487
2011-12-19,-0.0031133187337886014,0.0017073530873390596
2011-12-20,0.011186378782994,-0.0013964606904167823
2011-12-21,-0.003063928641299696,-0.0030817593422479118
2011-12-22,0.004896895854204525,0.002547907792841828
2011-12-23,0.0007686756094460142,-0.0020578870498688716
2011-12-27,0.000640023367131164,0.0018798065147134077
2011-12-28,-0.005567355306329947,0.0021834220541754926
2011-12-29,0.003747025219734664,0.0014575374372438304
2011-12-30,0.0014052999337591055,0.0026946664948978532
2012-01-03,0.010013621496468748,0.0004227311086856672
2012-01-04,-0.0018643141306360174,-0.0017320359051278098
2012-01-05,8.931788147400533e-05,-0.00043385627798964355
2012-01-06,0.0007178818344675213,0.0033291047619306378
2012-01-09,-0.00025108422413048267,-0.0002899278640416097
2012-01-10,0.006881614530796157,0.0009793201093494521
2012-01-11,0.003852607360078848,0.003880006805788889
2012-01-12,-0.0006610985030053454,-0.0017876434915396072
2012-01-13,-0.000347413312905024,0.002801377082107111
2012-01-17,0.006615539154664721,0.0026288483249760574
2012-01-18,0.004083899361155814,-0.0005839231051680729
2012-01-19,-9.061422003470328e-05,-0.0027045982600857744
2012-01-20,-0.0016773675260764451,-0.002693717304142561
2012-01-23,0.0018771813007445598,-0.0007194125521589198
2012-01-24,0.000563970985658487,0.0014797692383272192
2012-01-25,0.009366204433901553,0.005897685408786138
2012-01-26,0.0035394397410034896,0.0045396724464534435
2012-01-27,0.003445704512658221,0.0025892160182249633
2012-01-30,-0.0022958610736644276,0.000827868009341708
2012-01-31,0.004381185403076888,0.002932216405112092
2012-02-01,0.0037751861586338077,-1.9535982372294238e-05
2012-02-02,0.0027196883681512227,0.0017728733534501115
2012-02-03,0.00013353656808036174,-0.001618465200473125
2012-02-06,0.000959676160981906,0.0017738518563611928
2012-02-07,-0.0005384784358172659,-0.0037641826342686654
2012-02-08,0.0016391106400822945,0.0014594559884547416
2012-02-09,-0.0011815362851842538,-0.00062450226795277
2012-02-10,-0.003776637687358815,0.0016003307187181382
2012-02-13,0.005182353196795744,0.0019068607041058951
2012-02-14,-0.000744110159547922,0.0013965638047971033
2012-02-15,-0.0006928136899143516,-0.0009801699562498412
2012-02-16,0.0030705274520792447,0.00037245417820266663
2012-02-17,-0.0008248806906997798,-0.0004773604423253191
2012-02-21,0.0008604443815601178,-0.0018947687482010539
2012-02-22,0.0039190721153843575,0.0017803155693590154
2012-02-23,0.0027432329069882345,0.0025251741052276437
2012-02-24,0.0028269833467926683,0.001372042577796272
2012-02-27,-1.2828419000373344e-07,0.0026317187313286148
2012-02-28,0.003468909904101163,0.0018258861898902445
2012-02-29,-0.009250193687366577,-0.004063613369925555
2012-03-01,0.004233144852700303,-0.0001927134174832548
2012-03-02,-0.0003207000598820086,0.0018837057793211235
2012-03-05,-0.004934538277829043,-0.0032144021454853728
2012-03-06,-0.009003810942741854,-0.0023862784183019065
2012-03-07,0.0031278196433716567,0.0009173967953351982
2012-03-08,0.0040502768032275194,0.0012886384741041543
2012-03-09,0.0023997090467945984,0.000664506941790367
2012-03-12,-0.0017445269325021954,-0.00038243608344127423
2012-03-13,0.003067733678032822,0.000986430301071758
2012-03-14,-0.01034402332278002,-0.008311726047194578
2012-03-15,0.0026252322371420438,0.001365292241824612
2012-03-16,0.002353002527070183,0.0004557240374239439
2012-03-19,-0.0010089626799608799,-0.0024385004016166034
2012-03-20,-0.003788386432386239,-0.0007215710272428831
2012-03-21,0.002317631722059234,0.0029179078558770294
2012-03-22,-0.004600123339392725,-0.0017269254757280264
2012-03-23,0.005773188380408191,0.0032134627192205926
2012-03-26,0.008075266275942853,0.003941830949966258
2012-03-27,0.0006308699378301398,0.0030872884845955296
2012-03-28,-0.005577919864332573,-0.0027666147393648434
2012-03-29,-0.0005743547101002849,0.002061860885200411
2012-03-30,0.00029169867512292985,-0.0018038791900090952
2012-04-02,0.007123944758721971,0.003956575907394675
2012-04-03,-0.008306818238193327,-0.006592488902546607
2012-04-04,-0.00628878152967757,-0.0005923784669898501
2012-04-05,0.003751251034186236,0.00343402148305667
2012-04-09,0.001372464140758723,0.0036781816111570212
2012-04-10,-0.005011020492350041,-0.0022284226492231833
2012-04-11,0.0012821889564944985,-0.0003529989153739968
2012-04-12,0.00781191583373048,0.0026974897686535887
2012-04-13,-0.0033634206783859214,0.000153495427220274
2012-04-16,-0.002036353542815612,-0.001129276696232958
2012-04-17,0.005580968981662334,0.004168965058840526
2012-04-18,-0.002673344823689407,0.0001548130055682817
2012-04-19,-0.001710593146693075,-0.0014479548508779772
2012-04-20,0.0020918482486108098,0.0005087536511909123
2012-04-23,-0.0036740454586621316,-0.0013373940371984787
2012-04-24,-2.4089042617199353e-05,-0.0011148452355556815
2012-04-25,0.0060230710413873585,0.004442006561916347
2012-04-26,0.0048239164595495305,0.004216117196511039
2012-04-27,0.0025425606489498966,0.0017769535166321888
2012-04-30,-0.0006837739371244721,-0.0007737495239295865
2012-05-01,0.0007699565497840393,0.0003849455070903352
2012-05-02,-0.0005903713859246968,0.0007061805851339003
2012-05-03,-0.005147271198677927,-0.002738551751119488
2012-05-04,-0.0066201568017018935,-0.0008336798636171597
2012-05-07,0.0008366798064697565,0.00023385844180965986
2012-05-08,-0.003782826367450063,0.0007831602940909909
2012-05-09,-0.0043770045742871355,-0.0008972694744456942
2012-05-10,-0.0001182890098076675,-0.000710812278053326
2012-05-11,-0.0010548052774970776,0.0018623457474053699
2012-05-14,-0.005824596639558878,0.00039615615985898753
2012-05-15,-0.0027338003609465923,-0.0011206101089382327
2012-05-16,-0.003112239391576832,-0.0004917130624798416
2012-05-17,-0.003152870470611432,-0.001379028285783507
2012-05-18,-0.00334908355506388,-0.0025531222708591837
2012-05-21,0.009383208922183452,0.0020969532291274955
2012-05-22,-0.006334643920302231,-0.0016327999981690002
2012-05-23,-7.547004562180343e-05,0.001964664846950204
2012-05-24,-0.0014234770388516084,-0.0010091790167660452
2012-05-25,0.0013262077225933413,0.0016039733514835901
2012-05-29,0.004136494093488579,0.0019768124594383416
2012-05-30,-0.0022361487281590733,0.0031477328192011335
2012-05-31,0.0024255956236403195,0.0029343115874277165
2012-06-01,-0.0018344292206423233,0.0012499386910740505
2012-06-04,-0.0020929320104813424,-0.004837333478533811
2012-06-05,0.00035816411066652787,-0.0008715551863017782
2012-06-06,0.007778167049626967,0.0004956871261235065
2012-06-07,-0.0024145049262686664,0.00126525352678002
2012-06-08,0.0034279906462235444,0.002609764217502558
2012-06-11,-0.007313228802432459,-0.001920344752768555
2012-06-12,0.004475882711377108,-0.0014818367818951086
2012-06-13,-0.00020879190321292746,0.0022885649698652128
2012-06-14,0.004640397541024505,0.0007545619743229101
2012-06-15,0.0064479190113032195,0.005365941031599227
2012-06-18,0.002960976514451281,0.000554724831309997
2012-06-19,0.0022003334566038125,-0.0002846069257783061
2012-06-20,-0.0025884585388500484,-0.0025202698728205974
2012-06-21,-0.014217367409543036,-0.003947984810731452
2012-06-22,0.0013451564248548756,-0.001364705382381442
2012-06-25,-0.001336779107655745,0.001536160250972622
2012-06-26,0.0015567738271794883,-0.00029439769466238096
2012-06-27,0.003893085937893205,0.002936181306184848
2012-06-28,-0.0023678045197296207,0.0016209194247206826
2012-06-29,0.017953966428553306,0.003904519234276479
2012-07-02,0.003984420242101685,0.004262472014480385
2012-07-03,0.007609179259087388,0.0009621990087269118
2012-07-05,-0.0017144896449981055,0.0012480780274254431
2012-07-06,-0.0055934883991064065,0.0007350538596048394
2012-07-09,0.003179331349461448,0.001983664793979757
2012-07-10,-0.006382980464978822,-0.0014490018117065124
2012-07-11,0.0020764879918775065,-2.9402593667156654e-05
2012-07-12,-0.0008079729843990488,0.0016790827480589192
2012-07-13,0.008137166231513284,0.00244241323504332
2012-07-16,0.0020847114143455157,0.0017565864221838411
2012-07-17,0.0015163978446340479,-0.0005007957817971086
2012-07-18,0.00285065754625485,0.0029319865056488172
2012-07-19,0.0024497561846233756,-1.8168250157403953e-05
2012-07-20,-0.0016927678157509598,0.0011529503314034353
2012-07-23,-0.007494467276077778,-0.0015739148280140359
2012-07-24,-0.0011085502107070434,6.85467348388738e-05
2012-07-25,0.0027700049483386445,0.0009241691333317773
2012-07-26,0.005326688683210815,0.0009777551729266414
2012-07-27,0.005221972972644944,-0.0023008412083868864
2012-07-30,0.0021232793852523067,0.0026220339338363227
2012-07-31,-0.0021545876768862262,0.0006936299554356985
2012-08-01,-0.0027859529507636258,-0.0026764597916326145
2012-08-02,-0.002347007782534294,0.0003738135397189495
2012-08-03,0.007221622149937024,-4.706432121520405e-05
2012-08-06,0.002961194483931269,0.0011014744629234598
2012-08-07,-0.0016473575078382449,-0.003943856048808673
2012-08-08,-0.001121253826721791,-0.0015577151938396551
2012-08-09,0.001511962192750732,-0.0003662888001970474
2012-08-10,0.0017226683607502896,0.002287795712047302
2012-08-13,-0.0029967914839619083,-0.000931810153948585
2012-08-14,-0.003578876927127928,-0.0037763145324061008
2012-08-15,-0.000993696792734801,-0.0028325577381579877
2012-08-16,0.003065705990442176,0.00012210823472897557
2012-08-17,0.0013618338932037447,0.001280360521820532
2012-08-20,0.0014045466180870728,0.0005906625047332316
2012-08-21,0.002328441696063578,0.0007861920185116624
2012-08-22,0.0060161414833750475,0.005926832207316989
2012-08-23,-0.001613479862412965,-0.0002383640980864915
2012-08-24,0.001143508121911481,0.0007677701164161023
2012-08-27,-0.00022073485086979524,0.0019763505966006595
2012-08-28,0.000837074380479376,0.0006052004688914709
2012-08-29,-0.0018595752383357097,-0.0005554427363151941
2012-08-30,-0.0021568466811860763,-6.53514852641271e-06
2012-08-31,0.009711122996092541,0.006299640217702571
2012-09-04,-0.0006944571370494451,-0.0007580494635809599
2012-09-05,-0.002096687532150701,-0.0007151293529274232
2012-09-06,0.004115079919054005,0.0012137607954787388
2012-09-07,0.005978879211124591,0.001855132119284021
2012-09-10,-0.004239904728427479,-0.002086887856545869
2012-09-11,0.001260554853548244,-0.00011795440929217063
2012-09-12,-0.0006033258871725409,-0.0020414239943171747
2012-09-13,0.010432559088098358,0.006967416944665954
2012-09-14,-0.0006287123891909789,-0.00399866249504947
2012-09-17,-0.003486217395757979,-0.00010389187368813705
2012-09-18,0.0005474775536552745,-0.00011201071490716509
2012-09-19,-0.0005069225960360705,0.0006177522967946243
2012-09-20,-0.0014825428041706393,-0.0018397276682905449
2012-09-21,0.0018931545957320069,0.001326304974987915
2012-09-24,-0.0015145820743008968,0.00044712059059921766
2012-09-25,-0.00364592009144986,-0.0021333828048578393
2012-09-26,-0.0010622970839426545,0.001364648138365713
2012-09-27,0.006153107110482422,0.0013675166609481882
2012-09-28,-0.0014382849882361801,-0.0011686928276856557
2012-10-01,0.0018349488901311716,0.0006586047682638533
2012-10-02,0.00038746640983619487,0.0008823187087718747
2012-10-03,-0.0008238549445179746,0.0014524664573781628
2012-10-04,0.0028511414065964533,-0.0006249321465723542
2012-10-05,-0.004074855779108099,-0.003122316301359192
2012-10-08,-0.0012283033953638057,0.0013843997532348687
2012-10-09,-0.004052562637559664,-0.0037735170882499734
2012-10-10,-0.00019318325682298964,9.22532047515974e-05
2012-10-11,0.003488150579960116,0.0010827589123622837
2012-10-12,-0.002867989000180865,-0.0008698824135654614
2012-10-15,0.0012675868505465017,0.002491500773065299
2012-10-16,0.002382520467111511,-0.0005326454427773857
2012-10-17,-0.0012359681789352783,-0.003143454986339014
2012-10-18,-0.002497724833800794,-0.0018934816534928246
2012-10-19,-0.006858719018678995,-0.0016530231867209074
2012-10-22,-0.000693283930965182,-0.0024242108475301997
2012-10-23,-0.0054475854880131356,-0.0004872737136721434
2012-10-24,-0.0032369024266938554,-0.0023486504148345208
2012-10-25,0.000611086594820101,-0.0018661278912189027
2012-10-26,0.0021408550944119406,0.004362426036295434
2012-10-31,0.002433269933935599,0.0029872677061561805
2012-11-01,0.0022940814790499125,0.0010753774657505622
2012-11-02,-0.006175813805886716,-0.001956078760750208
2012-11-05,0.0030662541763203212,0.0018709876249715235
2012-11-06,0.003839245481210619,-0.0010592958960016232
2012-11-07,-0.005109303468509783,0.0005001944816652741
2012-11-08,-0.001629096786611417,6.651841920911279e-05
2012-11-09,0.0010451286730941796,0.00016235443778180058
2012-11-12,-0.0002611134918196166,0.00032786173347296166
2012-11-13,-0.0017715129828318253,8.146733741489813e-05
2012-11-14,-0.005078740155365,-0.0030205677006581093
2012-11-15,-0.0023678047479537925,-0.001103596489048577
2012-11-16,0.0021281374614087302,0.0017838495182506747
2012-11-19,0.010054458940027723,0.0037622486650677823
2012-11-20,-0.002692235977480095,-0.0027232501628571375
2012-11-21,0.00046264087827860246,-0.0005348029106959121
2012-11-23,0.006868661284070264,0.002711383266591287
2012-11-26,0.0011725091471943845,0.0008646763330952191
2012-11-27,-0.001992340830865354,0.0002699663082988217
2012-11-28,0.0002305017053485932,0.002187062850027883
2012-11-29,0.003724014615594288,0.002085154441506649
2012-11-30,-0.0010916382688118745,2.6570224412954512e-05
2012-12-03,0.0001619907462694834,-0.0008471006273805257
2012-12-04,-0.0008411431112741747,0.0007463347940308754
2012-12-05,-0.00036763580456712305,0.0006348417015615833
2012-12-06,0.002330399869480009,0.0013235114059950714
2012-12-07,-0.0011417222815488786,-0.0014006791224020264
2012-12-10,0.0018531398457203147,0.0006708965935403844
2012-12-11,0.0008519712628421234,-0.000235455774984735
2012-12-12,-0.0019651897264178794,-0.0031037301920698946
2012-12-13,-0.004924678130085704,-0.003185422148243704
2012-12-14,0.000838853573906593,0.001145501326112566
2012-12-17,0.0005589758607016935,-0.0016052240972663486
2012-12-18,0.0010882444218580137,-0.000258593057800771
2012-12-19,-0.0002807387565728796,-0.00017404016188503628
2012-12-20,0.0009305053525132611,0.002203696831987053
2012-12-21,-0.0012668513023053592,0.0002800342213141174
2012-12-24,-0.001183361090716626,-0.001261067629794835
2012-12-26,0.000502438917979561,0.0007449853455946922
2012-12-27,0.0019694096916024004,0.0015619488638787809
2012-12-28,-0.001885012157682599,-0.0005857112839530901
2012-12-31,0.004592643590706301,-0.00029499351684892424
2013-01-02,0.008495129703036371,0.001990271458223486
2013-01-03,-0.006681129250038736,-0.004396754313199003
2013-01-04,0.0003172206615574648,0.0012833226934830667
2013-01-07,-0.0010247239395380322,0.0002272790486522651
2013-01-08,0.0007901097048389394,0.0014243403978513164
2013-01-09,0.001051244700108548,0.0008520149393424043
2013-01-10,0.0031496934864109413,-0.0007452323839201711
2013-01-11,-1.0832322731385948e-05,0.0018358422403037086
2013-01-14,0.0005204047194947001,0.00030720862979870896
2013-01-15,0.0006931147515505337,0.001991678040838107
2013-01-16,0.0008182436993512652,0.000856748392532957
2013-01-17,0.0008663357867036024,-0.002001324074419706
2013-01-18,0.002620645252228375,0.0029670517196097638
2013-01-22,0.0021721634542328275,0.001780257507052791
2013-01-23,7.852334700476953e-05,0.00045797129673900343
2013-01-24,-0.003696609832016717,-0.0012317995171163834
2013-01-25,-0.002542652142184121,-0.003921447069604416
2013-01-28,-0.0013967807682873845,-0.0014744238749146209
2013-01-29,0.0017007552932439668,3.49825811069549e-05
2013-01-30,-0.0005526930855585207,-0.0003020449666269728
2013-01-31,-0.0008304051298733313,-0.00026556871074484773
2013-02-01,0.0017338552095011591,-0.0005764476799318493
2013-02-04,-0.001790161451144392,0.0024811101395475956
2013-02-05,0.0010361650470534305,-0.0015443985545706058
2013-02-06,0.0018056759144741232,0.002445562482551667
2013-02-07,-0.0022905931072699265,-0.0005833785602532213
2013-02-08,0.0043524763748890695,0.0026149870105382556
2013-02-11,-0.0018430931074016736,-0.0008428257173802871
2013-02-12,0.0004942146740620006,0.0005218011876844029
2013-02-13,-0.001460430750835638,-0.0023140238856134065
2013-02-14,0.0010172078635746053,0.002334103038544435
2013-02-15,-0.0035289206563309376,-0.0011391513718715957
2013-02-19,0.0009603866969142975,0.0008446163582958145
2013-02-20,-0.007471747774092777,-0.001991859720769493
2013-02-21,-0.002980587657881375,-0.0008115231516618508
2013-02-22,0.004092707085506703,0.003470486423611217
2013-02-25,-0.0017184854165329915,4.215064688145966e-06
2013-02-26,0.002279105318180398,0.0006549084341451066
2013-02-27,0.0018562095456713477,0.0020083375500735937
2013-02-28,-0.0020376523462120218,0.00018633223455578204
2013-03-01,0.0015819794998955215,0.0022598781939295967
2013-03-04,-0.0006709285386083742,7.394850106759459e-06
2013-03-05,0.004711077026216222,0.001897585713559472
2013-03-06,-0.0019016851846182393,-0.0024317200635098806
2013-03-07,-0.00137280533182369,-0.002671339081877641
2013-03-08,-0.0006528456342011679,-0.0026515455207111642
2013-03-11,0.0008156553704662175,0.0011304810302962957
2013-03-12,0.0005436287497079156,0.0015737027034185354
2013-03-13,-0.002068739761676704,-0.0007140576885560485
2013-03-14,0.002430039512679404,0.0019417227263892009
2013-03-15,0.0006135235376349557,0.0024128613164875043
2013-03-18,-0.00033782751429975346,0.0006772607937285435
2013-03-19,-0.00037306113494622655,0.0010397411630626257
2013-03-20,0.0002229340167752273,-0.0007799864686830784
2013-03-21,-0.0014552643734996853,-0.0001990790315084951
2013-03-22,0.0025712846872037796,0.0020453708321603345
2013-03-25,-0.0010776851528835004,-0.0002037033485140097
2013-03-26,0.004542313638554241,0.00315319461543359
2013-03-27,0.0037560059802049127,0.00347688753304786
2013-03-28,-0.0015093703293601781,-0.0013656836418678823
2013-04-01,-0.0005252585683287112,0.001149941774378105
2013-04-02,-0.0012288888893052974,-0.0007104715420777378
2013-04-03,-0.004311530996249463,-0.0003300748841228087
2013-04-04,0.004167332158646445,0.003960473400686022
2013-04-05,0.004256492291639918,0.0014826105313432716
2013-04-08,0.0007307565504988652,-0.0005429269239727017
2013-04-09,0.003366030128356271,0.0014506374544852104
2013-04-10,0.00010585974851985049,-0.00018321863313666188
2013-04-11,0.0012369471066612375,0.001268664882057689
2013-04-12,-0.004919116709628127,0.002453381568603046
2013-04-15,-0.02007872192131746,-0.005921097125899935
2013-04-16,0.007170422745169566,0.0021051832045724927
2013-04-17,-0.006484889452136393,-0.0030981397074179022
2013-04-18,0.00037958299500075177,-0.0003758142309528659
2013-04-19,0.005809992515266824,0.0014810880575404995
2013-04-22,0.004243172579591329,0.0016187408252499589
2013-04-23,0.0013674250746707351,0.0015609438258290713
2013-04-24,0.0034871262096437955,0.0011764849868508688
2013-04-25,0.004528702639824472,0.0010389885990700525
2013-04-26,-0.00087925219391997,0.0017170808321052295
2013-04-29,0.005467488097699176,0.00219748180950271
2013-04-30,0.0030264354114930654,-7.969175233713899e-05
2013-05-01,-0.004094118392195849,-0.0009594879839086785
2013-05-02,0.0055182817958255815,0.0030046564567377657
2013-05-03,-0.000467549450929812,-0.002849574616296541
2013-05-06,0.0010303880465436142,-0.00020807427508235537
2013-05-07,-0.0006498226549667136,3.06594330171485e-05
2013-05-08,0.004315799469982969,0.0019297539999084778
2013-05-09,-0.003756501557457342,-0.0009137846759309506
2013-05-10,-0.003565391300449602,-0.003495519924268626
2013-05-13,-0.003123778881348552,-0.0011472617760442552
2013-05-14,-0.0006014741318002706,-0.0007454841316923618
2013-05-15,0.0006391006846953151,0.0032484095944431586
2013-05-16,0.00043562434587399667,0.0022718934795872407
2013-05-17,-0.0016486754207020286,-0.001545059656409013
2013-05-20,0.003853289714804078,-0.000278801874348711
2013-05-21,4.0257565016796185e-05,0.0021714836724531198
2013-05-22,-0.010386395077087199,-0.008155643215876768
2013-05-23,0.0003070994712531851,-0.00022149637815722722
2013-05-24,-0.002177268984525926,-0.00010210957135830458
2013-05-28,-0.004108526259901899,-0.007154643211648466
2013-05-29,-0.0022871473878261508,0.0007686783932836933
2013-05-30,0.00144678999742035,0.0006300925191105474
2013-05-31,-0.010473204142560005,-0.005837697522675531
2013-06-03,0.006704025571205042,0.002786244349856421
2013-06-04,-0.0061756722053423274,-0.003118365178976274
2013-06-05,-0.0034893171391436033,0.00014861785399795404
2013-06-06,0.005641534904892158,0.0033445254554251434
2013-06-07,-0.003843955651865762,-0.002302699414487533
2013-06-10,-0.0033116010848092533,-0.001972957149428027
2013-06-11,-0.005467608741938789,-0.0013621891615349189
2013-06-12,-0.006046574444560612,-0.005134380361277594
2013-06-13,0.012145157661200265,0.009177919073239569
2013-06-14,-0.0017457640242375726,-0.000288119676809673
2013-06-17,0.001602147978554232,0.00042005981195408326
2013-06-18,0.0013193258391534556,0.0015967826978719847
2013-06-19,-0.014615330527279152,-0.012521236580821056
2013-06-20,-0.027275123312896363,-0.011375634631602616
2013-06-21,-0.001521607746081078,-0.007471264614812714
2013-06-24,-0.006825808083716709,-0.004879906322272484
2013-06-25,0.004335695050004201,0.0014076494844987505
2013-06-26,0.00267801172124528,0.004923696126664228
2013-06-27,0.006176107521705473,0.005050995408081204
2013-06-28,0.0023496686071179957,-0.001845575807154577
2013-07-01,0.004371266164309462,0.002130167984877761
2013-07-02,-0.00032477639264179536,0.0004255982621578252
2013-07-03,-0.000526015929337746,-0.0004381848403618711
2013-07-05,-0.00947240371491826,-0.009373032098224763
2013-07-08,0.0056395124981025585,0.005544260074543008
2013-07-09,0.006133227946377779,0.0035782685928851684
2013-07-10,-0.0013809361572256617,-0.0007610304002005663
2013-07-11,0.018520066391721025,0.011580969879814962
2013-07-12,-0.0014155799305848994,0.0007302868759670759
2013-07-15,0.0036770731473629885,0.0024734613597526423
2013-07-16,0.0009952402272859165,-0.0003940511941584725
2013-07-17,0.0015813726630120003,0.0032545583363575055
2013-07-18,-0.0013979801824679518,-0.0017818846203384317
2013-07-19,0.0030395776247244682,0.001865165337328724
2013-07-22,0.00548574155609813,0.0006320138577587215
2013-07-23,3.553178609172044e-05,-0.002000361927335272
2013-07-24,-0.008858323690857841,-0.00482058773150353
2013-07-25,0.0026040756303931227,0.0021025532378295703
2013-07-26,0.0009866999812275729,0.0008565260603634686
2013-07-29,-0.004229171519242916,-0.0020061280263587423
2013-07-30,-0.0006802074451520556,0.00030363107633513
2013-07-31,-0.0008414307987963116,0.0015527755786509817
2013-08-01,-0.0015810794823560366,-0.0013697608860903441
2013-08-02,0.002615080778275577,0.005621664155096387
2013-08-05,-0.003684284418358795,-0.00246218640997957
2013-08-06,-0.004841255422813268,-0.0025782301710909443
2013-08-07,-0.0009684187301863691,0.0004571545401790135
2013-08-08,0.00654040292724707,0.002452773547424531
2013-08-09,0.0013785206015580575,4.121829640183969e-06
2013-08-12,0.0024164805365582045,-0.0006333136366110586
2013-08-13,-0.004885121612993018,-0.004533368102935381
2013-08-14,0.001050231283600312,-0.0005506895983301131
2013-08-15,-0.006111999687347332,-0.007110748837674117
2013-08-16,-0.004341401206523546,-0.0033965224557756476
2013-08-19,-0.006885557492446987,-0.0047389350220504774
2013-08-20,0.005503744058658565,0.004705582215461311
2013-08-21,-0.006826000341067967,-0.005838944979116963
2013-08-22,0.0066214825381043715,0.0027816541081147504
2013-08-23,0.008789027360574637,0.005120368160803652
2013-08-26,0.0005277848554954892,0.00047492786611203093
2013-08-27,-0.001615334739286047,-0.0008911927100921089
2013-08-28,-0.0009829504150092093,-0.0011539306816462176
2013-08-29,0.0011554234414159292,0.0002760899777871841
2013-08-30,-0.0029038983343947352,-0.0023256069812130063
2013-09-03,6.439877822793534e-05,-0.0015942020857624237
2013-09-04,0.0009380034980280861,-0.00010332114446801282
2013-09-05,-0.005567285678317275,-0.004421166776601371
2013-09-06,0.006886921369005244,0.0044442495574234355
2013-09-09,0.006778676995498523,0.00323660967596976
2013-09-10,-0.0026590133206633015,-0.0017778813856941878
2013-09-11,0.0034481063758528938,0.004181205882204695
2013-09-12,-0.00519770948955574,-0.0001877866948046602
2013-09-13,0.0018087957898841758,0.0011424383703552842
2013-09-16,-0.00033465668506164805,0.0017587549620924035
2013-09-17,0.0014945171010535998,0.0014944860050728568
2013-09-18,0.021971168343908824,0.013058353183398722
2013-09-19,-0.003075937023871623,-0.0029972246976157843
2013-09-20,-0.008274694634962708,-0.002189472519701626
2013-09-23,-6.659512663522826e-05,0.00039839282699668534
2013-09-24,0.00023648599274373155,0.0016225782774799478
2013-09-25,0.0009177266814017918,0.001098896487420508
2013-09-26,0.0008388710653677399,0.0004079148933943688
2013-09-27,-0.0014494442584627161,-0.0008587561216248307
2013-09-30,-0.004417549701641735,-0.0007933769296767535
2013-10-01,0.001122067197324891,0.00010839859246293809
2013-10-02,0.004138285429171934,0.0017130372296036253
2013-10-03,-0.004542681412310614,-0.0017839796684490689
2013-10-04,0.0021093254357658587,0.0005941235682823149
2013-10-07,0.0002392520970228369,-0.0011841690958226396
2013-10-08,-0.005244655321774847,-0.0032051063275280365
2013-10-09,-0.0028962415293134324,-0.0016061136693370833
2013-10-10,0.009340111550779705,0.0046394206268169464
2013-10-11,0.0013182950711364476,0.0023194469889765814
2013-10-14,0.00020449536936361273,-0.0012283139193796108
2013-10-15,-0.0022139900856980106,-0.0018390150300112273
2013-10-16,0.009196074260123043,0.007256235211049136
2013-10-17,0.0089896278571376,0.0052144876456646505
2013-10-18,0.003034915230605466,0.0023934432359050497
2013-10-21,-0.0014730676731723813,-0.000541681852361633
2013-10-22,0.007536816721183486,0.0060193989620034236
2013-10-23,-0.004782040648409781,-0.0010352941873041147
2013-10-24,0.0007963925324429151,-0.0004933731339932388
2013-10-25,0.004497399187549968,0.002621323688147478
2013-10-28,5.080382721659566e-05,-4.624934589201921e-05
2013-10-29,2.2119423905624276e-05,0.0020278118229995956
2013-10-30,-0.0032120360694523147,-0.002759987726656039
2013-10-31,-0.004659529484073896,-0.0020404349888599686
2013-11-01,-0.0034288822805982845,-0.003997864754745166
2013-11-04,0.0011677621626329045,0.0019189366819586042
2013-11-05,-0.006995683426114157,-0.0040852317091944895
2013-11-06,0.0018863661351401677,0.00348685123652884
2013-11-07,-0.006480454586690402,-0.0020418363954187607
2013-11-08,-0.005294760110913346,-0.0036782840959766723
2013-11-11,-0.0011568352297958392,-5.276349150504155e-05
2013-11-12,-0.0024302418801598804,-0.0015150938466909239
2013-11-13,0.005100673610128952,0.0052284986846400025
2013-11-14,0.006869062261308883,0.004847867263119154
2013-11-15,0.002927989165845798,0.0005857200278439895
2013-11-18,-0.001428466191295554,0.0010472981189565557
2013-11-19,-0.0038127163369684513,-0.003180266121156328
2013-11-20,-0.008842352646193407,-0.004512889464614807
2013-11-21,0.004458231892868967,0.003494907318471996
2013-11-22,0.003723024073054432,0.003467766163971435
2013-11-25,-0.0005647222300883056,0.0001879274124651074
2013-11-26,0.0009778822406426035,0.0015035686079286066
2013-11-27,0.0017323895966056596,-0.0008383159003514128
2013-11-29,0.0015901755876470691,-0.0005991694947740112
2013-12-02,-0.008130089834627211,-0.0036562879318935483
2013-12-03,0.0008581411760733811,0.00030625562591405644
2013-12-04,0.0001399197645175843,-0.002967720575454648
2013-12-05,-0.0033927304970659744,-0.002986916974921119
2013-12-06,0.006486662231312149,0.004098462623523037
2013-12-09,0.002654866448797903,0.001275212954900597
2013-12-10,0.003408663217076049,0.0017964627295766462
2013-12-11,-0.00981095305742695,-0.005771127499607448
2013-12-12,-0.006124878147961765,-0.0034393867047452197
2013-12-13,0.0020323748516760795,0.0006563414946537086
2013-12-16,0.002455398842023957,0.0017220681591833104
2013-12-17,-0.0010823631393627596,0.000775261825351644
2013-12-18,0.005051768587519619,0.002735201794234118
2013-12-19,-0.006763774882735833,-0.0028406678790148187
2013-12-20,0.006964643704988676,0.004226971763551956
2013-12-23,0.0010461069096255845,-0.00042365158312213623
2013-12-24,0.0002649952011246533,-0.0015939273728594648
2013-12-26,0.0002388533526408043,0.0010935825829969258
2013-12-27,0.0015568768745876714,-0.00021197053940219445
2013-12-30,-0.00036352621423294885,0.0012653673614567702
2013-12-31,0.00030627015837986725,-0.0015184634380834572
2014-01-02,-0.004564083421086353,-0.0014204107333744024
2014-01-03,0.00018888090717393926,-0.0008510954493776574
2014-01-06,0.000327502486779824,0.0009798134379661722
2014-01-07,0.0020332253049080012,0.0015880675727134696
2014-01-08,-0.0036671185308190355,-0.004108861538754121
2014-01-09,-4.039463736623175e-05,0.001271367189866555
2014-01-10,0.009282700044957216,0.006464758383199059
2014-01-13,-0.003062966445725924,-0.0008756631392872316
2014-01-14,0.002610549535627664,-0.00034692256942921173
2014-01-15,0.002115118585720227,0.000924419509326197
2014-01-16,0.0009293198077371171,0.0015056592600200043
2014-01-17,-7.20217656550469e-05,0.0006785683631512981
2014-01-21,0.0008865341300905047,-5.4734979870809e-05
2014-01-22,0.001215093524053098,-0.0013921441790742406
2014-01-23,0.0013851577871954312,0.002486321559187515
2014-01-24,-0.0065193715206196415,-0.0023520210485698414
2014-01-27,-0.006158788817526908,-0.0034804503076145215
2014-01-28,0.003608895742971579,0.0033503703481882995
2014-01-29,-0.0009066056343502507,0.0008669382546482787
2014-01-30,0.0022055938058994527,0.0013543745571031167
2014-01-31,0.0016886189929743343,0.0013897598578086884
2014-02-03,-0.004996325598374786,-0.00025455107972757914
2014-02-04,0.002742880709261194,-0.0006225794847223322
2014-02-05,-0.0025349338263860838,-0.0026117790689131597
2014-02-06,0.00482304203251204,0.0007984394335980952
2014-02-07,0.007505855689586511,0.005803654603329449
2014-02-10,0.0012220946131945801,-0.00041859690862272266
2014-02-11,0.005326327921734929,-0.0005566108608333123
2014-02-12,-0.0006403648580971269,-0.0010994178929162263
2014-02-13,0.005147752618157087,0.005006718945193699
2014-02-14,0.004488363054454257,0.0008584149450600771
2014-02-18,0.0028152234140628295,0.004850964811065698
2014-02-19,-0.003796489870789653,-0.0015696819684416535
2014-02-20,0.002089667207906881,0.00034311163734437747
2014-02-21,0.0012583396125367895,0.00015136408444243977
2014-02-24,0.0027742293231747092,0.0009167700851801015
2014-02-25,0.0006617919979391074,0.0012944037964477536
2014-02-26,0.00035164922958721983,0.0014002104315422527
2014-02-27,0.0036304440175338164,0.0008635174349661564
2014-02-28,0.00019649587938367144,0.000237189873540719
2014-03-03,0.002178691101396765,0.005203084072519918
2014-03-04,0.0009341651165147281,-0.004213520223496306
2014-03-05,-4.920110189275586e-05,-0.0008566255101013384
2014-03-06,0.0007080091128982414,-0.0008085119633656995
2014-03-07,-0.006007489404131817,-0.003961123128621342
2014-03-10,-0.002101072030599335,-0.0005924884690403727
2014-03-11,-0.0003060878043930363,-0.0004883202541544346
2014-03-12,0.004034465561402846,0.0025922576396219137
2014-03-13,-0.002223311492096579,0.00048257987184171657
2014-03-14,0.0009769752887364373,-0.00039694928884624256
2014-03-17,-0.0007373557009567554,-0.0014566630210502184
2014-03-18,0.004518150854925889,0.004126964836987284
2014-03-19,-0.010326890296749248,-0.007301393559331859
2014-03-20,0.0008078798638218192,0.0009839482624194337
2014-03-21,0.0024291991945424767,0.00011653720504997712
2014-03-24,-0.001888802181204846,-0.0008457877459290888
2014-03-25,0.0032944773253107493,0.0013571433128763586
2014-03-26,-0.0020153137268629395,0.0007383816167342493
2014-03-27,0.0021904634214079182,0.0007777025387203822
2014-03-28,0.0008992343454611521,-0.0010902945803207037
2014-03-31,0.001965391588625022,0.0018019084288759988
2014-04-01,0.0010753368910970326,-0.0004945515748219019
2014-04-02,2.741012846678854e-05,-0.0020947969115881044
2014-04-03,-0.0002203570414328073,0.0006923858598713608
2014-04-04,-8.657925275997716e-05,0.0007415523479203613
2014-04-07,-0.0008324607909454796,-0.001103271408495063
2014-04-08,0.006048729053809199,0.0032329985031672166
2014-04-09,0.0034640175212297575,0.0020238660157181837
2014-04-10,-0.005280506560230586,-0.0007974609928254059
2014-04-11,-0.0020554531379798962,-0.0007919682369806987
2014-04-14,0.003416164858955962,0.0018226153735884734
2014-04-15,3.925059113676109e-05,0.0022100759369763122
2014-04-16,0.004701933430894632,0.0011947150598151399
2014-04-17,-0.0027126658402763957,-0.0036323412651840074
2014-04-21,0.0003854753766622513,0.0003730209686382122
2014-04-22,0.001329435554844777,0.0005925513235781844
2014-04-23,-0.0011569122377486835,0.001303745184198701
2014-04-24,0.003358795139572838,0.0010062128947118964
2014-04-25,-0.003740647176701354,-0.0011961684866452632
2014-04-28,0.00018855406219908883,-0.0009648907230790969
2014-04-29,0.002591754054407211,0.0014559499742383764
2014-04-30,0.0008432794256610978,0.0017045192303885995
2014-05-01,0.0019043297994805982,0.0014970133383086506
2014-05-02,0.0027239959557500302,0.0013844218746454024
2014-05-05,6.322328577447185e-05,-0.0010056939090592773
2014-05-06,-0.0015695388629205472,-0.00017552083930579335
2014-05-07,0.0004911840911775042,0.0015865954452625541
2014-05-08,-0.001145119191590848,-8.28803312126923e-05
2014-05-09,-0.0007559582566904952,-0.0008439322177262704
2014-05-12,0.004673802709922547,0.0002474695360442556
2014-05-13,0.0020612578961846546,0.0033957935004143513
2014-05-14,0.0036774938854199236,0.0028420086877801237
2014-05-15,-0.0027062171261573523,4.077326225507196e-05
2014-05-16,0.0024627038229011787,-0.000644172643098243
2014-05-19,-0.0004602348808222427,-0.00025425700394056925
2014-05-20,-0.0012804502454898832,0.0008332217545589239
2014-05-21,0.0008203881474900115,0.00067077696869333
2014-05-22,0.0012463366714883153,-0.00014686657432435953
2014-05-23,0.003094238466578523,0.0023556052871362364
2014-05-27,-8.472916420106634e-05,0.000692261250583185
2014-05-28,0.0017648234197008706,0.0036980611152602574
2014-05-29,0.00041182274451938023,9.040639993599276e-06
2014-05-30,-0.0020928466632117435,-0.0009975372347105797
2014-06-02,-0.0022710293441093343,-0.0031925531475464927
2014-06-03,-0.0021048400744729137,-0.0036660974652402522
2014-06-04,-0.00039695329017389253,-0.0004309229422057353
2014-06-05,0.006012578701531222,0.002451065751215479
2014-06-06,0.0023034538586856252,0.00107270165802422
2014-06-09,-0.00102799743031587,-0.00023925719545259426
2014-06-10,-0.0005679106726044281,-0.0014427625513046647
2014-06-11,-0.0008049535096252883,-0.0002747444273529879
2014-06-12,0.002147543120503582,0.0026826226648688253
2014-06-13,0.0009041553010112656,-0.000546792707097242
2014-06-16,-0.0006212536146768465,0.0005809191276435195
2014-06-17,-0.0012682087607325172,-0.0018950046138685702
2014-06-18,0.006281733922852978,0.005604733875802199
2014-06-19,0.0028733006610863945,-8.960039176795381e-05
2014-06-20,0.0016131715289642464,0.0014602369548052155
2014-06-23,-0.001211377198355909,-0.0009907010349201161
2014-06-24,0.0017998389606445112,0.0014090460418459596
2014-06-25,0.0019037894006465371,0.001853098251045693
2014-06-26,0.0004425882582173473,0.0009701391407466663
2014-06-27,0.0011961454132666076,0.00020385234931385196
2014-06-30,0.0004611945581633637,-0.0004034006196099748
2014-07-01,0.0008305204167670494,-0.0009431893804024698
2014-07-02,-0.0018057115293459943,-0.0026107731305538956
2014-07-03,-0.000259991210368623,-0.00040250576134711073
2014-07-07,-8.512129086539477e-05,-0.00028534733613825095
2014-07-08,-5.6223117541004104e-05,0.001080620887597905
2014-07-09,0.0021671123567155925,0.00037375192101487734
2014-07-10,0.00011375796584333565,0.0005287479647078193
2014-07-11,0.001351540444406407,0.0004815079376350197
2014-07-14,-0.0007480629780830815,9.656645649726064e-05
2014-07-15,-0.0030771270602823943,-0.0020564991996243694
2014-07-16,0.0030745311544898334,0.0020241552751025633
2014-07-17,-0.0003226101136345355,0.0014263747199852823
2014-07-18,0.0030351412063062615,0.00023223092081396635
2014-07-21,0.000947451490294741,0.00027593385722267947
2014-07-22,0.0019503484629307516,0.0013028434346358858
2014-07-23,0.0013846719267929563,0.0008133128351356447
2014-07-24,-0.002893864608404572,-0.002793892394600912
2014-07-25,0.0019596702338853674,0.0019373454866630439
2014-07-28,0.0006471927981920605,-0.0008938543626588397
2014-07-29,-0.001679053902533971,-0.00044341770498429456
2014-07-30,-0.004182155357594903,-0.004973740539370245
2014-07-31,-0.010165296028412589,-0.005352225661324588
2014-08-01,0.0018668698369691632,0.0023263117411435456
2014-08-04,0.0034021931979287567,0.002794538271211622
2014-08-05,-0.004478667848469162,-0.0023211673453773004
2014-08-06,0.0014119965525452487,0.0011971689721242025
2014-08-07,0.0012405739666988217,0.0023005399985239956
2014-08-08,0.002598530599310749,0.0004067183695663502
2014-08-11,0.0028232337704976597,0.0006564999350804949
2014-08-12,-0.0019524797398981805,-0.0018896542414156645
2014-08-13,0.00547005548932551,0.0033696351851018333
2014-08-14,0.0013448776319079706,0.0005129688046493341
2014-08-15,0.0021245166272655155,0.003593864836549032
2014-08-18,0.0005172027561366397,-0.0018792875942970535
2014-08-19,0.0012717535905016498,0.00045603319484033896
2014-08-20,-0.00034158416216755166,-0.0013636925101257805
2014-08-21,0.00044541906796249236,0.002408839036667412
2014-08-22,-0.0001744755609755849,-3.2700539151999584e-05
2014-08-25,0.002000173143483196,0.0015998791235443228
2014-08-26,0.0011935202524280752,0.00016884013221849526
2014-08-27,0.002292021794832557,0.0019817203391613736
2014-08-28,0.0005308651796407137,0.0010320697548904805
2014-08-29,0.0014129496007106613,0.0009478630462015825
2014-09-02,-0.0067312385052865084,-0.005996850359013909
2014-09-03,0.0027228515635918413,0.0010700154694483909
2014-09-04,-0.00469200561107727,-0.0037214177339340727
2014-09-05,0.0031926107109503414,0.0007626764848945413
2014-09-08,-0.0035756585058063783,-0.0020062080062760845
2014-09-09,-0.0049459266260762705,-0.003820123169451828
2014-09-10,-0.0033306841528745845,-0.0010267698116557496
2014-09-11,-0.0024176913551643485,-0.0008098233584964793
2014-09-12,-0.009587959858565481,-0.004625639188341537
2014-09-15,-0.0013429270728525196,0.0010752350533793024
2014-09-16,0.004683983602109948,0.00251775004899257
2014-09-17,-0.0031504551972853087,-0.0015280938740036497
2014-09-18,0.00035371742375375987,0.0004739568879367957
2014-09-19,0.0007938471393469202,0.002036024431746643
2014-09-22,-0.004773614245031893,-0.001333350707882728
2014-09-23,-0.00032307121392080996,-0.00022825570578652679
2014-09-24,0.001801440149720337,0.0006297149884409486
2014-09-25,-0.004206479654259701,-0.0015460588834866154
2014-09-26,0.002637185036273468,0.000723556489325844
2014-09-29,-0.0004380291116312015,0.0019475461159836555
2014-09-30,-0.003891491212764043,-0.0023788049018945707
2014-10-01,-0.0007359598900025592,0.0015126344619159795
2014-10-02,-0.0016147555237763195,-0.0021623508365107096
2014-10-03,0.0016849917861626264,0.002288327578409333
2014-10-06,0.004046309760891156,0.0015092858099824695
2014-10-07,-0.0026919348856150106,0.000750696305997891
2014-10-08,0.009438470180589435,0.005698778009133518
2014-10-09,-0.007881170204214059,-0.005926058719018188
2014-10-10,-0.004685590239650217,-0.0005258710266962957
2014-10-13,0.00021867722826744696,0.0007280927080651065
2014-10-14,0.002261221370624661,0.0006219879037701471
2014-10-15,-0.002299700542977929,0.0010615101309848314
2014-10-16,-0.0016075561159175607,-0.001582877555406365
2014-10-17,0.002907184932881627,0.0005692413680134618
2014-10-20,0.005366634852598397,0.002391616161939214
2014-10-21,0.005968282509523103,0.0024784037705178766
2014-10-22,-0.0038417018839831943,-0.002480471477011906
2014-10-23,0.002385206548161845,0.00029576795525434975
2014-10-24,0.0017932654073954317,0.0013326852234820318
2014-10-27,-6.710200470855997e-05,0.0005137202195310951
2014-10-28,0.004822106021610609,0.0005311292067931123
2014-10-29,-0.0016846911762180036,-0.0016076816108708306
2014-10-30,0.000896384224074622,0.000919951032706438
2014-10-31,0.0017099992410992038,0.001048164863713124
2014-11-03,-0.001125447524936209,-0.0011724278334811422
2014-11-04,-0.0014005033877616238,-0.0013306495988902633
2014-11-05,-0.002828233191243767,0.0007900152784707887
2014-11-06,-0.0025805802751346393,-0.0016232520544340497
2014-11-07,0.006806368282095399,0.005333484871216657
2014-11-10,-0.003715921122405039,-0.003299842611064848
2014-11-11,0.0020706344688288044,0.00041662162302734764
2014-11-12,-0.001943910768260383,-0.0005458911584455881
2014-11-13,-0.0006226425405891779,-7.374754751466803e-05
2014-11-14,0.005118858681509001,0.0019025670191965857
2014-11-17,-0.002425187707527656,-0.001288086240376418
2014-11-18,0.003412873132322385,0.001625841165873951
2014-11-19,-0.005215900501180014,-0.0033078837459779653
2014-11-20,0.004182554910865647,0.0026320160391822105
2014-11-21,0.007776524706458952,0.0036066929656573964
2014-11-24,-8.934270412172454e-05,0.001146015525647554
2014-11-25,0.0011497157793417833,0.002091477564225542
2014-11-26,0.0037853058351683933,0.002165624507040976
2014-11-28,-0.00751258808952156,0.000388494212297547
2014-12-01,0.0008234511097558704,-0.0026235995124090764
2014-12-02,-0.004234825452004045,-0.003794461886331777
2014-12-03,0.0019346927345604173,0.0009328413349153006
2014-12-04,0.001158072217537578,0.0018917419280795786
2014-12-05,-0.004270572432300336,-0.003807436258921221
2014-12-08,-0.0006875018538278611,0.00031118690919386426
2014-12-09,0.0039106693704942415,0.002475264149723651
2014-12-10,-0.005635566382234837,-0.001446011023639432
2014-12-11,-0.0006216742483851069,0.00014879041692586605
2014-12-12,-0.0038781307605653364,0.0012349781169849316
2014-12-15,-0.009575482942783296,-0.004619953325755865
2014-12-16,-0.0009158176355987677,0.0013847780582516187
2014-12-17,0.0068459184861091454,0.0004192426171730873
2014-12-18,0.005150842912991109,0.0028314291009156416
2014-12-19,0.004805916517477934,0.003920980232403398
2014-12-22,0.0006223568984143838,0.0011870028479259772
2014-12-23,-0.004565236514279699,-0.005413960032323082
2014-12-24,-0.00035889905590452665,0.00044990041622185585
2014-12-26,0.004808720430941911,0.0018591521971578926
2014-12-29,-0.0003781687970461011,0.0027340578241797143
2014-12-30,0.000617607753320816,-0.0007467946624192521
2014-12-31,-0.005850877461908965,-0.0020854534516882937
2015-01-02,0.001575261510829696,0.0033877739764690486
2015-01-05,-0.001474806286617028,-0.0008566859385557211
2015-01-06,0.0020679914418707803,0.0021338020963689555
2015-01-07,0.004675599069599393,0.0013704225191211034
2015-01-08,0.003937136575388211,-0.00011356260384635255
2015-01-09,0.001158246373723071,0.001603118742263949
2015-01-12,-0.0020436768453231365,-0.0005003138418445478
2015-01-13,-0.0001666448766908927,0.0002453302596778506
2015-01-14,0.0016912515684906287,0.0019978731057463434
2015-01-15,0.0026486624512416564,0.002908384201243378
2015-01-16,0.004960528043422965,-0.002259155793198222
2015-01-20,0.0021566747627842896,0.001644923270831255
2015-01-21,0.0021114258817634835,-0.0004719567731885478
2015-01-22,0.007696204729815663,0.0012009817841284324
2015-01-23,-2.2310226866942436e-05,0.004150852400331184
2015-01-26,-0.0009731420515761598,-0.0007905568658586523
2015-01-27,-0.0027231390052582473,-0.0013779071528353742
2015-01-28,-0.002681192275777123,0.0035520236715534752
2015-01-29,-0.001837003590545117,-0.0012381589763596466
2015-01-30,0.001438037930629197,0.006652006411923583
2015-02-02,0.0039366445720879,0.002401104918773761
2015-02-03,0.0028995248554845162,-0.0033731744879585504
2015-02-04,-0.0029054496135993693,-0.0004700152592579435
2015-02-05,0.003588155588818819,-0.0006230245454858948
2015-02-06,-0.013177574838731495,-0.009273743957549587
2015-02-09,-0.0003420722011191592,-0.0003758983667918934
2015-02-10,-0.0005816242646398348,0.0005616646504981505
2015-02-11,-0.002437491399622741,0.0002417887482374845
2015-02-12,0.007750750883989682,0.0039951609296667535
2015-02-13,0.0016972868130707276,-0.0005391227268005446
2015-02-17,-0.004917090888464229,-0.004199414440613572
2015-02-18,0.00168466460642214,0.002814894237364643
2015-02-19,-0.004017627873183201,-0.0006475416871456026
2015-02-20,0.0026050105394154694,0.0014547716836038585
2015-02-23,0.0014875976149737666,0.002849290211844683
2015-02-24,0.0027504221205907073,0.005148333626231753
2015-02-25,0.002195558074834914,0.0008967722401814291
2015-02-26,-0.004145458251268465,-0.0038766131120647196
2015-02-27,0.002790499969600373,0.0018225915445888375
2015-03-02,-0.003818940599013768,-0.004566501291436283
2015-03-03,-0.0022488305475335518,-0.001881899593510585
2015-03-04,-0.00434435275287516,-0.0011570007684042643
2015-03-05,2.0741798294050286e-05,0.0007978912819346951
2015-03-06,-0.0170643515629646,-0.010894748894893959
2015-03-09,0.003077222082312305,0.003837400556985108
2015-03-10,-0.006320169805602807,-0.003576998750428822
2015-03-11,0.001583483531372096,0.0002039963325329828
2015-03-12,0.0039979345099870394,0.003555385929355652
2015-03-13,-0.005407636033078067,-0.0035199471467412045
2015-03-16,0.006727552365546581,0.006296557913816055
2015-03-17,0.0010943653452584585,0.0006896012868162011
2015-03-18,0.017313401570155953,0.012024546144919197
2015-03-19,-0.0057960782006321225,-0.004386660264346943
2015-03-20,0.010090977999583932,0.00565505381125072
2015-03-23,0.0019159368928658145,0.0007107087120137587
2015-03-24,-0.00048267631570243416,0.00012107807124694394
2015-03-25,-0.009121911773954782,-0.008305744049944412
2015-03-26,-0.003422758938188244,-0.004003039539455709
2015-03-27,0.0009276455308510389,0.0025856277595406357
2015-03-30,0.005069110928606562,0.003839874209732613
2015-03-31,-0.0038836769476132274,-0.00178127540665594
2015-04-01,0.00641914619113877,0.0025435795326035813
2015-04-02,0.00021595533597284578,-0.0013424890378849082
2015-04-06,0.006434403546112573,0.0036395587382734287
2015-04-07,-0.001442640379263007,6.009639024224118e-05
2015-04-08,0.0008279168166327898,0.0001945687819129222
2015-04-09,-0.0034973302345504774,-0.0013950718030265902
2015-04-10,0.003724028506163845,0.0017092100146980326
2015-04-13,-0.002593675244094114,-0.00024365408822074443
2015-04-14,0.0020331791304315267,0.002593769222790158
2015-04-15,0.004347807683947219,0.0019144787115001121
2015-04-16,0.0012041856581751554,0.00038361936667821674
2015-04-17,-0.0032141517801321687,-0.0025394294844460806
2015-04-20,-0.00013090624769894596,0.0018213663399650063
2015-04-21,0.00010078920935490364,-0.0017761636356022938
2015-04-22,-0.0017260035578051756,-0.00218520598413235
2015-04-23,0.005087971408396012,0.002881071979477371
2015-04-24,0.0021910965805317364,0.003067387147050655
2015-04-27,0.001329808828495608,-0.0024259477934598012
2015-04-28,-0.0015884048601422201,-0.0019858543796383724
2015-04-29,-0.007334383457338613,-0.003913341081849897
2015-04-30,-0.006900351021780366,-0.003559494232357365
2015-05-01,0.0008198633215153353,5.655065218774624e-05
2015-05-04,0.00044996599060409916,-0.0004019586788684889
2015-05-05,-0.005807842899179688,-0.0050192770048842535
2015-05-06,-0.005755972949318384,-0.004604813731602288
2015-05-07,0.002171927185110654,0.004119266956479638
2015-05-08,0.008122711980010152,0.006243368018566936
2015-05-11,-0.009603021601519426,-0.008314134785496072
2015-05-12,0.0014427239321049587,0.00011907808950972364
2015-05-13,0.00028922133339711264,-0.0008387548152827491
2015-05-14,0.00822284119780133,0.005347277427847179
2015-05-15,0.00616696764118911,0.005282830865694078
2015-05-18,-0.004402651662250716,-0.004007997945110563
2015-05-19,-0.006386219580458034,-0.003953432483263994
2015-05-20,0.00033587575621369785,0.0012558499274071698
2015-05-21,0.0038428924984384707,0.0053717594371453575
2015-05-22,-0.001777926058002258,-0.002603262497031882
2015-05-26,-0.005520785102787022,0.0008145781667908489
2015-05-27,0.0027574328383334025,0.0016165089583826554
2015-05-28,-0.0016849519524523328,0.0005373724592007867
2015-05-29,-0.001784984688929702,-0.0008105430730100735
2015-06-01,-0.00124935304814626,-0.00264770828735242
2015-06-02,-0.00236876344891695,-0.004735427110388659
2015-06-03,-0.00719357723696801,-0.005728970432738371
2015-06-04,-0.0026880549499039555,0.0008354769406752717
2015-06-05,-0.005008586462661743,-0.005361503245889285
2015-06-08,-0.0017372435602787208,-0.0006028560199458296
2015-06-09,-0.0014528708025539616,-0.0015897414128074982
2015-06-10,0.004716173981596336,0.0016435779689571936
2015-06-11,0.003449516981256209,0.005657159740079836
2015-06-12,-0.0033108170273200834,-0.0032074874775241883
2015-06-15,-0.0023729146383067246,9.256849902482262e-06
2015-06-16,0.003674652165821569,0.004240433020639156
2015-06-17,0.001993394850597919,0.0010242263817859356
2015-06-18,0.00574098672906443,0.0029812272306501226
2015-06-19,-0.0012906058272445084,0.0015866497126604657
2015-06-22,-0.003467225942147648,-0.003680236423740456
2015-06-23,-0.0003509858840945496,-0.0013325985735623688
2015-06-24,-0.002137293008688427,-0.0007633260399417987
2015-06-25,-0.002893726457934008,-0.0025230780663025847
2015-06-26,-0.0027543900503682666,-0.0029127546257020397
2015-06-29,-0.0036908837820230174,0.0004116188973597257
2015-06-30,0.0025318537896846637,-0.0003805721174610303
2015-07-01,-0.0009136223054250161,-0.0012519520297338757
2015-07-02,0.0015259219253704076,0.0018768772237082617
2015-07-06,-0.002840921899883845,0.0024299574204140993
2015-07-07,0.0011532919580263421,0.0033932471369107005
2015-07-08,-0.0062381978334335245,-0.002961748795502394
2015-07-09,-0.0011561066005572175,-0.004291748874745026
2015-07-10,0.004066876593720979,-0.0012320130217703348
2015-07-13,0.0028233182454924866,0.0013410943640464728
2015-07-14,0.001850769188317102,0.0021962250610341365
2015-07-15,-0.0009573165049514881,0.0012499952494075554
2015-07-16,0.0047667999012815186,0.0024933368049965565
2015-07-17,0.00031864943913424086,0.0016183459957159851
2015-07-20,-0.005619682335792142,-0.0034339665953857738
2015-07-21,0.0004994801935021772,0.0013649377302756176
2015-07-22,-0.0037819597021594726,-0.0021471058640820232
2015-07-23,-0.0026512421671070845,0.0006963143698700734
2015-07-24,-0.0029807904576894142,-0.0018682144088552643
2015-07-27,-0.004960121241824496,-0.0018573289993395658
2015-07-28,0.003292687616988371,0.0013600220581604621
2015-07-29,0.002758411807067113,0.00046888417611290055
2015-07-30,-0.0011938986882540183,0.0005823132705595347
2015-07-31,0.002992479955356394,0.003014453219851819
2015-08-03,-0.002516432682369476,-0.00023223087920935836
2015-08-04,-0.002204611956338495,-0.0034416249884758575
2015-08-05,-0.0019447447996134145,-0.0017040117877629704
2015-08-06,-0.0015874127661451233,-0.0008883949353355088
2015-08-07,0.0019050456082276086,0.00176317158243123
2015-08-10,0.005202815714095234,0.0012044015246884276
2015-08-11,-0.00200269878957651,0.0011304983797805535
2015-08-12,-0.0004639310286665306,-0.0003368405043667123
2015-08-13,-0.0028477103551139207,-0.0026677633072675253
2015-08-14,0.0008309342984562462,0.000503757975965239
2015-08-17,0.0023001842433349783,0.002930011434147819
2015-08-18,-0.003819012677910208,-0.0027240031208817387
2015-08-19,-0.0008998889778170929,0.001620270200878837
2015-08-20,-0.004017394083109623,-0.0035857962035032594
2015-08-21,-0.013368874143448917,-0.006174596957974102
2015-08-24,-0.021415100891640698,-0.011126758016575861
2015-08-25,-0.007580209570140245,-0.006476540721936522
2015-08-26,0.009824023610191536,0.0055950503942147085
2015-08-27,0.0159047659769132,0.007285293229846154
2015-08-28,0.003015096507981879,0.0017905805039668326
2015-08-31,-0.0029784884456893193,-0.0023612962409600372
2015-09-01,-0.01382497155318846,-0.004760627697173744
2015-09-02,0.0063261252124755685,0.0031115343192175634
2015-09-03,0.001577200248510793,0.002839671172860913
2015-09-04,-0.007856259352294948,-0.0021309476770641515
2015-09-08,0.008717005768951794,-0.0010197249520759448
2015-09-09,-0.00654815128850984,-0.0009143628407297987
2015-09-10,0.003112863584129144,-0.0007601858127261473
2015-09-11,0.004301559441652482,0.001814402854088248
2015-09-14,-0.0019211683101117206,-0.0003673482559153083
2015-09-15,0.0009191695816489528,-0.005113835055118318
2015-09-16,0.008414194976530273,0.0022741675156368367
2015-09-17,0.0043454385315197805,0.006830138472832777
2015-09-18,-0.003973971170588845,0.001206091332095071
2015-09-21,-0.0008346123461605056,-0.003860550134620399
2015-09-22,-0.005318705543770149,0.0021149185007009632
2015-09-23,-0.0017649014978481769,-0.000947395045806571
2015-09-24,0.0015767593306918078,0.0008671303868014396
2015-09-25,-0.00240572045185624,-0.0026263869635430545
2015-09-28,-0.009979699845290561,-0.000382256442795514
2015-09-29,0.002341712784998242,0.001954959598926761
2015-09-30,0.007711237464119217,0.0020622173744416373
2015-10-01,0.0015930571430897982,0.00035414598208556797
2015-10-02,0.011933299640462892,0.0061758794432990385
2015-10-05,0.006452921678989086,-0.0012861634064012526
2015-10-06,0.0028088837588186627,0.0019969593493785577
2015-10-07,0.004796654134628738,0.0012303775479363488
2015-10-08,0.0017031120693337424,-0.0019427517680588773
2015-10-09,0.003378580068729272,0.00118905828350313
2015-10-12,0.000686960652859671,0.0025956114822492347
2015-10-13,-0.003949732807591043,-0.0011701516766404818
2015-10-14,0.003591786217092295,0.0036842881329364092
2015-10-15,0.00570270043235103,0.0005840399060655793
2015-10-16,0.0011399297769335984,0.00043940503865005963
2015-10-19,-0.0017146365541128015,-0.0003315096720653925
2015-10-20,-0.0012073929094515597,-0.0026921614866616855
2015-10-21,-0.0031162107819037894,0.0022623530001670425
2015-10-22,0.008163077630710211,0.004201736352010593
2015-10-23,0.0010874724029253432,-0.0003083657324293176
2015-10-26,-0.0003016374780481725,0.00169877603274964
2015-10-27,-0.0008875231727624908,0.001081673739293254
2015-10-28,0.0005131963489122973,-0.0017055245416989092
2015-10-29,-0.006349968395461665,-0.00586015186725741
2015-10-30,0.00019346397868922325,0.001687861185088325
2015-11-02,0.004413934584753486,-0.0015990967461960244
2015-11-03,0.0001885579106306798,0.00038959230756947035
2015-11-04,-0.004607644025019519,-0.001685674927224785
2015-11-05,-0.0018502055159075282,-0.001340649810263515
2015-11-06,-0.010216452629044567,-0.005136800531036043
2015-11-09,-0.008314463285430252,-0.0038191158644282058
2015-11-10,0.0011120436223949121,0.001792802729891784
2015-11-11,-0.002057606254326521,-0.0014181202803859399
2015-11-12,-0.005324472740437799,-0.0033125915963564713
2015-11-13,-0.005676323149762098,-0.0005481191467452038
2015-11-16,0.007153618494230866,0.004611476594163456
2015-11-17,-0.003132729539322402,-0.0005472116177665655
2015-11-18,0.0066734874631725755,0.0038285991480512195
2015-11-19,0.0037861707246159265,0.0015131331214049226
2015-11-20,0.002333229052817417,0.00014247818576923113
2015-11-23,-0.0006672401981181841,0.0006861313619883087
2015-11-24,0.0026124555944777223,0.0012391811141000643
2015-11-25,-0.00048608216700572336,0.00042364592912677834
2015-11-27,-0.003905410118170997,0.0006258654588333207
2015-11-30,-0.0008180832694899275,-0.000828931959717719
2015-12-01,0.009131993880202206,0.006743010004114595
2015-12-02,-0.009676707333435237,-0.004853671086630392
2015-12-03,-0.009458590727395005,-0.011288499083233544
2015-12-04,0.011780285910429105,0.007787575545799672
2015-12-07,-0.006354577790567638,0.00021801131356022767
2015-12-08,-0.0023877309713075286,-0.0007989943024144685
2015-12-09,-0.004083129877532723,3.713112178415567e-05
2015-12-10,-0.001539211590630057,-0.0014937160673841898
2015-12-11,-0.005251207347868474,0.003047062010963127
2015-12-14,-0.0019754905463796085,-0.005481023099951066
2015-12-15,0.0029944823740604577,-0.0005428568180088705
2015-12-16,0.007578877127341402,-5.465516045802962e-05
2015-12-17,-0.006732209111997763,0.0005514930675258795
2015-12-18,-0.002469526779808777,0.0003276941839573148
2015-12-21,0.004122601416351476,0.0014493539481311099
2015-12-22,0.0005595160911428783,-0.0010762964243266563
2015-12-23,0.005302094592401191,0.0007895717010421318
2015-12-24,0.0014606828833346496,0.0012197229041041207
2015-12-28,-0.0025542432342237032,-0.0007636225777116682
2015-12-29,0.002653264261509903,-0.0019568559046522285
2015-12-30,-0.005714366083911434,-0.0011913983599126658
2015-12-31,-0.0023058455808226555,-0.0004358036063697589
2016-01-04,-0.0059850460566282975,0.0009805067938992195
2016-01-05,0.0011198762525440268,-0.00035715575575246436
2016-01-06,-0.001980368153967716,0.002337907925570747
2016-01-07,-0.010170949627564471,-0.0031457896608766732
2016-01-08,-0.004682191681540108,-0.000203787246318265
2016-01-11,-0.0051264411587720144,-0.0036638120798254507
2016-01-12,0.002871749793844509,0.004027413261444584
2016-01-13,-0.007163037804519025,-0.0014276048347079324
2016-01-14,0.0016296266852155565,0.0002073376448169483
2016-01-15,-0.009461133138946224,-0.0024589435346426373
2016-01-19,0.00031984355016895195,-0.002084603572235646
2016-01-20,-0.0039575975757167444,0.0012066355485907765
2016-01-21,0.0017322047219867041,-0.0009010659015628079
2016-01-22,0.013571206918735559,0.0036117773551492625
2016-01-25,-0.00595302839665489,-0.0017398720271659118
2016-01-26,0.00994581739434347,0.0038754498449438592
2016-01-27,-0.004700455947521261,-0.001908694357195988
2016-01-28,0.0033598819017121306,0.002613991800679311
2016-01-29,0.013998022313394512,0.008119770020335888
2016-02-01,-0.0025422130046710055,-0.0029325270671334887
2016-02-02,-0.007167203114917762,0.0006594342773571352
2016-02-03,0.006190215109050471,0.0003617419940269232
2016-02-04,0.003125007986137552,0.001482573129486611
2016-02-05,-0.007391110410340567,-0.0030022842964346937
2016-02-08,-0.0029127165525315263,0.0036662357778341954
2016-02-09,-0.007001345051490117,-0.0024400387807056645
2016-02-10,0.004046201246532952,0.0016789325117808126
2016-02-11,0.0029239531087869378,0.00262186372059859
2016-02-12,0.0040808435015708446,-0.00328975435578049
2016-02-16,0.0014876068354624627,-0.0023530188965713143
2016-02-17,0.009208507700751446,0.0012241497879313472
2016-02-18,0.003651368269038331,0.005415649054329366
2016-02-19,-0.0012465836105104448,-0.0006829280925803226
2016-02-22,0.00668053926710453,0.0024790937959113728
2016-02-23,-0.004678442579842006,0.0001783332399162566
2016-02-24,0.0028672738630213766,0.001321958671302114
2016-02-25,0.006514557708487761,0.005161215191250828
2016-02-26,-0.00461507994549909,-0.0021568532953008942
2016-02-29,0.0022193064854077772,0.0005458541172603573
2016-03-01,0.008462153775835451,-0.0032203059520498098
2016-03-02,0.004686778515188509,0.0011169673479892426
2016-03-03,0.005605343941123017,0.0035263823129369765
2016-03-04,0.0033956003051320884,-0.000373593141018348
2016-03-07,0.0019866985302146776,0.0005388325790912601
2016-03-08,-0.004670774477591564,0.0032106520978544212
2016-03-09,0.0014945463535268437,-0.0019533817951785932
2016-03-10,0.0008781698417716873,-0.001971495170016037
2016-03-11,0.00558436051179902,0.0017680900137510753
2016-03-14,-0.00220913976906032,0.0003100955706645815
2016-03-15,-0.002482721906868184,-0.0006526892302138613
2016-03-16,0.010868017247038737,0.005548516365058347
2016-03-17,0.006268926145989623,0.0025721608307486183
2016-03-18,0.0010373367205502074,0.0022135061680594263
2016-03-21,-0.0019034567332162308,-0.0016748893353059483
2016-03-22,0.0006832919441305574,-0.0015772598619393295
2016-03-23,-0.006512190163702445,0.0017332895259557332
2016-03-24,-0.0012780099470520844,-0.0009251638520925748
2016-03-28,0.002191796308108702,0.001231269435816665
2016-03-29,0.010797306531336872,0.00694910067970878
2016-03-30,-0.0014593962061199652,-0.00015166584619010133
2016-03-31,0.0021345648227124457,0.002263361553059073
2016-04-01,-0.00040866011695676863,0.0012334766398045412
2016-04-04,-0.004206545280727496,-0.00012706843841866464
2016-04-05,-0.0018246325817256788,0.0007990118506911369
2016-04-06,0.00391095339511513,0.0009607174026954338
2016-04-07,-0.002275761511318991,0.0011179374411302864
2016-04-08,0.0037189454759678376,-0.0005688412405837539
2016-04-11,0.0026555764789954624,-0.0003181254512581836
2016-04-12,0.00511438944669565,-0.0009450724156388254
2016-04-13,0.004238437587519637,0.003257549282460247
2016-04-14,-0.004431654058441859,-0.0017015183015969336
2016-04-15,0.00185913782589691,0.0023297002383242766
2016-04-18,0.002224222284037465,0.001012645535509825
2016-04-19,0.005213947879708461,0.000474084538912516
2016-04-20,-0.002457531064552934,-0.00262412609586357
2016-04-21,-0.004497195554920388,-0.0018366522590111403
2016-04-22,-0.003400711433491717,-0.0010512984319790753
2016-04-25,-0.0006587891042568101,-0.0014451985206831105
2016-04-26,0.002390402154577046,-0.0007903358772571947
2016-04-27,0.0038467924461794136,0.004874569774873732
2016-04-28,7.586063956208078e-05,0.0006379631275721505
2016-04-29,0.0011579008188314418,-0.00047149851826592854
2016-05-02,-0.0005270402455034729,-0.0010038235465276994
2016-05-03,-0.0046616461074646945,0.0016132093131562939
2016-05-04,-0.0014633822454388709,-0.0003921356207114424
2016-05-05,0.0001905205229385809,0.0016094909581256458
2016-05-06,0.003053996645762246,-0.0009445249189491902
2016-05-09,-0.004217870777410699,8.006821436641579e-05
2016-05-10,0.008024637828015737,0.003704520253701565
2016-05-11,6.748209742853551e-05,-0.0005339693446751413
2016-05-12,-0.0019337900226230286,-0.0017616208636188927
2016-05-13,-0.0020315178309524683,0.000316738777657547
2016-05-16,0.0041792032326109525,-0.00025433759532396665
2016-05-17,-0.003546447318075651,-0.0025887522858203233
2016-05-18,-0.008574770436932676,-0.006370669651943108
2016-05-19,-0.0026827865570166892,0.00036009820445194555
2016-05-20,0.00430732109334874,0.0019741295312491083
2016-05-23,-0.0010916531836092833,-0.00014314284271559313
2016-05-24,0.003148812002565282,0.0015946394395810219
2016-05-25,0.00358427720455407,0.002126190861214011
2016-05-26,0.002098128924019339,0.0023115555875571395
2016-05-27,0.0007110359552936435,-2.795779371120584e-05
2016-05-31,0.0004166971218680952,0.0005062925773558354
2016-06-01,0.0018498584430882343,0.000764070581118065
2016-06-02,0.0033663194913553787,0.0027248191053620627
2016-06-03,0.008479581091954192,0.006090609824008731
2016-06-06,0.0013054502412629823,-0.0005029827124696855
2016-06-07,0.0031689513381167062,0.0016870064434976512
2016-06-08,0.006430629143482245,0.0019530314650858117
2016-06-09,0.00020491402088219736,0.0006434429508300889
2016-06-10,-0.00517079580411689,-0.0006307075564094904
2016-06-13,-0.001700673766861973,-0.0011013900474517071
2016-06-14,-0.0018052140450763358,-0.0010097825752417543
2016-06-15,0.0031143513164241304,0.0017429108210564581
2016-06-16,-0.0013716212339290818,0.0013868230692203414
2016-06-17,0.0009843384180736059,-0.0030744284521853488
2016-06-20,0.0016932903419957293,-0.0008260612207374557
2016-06-21,-0.0021759981910506134,-0.0007737402790632722
2016-06-22,-0.00029996502701687953,0.0008332728803559024
2016-06-23,0.004080699152629204,0.0007728252118176114
2016-06-24,-0.007177847634752625,-0.0016874417919635024
2016-06-27,-0.00025943464483968497,0.000768146450754789
2016-06-28,0.010609056873871842,0.005493585355590423
2016-06-29,0.008080052394702641,0.002317081496268337
2016-06-30,0.005829333322975116,0.0053999639752600566
2016-07-01,0.007470908053443299,0.0028599462086515114
2016-07-05,-0.0020199335527193033,0.0012609000177180008
2016-07-06,0.00228884640793557,0.0019913404058474354
2016-07-07,-0.004784520482755524,-0.0013660885540491864
2016-07-08,0.01028697911206467,0.005270143418724139
2016-07-11,-0.0007339168091167063,-0.0026112103081417375
2016-07-12,-0.00015873826656057077,-0.003290376698983635
2016-07-13,0.0017863661358429794,0.0021852651669162747
2016-07-14,-0.0008666255828750711,-0.0016405542578756542
2016-07-15,-0.0031010248651419134,-0.003454093052269456
2016-07-18,0.0017942194175158484,0.00033846283266648815
2016-07-19,-0.0005071292652905333,0.0012757758320799512
2016-07-20,-0.0009001512391177411,-8.931520285502045e-05
2016-07-21,0.0008676234375552459,0.0006991215666529221
2016-07-22,0.0016768826255465273,-3.2850280436895106e-05
2016-07-25,-0.0037784085508648117,-0.0011356111768027356
2016-07-26,0.000646655426423443,-0.00030488552172614413
2016-07-27,0.003268738260065566,0.003486295641913396
2016-07-28,0.000657215275004228,-9.55855839881049e-05
2016-07-29,0.006197227348465012,0.0036223099297983514
2016-08-01,-0.0033996481734697454,-0.004276776976970306
2016-08-02,-0.0054073619902229265,-0.004560804528516439
2016-08-03,0.0019062367318073241,0.0017905207790046508
2016-08-04,0.002856123098998994,0.003291566434716712
2016-08-05,-0.0005669267214534455,-0.0027557491763975078
2016-08-08,0.000941866887636341,-0.0009195401382566166
2016-08-09,0.003982164221639152,0.0026498440386502906
2016-08-10,-0.0003173797098736399,0.0009360425030828424
2016-08-11,2.9549228284018883e-05,-0.0017773550517199495
2016-08-12,0.0025681634805340622,0.0025258862547499388
2016-08-15,0.0021886679425777255,-0.0008855858554870182
2016-08-16,-0.002097762969378327,-0.0023353595366761683
2016-08-17,0.0018324127716436236,0.0017612338679715742
2016-08-18,0.0035423273031059688,0.002218803971732323
2016-08-19,-0.004153350665291717,-0.0028740748311282126
2016-08-22,-0.00037751537990524456,0.0013247076538210215
2016-08-23,0.0007416063669231205,0.0005915701150723473
2016-08-24,-0.004449280830177373,-0.0019362287725890638
2016-08-25,-8.301831327823129e-05,-0.001201706092905516
2016-08-26,-0.004002354983057478,-0.0033078629009385884
2016-08-29,0.004936637351322557,0.004126784482835792
2016-08-30,-0.003823561284037904,-0.0007728984668370102
2016-08-31,-0.0038779364731570142,-0.0020868600899859218
2016-09-01,0.00033710225196495296,0.0008071752195553535
2016-09-02,0.004331299736771681,-0.00035489040777059475
2016-09-06,0.008520217257614371,0.0042791509379520466
2016-09-07,0.0007573918178499284,0.000398519258427644
2016-09-08,-0.0038876169004326347,-0.003921760126964944
2016-09-09,-0.018759429850247315,-0.010542010783530608
2016-09-12,0.005405155289389227,0.004829038370944439
2016-09-13,-0.012039407933661686,-0.00692077695380345
2016-09-14,0.0011443444849743756,0.0014031380544973944
2016-09-15,0.004321129982583874,0.003168107640276686
2016-09-16,-5.710254316231117e-05,-0.0003641573097792184
2016-09-19,0.000804425007416724,-0.0011539307422674865
2016-09-20,0.0013492125002818618,0.0011187583376459258
2016-09-21,0.01123403018475655,0.004544754615403006
2016-09-22,0.006747800768911819,0.0039785331745721434
2016-09-23,-0.003688805480499084,-0.0014241021483047313
2016-09-26,-0.0011080708929322564,-0.00032905362802510956
2016-09-27,0.0014969108653473228,0.002916137653423586
2016-09-28,0.004547398830446443,0.0013615416112910987
2016-09-29,-0.004061047370627511,-0.00216730493917556
2016-09-30,-0.00018199978156601803,0.0004979298071277709
2016-10-03,-0.0018826237997189702,-0.002239457446315492
2016-10-04,-0.00983132610273922,-0.004702165188890149
2016-10-05,-5.8332462213596956e-05,-0.00020658333312493333
2016-10-06,-0.0016694305659431998,-0.001520310430676447
2016-10-07,-0.000945060016560692,0.0003273705744891433
2016-10-10,0.0036778452537416925,-0.0005918712806492394
2016-10-11,-0.008217593741798541,-0.003079063757790223
2016-10-12,0.0006923541805306849,6.883456635963235e-05
2016-10-13,0.001167256003049146,0.00106063928443718
2016-10-14,-0.003213606562784807,-0.002223260709836417
2016-10-17,0.0012754390336644388,0.0009767850141899547
2016-10-18,0.005911994773580923,0.00293600238538745
2016-10-19,0.0028238251593761584,0.0010411526418927608
2016-10-20,-0.0022682022630366597,-0.0013062612859901339
2016-10-21,0.0009229645316464327,0.001073124114852129
2016-10-24,0.00125114012242925,-8.794209675638411e-06
2016-10-25,-0.00025372766448504135,-0.0009417675486531861
2016-10-26,-0.006312079244013502,-0.00232442671067708
2016-10-27,-0.005720726405368861,-0.003064830106133395
2016-10-28,-0.00173765817543765,-0.0006882712488236177
2016-10-31,0.0019213683431202112,0.0002983169922830473
2016-11-01,-0.0035651957078199105,-0.001374137500930588
2016-11-02,-0.0036714081383335106,0.0007248940941332081
2016-11-03,-0.003541851941187263,-0.0015845990635787498
2016-11-04,0.00032619460994053463,0.0019137444446610341
2016-11-07,0.007340440037910332,0.0009155303521748072
2016-11-08,0.0006929879536872368,-0.001967775561851611
2016-11-09,-0.01125454972276878,-0.009636376607680497
2016-11-10,-0.011235941829722007,-0.00447896504856982
2016-11-11,-0.00747201223513504,-0.002763814872036434
2016-11-14,-0.0023266926281164855,-0.004384313860328895
2016-11-15,0.007858803948995664,0.0023617922563365043
2016-11-16,-0.0011437162258766287,-0.00012513980364467188
2016-11-17,-0.0027549387718272408,-0.0023094299780735314
2016-11-18,-0.0023450489969491176,-0.0035067335345912764
2016-11-21,0.006777118410242431,0.0032283048133079305
2016-11-22,0.004156739057815848,0.0010509370545194094
2016-11-23,-0.004859878028157834,-0.0024733059203092098
2016-11-25,0.0005533290517169141,-0.00021422779997371162
2016-11-28,0.003428672562657696,0.002677271891900238
2016-11-29,-0.00024303755953615632,0.0003732388765937994
2016-11-30,-0.0036871091992458234,-0.004386150315641424
2016-12-01,-0.005470936116887751,-0.0028789405373451796
2016-12-02,0.00471504605410437,0.003813024571588923
2016-12-05,0.003351547639524914,0.001103487293496089
2016-12-06,0.0010732710939262684,0.0009881571467479072
2016-12-07,0.008070057179250053,0.005960947113529708
2016-12-08,-0.000666991362117942,-0.0018025672902183243
2016-12-09,-0.0022192166735630773,-0.0015776146468323758
2016-12-12,0.0006452134777592499,-6.321470995456033e-05
2016-12-13,0.003862440184222715,0.0024442409723338583
2016-12-14,-0.012255269216823805,-0.00833708242252465
2016-12-15,-0.001152441430470349,-0.0006965400953808522
2016-12-16,0.001506740494117486,0.0003665081001190866
2016-12-19,0.003382350065241888,0.0036524267464054204
2016-12-20,0.00025420936376458023,-0.00017037527746328914
2016-12-21,-0.0019838247317079862,0.0001241844360224758
2016-12-22,-0.0025489857332482812,-0.0008486240235262435
2016-12-23,0.0021953212578592076,0.0011413354534330717
2016-12-27,0.0031249402947251684,0.00014183276877748397
2016-12-28,0.000372869554800246,-2.726675781718273e-05
2016-12-29,0.005618396997159968,0.002062292479510342
2016-12-30,-0.0006948165051151027,0.0009334918574161417
2017-01-03,0.003467063838298272,0.0017059143212380594
2017-01-04,0.005832191118977974,0.0027419039893523296
2017-01-05,0.00744654921826896,0.004278300251906652
2017-01-06,-0.002311570484664854,-0.0024156248794193016
2017-01-09,-0.00019964679550264308,0.0011759332591040924
2017-01-10,-0.00024838562074210426,-0.0005288621690952198
2017-01-11,0.003450945599709391,0.001986673665813243
2017-01-12,0.002361964158035367,0.00040864641698481346
2017-01-13,-0.000552868077455908,-0.0010429558817881025
2017-01-17,0.003894090663439144,0.0026265467312720854
2017-01-18,-0.004960439096265308,-0.004833356142505801
2017-01-19,-0.003900049904128368,-0.003751119120248225
2017-01-20,0.003179223016886389,0.0017657079832652297
2017-01-23,0.00523700316809447,0.0030336959518786335
2017-01-24,0.00030167190384501174,-0.0009554245859234543
2017-01-25,-0.0015471017914437883,-0.0015727767113991667
2017-01-26,-0.0005629739377471956,0.0008676528338556837
2017-01-27,-0.0008677240773346144,0.00010798303697328096
2017-01-30,-0.003533346906146589,-0.002030330501755778
2017-01-31,0.00432413459985782,0.0026462082699356135
2017-02-01,-0.0005877362685112483,-0.0007740498159227319
2017-02-02,0.0023032706522114954,0.0004352203360315033
2017-02-03,0.00267507695492717,0.0022529119968431096
2017-02-06,0.0019823417313843445,0.002613987357566523
2017-02-07,-8.329403732980174e-05,0.001142058624510256
2017-02-08,0.005369394564384189,0.003399517027069267
2017-02-09,-0.0010668189714777483,-0.0024089890831979033
2017-02-10,0.0038038513025780143,0.0012613291537832672
2017-02-13,-0.0010392850153117161,-0.0004527991596485093
2017-02-14,-0.0009005062855824069,-0.001391888693600554
2017-02-15,0.0015217670558110683,0.00021319371537219868
2017-02-16,0.0014268296174120383,0.002071702720718967
2017-02-17,0.0011087610503095582,0.002340221940985271
2017-02-21,0.0034067141826799137,0.0010105100846733474
2017-02-22,-2.0428520776008866e-05,0.0006214523232479273
2017-02-23,0.002513018228726533,0.0017305354718345203
2017-02-24,0.0025255861764991133,0.0033742129538114752
2017-02-27,-0.0016503725892389296,-0.002226209350227648
2017-02-28,-0.0013989590116611113,-0.0007751173394647192
2017-03-01,0.0009178185234267265,-0.0010905045395666287
2017-03-02,-0.007722275608674119,-0.004557260880465479
2017-03-03,0.0016620120166622081,0.001295262440330393
2017-03-06,-0.002674505981011726,-0.0009131303023499498
2017-03-07,-0.0033963064103162753,-0.001920217496424456
2017-03-08,-0.007441688639366248,-0.0039565554541917975
2017-03-09,-0.005617318776485945,-0.002172061493841525
2017-03-10,0.001838153577247717,0.0018695521723292934
2017-03-13,0.00041205437869929753,-0.0015796276420844933
2017-03-14,-0.0016011080159876873,-0.0003694509839789617
2017-03-15,0.012975670532628733,0.008545534414710752
2017-03-16,-0.0005936732009096674,-0.0023854304293283975
2017-03-17,0.001976451283948506,0.001697007281415702
2017-03-20,0.0026069789151373394,0.0014827548171574274
2017-03-21,-0.0026402304647053275,-0.0014331137654544947
2017-03-22,0.002631810172250664,0.0022008825040425108
2017-03-23,-0.0003330157609365373,-0.0012137019282510637
2017-03-24,0.0014448294913961498,0.000613218341642131
2017-03-27,0.00039469651620778544,0.001575433131105785
2017-03-28,0.0009317884720611825,-0.0002913278102472681
2017-03-29,0.0040672492177458745,0.0030149236386744446
2017-03-30,-0.0018213975182625357,-0.0010521362331262732
2017-03-31,0.0006884185474711291,0.0010272644738642124
2017-04-03,0.0030802122927187253,0.0028239730676860777
2017-04-04,0.0005285157367212951,-0.0001844220601047615
2017-04-05,7.112031101433477e-06,0.0005893667830956444
2017-04-06,0.0004498448980959669,0.00022289551939021416
2017-04-07,-0.0008689207707665314,-0.002272563653471979
2017-04-10,0.002164130599306627,0.001752339949062723
2017-04-11,0.003929519088085542,0.0028029984509256086
2017-04-12,0.0015620531539528699,0.000781428571726511
2017-04-13,3.658344928085251e-06,0.0002796180119889934
2017-04-17,0.0024243742647595415,0.0011842195653060314
2017-04-18,0.0014866126047415767,0.0027235128703575373
2017-04-19,-0.005045550567035689,-0.003134127317394095
2017-04-20,0.0019503998594177909,0.0006506103012885356
2017-04-21,-0.0014433735825660535,-0.0010998458505188048
2017-04-24,0.0006712750582621172,0.0016429991959048215
2017-04-25,-0.0003422963264681231,-0.0014832562661364472
2017-04-26,-0.00019243132753766443,0.0012904557812647393
2017-04-27,-0.0005009905960894723,0.00041777926703423095
2017-04-28,-0.0003892818443869937,-8.717258853864861e-05
2017-05-01,7.865099104651459e-05,-0.0005919290460684951
2017-05-02,0.0008204192479784125,0.0009535986288592719
2017-05-03,-0.004822849412902459,-0.0019143630658271372
2017-05-04,-0.006218573432270143,-0.002287484664778061
2017-05-05,0.0045199745763339965,0.001935834140573212
2017-05-08,-0.002330580618034973,-0.0018593987136432065
2017-05-09,-0.0003496370227548034,-0.0011451059376208779
2017-05-10,0.0035140430875723757,0.0006280794333262982
2017-05-11,0.00045030913901936934,2.072961402254827e-05
2017-05-12,0.0024461213413941754,0.0030290145061706466
2017-05-15,0.0028380667240180974,0.0012771891016626145
2017-05-16,0.0011452483661440725,0.0007135033778226666
2017-05-17,4.471554893169965e-05,0.00030073464744591604
2017-05-18,-0.0009720967822089643,0.0009581373457720482
2017-05-19,0.006989896698769886,0.0021339878976292265
2017-05-22,0.002638090190939424,0.0009057818049876872
2017-05-23,-0.002005741881192175,-0.0012322117263275727
2017-05-24,0.0032914453110276984,0.0020683302504685033
2017-05-25,-0.0005042373128277696,0.0013047356429912941
2017-05-26,0.0019948355906036653,0.0005800756003690324
2017-05-30,-0.0013593423319650032,0.0012929420594882115
2017-05-31,-0.001077857745919788,-8.580035723205971e-06
2017-06-01,0.0020317893516120554,0.0017815652524353
2017-06-02,0.005957910207091143,0.003949797481133237
2017-06-05,-0.0024083014844429344,-0.0014787621271678672
2017-06-06,0.0021530424265048934,0.0013606052364846387
2017-06-07,-0.0018003880213534958,-0.0010141069562105416
2017-06-08,-0.0009242135555190333,-0.0010084394048329856
2017-06-09,-0.00376164288234978,-0.0009268156229982359
2017-06-12,-0.0014049585649198086,-0.0004142807450639776
2017-06-13,0.002911071590661294,0.0016890000015275198
2017-06-14,0.00014126427273407891,0.0028967123285349077
2017-06-15,-0.0018834276247996344,-0.0016586497892969608
2017-06-16,0.00034178080133346077,0.00055646518973931
2017-06-19,0.0015241047190945288,0.0001235354473454527
2017-06-20,-0.002709610918356348,-0.0003088420924956699
2017-06-21,0.00047029980280340164,-0.00039296050986742284
2017-06-22,0.0015422718471564153,0.0005679480374054689
2017-06-23,0.002444316219924587,0.0006233270383339716
2017-06-26,0.0013257052770486728,0.0008191792108366952
2017-06-27,-0.005722463699596631,-0.005365672134612938
2017-06-28,0.003978313173010854,0.001910664103546262
2017-06-29,-0.007210815478108398,-0.004905854862069185
2017-06-30,0.002071405361268994,-0.0006376585682130972
2017-07-03,-0.0006505360575362227,-0.0018627627025578737
2017-07-05,-0.001451902869857753,0.0007719723473406763
2017-07-06,-0.006673865756171544,-0.003796018842183979
2017-07-07,-0.0005571272300034552,0.0003801680139588537
2017-07-10,0.0019534471979205897,0.0013145957176741282
2017-07-11,0.0026000043960677614,0.0012185749361679253
2017-07-12,0.006922149173471631,0.003566682366187015
2017-07-13,-0.00021252876332643523,-0.00046377780193785907
2017-07-14,0.006450152173744161,0.0024498993283533816
2017-07-17,0.0010681622397099577,0.0007665531176731725
2017-07-18,0.004049761426326914,0.003033368802464888
2017-07-19,0.0038783581896813203,0.001454591292265904
2017-07-20,5.094979920810077e-05,0.00025154645169643027
2017-07-21,0.00012121325076782275,0.0006348414780296816
2017-07-24,0.0002200104347907258,-0.00046647042427150386
2017-07-25,-0.0021227315701889083,-0.0033148642187948193
2017-07-26,0.004890885627718919,0.002783634591512492
2017-07-27,-0.0016826059458409316,-0.001157520775284256
2017-07-28,0.0020734481781001057,0.0012396420586889927
2017-07-31,0.0006378858289785192,0.0003303014151332299
2017-08-01,0.00139050700617086,0.0018886571456612745
2017-08-02,-0.0007435874571748967,-0.0005272629812424781
2017-08-03,-0.00020881656067845355,0.0019245357787915284
2017-08-04,-0.0012647377022049341,-0.0015906274527279919
2017-08-07,0.0018313908189186128,0.000885760175349383
2017-08-08,-0.0016782668967228248,-0.0013420073842491259
2017-08-09,0.0015776121624457894,0.0010095851544034682
2017-08-10,-0.006528464375192446,-0.0018903965525393367
2017-08-11,0.0018959122062286175,0.0012807169215189131
2017-08-14,0.0024453944259909756,0.0008843538454504844
2017-08-15,-0.0025281262541011194,-0.0022174058886368104
2017-08-16,0.0033773027852255456,0.001708883145001481
2017-08-17,-0.0036052691638072346,-0.0019329487389008757
2017-08-18,0.001252128544229246,0.0001738595696584574
2017-08-21,0.0010481272436145064,0.00033437061433797775
2017-08-22,0.0025731428756555113,0.0016620992485383995
2017-08-23,0.0038263972995463674,0.0015998283613413292
2017-08-24,-0.001834960692304515,-0.001764692048506819
2017-08-25,0.0022528097175875316,0.0017577277652236554
2017-08-28,0.0011233888507019302,0.0006707260776111658
2017-08-29,0.0007209799636619856,0.0019227426085079349
2017-08-30,0.0016019702695185853,0.0005550769696616351
2017-08-31,0.007710629413991811,0.003544993358156734
2017-09-01,-0.00019144274979563492,-0.0015888808448427587
2017-09-05,0.001489019141011673,0.00280149371380332
2017-09-06,0.0007166921630318203,-0.00041796326412133075
2017-09-07,0.004868673163403346,0.003084172157747935
2017-09-08,-0.0037162423869856707,-0.0012010940809799708
2017-09-11,0.0009787059329738933,-0.0016746311913308663
2017-09-12,-0.0011188641320047687,-0.0008858125555953668
2017-09-13,-0.0017695322820928156,-0.0012193799875297867
2017-09-14,0.001811806346960158,8.378075092186115e-05
2017-09-15,0.0015674528133862258,0.0013599277814333728
2017-09-18,-0.0025214483273511773,-0.0023973060372768666
2017-09-19,-0.0004907122530620727,-0.000649947573054916
2017-09-20,-0.001315817428042352,-0.0010436651252386374
2017-09-21,-0.0026627101748622276,-0.0017247455278858804
2017-09-22,0.00020122454514935693,0.0014826471805896386
2017-09-25,0.00199534329829988,0.0023008592873976644
2017-09-26,-0.002344390002031944,-0.0007938493458394581
2017-09-27,-0.004162644785895215,-0.002966631787127695
2017-09-28,0.0007651697411660949,0.00014724507526987828
2017-09-29,0.0016474202200822776,-0.00024073280063288113
2017-10-02,-0.0014457668942804874,-9.823184126619961e-05
2017-10-03,0.0026381892746526288,0.0015585797681772094
2017-10-04,0.0011081750165715008,0.00012473405107200919
2017-10-05,0.002857684653781419,0.0010580034286640006
2017-10-06,-0.0025807698049730462,-0.0017784900221929673
2017-10-09,0.0014816840048331897,0.00044315657351551286
2017-10-10,0.003595673336651388,0.0013697188915188176
2017-10-11,0.0021947297229262183,0.0012677214120391353
2017-10-12,0.0008515213848248041,0.00026672190836105904
2017-10-13,0.005390486948598382,0.003113601755303091
2017-10-16,-0.0010289833626460343,-0.0007913902417758584
2017-10-17,-0.0010392766953425782,-0.0001526077370467207
2017-10-18,-0.0016247048778389949,-0.0016123273574257142
2017-10-19,-0.0009220801747653068,0.0006292024135668927
2017-10-20,-0.0015546880379704875,-0.0015240686438995985
2017-10-23,-0.0017577242664712576,-0.00026610549374729683
2017-10-24,-0.0009071661552915442,-0.0013283363337160535
2017-10-25,-0.0023615032896161766,-0.002299224305137228
2017-10-26,-0.002765193738974039,-0.0004579361363487664
2017-10-27,0.008600831725889007,0.004496357263608268
2017-10-30,0.0014922080131034821,0.0017690137487676796
2017-10-31,0.0011815814175132637,6.255295991533665e-06
2017-11-01,0.0023900689998381567,0.0007787438169967979
2017-11-02,0.0022597183735657347,0.0012970070931078703
2017-11-03,0.0014352476585195995,0.002212198751049105
2017-11-06,0.006066606065978038,0.00207392820840818
2017-11-07,-0.0004815364248580263,-0.00015166819513069536
2017-11-08,0.0012711037164203002,-0.0006127272915668245
2017-11-09,-0.0014922377051422417,-0.0009838577300276883
2017-11-10,-0.004504281460172816,-0.0038927025503681977
2017-11-13,0.0005881208104948866,-0.00028399465354858535
2017-11-14,-0.001860290883031831,-7.69390182678261e-05
2017-11-15,-0.0007904469401971983,0.0014977107285504352
2017-11-16,0.0034955224259801644,-0.0001747871837313002
2017-11-17,0.003607374942093723,0.0010550140035476996
2017-11-20,-0.0022589156112615503,-0.0011708570387526276
2017-11-21,0.005778379182358765,0.0018728687877824272
2017-11-22,0.0029160800328650615,0.0024152952990706307
2017-11-24,6.492091405895336e-05,1.9858743871366318e-05
2017-11-27,-0.002011108040063239,0.00029156366005040805
2017-11-28,0.0016011643886043945,0.0021644891010053867
2017-11-29,-0.00699576920720488,-0.0027859146057625577
2017-11-30,-0.0013276419328269622,-0.0005436413785404387
2017-12-01,0.002730285349420659,0.0026308010340012886
2017-12-04,-0.0032706409089625806,-0.0011684274233615625
2017-12-05,-0.001203308779356362,-0.00024397461869047786
2017-12-06,-0.0022703667101436746,0.00023045710821858272
2017-12-07,-0.0012403973894540878,-0.0005242638037810932
2017-12-08,0.003135455065620892,0.0008082615229664683
2017-12-11,0.0012832197095189006,0.0002475179087865168
2017-12-12,-0.0011980531133561382,-0.0009858483519044445
2017-12-13,0.0038310401971177305,0.0026565398132225443
2017-12-14,-0.0005421171814718156,-0.0007802927532001513
2017-12-15,0.0038571665721593177,0.0013661328258419503
2017-12-18,0.002824397303711306,-0.00018558818089046812
2017-12-19,-0.005578102142264381,-0.0034808289821379223
2017-12-20,-0.0022288325133131928,-0.0018349866707147232
2017-12-21,0.0017985546413470384,0.0009471610382616164
2017-12-22,0.002804085396180398,0.000571598927075876
2017-12-26,0.0026704993569727415,0.001221796329957646
2017-12-27,0.003985564704815841,0.0034406526723086343
2017-12-28,0.002444178701777845,-0.00014848117358215836
2017-12-29,0.001048105293554338,0.0007399054969529866
2018-01-02,0.003857992031557564,-0.0007581189843824043
2018-01-03,0.0037148602299781034,0.0024123292109208393
2018-01-04,-0.00022691125838859768,0.0003315426507321252
2018-01-05,0.001804878740466136,3.803810852191428e-05
2018-01-08,0.0008867036403908606,-0.00020711866358208585
2018-01-09,-0.0035880898908343638,-0.0029137780537758437
2018-01-10,-0.001652829523972966,-0.00017512975437270758
2018-01-11,0.0029577740319374247,0.0015219652005926676
2018-01-12,0.003933607925484884,0.0009053008966775465
2018-01-16,-0.0005948879508107754,-0.0004781600733460836
2018-01-17,0.002745908645196855,-0.00025236065989125305
2018-01-18,-0.0034891595029807737,-0.0027069828929848798
2018-01-19,0.0013075286851170994,-0.001491517844628809
2018-01-22,0.0040536267174303845,0.0010713910819268166
2018-01-23,0.0057495551121506975,0.0030959415924960393
2018-01-24,0.0012749383575023628,-0.0007474477449934054
2018-01-25,7.751672383485601e-05,0.0013344090119713358
2018-01-26,0.004118186954845366,-2.5955328857696965e-05
2018-01-29,-0.00660506145904237,-0.0031506229496573576
2018-01-30,-0.006845181482521241,-0.0038570243531304074
2018-01-31,0.005075235483751764,0.0003887048476982422
2018-02-01,-0.005894125763272397,-0.0034055998513439693
2018-02-02,-0.013622340625884001,-0.007350636365439966
2018-02-05,-0.014329152525581345,-0.0004403765829384602
2018-02-06,0.004881934866668981,-0.0011213734264078892
2018-02-07,-0.009689729051413748,-0.004678649920216287
2018-02-08,-0.01664774919832292,-0.003649187819087118
2018-02-09,0.004416607200361439,-0.0037195868652942256
2018-02-12,0.006798908530484692,0.001136496777943224
2018-02-13,0.003865740771024494,0.0010032219573763413
2018-02-14,0.00649987652920475,-0.0015813825812590141
2018-02-15,0.007844184933926456,0.0024990992869217046
2018-02-16,0.0008262628376784623,0.0024077694167986205
2018-02-20,-0.0054847456262230605,-0.001697525063870099
2018-02-21,-0.006034890781609018,-0.003639823732145699
2018-02-22,0.0036225123940494654,0.0024797709886125317
2018-02-23,0.010069497241785233,0.004880053095286117
2018-02-26,0.005212072605511449,0.0021160137612197113
2018-02-27,-0.01157646231548417,-0.00483705994992715
2018-02-28,-0.0035050599618684387,-3.145642024108739e-05
2018-03-01,-0.0024067510426440016,0.0014943650214989202
2018-03-02,0.0008250637421382219,-0.0027095257831048917
2018-03-05,0.003793593610802185,0.00045323726651468266
2018-03-06,0.004021670183750784,0.0008747834116069446
2018-03-07,-0.0011386358177507608,-0.0016850766007449418
2018-03-08,0.0015433277786234992,0.0009317046323210733
2018-03-09,0.006357117625065338,0.0009935346148210998
2018-03-12,0.0020249274972514377,0.0014083325029293678
2018-03-13,-0.002352738786289909,-0.00045271046382584903
2018-03-14,0.0011149474561403525,0.001224722383689576
2018-03-15,-0.0013393698722777689,-0.00012504645996107134
2018-03-16,1.179066421513322e-05,0.00011498461311995855
2018-03-19,-0.007129131980816487,-0.003876885563307154
2018-03-20,0.00041274560457610414,-0.0007910809164453454
2018-03-21,0.003323164805534363,0.0023152033308618033
2018-03-22,-0.008836911232895664,-0.0009788113026774205
2018-03-23,-0.006651481231571993,-0.001157401105592486
2018-03-26,0.011338887441473567,0.002502226214744077
2018-03-27,-0.005463821216039774,0.0010581998905040404
2018-03-28,-0.0008492298077427704,-0.0005637311409472165
2018-03-29,0.007555787639878837,0.004800657401863849
2018-04-02,-0.00833923699167527,-0.0037583323662799765
2018-04-03,0.0024226712737316657,-0.0004595047051194125
2018-04-04,0.0032027237711620324,0.0003346729117000832
2018-04-05,0.00041432222160759903,0.00010130073439454086
2018-04-06,-0.005792475538862245,-0.00019616195335784117
2018-04-09,0.003086024224427807,0.0024391355644552875
2018-04-10,0.007391041373433892,0.0006316001894185925
2018-04-11,0.001419906148288474,0.0011141205947732518
2018-04-12,-0.0024193633842095105,-0.002853849354508987
2018-04-13,-0.00013956836981274446,0.0005983375638060635
2018-04-16,0.0022535498412929525,-0.0001612269124233098
2018-04-17,0.005516286240403499,0.0012626390303730132
2018-04-18,0.0011634559623790236,-0.0016926582671341003
2018-04-19,-0.006092767953137116,-0.003037607362983215
2018-04-20,-0.007660489030828759,-0.0035446938786464085
2018-04-23,-0.002318510011950993,-0.0008928795889989414
2018-04-24,-0.004909582074217413,-0.0023518147812405196
2018-04-25,-0.0025093301388991423,-0.001527067496872489
2018-04-26,0.007877101079553183,0.003554674378695021
2018-04-27,0.0043525730380903245,0.0014324724561467243
2018-04-30,-0.0028465624932299304,0.0007935178911802976
2018-05-01,-0.0004573341562274022,-0.001700344274095138
2018-05-02,-0.0028194833198315924,-0.0002826492849457943
2018-05-03,0.0015893888526567006,0.002569643748029619
2018-05-04,0.006483890264802906,0.0015306251566168563
2018-05-07,0.0010305292803998796,-0.00023908466058219092
2018-05-08,-9.5457688977044e-05,-0.0011691554908936721
2018-05-09,0.0028436483514525605,-5.906510523451428e-05
2018-05-10,0.008186166106615446,0.003136660445891247
2018-05-11,-0.0006502243625207384,-8.306333142424214e-05
2018-05-14,-0.0012783418212329854,-0.001091324146681553
2018-05-15,-0.010340771856986323,-0.005135522781466748
2018-05-16,0.0020042644150733238,-0.0007354256883728123
2018-05-17,-0.0032817286067969484,-0.00048279092468320563
2018-05-18,0.0004737948059890269,0.0028785249223499242
2018-05-21,0.004431744855474966,0.002057309572515269
2018-05-22,-0.00023252645073102668,-0.0005420643965017947
2018-05-23,0.004824557049444168,0.004434709099375701
2018-05-24,0.0007442847213539511,0.0012735812696286256
2018-05-25,0.00012067125591918334,0.0016533972469090282
2018-05-29,-0.00022258247230784792,0.00661183152457955
2018-05-30,0.004263605805385058,-0.0009282925649300145
2018-05-31,-0.002004064021770322,-0.0013075878147088037
2018-06-01,0.002029475153161442,-0.002431003136850397
2018-06-04,0.0005219723638995547,-0.003268635922728208
2018-06-05,0.0006386511579385521,0.0022810131805083766
2018-06-06,0.0019311525228175215,-0.0020158223670395732
2018-06-07,-0.00010061134575589832,0.0037152117292344484
2018-06-08,-0.00016277992110827832,-0.0009224974226097446
2018-06-11,-2.8221051534836497e-05,-0.0006130155802011085
2018-06-12,0.0005901908370249897,-0.00021386464612776514
2018-06-13,-0.0026273339427755446,-0.0008474143013024999
2018-06-14,0.00247298676065403,0.002036023819327751
2018-06-15,-0.005927989828532366,-0.0018221707546165122
2018-06-18,-0.0009141586091477271,0.000958291307429657
2018-06-19,-0.0022700175827202133,0.0007325944680503157
2018-06-20,-0.00017403342233453603,-0.002249302426938893
2018-06-21,-0.002659016450097286,0.0005665226172750994
2018-06-22,0.004384234948947024,0.001975304044340226
2018-06-25,-0.006836750449266568,-0.0019207123325783294
2018-06-26,0.0017335574183802785,0.001591451026605773
2018-06-27,-0.0026842603024959896,0.002293425877455729
2018-06-28,0.002633770370076611,-4.3927752974009886e-05
2018-06-29,0.0033546731304514715,0.0006210509631697021
2018-07-02,-0.004243513260167039,-0.002014433719018025
2018-07-03,0.0016808173614629668,0.001198674727360463
2018-07-05,0.004981447527911524,0.0017113580245298938
2018-07-06,0.005429809422743514,0.002372270238639202
2018-07-09,0.0026032320973954103,-0.0004528975838195656
2018-07-10,-0.00029416672389522843,-0.000469041134570357
2018-07-11,-0.007834899874568077,-0.0017159899966166252
2018-07-12,0.00574875189779381,0.0011120828729224326
2018-07-13,0.0001925496328736589,0.0015704502361621891
2018-07-16,-0.004693526876625572,-0.0029856422339389456
2018-07-17,-0.0003542883350802871,7.011411635408281e-05
2018-07-18,-0.00015411994822853853,0.00021310532013520394
2018-07-19,-0.00033704656274439007,0.001717090373144954
2018-07-20,-0.00045312346768103197,-0.0024808061615896712
2018-07-23,-0.0030038573672694635,-0.0035207341135030756
2018-07-24,0.0034146600911049516,0.0015063455425937237
2018-07-25,0.006924774086486826,0.0014131268313067034
2018-07-26,-0.0038341061758599432,-0.001219885946594611
2018-07-27,-0.0028100018381998866,0.000173544109954445
2018-07-30,-0.0024281227961696415,-0.0012520264208595838
2018-07-31,0.0045075185236928585,0.0012630522566539717
2018-08-01,-0.004014443273548475,-0.0031455391269404514
2018-08-02,0.0007373391618468896,0.0020517427613518215
2018-08-03,0.004762944278722594,0.0028204990019555305
2018-08-06,-3.152372714445323e-05,0.00095592042255036
2018-08-07,0.001471786761675419,-0.0007485049094462505
2018-08-08,-0.0016969852474054126,-0.0002579498793369859
2018-08-09,0.0003260009339042366,0.001638184080024811
2018-08-10,-0.0029746672605041728,0.002280361783757796
2018-08-13,-0.004993897273039741,-0.001168596209465583
2018-08-14,0.0025416643404400675,0.00035935194051795285
2018-08-15,-0.007181177987834108,-0.0007316985313728229
2018-08-16,0.003552871730345703,0.0015499645780459813
2018-08-17,0.004215050986987674,0.0011325795262749929
2018-08-20,0.002897025598421919,0.002878869586665829
2018-08-21,0.0008834219361907251,-0.0005697817515127689
2018-08-22,0.0029945908043451605,0.0022780588440256926
2018-08-23,-0.003213587655081463,-0.0004017159257773432
2018-08-24,0.007391719951767874,0.0016831072177787947
2018-08-27,0.0026393315321131417,-0.00024684077573125345
2018-08-28,-0.0015105294689924233,-0.0019264665807586633
2018-08-29,0.00418829713921102,0.0013760050469400534
2018-08-30,-0.004077542540501788,0.0006631353008208879
2018-08-31,0.0006353614721096685,0.00023419915647959375
2018-09-04,-0.006210773151709203,-0.002429503420909258
2018-09-05,-0.002924317002602595,-0.0007796603961283704
2018-09-06,-0.0003000073682007412,0.000717827465691434
2018-09-07,-0.004374907151341259,-0.0037808141049265596
2018-09-10,0.001216282676012305,0.0009137403208301883
2018-09-11,0.0009869188562097798,-0.0018482873095343084
2018-09-12,0.002659302445721184,0.0012815059428825915
2018-09-13,0.002424984652243822,0.00043336589307647715
2018-09-14,-0.003435766786122124,-0.001721217128035866
2018-09-17,-0.0022823672549624565,-0.0008059818676192207
2018-09-18,0.000632643034792694,-0.0018991015304160436
2018-09-19,0.000312496699145712,-0.0008449035419224359
2018-09-20,0.005438467109162782,0.0014734605679914323
2018-09-21,-0.0007526731763382396,0.0002560659201869749
2018-09-24,-0.0021765499731026725,-0.0007455734181254595
2018-09-25,0.0006789940707629928,-0.0008295939072169246
2018-09-26,-0.0008218837281748355,0.001829761958690891
2018-09-27,0.0019560688754173775,0.0006898045123926187
2018-09-28,0.0022463888935544355,0.0008742481602511843
2018-10-01,0.00037420188047744335,-0.0004935124079724749
2018-10-02,0.0009347159836890013,0.002068118933883346
2018-10-03,-0.004615939922033382,-0.0052535052957650465
2018-10-04,-0.009139503488026944,-0.0038980877280313216
2018-10-05,-0.0039708374329615066,-0.0029424839478874713
2018-10-08,-0.0010065039768831418,0.0001674231449500158
2018-10-09,0.0025319098695608857,0.0016449818006453523
2018-10-10,-0.015179893217443625,-0.00537953370740575
2018-10-11,-0.004030750670318541,-0.0006932453907485445
2018-10-12,0.006668619131587644,0.001424535215253572
2018-10-15,-0.0013848959276435624,-0.00023596230549572755
2018-10-16,0.010836594578790458,0.003328106761347101
2018-10-17,-0.00419415851911575,-0.002721817838699262
2018-10-18,-0.007745364174701469,-0.0012448621418498901
2018-10-19,0.0018694668868497314,-0.0007762184123594742
2018-10-22,-0.0008470677129617035,-0.00044643546656631343
2018-10-23,-0.002395751116068639,0.00029954765571974505
2018-10-24,-0.008888512986483474,-0.00039751781099271863
2018-10-25,0.007813664992292668,0.0007951450279122193
2018-10-26,-0.005620269671519707,0.0014345522588842558
2018-10-29,-0.004965016270674154,-0.0013439007913953179
2018-10-30,0.004327542754878283,7.40286737873483e-05
2018-10-31,-0.0001298496080786337,-0.0011014721156101955
2018-11-01,0.007899738585754186,0.001908076124875932
2018-11-02,-0.005315692184049881,-0.005478006837563394
2018-11-05,0.0026277521000057057,0.0012619859287614436
2018-11-06,0.0009964085718791814,-0.0008305121752347193
2018-11-07,0.009034119808301686,0.001457105930580537
2018-11-08,-0.0048523954331367615,-0.0017633206216180614
2018-11-09,-0.005814791485759346,0.0017923843628554026
2018-11-12,-0.006430478780275305,0.0009477472338003438
2018-11-13,-0.002192747648562604,-0.00139460407146961
2018-11-14,0.0006549469529895011,0.0018772167984109438
2018-11-15,0.004137039563550253,0.0012436136743993146
2018-11-16,0.004083248239094805,0.003256991042522604
2018-11-19,-0.005993618706395894,-2.057371243452833e-06
2018-11-20,-0.010618230664886817,-0.0036320235533268876
2018-11-21,0.004305963480982775,0.0006360721618056084
2018-11-23,-0.005745782588049838,-0.0019517554381420965
2018-11-26,0.005515044470728586,0.0007933408853183269
2018-11-27,0.0008898445792068089,0.0008402345291733736
2018-11-28,0.00903332603408833,0.0014031532571115754
2018-11-29,1.4343695956456739e-05,0.0024680144935315205
2018-11-30,0.002331642358685029,0.0018503016602304005
2018-12-03,0.010655344734767213,0.004371870538335489
2018-12-04,-0.008136388077750545,0.001532735005844023
2018-12-06,0.002584919263679148,0.0015233260566049718
2018-12-07,-0.006488007585952204,0.001939203850981618
2018-12-10,-0.0017604999197207262,-8.073192523936094e-05
2018-12-11,0.001553591162942947,-0.0019736841080456443
2018-12-12,0.0005473770036207996,-0.002351918376282522
2018-12-13,0.0018607366996206028,0.0011390344698943566
2018-12-14,-0.007902900774094758,-0.00026167377920598004
2018-12-17,-0.008627520402491616,0.0011483709821285067
2018-12-18,0.0016759722285226803,0.0012575336218547933
2018-12-19,-0.005190972071937189,0.0025982434242233254
2018-12-20,-0.0040786275271166555,-0.0022908570809467813
2018-12-21,-0.008740401789730082,-0.0005969885438957025
2018-12-24,-0.008815875711280965,0.0006613220265677782
2018-12-26,0.016146207762493845,-0.0011059246364548574
2018-12-27,0.0012400614224569678,0.0021690167919091374
2018-12-28,0.0029822295583185137,0.004508936535537527
2018-12-31,0.0032858197517777327,0.003931808722008817
2019-01-02,0.00022134270670708047,0.002116897106597069
2019-01-03,-0.0023542886034436565,0.006475108066136384
2019-01-04,0.009740299299869143,-0.005235187683076767
2019-01-07,0.003732630467804721,-0.0018001953536406746
2019-01-08,0.004733018863354623,-0.0013824301348676505
2019-01-09,0.005929455984928491,0.002576207807830035
2019-01-10,0.0007691545972723925,-0.0011290927026653605
2019-01-11,0.0003276066932043492,0.0021652498245613495
2019-01-14,-0.004259061250906251,-0.0018549953641719815
2019-01-15,0.005190905349002599,0.00042915519030182103
2019-01-16,0.003482121693615264,0.0006305404024643168
2019-01-17,0.0025869022415754826,-0.00026668654771599466
2019-01-18,0.002699157414349085,-0.0003659405391550944
2019-01-22,-0.004720292586068289,0.001735945029892221
2019-01-23,0.0013085599339196774,0.00043316540362082747
2019-01-24,0.0036444907510941086,0.002905936007562957
2019-01-25,0.006413333545254598,-0.0005602876913044586
2019-01-28,-0.0033027343923670033,-0.0009929619702523588
2019-01-29,0.002821268756449391,0.003002154862036296
2019-01-30,0.009628102068050528,0.0036983064407076333
2019-01-31,0.006373978807097887,0.0047905178500821785
2019-02-01,-0.0027672219955916094,-0.003372923089764092
2019-02-04,0.0017338228396114293,-0.0015026125187539096
2019-02-05,0.0044679744435007435,0.0020946721566591424
2019-02-06,-0.0033372836782184084,-5.9862024362324634e-05
2019-02-07,-0.0022505458700605168,0.0010153962618990302
2019-02-08,0.0010176559080825283,0.0016747137270287586
2019-02-11,-0.0021889274005182763,-0.002032121516787432
2019-02-12,0.003683677612857211,0.0015731139835055655
2019-02-13,-0.000584996231483519,-0.0016172544869558889
2019-02-14,0.0026958904138968376,0.0022259492693873432
2019-02-15,0.005174437946895488,0.0023040304710021647
2019-02-19,0.0037571752941336417,0.001329752360345259
2019-02-20,-0.0002066104166059665,-0.0001742077401928883
2019-02-21,-0.0035519100266146993,-0.0026444938627396726
2019-02-22,0.005459871996629092,0.003966117780758246
2019-02-25,-0.00154676895733512,-0.0015441715351055124
2019-02-26,0.0011234184574655042,0.00203929783734155
2019-02-27,-0.0038166865935445196,-0.002440491892349952
2019-02-28,-0.003274708276143145,-0.0019366307818001896
2019-03-01,-0.003650906025384651,-0.0024090809630394716
2019-03-04,0.0018136826808654598,0.0020973775084918303
2019-03-05,0.00228687227543601,0.0005974390803907793
2019-03-06,-0.002230754537562691,0.0006138018206230573
2019-03-07,-0.0032032847730531664,0.0020293892981303966
2019-03-08,0.000992077650234317,0.0010661816303519363
2019-03-11,0.0065068572931222465,0.0014210701310319054
2019-03-12,0.004640783810861467,0.002923960470467402
2019-03-13,0.003198755628216342,0.00030615725409387034
2019-03-14,-0.0036886433432068563,-0.0018102213873912832
2019-03-15,0.004725654811262728,0.0031318666267543017
2019-03-18,0.001576750869675285,-0.0001804702466495015
2019-03-19,0.0003804936726580021,-5.887083588867876e-05
2019-03-20,0.004974556561506301,0.006287459172924079
2019-03-21,0.004319478842976064,0.0006271628320779564
2019-03-22,-0.00555026139771552,0.003744798592596491
2019-03-25,0.002119490016006716,0.002271796442260589
2019-03-26,0.0019505414609004062,0.00032623955171762046
2019-03-27,-0.00226571523114629,0.0011292643434839774
2019-03-28,0.0009697548858192715,0.00040480590745535153
2019-03-29,0.002181955820234902,-0.0006161699710165345
2019-04-01,0.001921603039932795,-0.003219319504343943
2019-04-02,0.0021607799882317163,0.001590362676439899
2019-04-03,-0.0002947305696826471,-0.0020944663411928254
2019-04-04,0.0016945383646679718,0.0012809509133175285
2019-04-05,0.003253984623156884,0.0013525372676077988
2019-04-08,-0.00012693143888625876,-0.0009107566790382977
2019-04-09,-0.0005196747172126087,0.0010960929179907124
2019-04-10,0.004559837293315159,0.0028249268410521083
2019-04-11,-0.004530941680748302,-0.0021891073673200013
2019-04-12,0.0012272943942227446,-0.002158141162849871
2019-04-15,-0.001303341184915937,0.0007028035114007938
2019-04-16,-0.0041689789625216096,-0.002811293584392798
2019-04-17,-0.001156947289750855,-0.0005724833850585972
2019-04-18,0.002511546442183681,0.002364199804743734
2019-04-22,-0.0018150109906442963,-0.0004990789823550758
2019-04-23,0.004822247472676434,0.002880406532419223
2019-04-24,0.0005276913463869144,0.0021832410634683185
2019-04-25,-0.00047997427654281305,-0.0011828398713591602
2019-04-26,0.002415943620942102,0.0016662982701994553
2019-04-29,-0.0023577678522954484,-0.0012967483827881982
2019-04-30,0.0017172152973986034,0.0018422678950737656
2019-05-01,-0.002539202483780271,-0.0017786594472308358
2019-05-02,-0.0033369243210500726,-0.0034957711132057217
2019-05-03,0.00664842794545512,0.0026006011605779183
2019-05-06,-0.0022720718355604347,0.0015669954717009511
2019-05-07,-0.007548701686030857,-0.001143713252479687
2019-05-08,-0.001950883235571272,-0.0015493346121616136
2019-05-09,-0.001539097541119365,0.0010849689958440318
2019-05-10,0.002260473485115067,2.5769641301499186e-05
2019-05-13,-0.007639501035604653,0.00034317129668955224
2019-05-14,0.00486612824036259,0.002101626741561502
2019-05-15,0.005345660694234368,0.0037297462376169464
2019-05-16,0.0009603644035886358,-0.0004024690735492697
2019-05-17,-0.00529631213233755,-0.001098336484396304
2019-05-20,-0.004697830251256613,-0.0016269038195923578
2019-05-21,0.0037910373080659674,0.00047674563032661674
2019-05-22,-0.0015065664059464414,0.00011009606656065592
2019-05-23,-0.0030245956789918525,0.0006128145842385119
2019-05-24,0.0025627086880502343,0.0022851992929048054
2019-05-28,-0.00018851407986707875,0.0023905387954183486
2019-05-29,-0.0023819305738002356,-0.000712939178964582
2019-05-30,0.0035105005942855866,0.0031228334173157473
2019-05-31,-0.0007602137200861123,0.0003803327977898478
2019-06-03,0.0018658491007804748,0.002871598572226655
2019-06-04,0.003512096653499752,0.00036495627423419204
2019-06-05,0.00046776249096096203,-0.001802044261994645
2019-06-06,0.004549053396791674,0.002780707717787139
2019-06-07,0.007235639897922536,0.004445705737928601
2019-06-10,-0.0012973334340019437,-0.003613584830927513
2019-06-11,0.0018913928788567404,0.0008422320868804203
2019-06-12,-0.0018708157893299426,0.0004745565125868718
2019-06-13,0.004445333550332589,0.003224733918433591
2019-06-14,-0.000775858241860775,0.0005413929820602581
2019-06-17,0.0018813217841218565,0.00013779851100255164
2019-06-18,0.008402959313344928,0.006881789990868385
2019-06-19,0.003789049329615327,0.00560490075996614
2019-06-20,0.010317291134947532,0.006562199280917966
2019-06-21,-0.003287869278228573,-0.0030813831804024864
2019-06-24,0.003183015085420939,0.002798042651159926
2019-06-25,-0.0046681544985925135,-0.0023886555523570147
2019-06-26,-0.0027983250053404216,-0.0016663233898717902
2019-06-27,0.00456592686094354,0.0051925741355102455
2019-06-28,0.0002841056890872816,0.0015803122895228575
2019-07-01,0.0009236633450776085,0.0014020938486767097
2019-07-02,0.004556091389174369,0.0017376803530533746
2019-07-03,0.0053523013559098115,0.0031248984944213
2019-07-05,-0.005855293481140459,-0.007936119914144673
2019-07-08,-0.002582884268854497,-0.0014936004206533282
2019-07-09,0.0011135364398003615,-0.001579158251442475
2019-07-10,0.007013192909410085,0.003714404984516061
2019-07-11,-0.00605902846910199,-0.004328585996677454
2019-07-12,0.0023870942960162685,0.0017517932737374352
2019-07-15,0.0006024680654745822,0.0012661414490991792
2019-07-16,-0.004294445370920267,-0.002720371907994587
2019-07-17,0.001448438668966029,0.002116904998325336
2019-07-18,0.0025970087771685505,0.002292960533698255
2019-07-19,-0.0054137599469463015,-0.0021689318143103173
2019-07-22,0.0012878750360026216,0.0007123526891900056
2019-07-23,0.002020725446027087,0.0002603629912091141
2019-07-24,0.002612138467135488,0.0018225714820397899
2019-07-25,-0.0054205049201166144,-0.0023844296035238828
2019-07-26,0.003246077462917049,0.001119122130180708
2019-07-29,0.0008011843062038157,0.0005148298282132062
2019-07-30,0.0006744653793471078,0.00013712434380839058
2019-07-31,-0.0051485945716988986,-0.00021389884205228718
2019-08-01,0.0010981333082279196,0.006237477770720345
2019-08-02,-0.0015586071012976728,0.0003740935475688577
2019-08-05,-0.008434625413566238,0.0012197646080437281
2019-08-06,0.0077356527288956894,0.003486096191184247
2019-08-07,0.0026117127041752125,-0.0003829867580687692
2019-08-08,0.009037763888952118,0.0036020785963556652
2019-08-09,-0.003198489957899936,-0.0012614336458297772
2019-08-12,0.0002882533051749548,0.004375423056150157
2019-08-13,0.006247169302186254,-8.174026619110894e-05
2019-08-14,-0.007815969847729429,0.0027138783665430124
2019-08-15,0.004472955672099282,0.0047896257203254335
2019-08-16,0.0036718682875429565,-0.0011079957386330357
2019-08-19,0.0005069330834854148,-0.003049323841023364
2019-08-20,0.001468697073485331,0.003961450203244588
2019-08-21,0.002245547333532044,-0.0010430519025405518
2019-08-22,-0.003459552423479485,-0.0025436740538705453
2019-08-23,-0.004315592053616717,0.003719421446272312
2019-08-26,0.0033526031428479136,-0.0002912700804768369
2019-08-27,0.00413884357499096,0.004321028509905016
2019-08-28,0.0025440100440739907,0.001269236749392559
2019-08-29,0.0032891878632639437,-0.0009641151179072005
2019-08-30,-0.0014603892588135959,-0.00117914015924174
2019-09-03,0.0002101688452986007,0.0007732557882644929
2019-09-04,0.009116451904738275,0.003843270835652755
2019-09-05,-0.003454595553548299,-0.0064948477803179645
2019-09-06,0.001322819710381555,0.0012280485019300585
2019-09-09,-0.0034944731232509746,-0.004758132474221079
2019-09-10,-0.00624145264169782,-0.005814498442759286
2019-09-11,0.002041764335665841,-0.00035766513688203496
2019-09-12,0.0007289964863492918,-0.001496365169969662
2019-09-13,-0.006583988538345667,-0.007199137374291701
2019-09-16,0.007751445408481437,0.006622971133094828
2019-09-17,0.0012183309190685015,0.0007636382219732788
2019-09-18,-0.0014071273715940196,2.080345880154787e-05
2019-09-19,0.0019229594363687984,0.0009917271236005334
2019-09-20,0.003020698834580903,0.004035378065879742
2019-09-23,0.0012985505794001944,0.0010923136017210403
2019-09-24,-0.0018099846059002438,0.0016728326966866606
2019-09-25,-0.004126305411227469,-0.0047238726681338855
2019-09-26,0.001518313884038157,0.0013862010044360768
2019-09-27,-0.00429134897483376,-6.947182562982182e-05
2019-09-30,8.161350200772436e-05,0.0007002525457634629
2019-10-01,-0.0024726995630866516,0.0003312559738762139
2019-10-02,-0.003773442265657376,-0.0007297032928570734
2019-10-03,0.006873660266638952,0.004978382010884232
2019-10-04,0.006486047424460788,0.004172374898069391
2019-10-07,-0.004958270106539529,-0.0034810452894991186
2019-10-08,-0.003024742385039794,-0.0007593657083338073
2019-10-09,0.002293208190063126,-0.0006369721691008365
2019-10-10,-0.0007267045557268062,-0.0028086584637124047
2019-10-11,0.0022764594901132874,-0.002123288014241401
2019-10-14,0.0009516930205937504,0.0012204761930670466
2019-10-15,9.953082202695022e-05,-0.0024865128244327575
2019-10-16,0.0011696715264148893,0.0016907635948462845
2019-10-17,0.0021618527548196475,0.0007971169116498984
2019-10-18,-0.0011398411571629863,0.00017631766815840268
2019-10-21,0.0012110154539334153,-0.0014671421389816953
2019-10-22,0.0001569152280793191,0.0015804940186053009
2019-10-23,0.0026656681500995703,0.0017307145216454958
2019-10-24,0.0023231394749084946,0.0004013914081558229
2019-10-25,0.0010104846009944314,-0.0004970996011607753
2019-10-28,-0.001605078201982893,-0.0025284596760082574
2019-10-29,-0.0014013742037320251,0.0002467455928196424
2019-10-30,0.004206053281878657,0.0035651418049817305
2019-10-31,0.002155746743410357,0.0032530378823050574
2019-11-01,0.005202852606590147,0.0020720038016676847
2019-11-04,-0.0008232118142148798,-0.0023045948715883224
2019-11-05,-0.0053744846823124874,-0.0038476756404155917
2019-11-06,0.0005661569087662343,0.0008594518802395648
2019-11-07,-0.00574670954068556,-0.004634983283219455
2019-11-08,-0.0017761140902960528,-9.076505157624575e-05
2019-11-11,-0.0015736603946699293,-0.0001126005261349528
2019-11-12,0.0001326807054009193,0.0009317875537013255
2019-11-13,0.0023233747052991503,0.0020001963781997494
2019-11-14,0.003549097921691364,0.003653818720668541
2019-11-15,0.002985223169667344,0.0017443872602508719
2019-11-18,0.0002859535756480852,0.0008821780503869047
2019-11-19,0.0010233443256584599,0.0007682432602131542
2019-11-20,0.0017875717862315082,0.0019936038448872236
2019-11-21,-0.003121399646598559,-0.0017233219210829537
2019-11-22,7.036673998511807e-05,0.0004797766349071922
2019-11-25,0.003650053360437278,0.0024976308770364402
2019-11-26,0.003993217991098394,0.002167329758770899
2019-11-27,5.944306723149506e-06,-0.0006962056968180791
2019-11-29,-0.00500648315008317,-0.0025090326073747985
2019-12-02,-0.006413623553907711,-0.004891051188905141
2019-12-03,0.0042943312490628755,0.004089972448210237
2019-12-04,0.0020864567151930974,-0.0001378100115649836
2019-12-05,0.0001840373826112597,-0.0009642128247001507
2019-12-06,0.001362609782924011,0.0008489969881994219
2019-12-09,-0.0009490488140677419,-0.00023216960187545665
2019-12-10,0.00021500347171188533,-0.0006397226343658356
2019-12-11,0.0034278017894629935,0.0036384674796376363
2019-12-12,-0.0008784162470418687,-0.0033657454790736643
2019-12-13,0.004283302904374017,0.004783846669694428
2019-12-16,0.0022690414358871682,-0.0016187690740655826
2019-12-17,0.00026186166100742084,0.0006751644863897628
2019-12-18,0.000651382367658479,-0.0017807939253075495
2019-12-19,0.003248180538599249,0.0015650246310708158
2019-12-20,0.0017750829847484422,0.0006896740556051047
2019-12-23,0.00021105735875815535,-0.0003557217947069311
2019-12-24,0.0023505947825319833,0.0015157557955942983
2019-12-26,0.0051342656655579645,0.002687817047356599
2019-12-27,0.0012706487146481146,0.0012745264217988675
2019-12-30,-0.0021136622850121056,-0.0016994637709818621
2019-12-31,-0.0010472484195081472,-0.0026370285308710186
2020-01-02,0.006695653796549873,0.005630862240069838
2020-01-03,0.002735794431531776,0.00392024051244077
2020-01-06,0.0012432753262485593,-0.0001130156379909693
2020-01-07,-0.002180210977516703,-0.001583091785189032
2020-01-08,-0.001502076104775873,-0.0017295227493697753
2020-01-09,0.0020186756531330556,0.0017864260249782
2020-01-10,0.0031506276072118377,0.0009535180857175811
2020-01-13,0.0023319877225859388,0.0001332288396921346
2020-01-14,-0.0001949597393020083,0.0013361873972074219
2020-01-15,0.0019291781593786619,0.0019769457880459886
2020-01-16,0.0026109007628310928,0.00038991738468116197
2020-01-17,0.0009493157321760872,0.00032504583120711723
2020-01-21,-3.973413215345358e-05,0.0020884886937849343
2020-01-22,-0.0005266567432566393,-0.0006486791981524752
2020-01-23,0.0010017005267456676,0.0015016726447057058
2020-01-24,-0.002301931889672373,-0.0003521510635197118
2020-01-27,-0.006002153482392229,0.000112832736424645
2020-01-28,0.0018938379725392336,0.00018826619224621813
2020-01-29,0.0024579215078228585,0.002958481769400897
2020-01-30,-0.0013477368769456105,0.0008867132033671441
2020-01-31,-0.004965904267495337,-0.0008386839047372298
2020-02-03,0.0008108903665570272,-8.882225846972122e-05
2020-02-04,0.003506498400898563,-0.0007607154775780658
2020-02-05,0.001909446362424311,0.000366962496514442
2020-02-06,0.003357120980863364,0.0014404379037326477
2020-02-07,-0.00010280924872053883,0.001940729921226859
2020-02-10,0.0033045094066191613,0.0010051006585873232
2020-02-11,0.0012917065959942651,-0.0011187665640089042
2020-02-12,0.004202367566188492,0.0005251880379167237
2020-02-13,0.0002507311617941411,-0.00026851608916639617
2020-02-14,0.003160093980462439,0.0021706304285221203
2020-02-18,0.0025011764516364157,0.0020593212337329187
2020-02-19,0.0022712971301733905,2.22297488444679e-05
2020-02-20,4.4729754137897175e-06,0.0023217219609442084
2020-02-21,-0.00014896671666088601,0.0013533452182759548
2020-02-24,-0.010865327398987473,-0.0012969526691510873
2020-02-25,-0.012640329183144828,-0.0015644760710062334
2020-02-26,-0.0019669855366667333,-0.003488252496570197
2020-02-27,-0.017960584046155186,-0.005775284657957406
2020-02-28,-0.004031404204020164,0.008468825482155188
2020-03-02,0.01747406375431303,0.0026547684008604356
2020-03-03,0.001945531144036809,0.00900306272956529
2020-03-04,0.012454575166249721,0.0023044172119270397
2020-03-05,-0.004866876883105267,-0.0005678015448513034
2020-03-06,-0.0014393055126116477,0.0038213753093176983
2020-03-09,-0.03410647660279109,-0.022920366190318904
2020-03-10,0.006001207715171385,-0.015102221725389192
2020-03-11,-0.03315871640598784,-0.013442508619008264
2020-03-12,-0.05337011296302644,-0.009482505095225472
2020-03-13,0.03049178698620743,-0.0011489900241347067
2020-03-16,-0.052292094110855405,0.011315101578223205
2020-03-17,0.005871883569329159,-0.018167340263157996
2020-03-18,-0.04647105818216465,-0.01791524192024879
2020-03-19,-0.00021206380889885303,0.0034777899618595384
2020-03-20,0.0036225512486239863,0.020638630371329042
2020-03-23,0.01407329753430949,0.011082386668357565
2020-03-24,0.03723627426470311,0.0012174780802787974
2020-03-25,0.014083139180700923,0.0018835246936667336
2020-03-26,0.02287687398999007,0.00535638358783139
2020-03-27,-0.008804401401161949,0.0032520030096879447
2020-03-30,0.011196434576688917,0.0036780870014067454
2020-03-31,-0.010491514128220074,-0.00035325200241920836
2020-04-01,-0.02002546043278951,-0.00016673338500352566
2020-04-02,0.012882069214935083,0.0031091776994539274
2020-04-03,-0.002819825788815229,0.0008892627240602352
2020-04-06,0.030412936686899775,0.001086379161282537
2020-04-07,-0.00035000667845299987,-0.0035336809198471906
2020-04-08,0.012346603920768829,-0.00012076124219320488
2020-04-09,0.016499357848248894,0.0023205534754535627
2020-04-13,-0.002799291282389901,-0.0013017454094518587
2020-04-14,0.011769573207084058,0.001977915564719532
2020-04-15,-0.007588432645322732,0.006267319900386496
2020-04-16,0.0022626048114471114,0.0011168112586247864
2020-04-17,0.0053099559962913245,-0.0012312039084784753
2020-04-20,-0.008241466858803902,0.0009980864648908752
2020-04-21,-0.01556217651854495,-0.0008084269350313313
2020-04-22,0.011469841973678988,-0.0012559041286719056
2020-04-23,0.0008479670957578537,0.0004173689405820763
2020-04-24,0.0016577746017301417,2.8172684953596582e-05
2020-04-27,0.0007981793718083057,-0.005017281083158872
2020-04-28,0.000473813154062713,0.0038725561855791264
2020-04-29,0.013195950752724627,0.0014909123583199423
2020-04-30,-0.007237290762889365,-0.001916522099292167
2020-05-01,-0.012424999412192737,-0.0005742080647619101
2020-05-04,0.0032970155308291362,0.0009363065144782037
2020-05-05,0.005243524860373494,0.0007821835984157174
2020-05-06,-0.009602725027211288,-0.0044292970095312825
2020-05-07,0.010505470698393207,0.006314920781764127
2020-05-08,0.006325609676481379,-0.001333213460270396
2020-05-11,-0.0058544583748723926,-0.003073705100649605
2020-05-12,-0.006498851631499182,0.0008776226104662455
2020-05-13,-0.003930016223671935,-1.1698515092591663e-05
2020-05-14,0.008440270675138226,0.0029756403515413944
2020-05-15,0.001165135915629245,-0.00010477654639943812
2020-05-18,0.01326708075792372,-0.0011679033502877652
2020-05-19,-0.0015556638973483073,0.001333030517706339
2020-05-20,0.009766663872180413,0.0024788766549262184
2020-05-21,-0.004786308410762025,-0.00037699481267176985
2020-05-22,0.0006556436197946093,0.0010984975907062586
2020-05-26,0.003890645378120382,-0.00047144415092216074
2020-05-27,0.0035050408335171594,0.0015010260665671593
2020-05-28,-1.0402012813501846e-05,-0.000868792028817535
2020-05-29,0.007413291442959751,0.004106759084571838
2020-06-01,0.00556043737829324,0.0006643989188396332
2020-06-02,0.004880393441626961,0.00016522799540175163
2020-06-03,0.002841361111799643,-0.003493840057807071
2020-06-04,-0.0039037643910437483,-0.003586011052179089
2020-06-05,0.010301275560426705,-0.0007541415153925969
2020-06-08,0.006818593133340215,0.0018508881075900191
2020-06-09,0.00038737954186728133,0.0023778287390972142
2020-06-10,0.0046435661844689904,0.007567182792557865
2020-06-11,-0.024900154989537234,-0.006414639428746387
2020-06-12,0.00689806945435189,2.6776387616389617e-05
2020-06-15,0.004999145416218328,0.0026245709424048847
2020-06-16,0.004242263274695406,0.0006382298065369433
2020-06-17,-0.00039576075242101215,0.0009624070998361008
2020-06-18,0.0016132912342471527,0.002527112601415927
2020-06-19,0.0004967086345675419,0.000880011294011036
2020-06-22,0.004636837111004126,0.0013305441440641175
2020-06-23,0.001200104376493483,0.00017625283727889553
2020-06-24,-0.010372487412427028,-0.0029901908806981847
2020-06-25,0.004988505347561167,0.0018902569927831947
2020-06-26,-0.006499969031407395,-0.0013978591650909316
2020-06-29,0.006776804104576311,0.0034886281513192563
2020-06-30,0.004487239252119088,0.001364755861093271
2020-07-01,0.005400473673305682,0.0011268399050319265
2020-07-02,0.0044398769482061375,0.002232184176002089
2020-07-06,0.009369159181289924,0.0025983280687308773
2020-07-07,-0.002003844585037576,0.001654847459215244
2020-07-08,0.005802056977070542,0.001204892380326829
2020-07-09,0.001251652146105335,0.0028938379039688484
2020-07-10,0.00038605827005776055,-0.0006305658403983582
2020-07-13,-0.005466755326020452,-0.00043700569902447065
2020-07-14,0.004912072187693843,0.0013962391657169314
2020-07-15,0.003379459104430084,0.0012004308483870678
2020-07-16,-0.004539177084131782,-8.913490840191748e-05
2020-07-17,0.003425756152356528,0.00014897682390148354
2020-07-20,0.004859993736265826,0.0012976360490492354
2020-07-21,0.003694631122623036,0.0018345532357640724
2020-07-22,0.0053553605228015815,0.0011508513526189853
2020-07-23,-0.0024255096654155024,-0.0004476132367163218
2020-07-24,-0.0014590600913059388,-0.0009585101773459074
2020-07-27,0.007331472112305128,-0.00014542467578966252
2020-07-28,0.0008330421480848827,0.0011295046881198156
2020-07-29,0.007946455912438116,0.00257139321482488
2020-07-30,-0.003074682182282352,0.00023791326696313462
2020-07-31,0.003521849162133472,0.0012485060148834908
2020-08-03,0.002028605553206428,0.0007752131648381224
2020-08-04,0.008899861016673654,0.003567706565050502
2020-08-05,0.0018545166417659274,-0.0017909338656845345
2020-08-06,0.006346164720540953,0.002023991892395135
2020-08-07,-0.006653779601579294,-0.0024383836751065155
2020-08-10,-0.0006062528726441648,-0.000159081053780905
2020-08-11,-0.015339621413481283,-0.004809307493146155
2020-08-12,0.004980457783054395,0.0005400028315789325
2020-08-13,-0.0008505006943783984,-0.0016872130019579107
2020-08-14,-0.0017437246042149794,0.0003917832158482087
2020-08-17,0.008727461879313083,0.002576805797643463
2020-08-18,0.003375780775086057,0.0018246681305312139
2020-08-19,-0.009431424212774984,-0.0018826555436866868
2020-08-20,0.004886461408010629,0.0027213819021262263
2020-08-21,0.0007577827539483042,0.0007575938360531778
2020-08-24,0.002725479697182552,0.0009064994401903267
2020-08-25,0.0017066599945521725,-0.0008750834701404096
2020-08-26,0.003741440062662141,0.001546277670225383
2020-08-27,-0.0047700136651585715,-0.002526521438276108
2020-08-28,0.006407361919897683,0.00273506458082736
2020-08-31,-0.0011234713346651173,0.00014868747333825075
2020-09-01,0.0074118748373244074,0.00429239074601437
2020-09-02,0.00285060144197181,0.0030814073040491656
2020-09-03,-0.01382938727854306,-0.005625055795920558
2020-09-04,-0.007713217971080511,-0.006178012737290853
2020-09-08,-0.012470367771872628,-0.004203881428049775
2020-09-09,0.00901587860280107,0.0011797199406548416
2020-09-10,-0.007150829760854804,-0.0007492488162379635
2020-09-11,0.0010969136623172706,0.0022509788863014964
2020-09-14,0.008227310206832728,0.00031148277769927783
2020-09-15,0.004217044029090559,0.0005327442883671705
2020-09-16,0.0004027438103624626,0.0005669365398259111
2020-09-17,-0.0037139112439448395,0.0006478742691113161
2020-09-18,-0.005453597231395175,-0.0011085425254394004
2020-09-21,-0.009196367951516585,-0.0008043417005534931
2020-09-22,0.0020594451477459522,-0.0003990189885644072
2020-09-23,-0.014305071433111686,-0.0020133297543733593
2020-09-24,0.0019760292521524394,0.0005916642738084254
2020-09-25,0.005539915403737986,0.0011320691838208386
2020-09-28,0.009120720626813883,0.0013046779749691666
2020-09-29,-0.0019609963574925087,-0.0002883794482259949
2020-09-30,0.002304928044404009,-0.000681291535626871
2020-10-01,0.005406683522397327,0.0002483279941483124
2020-10-02,-0.005304731910516466,-0.002417875977220885
2020-10-05,0.0055136227867591285,-0.0027603775778779916
2020-10-06,-0.0038194708211548058,0.001982323352407478
2020-10-07,0.0038491125691264287,-0.0013111902473274084
2020-10-08,0.0062322863068796225,0.0025428618466885244
2020-10-09,0.005362699122268263,0.0012220080848705309
2020-10-12,0.005735008389811819,0.0029600981459989763
2020-10-13,-0.0033187656762349266,0.0005933832859960021
2020-10-14,-0.0017851536318801717,0.00036414092903094917
2020-10-15,-0.0007458221205421519,-0.0010456890440065265
2020-10-16,-0.0027360157169722746,-0.0011358242137750152
2020-10-19,-0.005728755127440147,-0.0022337162657434626
2020-10-20,0.0024614984899538565,-0.0008418263734901733
2020-10-21,-0.001072058767384857,-0.0016650951892829388
2020-10-22,-0.0023799968332864933,-0.0022746116653020935
2020-10-23,0.0020007929763126574,0.0015732821951020635
2020-10-26,-0.005908152530728187,0.0002917227813195609
2020-10-27,0.002054613810346166,0.0029059545844805947
2020-10-28,-0.017348100394959955,-0.005124812406709467
2020-10-29,0.0009364576651959096,-0.0030705431165762476
2020-10-30,-0.007074686409441595,-0.004279691883832996
2020-11-02,0.009651025147289563,0.003924588044007596
2020-11-03,0.006108715535242245,0.00024142239142680257
2020-11-04,0.01666198596431503,0.012003492503462486
2020-11-05,0.010641529535185023,0.002719183259066682
2020-11-06,-0.0031299575083253784,-0.003426327775613359
2020-11-09,-0.005085854689810508,-0.0038635780735759395
2020-11-10,-0.0003957008280081353,-0.0005837202974917507
2020-11-11,0.004226559386342011,0.0016830504506517448
2020-11-12,-0.0004639225692553867,0.0030937361437249336
2020-11-13,0.006469135265045001,-0.0004180965081597771
2020-11-16,0.005427132853899501,0.0012706468428263003
2020-11-17,0.0005629488363012177,0.002299445597989254
2020-11-18,-0.004244888122887312,-0.0007043412644365866
2020-11-19,0.002984207705236751,0.0010751777459083733
2020-11-20,0.0008057189185298363,0.0020579676770216297
2020-11-23,-0.0015266446474549605,-0.0010543054845777013
2020-11-24,0.0038538287963563447,0.0020159056244691367
2020-11-25,0.0005803607119650281,0.000959510228043796
2020-11-27,0.0023581393331411084,0.00262540201433606
2020-11-30,-0.005236320294420918,-0.0025810337755141017
2020-12-01,0.004649305436733383,-0.0034282278581704035
2020-12-02,-0.0005922735467287755,-0.0008553391181565296
2020-12-03,0.004979100431423736,0.0029495357717681777
2020-12-04,0.001148629035373448,-0.001891596708483736
2020-12-07,0.0026827636915304587,0.0023746958290562295
2020-12-08,0.0013443421648073918,0.0012173060181526803
2020-12-09,-0.007601701442746893,-0.0028575916561735843
2020-12-10,0.00466596865257171,0.0030400151179864406
2020-12-11,-0.0003871795593583373,0.0010599910924235022
2020-12-14,-0.001546707204935001,-0.0005659710418841709
2020-12-15,0.007608054060641177,0.001944651277397777
2020-12-16,0.0020107118568232357,0.00021324338809359546
2020-12-17,0.005099334435174135,0.0013833996395272267
2020-12-18,-0.003175704086471447,-0.0009429873097645539
2020-12-21,-0.003744671602723074,-0.000907520820562322
2020-12-22,-0.0009954927637692798,0.00017181123310564884
2020-12-23,0.0010257156421073408,-0.0005401029827103321
2020-12-24,0.0031107021074258273,0.0019451298403046745
2020-12-28,0.0017175794934843136,0.0009447843503166653
2020-12-29,0.0011519092685538669,-0.00011047396671250595
2020-12-30,0.004133022920368072,0.0012240803192329643
2020-12-31,0.0028195433423825163,0.0015948806653909224
2021-01-04,-0.00394448810143038,-0.0024953792005513297
2021-01-05,0.00596483602674548,0.0018106236836884218
2021-01-06,-0.007584130148053798,-0.003912041792625871
2021-01-07,0.003343582010527843,0.00044574048132978893
2021-01-08,0.0012704524065260108,-0.00022846881719450438
2021-01-11,-0.006796502569633286,-0.003247545401565545
2021-01-12,0.004080340245483717,0.0017504706068584336
2021-01-13,0.004370135539163391,0.002870995965634172
2021-01-14,-0.00040092598897587244,-0.0010579625346725813
2021-01-15,-0.003791642483945923,-0.00021633322933220815
2021-01-19,0.005629189471470037,0.0020746139647569274
2021-01-20,0.009459216665513519,0.002344594212810517
2021-01-21,-0.0010949143732691714,-0.0010263359800163447
2021-01-22,-0.0035616540313846952,-0.0008083261429014767
2021-01-25,0.0065357933732913785,0.004679326243429911
2021-01-26,-0.0004077179829706884,-0.0005395894547575626
2021-01-27,-0.010658407816845008,-0.002640697699014699
2021-01-28,0.0010489625795435534,-0.0013667568898976872
2021-01-29,-0.00887104767047955,-0.004094847745544606
2021-02-01,0.012848194126013372,0.005004724435106887
2021-02-02,0.002954153927119382,0.00041666290050295014
2021-02-03,-0.0011560017364852814,-0.001099542321285151
2021-02-04,0.0010297228121831244,0.0012285143398604063
2021-02-05,0.00203114738155885,-0.0005496709431747516
2021-02-08,0.006159450593229208,0.0023740446810750814
2021-02-09,0.002049762939401628,0.0008790581869126972
2021-02-10,0.002307570554232089,0.0020940756636054713
2021-02-11,-0.00037175675752679373,-0.0004943951047252165
2021-02-12,-0.000246461056154083,-0.0017716720201010143
2021-02-16,-0.004744745441830031,-0.005456128302911025
2021-02-17,-5.4524014335307215e-05,0.0007790370424677593
2021-02-18,-0.003866663390802106,-0.0007846968943048437
2021-02-19,-0.0020060664131182097,-0.0035134226077974846
2021-02-22,-0.0031207485648349314,-0.0010817077207710816
2021-02-23,0.001017481244606167,0.00108736768633095
2021-02-24,0.0029147798627938573,0.0004505318173483365
2021-02-25,-0.01871265565961338,-0.01394279099261923
2021-02-26,-0.0015440762584430353,0.005841348690169875
2021-03-01,0.005475947324575739,0.0006539719020305932
2021-03-02,-0.003084050065068527,0.0010882279932976067
2021-03-03,-0.008403953639010066,-0.005232737609667955
2021-03-04,-0.007974424843390228,-0.004530555057220721
2021-03-05,0.00786886501723513,0.0015130639903158994
2021-03-08,-0.01040828805731381,-0.004912919091110639
2021-03-09,0.013555679209010855,0.005373106734210953
2021-03-10,0.0033611009541458505,0.0025784900717911187
2021-03-11,0.00820504369714014,0.0030241444107987807
2021-03-12,-0.006289400789064441,-0.006415371475212728
2021-03-15,0.004842927298729209,0.0013043828147075174
2021-03-16,-0.0005078641006917945,-0.000553378512311514
2021-03-17,0.0008011901879154987,-0.0010494237555087385
2021-03-18,-0.01607462103794758,-0.011434963703886273
2021-03-19,0.003697569468853519,0.001738004480267022
2021-03-22,0.004927365834117659,0.002894509701781198
2021-03-23,-0.005129657888297456,-5.486362053368915e-05
2021-03-24,-0.0007003507624079794,0.002438449014961372
2021-03-25,-0.002297388578919285,-0.002642373420557718
2021-03-26,0.009834166625954197,0.0018698933049628545
2021-03-29,-0.004433510978108731,-0.0029583668541567974
2021-03-30,-0.003160042244931496,-0.0023352074153884742
2021-03-31,0.0036016063739999094,-0.00027113047911399963
2021-04-01,0.012331391485331293,0.006474411770801186
2021-04-05,0.0011895234782353754,-0.00263632016253421
2021-04-06,0.004242503545147207,0.004386250050789845
2021-04-07,-0.002231459133536696,-0.0006113431621961409
2021-04-08,0.00571077336543982,0.0037420078933913608
2021-04-09,-0.0018755140654697516,-0.0022929832848501393
2021-04-12,-0.0010100629342478361,-0.0006357766778657942
2021-04-13,0.006374602804119831,0.004232333762180113
2021-04-14,-0.0002440334409278726,-0.0004301722157769336
2021-04-15,0.011493561363497013,0.00710577635522433
2021-04-16,-0.0006854894454303186,-0.0016630621182053234
2021-04-19,-0.002560942519935018,-0.001577827021192138
2021-04-20,-2.426592798770988e-05,0.001042432993489097
2021-04-21,0.004508159204883273,0.00175525521871589
2021-04-22,-0.0020962838780832272,-0.00045555351435679076
2021-04-23,0.004410194607490417,0.0011918513417749578
2021-04-26,0.001986159055133091,-0.0002121862044996544
2021-04-27,-0.001963240109931431,-0.0027977227961380334
2021-04-28,0.000987311581447324,0.0012471115411638728
2021-04-29,0.0011662155738658532,-0.00022912256527601513
2021-04-30,-0.0033993365188087336,-0.0010431368689218532
2021-05-03,0.0028863065175880626,0.002119371107475904
2021-05-04,-0.002126615603555953,0.0005181030758673654
2021-05-05,-7.798948447277124e-05,0.0012657688791928865
2021-05-06,0.006058788449547922,0.0019329178316296435
2021-05-07,0.005541591202410157,0.0020089797003949358
2021-05-10,-0.007793171125772657,-0.0037521539008274593
2021-05-11,-0.0028072102014470098,-0.0015868369967147566
2021-05-12,-0.01384490659627286,-0.006373894616282684
2021-05-13,0.0015220407716796,0.002040356753672766
2021-05-14,0.010775495407863933,0.0038934108059265377
2021-05-17,0.0013763011762687274,-0.0003042599109699598
2021-05-18,-0.0011771531362751758,-0.0006248574840851001
2021-05-19,-0.0038291041583699125,-0.003976631635723897
2021-05-20,0.006470983073203613,0.003833415302185922
2021-05-21,-0.0003093361548869662,0.0004971510526038056
2021-05-24,0.007358951582296866,0.0025640969350259994
2021-05-25,0.003697859052964631,0.002969790099423867
2021-05-26,0.0012717208558013595,-0.000536691477855234
2021-05-27,0.0001202912427594599,-0.0005182846681470606
2021-05-28,0.0017381429810906551,2.740036636226289e-05
2021-06-01,0.00504747103505944,0.0013047138811742214
2021-06-02,0.0034874987098436148,0.001427501696635776
2021-06-03,-0.007404222798668701,-0.003172220216132317
2021-06-04,0.009301447135296315,0.006211480868256063
2021-06-07,0.0009472497882320561,-0.0007605801639935273
2021-06-08,0.0028323669754180382,0.0029082308231529602
2021-06-09,0.0009034562276587617,0.0021666663279981233
2021-06-10,0.005537750526510282,0.003698525590647828
2021-06-11,-0.002287721863272103,-0.0009215860642998863
2021-06-14,-0.0012855628261641836,-0.0020689563368202993
2021-06-15,-0.0035446758824525014,-0.0005118826762056641
2021-06-16,-0.006874502470694447,-0.006611340204685271
2021-06-17,-0.0016838698683995998,0.0014604937978887223
2021-06-18,-0.00029463852043669575,0.0017775736539135756
2021-06-21,0.0038725990992943904,0.0011255966353130044
2021-06-22,0.0009474769986289469,0.0024744770700710493
2021-06-23,0.00020371716122164635,-0.0013759420529422103
2021-06-24,0.0026937555214168137,0.0013533812742404002
2021-06-25,-0.0002611363854360908,-0.0009026601741758419
2021-06-28,0.0034054959783648316,0.0027128916047709593
2021-06-29,-0.00014827330531461146,0.0007008884336130949
2021-06-30,0.0012155274743434787,0.001683432908583547
2021-07-01,0.0010511692576582621,0.0007321528578562819
2021-07-02,0.0054839248934868655,0.004690040941766281
2021-07-06,-0.0006166853219614112,0.0020676755538894896
2021-07-07,0.0018747241903959218,0.0023419230606421
2021-07-08,-0.002041450690129576,0.0003586355914050469
2021-07-09,0.0036205405148535567,-0.0008294823403241607
2021-07-12,0.001234805186652792,5.756145343862478e-05
2021-07-13,-0.002380795040415784,-0.0023324468353915877
2021-07-14,0.004162554885218701,0.003053589525054912
2021-07-15,0.0010102291344054643,0.0020687397942433247
2021-07-16,-0.004015176435567017,-0.001543049965650318
2021-07-19,-0.005244398214796315,0.001931484016856251
2021-07-20,0.0049798599913700335,0.0018513952258408725
2021-07-21,0.0010600987755379795,-0.0017980428248480492
2021-07-22,0.003341398505908449,0.0030254252303855977
2021-07-23,0.0006019464654134648,0.000663542854778933
2021-07-26,-0.0017140105932814923,-0.00019038791087965174
2021-07-27,-0.0009632960943223829,0.0018264530393394803
2021-07-28,0.004005663456042603,0.0014620772525461773
2021-07-29,0.002902422753746515,-0.0006872337148964615
2021-07-30,-0.0023154055640058585,0.0007348485284222092
2021-08-02,0.00098187788547664,0.0023981003481823044
2021-08-03,0.0015710416398460715,0.0011681401491472907
2021-08-04,-0.0016347512348423331,-0.0015597688692437599
2021-08-05,0.0017903973979648308,-0.001089675639939221
2021-08-06,-0.00898371017081311,-0.005463693554906
2021-08-09,-0.004958431510445537,-0.0028050578083914993
2021-08-10,-0.00043816799974669845,-0.00043502405986779
2021-08-11,0.0038108401738521343,0.0017874089848107112
2021-08-12,-0.0005704161883438298,-0.0003865183700151899
2021-08-13,0.0053933785026365946,0.0041914571587063736
2021-08-16,0.00022081752509001633,0.0018113410119990595
2021-08-17,-0.005157813177007652,-0.0026817117872765567
2021-08-18,-0.003689819760267888,-0.0033063901341336332
2021-08-19,-0.0009457404017580118,0.0010160149646439003
2021-08-20,-0.0001775251912259114,6.902312282433846e-05
2021-08-23,0.008947246373833253,0.0040081174726389395
2021-08-24,0.0028084861708846244,-0.00024154542921375137
2021-08-25,-0.001346286713772007,-0.001893993925268791
2021-08-26,-0.0025485226139396917,-0.0018722692983151345
2021-08-27,0.009270663085520027,0.0051332574473351
2021-08-30,0.0033236927578323325,0.0026299572368069716
2021-08-31,-4.272430228181401e-05,-0.001624451570214047
2021-09-01,0.0030087986198508443,0.00045171847407874353
2021-09-02,0.0021800511349236167,0.0019652327092710567
2021-09-03,0.0003672816170949253,-0.0015825042465854827
2021-09-07,-0.0065140007153189315,-0.003983336336256871
2021-09-08,0.000611271144377199,0.0017113682652762472
2021-09-09,-0.0006313531030750498,0.0008670674845015065
2021-09-10,-0.004139541450642698,-0.0036663617119998305
2021-09-13,0.0035900291474182337,0.0017194537425890884
2021-09-14,0.0012643557940213638,0.0015943179353927431
2021-09-15,0.0021428701104736917,0.0011153606811107866
2021-09-16,-0.005773424406592268,-0.0029438567479387985
2021-09-17,-0.005784208326008758,-0.00460016343838273
2021-09-20,-0.004814507680255894,-0.0002947421634779115
2021-09-21,0.0014975094135256564,-0.0006177339599025816
2021-09-22,0.006092166241270782,0.0032009604721174307
2021-09-23,-0.0019244330639337465,-0.0036013194874524607
2021-09-24,-0.003499333265240332,-0.001721799770149044
2021-09-27,-0.0007983893747359392,-0.002152370084008071
2021-09-28,-0.012504775707555307,-0.0075838582256634035
2021-09-29,-0.0002823193420743865,0.0011820751965039952
2021-09-30,0.00029961334440552114,-0.001541995538838598
2021-10-01,0.007316552952149273,0.006106147692987752
2021-10-04,-0.0029073514301458034,-0.003134800234047425
2021-10-05,0.0011313581723702316,0.00037577423291310704
2021-10-06,0.0004422948607899222,0.000482670724677434
2021-10-07,0.0024094341384375126,-0.0006235735679340902
2021-10-08,-0.002677235216007346,-0.0016491251064492507
2021-10-11,-0.0017725614856608318,-0.002201968626572324
2021-10-12,0.004221565322288461,0.003243787582396818
2021-10-13,0.00808901462551712,0.002936166367708275
2021-10-14,0.007747344962829427,0.0039379572493534664
2021-10-15,-0.0002244267915176792,-0.0022565519948599994
2021-10-18,0.0006454768579234989,-0.0014226241926382952
2021-10-19,0.0007256481064862486,-0.001424148945655032
2021-10-20,0.002917469130888359,0.0006494994262161349
2021-10-21,-0.002173673778329951,-0.003246610267586673
2021-10-22,0.002705312684651032,0.0021513242026516594
2021-10-25,0.003813793938331223,0.002007690214679928
2021-10-26,0.0011145429577211093,0.0008512977655436276
2021-10-27,3.351261287517452e-05,0.00254196890965767
2021-10-28,0.003217712900526947,-0.0009936753269452498
2021-10-29,-0.0031015986932552476,-0.0006457913430850675
2021-11-01,0.0021017642586401777,0.0009717607406437474
2021-11-02,0.0017906391807172297,0.0019555751093147554
2021-11-03,-0.0032335995785400177,-0.0033874273946333192
2021-11-04,0.0038521050359830167,0.0042016449818698155
2021-11-05,0.007294939302692089,0.00546107144522078
2021-11-08,0.0006983252005979703,-0.0021841628809093883
2021-11-09,0.002765057792429934,0.0025386009470940094
2021-11-10,-0.007848317885735008,-0.008423562734911348
2021-11-11,0.0027593381021834736,-0.0009931890109406783
2021-11-12,0.0016412290222982957,0.0032184307565941883
2021-11-15,-0.002717135299200172,-0.0026997578092011806
2021-11-16,-0.0010741679129011611,0.0003262157170508272
2021-11-17,0.001577520409632149,0.0011930035641261848
2021-11-18,0.0009057208450818478,0.0007954710278842529
2021-11-19,-0.0009703365690024488,0.0005889179890378356
2021-11-22,-0.008087176368952969,-0.0056346634735624755
2021-11-23,-0.001818090586776175,-0.001676584419184403
2021-11-24,0.004073113867996724,0.00245992590847318
2021-11-26,-0.011476098910115654,-0.0008431168200060115
2021-11-29,0.003083989177183899,0.001439279334214258
2021-11-30,-0.006160480895416928,-0.0016847674865725166
2021-12-01,-0.0034304371245667997,-0.0014479774027947054
2021-12-02,0.006799879489619966,0.0028788653318344137
2021-12-03,7.85468585696644e-05,0.0014601076214491207
2021-12-06,0.002884658139139654,0.0003341471009269477
2021-12-07,0.008540599574397453,0.003478797927396923
2021-12-08,-0.0002491089076634452,-0.0018205140006850714
2021-12-09,-0.005552691846225199,0.00018746008268015577
2021-12-10,0.004075647750561436,0.001582268188414436
2021-12-13,-0.00026484416761493845,0.0016638518439100786
2021-12-14,-0.006344042562011237,-0.0025825415398729795
2021-12-15,0.004669672917523519,-0.000577941338963106
2021-12-16,-0.000854384767756571,0.0024514442489449307
2021-12-17,-0.0017444737169321116,0.00036287547661777836
2021-12-20,-0.007123102155603052,-0.0031887518552135737
2021-12-21,0.008205000573320327,0.0005528230806645216
2021-12-22,0.007012406145635379,0.0022957993434203233
2021-12-23,0.0010990597923116571,-0.0006195913076060928
2021-12-27,0.007596715725402121,0.0020465652944665277
2021-12-28,-0.0018851862610740253,-0.0007302006745659459
2021-12-29,-0.0017866936880447004,-0.004309907583580726
2021-12-30,0.00322554292090415,0.003615645694480255
2021-12-31,-0.0008781502174915426,-0.001740297455251869
2022-01-03,-0.005636937381166659,-0.006585789352577071
2022-01-04,-4.2534025369103624e-05,5.9964693871464325e-05
2022-01-05,-0.012282009084593062,-0.0060044785532455645
2022-01-06,-0.0002527902621543305,-0.0010275033592324035
2022-01-07,-0.002405196189692991,-0.0018679603403202146
2022-01-10,-0.0005717041526470771,-0.0006560116057046148
2022-01-11,0.009980441990242896,0.006194656831356001
2022-01-12,0.0031471395997789463,0.002531646218399998
2022-01-13,-0.0052458466726954985,-0.0007878402483531247
2022-01-14,-0.003011523125548374,-0.004048754880441681
2022-01-18,-0.010237307540329792,-0.007785787458029507
2022-01-19,0.0009313072508474658,0.0020203342003846277
2022-01-20,-0.002680310884025862,0.0010962490455565883
2022-01-21,-0.003554045608815339,0.00185767879419787
2022-01-24,-0.001589070320962222,-0.0018782566677167116
2022-01-25,-0.003156747361067366,-0.0011161092600449132
2022-01-26,-0.008165874815955734,-0.006449021360680654
2022-01-27,-0.0019680683523812586,0.0023060288649583752
2022-01-28,0.008942905091822613,0.003810596251943525
2022-01-31,0.00970323280919828,0.0043368662777891
2022-02-01,0.001771784336644384,0.0003403931331247103
2022-02-02,0.004372587966373031,0.002395020035723843
2022-02-03,-0.0106872138017636,-0.005489595050023018
2022-02-04,-0.0019477914777569288,-0.00450814242548786
2022-02-07,6.63267868924651e-05,1.742453366260658e-05
2022-02-08,8.094150874004735e-05,-0.0030098676190274324
2022-02-09,0.009768474318477218,0.004310327019819356
2022-02-10,-0.01291567892125406,-0.00843168537160178
2022-02-11,0.0002446457273253494,0.008472675280158722
2022-02-14,-0.004085875225266389,-0.004738232463826045
2022-02-15,0.0017415649293300464,-0.002997045389060284
2022-02-16,0.003849443258010953,0.0023792906199749326
2022-02-17,-0.003125681001165278,0.003962313461364589
2022-02-18,-0.0010097633286968658,0.002090061270460149
2022-02-22,-0.001804362574944795,0.0010922255062234335
2022-02-23,-0.008798924386495556,-0.003341414100470277
2022-02-24,0.004737900436019657,0.001020418236036865
2022-02-25,0.006188492797478867,-0.0011121320791198544
2022-02-28,0.005887289426997122,0.010170049275359808
2022-03-01,0.005179349656212672,0.013003681133782925
2022-03-02,-0.0001628185989381325,-0.004392102165302249
2022-03-03,0.0018857389159433807,0.004000688504042919
2022-03-04,0.007075506295143752,0.013544419659211633
2022-03-07,-0.009875639627751441,-0.0019040929970469463
2022-03-08,0.0016653021437437938,-0.0010291203397181157
2022-03-09,-0.006631970549616883,-0.018383915236885782
2022-03-10,-0.008069771777225522,-0.005942936636727299
2022-03-11,-0.0048197167734138555,-0.0025480379851395597
2022-03-14,-0.017134322475205285,-0.013758198221016244
2022-03-15,0.001744568064407195,0.0003491826866849853
2022-03-16,0.016951672339415358,0.0077193144070446815
2022-03-17,0.009200310477256345,0.0014815224038669929
2022-03-18,0.006277047136117367,0.003920402073379618
2022-03-21,-0.0036445895552400225,-0.010909293258867653
2022-03-22,0.001779969107592742,-0.0019476762575342502
2022-03-23,0.003437930047359915,0.003836371220755322
2022-03-24,0.0031443251582187115,-0.00296446654132731
2022-03-25,-0.0025759017751779086,-0.007032278358551524
2022-03-28,-0.0014172971553040622,0.0018804383061315985
2022-03-29,0.010887355793008587,0.00866497564321824
2022-03-30,0.0016557880282958523,0.002379947339486192
2022-03-31,-0.007556098467240044,-0.002246971569626944
2022-04-01,0.0038709850213223826,-0.0008942221055887315
2022-04-04,0.006536602431612172,0.0016932797544574132
2022-04-05,-0.013916791526743074,-0.012028449623887508
2022-04-06,-0.006161835782631981,-0.003361713042477336
2022-04-07,-0.0020017196753113397,-0.003487321252740723
2022-04-08,-0.0024243351109880925,-0.0027936299414069504
2022-04-11,-0.01042186597636288,-0.006681114406797269
2022-04-12,0.0035578557969998892,0.004783925210474728
2022-04-13,0.009361426122946721,0.005608614632071039
2022-04-14,-0.009650126495832155,-0.008318046665666089
2022-04-18,-0.0007582335795749294,-0.0010969898109699577
2022-04-19,-0.002195354646819241,-0.004857661417983357
2022-04-20,0.004916134701616869,0.00510533196207679
2022-04-21,-0.009537743781151032,-0.007328081130124992
2022-04-22,-0.01219941697538502,-0.006250687218352877
2022-04-25,0.0010711453906426158,0.0030784727426004257
2022-04-26,-0.006437808504170989,-0.0001028986498028937
2022-04-27,-0.002948478627884856,-0.002805193850876948
2022-04-28,0.010981526619461527,0.004389462607972299
2022-04-29,-0.016690726041696333,-0.009413554971566467
2022-05-02,-0.0046584494658311795,-0.0044514140222049366
2022-05-03,0.0028283291478904647,0.001119135768363847
2022-05-04,0.015947548450846415,0.012068664492594793
2022-05-05,-0.02210240081179268,-0.014599133303023228
2022-05-06,-0.007382657731432653,-0.005225111997937466
2022-05-09,-0.018828540668756555,-0.005259649848966667
2022-05-10,0.0003130772213517876,0.0021096451929796694
2022-05-11,0.0020364379278460837,0.006289170473610228
2022-05-12,-0.0013159601120849836,0.0017154572150908424
2022-05-13,0.008626720234440726,-0.0006969359920952285
2022-05-16,0.000965171830473809,0.004550441367313308
2022-05-17,0.003257188299991852,-0.004617203160460694
2022-05-18,-0.012736225451449985,0.0013364732085252606
2022-05-19,0.0043526617717772245,0.0058493758172447835
2022-05-20,0.0036805289570356484,0.0041663684471746135
2022-05-23,0.003370705162401459,-0.0031627350532807096
2022-05-24,0.0021917341694113516,0.005260558847680822
2022-05-25,0.005574305590855275,0.002394325489894925
2022-05-26,0.006673325876418099,0.0019836097691706173
2022-05-27,0.011898469279799328,0.0033117052917017754
2022-05-31,-0.007345701521488975,-0.007750444092867224
2022-06-01,-0.003349788628133798,-0.004465484597941695
2022-06-02,0.012096458534124981,0.005261747223009527
2022-06-03,-0.008221670715532725,-0.0028450236625884597
2022-06-06,-0.003142215625498642,-0.0050742829714330645
2022-06-07,0.007471394904325643,0.004282284842549358
2022-06-08,-0.004765296407063581,-0.001679768791925417
2022-06-09,-0.010485427523807609,-0.004355407489203677
2022-06-10,-0.012138879687754482,-0.009940011542780312
2022-06-13,-0.029963569421501704,-0.019903026555010857
2022-06-14,-0.004989966734694992,-0.005360248840311365
2022-06-15,0.015015973879045783,0.012206502587003051
2022-06-16,-0.008653744810861974,0.0005026160281452808
2022-06-17,-0.0019916071419284614,-0.0037706703654010066
2022-06-21,0.0027156600382140833,-0.0013986947839282357
2022-06-22,0.0037041145530834086,0.004460723897492358
2022-06-23,0.004045579072973171,0.0019059848827691814
2022-06-24,0.009390417854727181,0.0022946047400962777
2022-06-27,-0.004401320009347948,-0.0041872743320768135
2022-06-28,-0.0049643448788141455,0.0009676854799976046
2022-06-29,0.0008880831624300358,0.003171711572831949
2022-06-30,-0.004005199786399958,0.0010755367111615474
2022-07-01,0.007490022212988822,0.0076013296911050165
2022-07-05,-0.0071347928192746456,-0.006055394120503429
2022-07-06,-0.007201222346273167,-0.008716241008142113
2022-07-07,0.007713879069201908,0.0027019726992665947
2022-07-08,-0.0012104121625517467,-0.002536658669505202
2022-07-11,-0.003293247055211948,0.0015411860421811732
2022-07-12,-0.007481170078858736,-0.001049227848991619
2022-07-13,0.00265917918462212,0.004027978711114256
2022-07-14,-0.006925254417822529,-0.0073135349289163805
2022-07-15,0.00909060918506157,0.007210294117726979
2022-07-18,-0.0020669738069608824,-0.004202399877351007
2022-07-19,0.009656104153563345,0.00504947290013026
2022-07-20,0.00039716333441843063,-0.002061825301163463
2022-07-21,0.009502102162477025,0.011784897060582753
2022-07-22,0.00030469626802627167,0.006550243887432142
2022-07-25,-0.0010732628277597656,-0.00422739400858783
2022-07-26,-0.003626247671765969,-0.00041088611239251756
2022-07-27,0.013166104517187178,0.006600644257277598
2022-07-28,0.010668822544699277,0.01221195544556663
2022-07-29,0.004169187390807234,0.0019855531440135547
2022-08-01,0.00041616301602355075,0.0008782280015238765
2022-08-02,-0.00988259332496187,-0.011691624714466388
2022-08-03,0.008650141148224313,0.00695115244773291
2022-08-04,0.002599296393891162,0.003388315396276567
2022-08-05,-0.008784167336820648,-0.010187225967879182
2022-08-08,0.0060407547390211305,0.005469489178055139
2022-08-09,-0.0015523576699049547,-0.0018226403977654607
2022-08-10,0.008588534791067299,0.006085435116793674
2022-08-11,-0.0034142276098066394,-0.0009982033552907426
2022-08-12,0.010009111952209824,0.006811636999534361
2022-08-15,-0.001567957520319311,-0.000966060617933586
2022-08-16,-0.0018692567254106078,-0.0016180379867144577
2022-08-17,-0.0064624437666664526,-0.005301733597235918
2022-08-18,0.001392422449678809,0.0012525564034484196
2022-08-19,-0.01111091022371755,-0.009304999042343299
2022-08-22,-0.009320704462359834,-0.006787659497955581
2022-08-23,0.0008339773470628492,0.001261637649412387
2022-08-24,0.0010572348106186067,0.00022438608842505463
2022-08-25,0.00920807591915884,0.008041881156428014
2022-08-26,-0.01234485284576199,-0.009023582179295525
2022-08-29,-0.003927573774563964,-0.0034625400868272312
2022-08-30,-0.008601578639443672,-0.007533226897185358
2022-08-31,-0.007733881850829116,-0.0051687987198141775
2022-09-01,-0.00782926800171302,-0.007627824613889019
2022-09-02,-0.0013907122653132918,0.0007285839126934059
2022-09-06,-0.008917097079640474,-0.00879373444102275
2022-09-07,0.009362916764157903,0.006207055272963508
2022-09-08,-0.001418533418710219,-0.0020130766275622456
2022-09-09,0.01043607642966492,0.005555441809941048
2022-09-12,0.005293613811297982,0.003167133256374695
2022-09-13,-0.020099702653722885,-0.012528431357775363
2022-09-14,0.001616365275189124,0.0008616573168724433
2022-09-15,-0.012279003092345597,-0.008480165334361212
2022-09-16,-0.0032574294821841356,-0.0010651300271364117
2022-09-19,0.002276521386079808,-0.0008501832372862769
2022-09-20,-0.008842951933291687,-0.006314993030035092
2022-09-21,-0.0036570817077625365,-0.0013565575845149408
2022-09-22,-0.010320989764806741,-0.010544646050248786
2022-09-23,-0.012619845808051443,-0.008279833580564442
2022-09-26,-0.01598934160114332,-0.016123485932075705
2022-09-27,-0.006200556560345528,-0.003983020217213298
2022-09-28,0.021917294026512955,0.02008549831013591
2022-09-29,-0.012550430657487292,-0.008484990492706523
2022-09-30,-0.0061806004280045915,-0.002914071896205795
2022-10-03,0.019436913455205013,0.014815586238013531
2022-10-04,0.016387173010311604,0.0112113918190842
2022-10-05,-0.003915940399317841,-0.005613915566355079
2022-10-06,-0.005902954804777237,-0.005073675342399791
2022-10-07,-0.013652329698521232,-0.008080422110449674
2022-10-10,-0.011007967519256135,-0.008831260568380324
2022-10-11,-0.0038258306713547124,-0.003300854462493604
2022-10-12,0.0002559578906555227,0.002632348529452181
2022-10-13,0.006092836042545603,-0.0007031794542771441
2022-10-14,-0.01577456446729845,-0.009747176474232778
2022-10-17,0.012424294074426266,0.0049005843190162756
2022-10-18,0.00350213505588654,0.00023180351336071986
2022-10-19,-0.012324724316856366,-0.010530245039281794
2022-10-20,-0.0053390475337981615,-0.0035695501738707788
2022-10-21,0.00786767036201494,0.005511211798977466
2022-10-24,-0.002879375618869498,-0.006883942877598391
2022-10-25,0.016048727556266455,0.009944825401597242
2022-10-26,0.0041887399834459466,0.00896213117330243
2022-10-27,-0.0003161455466493835,0.0031812347968814447
2022-10-28,0.0033924638493832314,-0.006669531300836531
2022-10-31,-0.0061250915264321505,-0.004952438654621862
2022-11-01,0.005089451339188672,0.005839402166968266
2022-11-02,-0.01086961245628278,-0.0016349343543745046
2022-11-03,-0.00465988548419834,-0.002167680659032133
2022-11-04,0.014057346305839854,0.013023851357332892
2022-11-07,-0.001413539993403442,-0.0036652406484224257
2022-11-08,0.006157538072042183,0.004096625778734592
2022-11-09,-0.009677351118437424,-0.00144319244658215
2022-11-10,0.039816229112574854,0.02359935204176844
2022-11-11,0.00795532541154324,0.0020204891744361277
2022-11-14,-0.007301602258769067,-0.004292293571563304
2022-11-15,0.011976257313556584,0.009204605965349817
2022-11-16,-0.00143617443128716,0.004285671089828501
2022-11-17,-0.006476269448276169,-0.007208853338503199
2022-11-18,-0.0018300791550254012,-0.003378412044288996
2022-11-21,-0.002943601072349337,-0.0015624114000233013
2022-11-22,0.008396866122557087,0.006617866751896529
2022-11-23,0.006049401357195552,0.004116273491171376
2022-11-25,-0.0016857802816340845,-0.00116162559179221
2022-11-28,-0.008183054972438352,-0.001703846371831558
2022-11-29,0.0021087711704300617,-0.0015841232279445495
2022-11-30,0.02025526995325131,0.012038369568960549
2022-12-01,0.008161250329944698,0.008636569971295277
2022-12-02,0.0007769899301899605,0.0012279466210845336
2022-12-05,-0.015221724595791282,-0.011732403058832334
2022-12-06,-0.0028814195584045306,0.00285288714673207
2022-12-07,0.005303476955563744,0.006892876626088213
2022-12-08,0.0021250362310133056,-0.00148149973900602
2022-12-09,-0.006745227700274598,-0.005349966631187251
2022-12-12,0.00340506723628203,-0.0003967306395023123
2022-12-13,0.011635559981392096,0.01039920445709686
2022-12-14,-0.0004584963403777222,0.0019733330248730514
2022-12-15,-0.012011919865965903,-0.006018075080889205
2022-12-16,-0.006975533295670203,-0.0027123184964120053
2022-12-19,-0.008205465065079647,-0.005793382216206342
2022-12-20,-0.0021666690456300193,-0.002659559978605554
2022-12-21,0.007185445308814313,0.003919829009898522
2022-12-22,-0.008175447233158823,-0.004358386945323506
2022-12-23,0.0012663818421810588,-0.00044006158047432274
2022-12-27,-0.00306996288529334,-0.0011605381889803947
2022-12-28,-0.008962218343028596,-0.0061291638654152455
2022-12-29,0.011306146151054878,0.006978246651431212
2022-12-30,-0.0034382810210116153,-0.003653751941859646
2023-01-03,0.0021534085735350687,0.004160039217172029
2023-01-04,0.009188372906727471,0.009230399825869807
2023-01-05,-0.007493837385841482,-0.003984588576169774
2023-01-06,0.018455678061159185,0.014568615816530248
2023-01-09,0.0044198777788111415,0.004115746219307304
2023-01-10,-0.00047763009374607,-0.0032139398678599513
2023-01-11,0.012656115268029408,0.008022351586143723
2023-01-12,0.009842634192115816,0.00841728412650943
2023-01-13,0.001425361029055337,-0.00047537879665728033
2023-01-17,-0.0019030870488388803,-0.0017717588897691301
2023-01-18,-0.0005907795098536782,0.005612164129333812
2023-01-19,0.00031071943701012046,0.0016580769056480094
2023-01-20,0.004046933612191487,-0.0015392120616173827
2023-01-23,0.0037887947498559662,-0.0005076959406665803
2023-01-24,0.0028766337686334763,0.0030051998830573933
2023-01-25,0.000682840469936056,0.000603597548592029
2023-01-26,0.0035036460070317493,-0.0009191273824309904
2023-01-27,-0.00039081222623852275,-0.003245218888217499
2023-01-30,-0.009752839503843347,-0.006513618738965202
2023-01-31,0.0096727818755697,0.0068575076315384505
2023-02-01,0.008075328239306769,0.003630585023315153
2023-02-02,0.0038796522453401283,-0.00254914487330037
2023-02-03,-0.01682527652823327,-0.014493026571851527
2023-02-06,-0.006093459326501678,-0.006479024531196738
2023-02-07,0.004223085601363635,0.0024643315146856315
2023-02-08,-0.0020217232930031495,0.0023116560955138287
2023-02-09,-0.007015399598567724,-0.0038916450908011275
2023-02-10,-0.0021007037819461634,-0.0032170317471867235
2023-02-13,0.005394487734764082,0.002704091275363147
2023-02-14,-0.0009709640838772083,-0.003011239811314342
2023-02-15,-0.003766090307921141,-0.0048127221778683634
2023-02-16,-0.007731638756900425,-0.0029424858018736056
2023-02-17,-0.0012036244990473156,-0.00046917682033772025
2023-02-21,-0.013382117174043452,-0.00975660494020533
2023-02-22,-0.0019157659214020335,-0.0010462402421054877
2023-02-23,0.006040707380042126,0.004596398464130581
2023-02-24,-0.011236015756024188,-0.008185510548241204
2023-02-27,0.003048241183459173,0.0029868832937118284
2023-02-28,0.0003371846051275544,0.0004686419003135146
2023-03-01,-0.0006370865684667717,-0.0004911912815227953
2023-03-02,0.0010415658919076377,-0.002677547725256589
2023-03-03,0.01443227020263237,0.009328103348001788
2023-03-06,-0.003233286361843253,-0.002490963291124422
2023-03-07,-0.010754616136279125,-0.005284624314772368
2023-03-08,0.0013741982556989786,-0.0003525443085229881
2023-03-09,-0.007261941188153392,-0.0005081199131105993
2023-03-10,0.0057837883817147785,0.013855604064203766
2023-03-13,0.005620937318685052,0.0047047272454328395
2023-03-14,-0.0007158353066604797,-0.006541344717719654
2023-03-15,0.001663112080692526,0.0015171175134135587
2023-03-16,0.004095212100060679,-0.0006605791968420751
2023-03-17,0.002461850864793126,0.00565183838911415
2023-03-20,0.00137386433032794,-0.0010008013320292105
2023-03-21,-0.00021613124665933125,-0.0009707122184210793
2023-03-22,-0.00018600677395917887,0.00828910882181313
2023-03-23,0.00466265204460839,0.0053788904791263895
2023-03-24,0.003212568726079039,0.0006383426398826611
2023-03-27,-0.006150292891071479,-0.006030497639168759
2023-03-28,0.0019397720675332288,0.0029142879210212135
2023-03-29,0.004566725687974325,-0.00028905027790292095
2023-03-30,0.006700926538664163,0.004224725942604012
2023-03-31,0.00903760304150265,0.005297812798407988
2023-04-03,0.004054578071726541,0.006619403324154268
2023-04-04,0.002578019226322817,0.003424191687073549
2023-04-05,-0.00017478738076353223,0.001618161347167807
2023-04-06,0.001234342567032127,-0.0002837146947527371
2023-04-10,-0.004001134064338025,-0.004999668440541311
2023-04-11,0.0019363724734620335,0.002008101089202352
2023-04-12,-0.0012719140119320158,0.0005780801773864767
2023-04-13,0.004874180430576748,0.002532047066218986
2023-04-14,-0.0066211214296135,-0.003796229494245301
2023-04-17,-0.0008446203977050358,-0.004085594725929262
2023-04-18,0.0013797749910604317,0.001953621597393569
2023-04-19,-0.003596286291348495,-0.006262192096167376
2023-04-20,-0.0009013696510290295,0.0010016509493411849
2023-04-21,-0.003078248043506796,-0.002443086471693123
2023-04-24,0.0027480698644900678,0.0041379444750091424
2023-04-25,-0.004062142726041202,-0.0011446234468110179
2023-04-26,-0.004833650486071271,-0.00499125903879096
2023-04-27,0.006222006423223618,-0.0003168745025236676
2023-04-28,0.008218747352377435,0.007347687485996769
2023-05-01,-0.009577721204231443,-0.010788905644694443
2023-05-02,0.0008032544090956998,0.0027286096498732003
2023-05-03,-0.0006224935972974656,8.834520234185777e-05
2023-05-04,0.0003128046688258574,0.0007438583477654109
2023-05-05,0.006137188439620869,0.002742987909679061
2023-05-08,-0.0028767623773208826,-0.0031132360626149654
2023-05-09,-0.0016561252880406105,-0.0005494341225675865
2023-05-10,0.005017921944874624,0.004208776614540438
2023-05-11,-0.00236315426307555,-0.0014919736591328613
2023-05-12,-0.005298874414998676,-0.006796021319847109
2023-05-15,0.0020537430939304427,0.0031279168895581634
2023-05-16,-0.007948045687839871,-0.005901030024042625
2023-05-17,0.004548484204396188,0.001382142616410362
2023-05-18,-0.0027817804862457014,-0.005707029822821387
2023-05-19,-0.0009288697989563912,-0.001377464634297436
2023-05-22,0.001058159023572562,0.000593820306586573
2023-05-23,-0.003837423526506366,-0.0016666374793818882
2023-05-24,-0.006531916670920539,-0.003774597606792153
2023-05-25,-0.001111679638865031,-0.005784015047978811
2023-05-26,0.011056325270352179,0.007563829758560162
2023-05-30,0.000743877269129411,-0.0002468329082917506
2023-05-31,-0.0008783386734607842,-0.0011365602177740928
2023-06-01,0.007967855352035983,0.007788454855230236
2023-06-02,0.00384468189184361,0.0007685668485092231
2023-06-05,-0.0010031854763958119,-0.0006450296010390394
2023-06-06,0.0034225586428984255,0.0024854050912585406
2023-06-07,-0.005310885013701828,-0.0056010580865298734
2023-06-08,0.006670748639558652,0.006439310292692976
2023-06-09,-0.001360530093762437,-0.0020059264079216807
2023-06-12,0.0019594325252693385,0.0006590936260681959
2023-06-13,0.001281456628075457,-0.0012163419222142268
2023-06-14,0.0038309746441262775,0.00204758383222892
2023-06-15,0.01031679143090395,0.010569195991185236
2023-06-16,-0.001387601062019787,-0.00107196027118191
2023-06-20,-0.004654034752259346,-0.000582405441537774
2023-06-21,-0.0012866738191179227,0.0013489283819634874
2023-06-22,-0.006295373891656605,-0.006169525678062516
2023-06-23,-0.003693796577168747,-0.00051459916611479
2023-06-26,0.0018084564541840454,0.0010749962962933006
2023-06-27,0.0020050157492750987,-0.002354719712557197
2023-06-28,0.0006621733619064673,0.002234156438734756
2023-06-29,-0.0035570166090124976,-0.005841370284781866
2023-06-30,0.00846124872827549,0.005941824809985202
2023-07-03,0.0011854699535275505,-0.002046643094851858
2023-07-05,-0.0028045596511038716,-0.003392653832697031
2023-07-06,-0.009000916940181292,-0.008019495433332465
2023-07-07,0.0011573236300282718,0.0005072254661176504
2023-07-10,0.0025522895521813307,0.004183690542614558
2023-07-11,0.006943586997347319,0.004997834366504648
2023-07-12,0.010932022847103132,0.009343463152399959
2023-07-13,0.009071052602437684,0.008562372221815625
2023-07-14,-0.004217161935902183,-0.004316436198767494
2023-07-17,0.00037250356393973784,0.0006524336357900604
2023-07-18,0.003992896045232724,0.004510206500011519
2023-07-19,0.0042038686886077935,0.0034357705480462324
2023-07-20,-0.007572256857411065,-0.005990445418064287
2023-07-21,0.000639145356003268,0.0012411119690665987
2023-07-24,0.0036485795337786583,0.0020092411372253883
2023-07-25,0.001531561671546243,0.00013780178215215435
2023-07-26,0.0018415516459597743,0.0015760814900732225
2023-07-27,-0.011620087001286895,-0.008899848709552311
2023-07-28,0.008762126186877517,0.005333972103885261
2023-07-31,0.0025073952644332513,0.001897951129291324
2023-08-01,-0.007627650077522743,-0.005354923805076337
2023-08-02,-0.011383257159225616,-0.006752579876382105
2023-08-03,-0.004669978222010155,-0.0038079329096241733
2023-08-04,0.0031357058396255543,0.005803001745070652
2023-08-07,0.0009827972241109434,0.00041263102498377216
2023-08-08,-0.0017915187223196856,0.0017597721028592326
2023-08-09,-0.0004946099350923061,-0.00015110543712706383
2023-08-10,-0.004404450865260543,-0.005394665386053755
2023-08-11,-0.0036473781042161437,-0.0036238609935511836
2023-08-14,-0.0009139867112967244,-0.0004986349662692983
2023-08-15,-0.007901843662906543,-0.005537845380516363
2023-08-16,-0.007130996611590957,-0.004733782605706881
2023-08-17,-0.003361409736556687,-0.0021883978777207905
2023-08-18,0.0015744917496802605,0.002907700963519608
2023-08-21,-0.0014249693364005354,-0.002581695050430567
2023-08-22,0.0011964147090226416,-0.000244730492521855
2023-08-23,0.01335483399004825,0.009685065780161326
2023-08-24,-0.0059765866923146855,-0.005268766957581384
2023-08-25,0.0030696399226773806,0.002713659382576679
2023-08-28,0.004398269098193243,0.0029683783326766343
2023-08-29,0.010886304982963004,0.008381305198639302
2023-08-30,0.0011528580675166092,0.0011044345453519145
2023-08-31,-0.0007034887883349362,0.0013830984437406216
2023-09-01,-0.0005342517132321579,-0.0016128700353750605
2023-09-05,-0.005989990376938107,-0.004204678651022715
2023-09-06,-0.0028070440280823536,-0.0028670236612868107
2023-09-07,-0.0005041310496894834,0.0011051082556096832
2023-09-08,0.0009401452022282355,0.0007639383830263482
2023-09-11,0.002826903633515661,0.001368898807870444
2023-09-12,-0.0015209555526108907,0.0002883623398353299
2023-09-13,-0.00032129984754923917,0.0013762915259391316
2023-09-14,0.003987185150086437,0.0013192782628244028
2023-09-15,-0.004563809792132203,-0.004353950322004464
2023-09-18,0.0007253392049900688,0.0007774382196987414
2023-09-19,-0.003249899167642408,-0.0026813737907114164
2023-09-20,-0.003280509397578394,-0.003325362378421794
2023-09-21,-0.015238325229078753,-0.008439032452644265
2023-09-22,0.00286244280197969,0.0024536411212033368
2023-09-25,-0.005736258992581305,-0.004942325067868763
2023-09-26,-0.008256622087535456,-0.0031847207563518963
2023-09-27,-0.0027505735902115516,-0.0022502615240983003
2023-09-28,0.002844749192754023,0.0025040113260935463
2023-09-29,-0.0024604082824447844,-0.0020792237359437003
2023-10-02,-0.007721554723323594,-0.006750095619561897
2023-10-03,-0.012249357487653536,-0.00851367268297518
2023-10-04,0.0031570799851813693,0.0011500178842633888
2023-10-05,-0.0007215705219551709,0.00031479702944271196
2023-10-06,0.003359300377816697,-0.0010369254737348662
2023-10-09,0.011917423661043775,0.012803135667965664
2023-10-10,0.002320452321574422,-0.000660966297958939
2023-10-11,0.0075405751137707835,0.004515751691698793
2023-10-12,-0.009681299828394958,-0.008363153772564953
2023-10-13,0.007755482406708795,0.006193122284036408
2023-10-16,-8.265490099138473e-05,-0.0024954242159610056
2023-10-17,-0.0035583345243570645,-0.006714007071385465
2023-10-18,-0.006319556189939677,-0.005088032281061722
2023-10-19,-0.006062432070501566,-0.003970279195309768
2023-10-20,-0.0035129693533731536,0.001064166762755254
2023-10-23,0.0006624478416332908,0.0024040851977955705
2023-10-24,0.005464685082117733,0.0022899806713376895
2023-10-25,-0.010780427944485218,-0.008341917870812465
2023-10-26,0.0010184614465007461,0.0027056075836138418
2023-10-27,0.0007561504080356425,0.001666198108783284
2023-10-30,0.00014454095433845643,-0.0013274183601550249
2023-10-31,0.0001415079814635325,-0.0012779062651548712
2023-11-01,0.009691465244307222,0.010134238195058286
2023-11-02,0.015363010604650663,0.00895625737071963
2023-11-03,0.008874650300335924,0.00759323172403613
2023-11-06,-0.0029496710692054587,-0.003195957396954078
2023-11-07,0.0005341807107068753,0.002709680845234661
2023-11-08,0.00037015882051018366,0.0015132656534743057
2023-11-09,-0.00916504455387421,-0.008124363605800414
2023-11-10,0.006301520407743834,0.00302915438971705
2023-11-13,0.0006663263602925162,0.0009039539531840279
2023-11-14,0.019911416786483987,0.014867266543823613
2023-11-15,-0.0026377901604357264,-0.004736734147700768
2023-11-16,0.000771790129290665,0.003415283671839439
2023-11-17,0.002725750525876188,0.0016630779802035717
2023-11-20,0.00673708996445438,0.0036693637092714616
2023-11-21,-0.0002488719429804726,0.0012161273349539108
2023-11-22,0.0005067957688429416,-0.0006883282745640891
2023-11-24,-0.0023986543154068006,-0.003282681787417761
2023-11-27,0.0034385746241491753,0.004318402767029557
2023-11-28,0.006087390287442122,0.005354824568725677
2023-11-29,0.0038964339689317113,0.003440565425211345
2023-11-30,-0.0037107246535504706,-0.0038943032762014463
2023-12-01,0.010262068146332274,0.008159019814602361
2023-12-04,-0.006658335909270797,-0.006255601985845942
2023-12-05,0.0016883917240257933,0.0032132714212322537
2023-12-06,-0.0011423948011177506,0.0006403326866812247
2023-12-07,0.0025673695193978094,0.0007220895383823245
2023-12-08,-0.0031997136130130998,-0.004514716221802597
2023-12-11,0.00015243278868613965,0.0006711575486607877
2023-12-12,0.0007334414523387498,0.001171242831037379
2023-12-13,0.018191197984517262,0.014255061128908725
2023-12-14,0.012681140066962589,0.008002755755162207
2023-12-15,-0.00285818193493627,-0.0011658062627473483
2023-12-18,0.0005588376207688423,0.0005692654124375339
2023-12-19,0.005525825260978056,0.003689515562511934
2023-12-20,-0.006468104899438869,-0.002000072071729091
2023-12-21,0.005148137023232336,0.00227379684514101
2023-12-22,-0.00027065760334490626,-0.0003944302590517724
2023-12-26,0.005338470634473235,0.0026312596470127974
2023-12-27,0.005638547032944897,0.005254998850992644
2023-12-28,-0.0016276379887821251,-0.002741211946429058
2023-12-29,-0.004643018529928485,-0.002714142958710174
2024-01-02,-0.005720836863124106,-0.004847958294660592
2024-01-03,-0.004206480314292103,0.00022428236946191052
2024-01-04,-0.005046639382880438,-0.005096958921240566
2024-01-05,-0.0012655457746916358,-0.0015183092233813885
2024-01-08,0.005324008332408127,0.004284758811513788
2024-01-09,-0.001974634698308089,-0.0006422486647408353
2024-01-10,-0.0007192494112906498,-0.0003199442094587314
2024-01-11,0.0025948869003976542,0.004293149753436487
2024-01-12,0.0030362286886855086,0.0029199126926742376
2024-01-16,-0.010051863013148619,-0.008356277046898475
2024-01-17,-0.006915866874698654,-0.0044458096150356095
2024-01-18,0.0028280389219478104,0.0013645191623120655
2024-01-19,0.006347440586151528,0.002523761409188781
2024-01-22,0.001417055226676407,0.002028570271374296
2024-01-23,0.0003983085172781148,-4.6023654196570033e-05
2024-01-24,-0.0007761766704015387,-0.0007990128141011126
2024-01-25,0.00550850955269818,0.00463101851537283
2024-01-26,-0.0012846759391161775,-0.0009473416864006579
2024-01-29,0.004964452905915299,0.004763275455406455
2024-01-30,-9.928936123687084e-05,0.0010450180271241356
2024-01-31,-0.004262112572335289,0.0015475561614505407
2024-02-01,0.009182865258617967,0.00601420591401622
2024-02-02,-0.00627821555337412,-0.008493153041292344
2024-02-05,-0.007282624356961489,-0.006759786967828292
2024-02-06,0.007304433631408094,0.0056924082249183335
2024-02-07,0.0013649992445996066,0.0006285352287818461
2024-02-08,-0.0006724186605362887,-0.0018761646289663391
2024-02-09,0.0015742280033206263,1.950561017319952e-05
2024-02-12,0.00036550331230366187,0.0005072615597386448
2024-02-13,-0.014061026404492782,-0.01097831697080136
2024-02-14,0.004848354772312582,0.002688430994773311
2024-02-15,0.006374252907033556,0.003636400790729261
2024-02-16,-0.002948631773412453,-0.002985189311523522
2024-02-20,-0.0005788203016006668,-0.00040060327253984624
2024-02-21,-0.0005459809427888821,-0.001187504166417555
2024-02-22,0.00751796225120439,0.004263221950338925
2024-02-23,0.0011175380236310092,0.0010848898738372798
2024-02-26,-0.002220653065644891,-0.00042360683399942484
2024-02-27,0.00028316688055387315,5.710872240656658e-05
2024-02-28,-0.0001656343896973504,0.0012738896527159972
2024-02-29,0.0038057904112396104,0.0019313861049306382
2024-03-01,0.009848732229041458,0.006281974462392368
2024-03-04,0.0015972738354879624,-0.0003603137691164832
2024-03-05,-0.0022892827807249622,0.001039849052452489
2024-03-06,0.00642199054244787,0.00419018629299539
2024-03-07,0.004560432999512538,0.003547127027459173
2024-03-08,-0.0002621456748454365,-0.0006635426976318457
2024-03-11,0.0002505709301725377,0.00043300165109217174
2024-03-12,6.008805718025296e-05,-0.0013847215797286097
2024-03-13,-0.00046637435858871393,0.00015748786716865155
2024-03-14,-0.006212895919907742,-0.005055688326208774
2024-03-15,-0.002986924710857374,-0.001683412840083625
2024-03-18,0.0023989518780595637,0.0014109524546141129
2024-03-19,0.0010890444044330942,0.0025014133195295197
2024-03-20,0.005609814361607533,0.002704404516999583
2024-03-21,0.0018640154289883096,0.00033113020265620693
2024-03-22,-0.001844808823929,0.0018623544317124187
2024-03-25,-0.0011666465797298784,-0.0008924727828865222
2024-03-26,-0.001092634895702887,-0.0004398084018148805
2024-03-27,0.007203001547879531,0.003630791008704523
2024-03-28,0.003484668221256644,0.001223281485329099
2024-04-01,-0.004079478714762261,-0.0056920687556155135
2024-04-02,-0.0007125262454524633,-0.0007974865790690993
2024-04-03,0.0032064625224509915,0.002854563091411479
2024-04-04,-0.00294233142374261,0.0010851826005435672
2024-04-05,0.0028733848522686364,-0.002360329351743997
2024-04-08,0.002312843438159728,-0.0013614922470685299
2024-04-09,0.004686588901805973,0.0021839595509402826
2024-04-10,-0.013827746027033799,-0.009967902795269665
2024-04-11,0.00472567483146911,-9.957388363250722e-05
2024-04-12,-0.006859640467137092,-0.00018199766743618205
2024-04-15,-0.00698078840467354,-0.005736283645340063
2024-04-16,-0.004700295869333432,-0.00379847816391259
2024-04-17,-0.0026788714546545234,0.00048773487266781266
2024-04-18,-0.0012358254059683124,-0.002339342172214673
2024-04-19,-0.0012744751435037308,0.0004399679764827257
2024-04-22,0.0011292023710430593,0.001757295536031223
2024-04-23,0.005123153577061784,0.0034759197842410966
2024-04-24,-0.001164816334336779,-0.0020487168718074512
2024-04-25,-0.0015215126381681234,-0.0017789617714580076
2024-04-26,0.00567407695535783,0.0037031413501468174
2024-04-29,0.004485978906654653,0.00342930193933514
2024-04-30,-0.012766245366035043,-0.008001671964545053
2024-05-01,0.00027226987863806086,-0.0003974278121450605
2024-05-02,0.008335401820225767,0.006270385405565393
2024-05-03,0.007705382082713902,0.005811489852978387
2024-05-06,0.005720849201347756,0.0038211001747947455
2024-05-07,0.0009343996773990145,0.0013104811047866772
2024-05-08,-0.0031461692580274127,-0.0026890669051832833
2024-05-09,0.0066223710865838505,0.003506761204056116
2024-05-10,-0.0003628664923838285,-0.002102907423959457
2024-05-13,0.0012558207204900077,0.002010684772638295
2024-05-14,0.004341387360099589,0.0019932548625653346
2024-05-15,0.010884398372965178,0.007495087739688206
2024-05-16,-0.0009581245806592298,-0.0011219739943005749
2024-05-17,0.002207306999011399,-0.00025776346441113915
2024-05-20,0.0007297653457748761,0.00043872791966444733
2024-05-21,0.00018170341587085822,0.0012447185102991963
2024-05-22,-0.00558239616503894,-0.003641278619608541
2024-05-23,-0.008828713977180843,-0.004318277548164313
2024-05-24,0.0037660774045364014,0.002833493525699226
2024-05-28,-0.00013019539281638754,-0.0009686410580641222
2024-05-29,-0.008944440982002123,-0.006274126035257194
2024-05-30,0.0004398525366620242,0.0005097395203621097
2024-05-31,0.002292005991410601,0.003303695668431077
2024-06-03,0.00436799128697891,0.002641588732333132
2024-06-04,3.644900147538777e-05,0.0020707763367849856
2024-06-05,0.008358652271368195,0.004836288539701505
2024-06-06,0.002676350179010102,0.0018721457948702536
2024-06-07,-0.012528911242166272,-0.010084515341257998
2024-06-10,0.003108146821240565,0.0012641704303430403
2024-06-11,0.0027562947795567155,0.003700300984176866
2024-06-12,0.00706879688249538,0.005873063185230164
2024-06-13,0.003120569971309329,0.005149344897133104
2024-06-14,0.0030852902936892045,0.0014549575456272415
2024-06-17,-7.774549536518452e-05,-0.00127772959785105
2024-06-18,0.00520336906737942,0.004271940439959624
2024-06-20,-0.001353703129715986,-0.0021956310783244736
2024-06-21,-0.003198133254640376,-0.0008063638857413953
2024-06-24,0.001350457852891653,0.000554450808441553
2024-06-25,-0.0013552602397341284,0.0006579941912888957
2024-06-26,-0.004074428254799824,-0.003824911663918324
2024-06-27,0.004347144392165982,0.002330698553608696
2024-06-28,-0.003907640326733668,-0.004927554143732107
2024-07-01,-0.001668665134392353,-0.0037097679310963234
2024-07-02,0.00483266666200816,0.0042163074941548185
2024-07-03,0.007888202224733685,0.006086260305437543
2024-07-05,0.006621860024073051,0.005454771995767436
2024-07-08,-0.001969608348677828,-0.0006361329499543242
2024-07-09,-0.0008260721721122292,-0.0013065715277718439
2024-07-10,0.004736380896417222,0.002849051835243161
2024-07-11,0.005249183719238885,0.0028069658097385377
2024-07-12,0.0031938143505884707,0.0025493499476874335
2024-07-15,-0.002763415179345714,-0.0031755170907203185
2024-07-16,0.0074017054946021845,0.0037098694678890025
2024-07-17,-0.005872904700189459,-0.0023292032149219775
2024-07-18,-0.00653139413132146,-0.004508365231395832
2024-07-19,-0.007932035778110311,-0.005445433509673204
2024-07-22,0.004401704706934218,0.0017046798867461086
2024-07-23,-0.0023294184800297046,-0.0014026941071820422
2024-07-24,-0.011823320295648585,-0.005718904966310568
2024-07-25,-0.002322910368980003,0.0008214136699507627
2024-07-26,0.0073481069510332505,0.003838511662379664
2024-07-29,0.0008861779680653201,0.00046613578649676106
2024-07-30,0.00012172033169401998,-8.10111393216242e-06
2024-07-31,0.013885871248736423,0.011457448871344282
2024-08-01,-0.004421132886189589,-0.0017203801505156185
2024-08-02,-0.0012785583834097887,0.0043693962207305165
2024-08-05,-0.013055602151124102,-0.005006074958365411
2024-08-06,-0.0020049959549665935,-0.0056009646670735274
2024-08-07,-0.0027556836994066594,-0.0020015986054673068
2024-08-08,0.010368454309004127,0.0035057733149230635
2024-08-09,0.005246811585757176,0.004410989555602953
2024-08-12,0.004374974623941304,0.0040099117709788915
2024-08-13,0.00705351317919027,0.003372565447489645
2024-08-14,-0.00017800820023861487,0.0006790198540329691
2024-08-15,0.00480234922154275,-0.002461809727223754
2024-08-16,0.004398835942485389,0.0014169654420356369
2024-08-19,0.004511990856233558,0.001133515719411142
2024-08-20,0.00027915360784982264,0.0020314055177039596
2024-08-21,0.0017183447335060004,0.0012443889987736973
2024-08-22,-0.007221714707330894,-0.004469810292348798
2024-08-23,0.01165315707653829,0.007230398449558277
2024-08-26,-0.0013305130371374654,-5.966145349515324e-05
2024-08-27,0.00019771067827124226,-0.000996812946721476
2024-08-28,-0.0054861946012944,-0.0028271003030011224
2024-08-29,0.000638314136943927,0.00014205580361779588
2024-08-30,-0.00047418709674957194,-0.0039567515009797044
2024-09-03,-0.007386140483661464,0.0005823179852109976
2024-09-04,0.001966894440138977,0.0037944592416056314
2024-09-05,0.002351713805427539,0.002855688035325261
2024-09-06,-0.008803363382524852,-0.002126008588651242
2024-09-09,0.00631462640851131,0.0022060318504525745
2024-09-10,0.0031960762370344563,0.0012160470363747568
2024-09-11,0.0045078941532136095,0.0014279105403468856
2024-09-12,0.006513202021466161,0.0015189908641599845
2024-09-13,0.004871952257037048,0.002677314041488075
2024-09-16,0.00310913196208367,0.003503318785848708
2024-09-17,-0.0011141588791534975,-0.0003774983450587767
2024-09-18,-0.005301057353962053,-0.004460387484753736
2024-09-19,0.010230798221484289,0.0033220035848680065
2024-09-20,0.00010333470385654798,0.00024373858482832738
2024-09-23,0.0022255275040447037,-0.00015455730545169274
2024-09-24,0.008596373385293005,0.004810916732048028
2024-09-25,-0.0052218841152497615,-0.0052380297424578556
2024-09-26,0.004112375586428444,0.0010981926376148216
2024-09-27,0.0002774667411460923,0.003298687541613415
2024-09-30,-0.0026825302435578104,-0.0033436211412346878
2024-10-01,0.002783680340758592,0.005258096157555634
2024-10-02,0.0015980405487328966,-0.00021444915340880066
2024-10-03,-0.0032839084960130764,-0.003924757696558831
2024-10-04,-0.00020756669875644345,-0.005559956352160753
2024-10-07,-0.002509069116327852,-0.001865580085786129
2024-10-08,-0.0034383447872242375,-0.002617965965822714
2024-10-09,-0.0019019099970571701,-0.003557038510824506
2024-10-10,0.0017102085286292501,0.0017026139451769868
2024-10-11,0.003523623034193893,0.0010879288518312901
2024-10-14,-0.00015429214450788666,-0.0005999161310271229
2024-10-15,-0.002401426392443579,0.002352531355830562
2024-10-16,0.003804345314530358,0.002260525657447193
2024-10-17,-0.0034159528588113917,-0.004538649698234127
2024-10-18,0.0036789316137270807,0.0008782530446171716
2024-10-21,-0.0066135332196113426,-0.006944830937954206
2024-10-22,0.003171523682301668,0.00043786915194743344
2024-10-23,-0.005460059601080664,-0.003899301335967217
2024-10-24,0.003330269323954836,0.002473682987760089
2024-10-25,-0.0006605213269887763,-0.0015024682621320614
2024-10-28,-0.0025167177966576863,-0.0021889673657306294
2024-10-29,0.0015431432183500877,0.0010029957181430735
2024-10-30,0.0003867109678187331,-0.0008344111951467385
2024-10-31,-0.008446113591798539,-0.0035125265105816227
2024-11-01,-0.004517925420986119,-0.004674285571489844
2024-11-04,0.00653042324748279,0.005309317731151651
2024-11-05,0.007600348488517465,0.0034054199917685083
2024-11-06,-0.008593763953220812,-0.006509457581894855
2024-11-07,0.012848216367333165,0.009336456314014495
2024-11-08,-0.0009233557947747974,0.001778544012287912
2024-11-11,-0.007255826393151486,-0.0037084376107767445
2024-11-12,-0.009136735789897564,-0.005822426224607248
2024-11-13,-0.003311039752902241,-0.0007112935970284694
2024-11-14,-0.002725435875924864,-0.00094873534257787
2024-11-15,-0.004746588726258768,-0.00163035639561994
2024-11-18,0.008566453257595336,0.004150458110336756
2024-11-19,0.0039933956173537205,0.0024042489349906655
2024-11-20,-0.0005065384740691257,-0.001185838550782815
2024-11-21,0.00298067691543071,0.0008164547973801518
2024-11-22,0.0031567394581434737,0.0009607583351982081
2024-11-25,0.0026393069488422367,0.007808000105230031
2024-11-26,0.0003026590145627266,-0.0010518778430503228
2024-11-27,0.0010631903837510642,0.0023950583474902118
2024-11-29,0.0047566834180784575,0.004193359432901946
2024-12-02,-0.0012083763936863066,-0.00043230178384248913
2024-12-03,-0.0002271052206314515,-0.0013022677416032775
2024-12-04,0.003927411119744538,0.003351218207070501
2024-12-05,-0.0008134238345684083,-0.0003945448261845686
2024-12-06,0.0008062339304147666,0.0021314717324350326
2024-12-09,0.001479318861004153,-0.0026313603086223257
2024-12-10,-0.003109055948127725,-0.001624992179338934
2024-12-11,0.003495340237377406,0.0013985748508033638
2024-12-12,-0.006559769999716063,-0.004108635274415297
2024-12-13,-0.0032204210657963373,-0.0031286438284918046
2024-12-16,0.0011683168507024035,0.00022820373622675107
2024-12-17,-0.0026034154869199098,-0.001867106939201598
2024-12-18,-0.020774054889967298,-0.012354538998704496
2024-12-19,-0.004431038083520892,-0.0030027402880995245
2024-12-20,0.007803811265533731,0.00574627853131035
2024-12-23,0.000320621801087849,-0.0015575580850922
2024-12-24,0.005419870088333868,0.0034610279210298186
2024-12-26,0.00039570007861408467,5.9168518856015024e-05
2024-12-27,-0.0059820301267211,-0.0030577864571489314
2024-12-30,-0.001218342620436447,0.002899718368331305
2024-12-31,-0.0005239922310173795,-0.0010918221599735517
2025-01-02,0.0016081006162865516,0.0014163335469634297
2025-01-03,0.002971004762193345,0.0005928638928678106
2025-01-06,6.329935187637586e-05,0.0008096188852949467
2025-01-07,-0.0059112116863798345,-0.004439789549601955
2025-01-08,0.0008497499416892998,0.0011120195933829794
2025-01-10,-0.00540130024794451,-0.0034175578412509013
2025-01-13,-0.0005319252217755479,0.0003677147793946585
2025-01-14,0.0025302869102713523,0.0004729845445658996
2025-01-15,0.013608172060348147,0.011626425968031949
2025-01-16,0.002265733565501512,0.001228927592212326
2025-01-17,0.0028296780416716947,0.0009312438903304151
2025-01-21,0.00803134829053476,0.0029162297936416483
2025-01-22,-0.0006437899447481649,-0.0018326954164914577
2025-01-23,-7.978125779965783e-05,-0.0022290139917652226
2025-01-24,0.001923671556579696,0.0018338305483969186
2025-01-27,-0.005149443494819968,0.0019903306863992545
2025-01-28,0.0027816604586949115,0.0009169959462825902
2025-01-29,-0.0028201129484743243,-0.0008847722444024363
2025-01-30,0.007013033754275281,0.0027494491744466647
2025-01-31,-0.003494794715024459,-0.0021349325239588394
2025-02-03,0.00012303770771516652,0.0008290096829354915
2025-02-04,0.006332160853946449,0.0034007443060062722
2025-02-05,0.005506569652878407,0.004064287260920328
2025-02-06,0.0009559403220967954,-0.0005662418051443225
2025-02-07,-0.004085506289172145,-0.003086031190318457
2025-02-10,0.006491664973973996,0.002257354983575716
2025-02-11,-0.00102177131039175,-0.0014343163045418585
2025-02-12,-0.004726413334538689,-0.0066208125118480485
2025-02-13,0.009641304320344204,0.00731807917461189
2025-02-14,0.0006854034946847327,0.003354215768520323
2025-02-18,0.0027744193444411347,-0.002050352247199301
2025-02-19,0.0015638947624155666,0.002514002257670402
2025-02-20,0.0017715176331214659,0.0014328526338593796
2025-02-21,-0.004512766048134241,0.0013619665409307744
2025-02-24,-0.0018324925303794116,0.0008492928895063494
2025-02-25,0.0006287307884835474,0.004363770276956296
2025-02-26,0.0014104719163388019,0.0011153026888668842
2025-02-27,-0.00915573665560712,-0.0020123710941739184
2025-02-28,0.003622224786039759,0.0045891276932437264
2025-03-03,-0.0022526045337206016,0.0006896400672677886
2025-03-04,-0.0027789673822452843,-0.003021295185557275
2025-03-05,0.0046127590900118835,-0.003957401302704574
2025-03-06,-0.009877225871818352,-0.0024451580276957548
2025-03-07,0.0027588472704983633,0.0005241067131913171
2025-03-10,-0.009272985149349024,0.0026870523246523993
2025-03-11,-0.001500668503338198,-0.0027852807574254364
2025-03-12,0.0009133975054112099,-0.0019626474618838416
2025-03-13,-0.0019197270695203714,0.0017395346009864737
2025-03-14,0.007848146644622089,-0.0005538236405137923
2025-03-17,0.007294844244329241,0.0019556800015361232
2025-03-18,-0.0023965559101989573,0.00030450499336578826
2025-03-19,0.0057391029913085746,0.003990982751912668
2025-03-20,-0.0015921361033401499,0.0012784254227591982
2025-03-21,-0.003859650455723029,-0.0016995188918387779
2025-03-24,0.0037611003549565154,-0.003544367231864253
2025-03-25,0.0003273578431432408,0.0016635012175108585
2025-03-26,-0.005199512709096624,-0.0025342165395406953
2025-03-27,0.0006811438000920603,-0.00031253064773312315
2025-03-28,-0.0032969237431240807,0.005318331151106603
2025-03-31,0.006518454435298632,0.004813211562236052
2025-04-01,0.003128072618969625,0.0030375045201671146
2025-04-02,0.0032191504343583644,0.0006744816332905088
2025-04-03,-0.020043342231792646,-0.0005511820215385009
2025-04-04,-0.02779616946501585,-0.005281617972659173
2025-04-07,-0.018350982572026744,-0.012781253573749237
2025-04-08,-0.01375253317050754,-0.008577037722812767
2025-04-09,0.04579465234735633,0.006383767791900023
2025-04-10,-0.017448175208584354,-0.008532856787091793
2025-04-11,0.012063400302339622,-0.001495745858707721
2025-04-14,0.006538960392093435,0.006589167242259671
2025-04-15,0.0015883272271790291,0.0024134584412363047
2025-04-16,0.00013639598770569684,0.0047723982725273685
2025-04-17,0.0016191193358648516,-0.0018956852257803504
2025-04-21,-0.008289663946566335,-0.005676901215863634
2025-04-22,0.008587782166721911,0.0011211984346113082
2025-04-23,0.003243819853188913,0.00052773472318957
2025-04-24,0.01245143780052604,0.005749098928193715
2025-04-25,0.0023024776451885222,0.0036536929590832243
2025-04-28,0.0033350430157691284,0.0032895032078489317
2025-04-29,0.0012575779819305967,0.0023234677081220853
2025-04-30,-0.0035720015591469427,0.00015463558081611848
2025-05-01,-0.0009791424684060723,-0.0036568173264446245
2025-05-02,0.005910387059953864,-0.005864073666880388
2025-05-05,0.0011121034471216218,-0.002089154599516598
2025-05-06,0.0026733546620529374,0.00335459911994877
2025-05-07,-0.0024621501179946164,0.0015887537254076563
2025-05-08,-0.0023267101481194105,-0.006274501801435134
2025-05-09,0.003135770518424434,0.0012219957330649573
2025-05-12,0.0064003113538065775,-0.0052442731635286765
2025-05-13,0.00302476717407888,0.0004892802673715599
2025-05-14,-0.0040218676909045915,-0.003792263853383727
2025-05-15,0.005727266802583757,0.004184149212655472
2025-05-16,0.0010798933011063538,-0.00020152526309637127
2025-05-19,0.0013999123759668962,-0.0005398848729566587
2025-05-20,0.000894335626013382,0.00041928119279527635
2025-05-21,-0.009625792907587749,-0.0061138202101294415
2025-05-22,-0.0006086125702430996,0.0024109903984908545
2025-05-23,0.002765872981559503,0.0032422187380649337
2025-05-27,0.006129826769338697,0.0023734360544855103
2025-05-28,-0.0034020590533990563,-0.0028930818225674304
2025-05-29,0.004151755075219193,0.0030040641930666975
2025-05-30,-0.002333635631330452,0.001159535624716187
2025-06-02,0.0059711813388035285,-9.722073047233786e-05
2025-06-03,0.0008490518154327567,8.959388892477614e-05
2025-06-04,0.005774933531321558,0.006169643316627319
2025-06-05,-0.001523529951465887,-0.0017605755598904564
2025-06-06,-0.0009098192663213122,-0.0055930068758744435
2025-06-09,0.0026432975814305467,0.0019488184737359718
2025-06-10,0.003628231011732208,0.0013688002111669046
2025-06-11,0.0029041999432641193,0.005617599422961305
2025-06-12,0.005333350470966907,0.0037100514665374612
2025-06-13,-0.002331628671078562,0.00011866399728849156
2025-06-16,0.00018161097173354274,-0.0015776526411365596
2025-06-17,0.001115986892496364,0.005342832896882875
2025-06-18,0.0003559223836637067,0.0007679801479108448
2025-06-20,-0.0008414740205575201,0.000723442963252538
2025-06-23,0.0015980536865711908,-3.7123996678457664e-05
2025-06-24,0.0031229254948433043,0.001736493238950594
2025-06-25,-0.001862259377526885,0.000419875939760711
2025-06-26,0.004193155264740582,0.0040331188011902015
2025-06-27,-0.0030770022391067545,-0.002360631997423923
2025-06-30,0.005830471281778884,0.003853422779690628
2025-07-01,0.001804792434783026,-0.0016953272898880543
2025-07-02,0.0033589437191871366,0.00035748954720703696
2025-07-03,0.00022920530966200907,-0.0021178197638880045
2025-07-07,-0.006247389142998481,-0.003302891281336329
2025-07-08,-0.0009184003971043683,-0.0008748429519979398
2025-07-09,0.004070476474773286,0.004676184195466902
2025-07-10,0.0010264941373668804,-0.0008504583433510281
2025-07-11,-0.00130538352688491,-0.002765164905264135
2025-07-14,-0.00025078761299654766,-0.0008717064344999029
2025-07-15,-0.003432098817340424,-0.0033263282142373713
2025-07-16,0.003342292106094939,0.0024894510121047726
2025-07-17,0.002798603930400819,0.0016137864673218408
2025-07-18,0.0010135217727186294,0.002181401344445017
2025-07-21,0.00524898997918745,0.002793712767358746
2025-07-22,0.0035172308610947178,0.001536352652845453
2025-07-23,-0.00030742275030956547,-0.0022423469098269587
2025-07-24,-0.0018407329782981969,-0.0008199255697201626
2025-07-25,-0.0004685890023595845,0.0008203776103020094
2025-07-28,-0.0029138615364885817,-0.00012986232138968343
2025-07-29,0.006524776593701042,0.006296193580878604
2025-07-30,-0.005895496708096671,-0.00284246339628827
2025-07-31,-0.0030665561379162676,-0.0010358953941529809
2025-08-01,-0.0003827628115522113,0.00425961200232969
2025-08-04,0.006600810232157189,0.0026520114847586166
2025-08-05,-0.0009842053883878002,-0.00237613950146407
2025-08-06,0.0005174975967930282,0.0004599413035856434
2025-08-07,0.0023702883936187265,4.514241697179658e-05
2025-08-08,-0.00030391244628235757,-0.0006445920143750869
2025-08-11,-0.0026519134234049492,8.587198438279677e-05
2025-08-12,0.003296021328698317,0.0008092119897972598
2025-08-13,0.004873739025840206,0.0027215698695857533
2025-08-14,-0.004054270130733428,-0.001970676398419033
2025-08-15,-0.0015313219572994502,-0.002415273804971509
2025-08-18,-0.0010509857378307667,-0.0006067558513454237
2025-08-19,-0.0014633028995980376,-0.00030288670186128853
2025-08-20,0.002156972209134274,0.002470322220839358
2025-08-21,-0.0025238153495097944,-0.0016264801698396892
2025-08-22,0.011510492827402642,0.0060258163481104205
2025-08-25,-0.0025679082549169945,-0.0009234867768211446
2025-08-26,0.0005674386502491097,0.0010462619604620406
2025-08-27,0.0008865973451771525,0.00169782685786476
2025-08-28,0.003925638456368631,0.0032288033367711064
2025-08-29,-0.0017996835849186617,-0.0012506088547974627
2025-09-02,-0.0004242786300521421,-0.0002621813802058796
2025-09-03,0.004049188686194334,0.001739256988057157
2025-09-04,0.0030483806954640265,0.002915041194690688
2025-09-05,0.006030965438159263,0.0025430733395900547
2025-09-08,0.005543975871808347,0.003817615416602302
2025-09-09,-0.0002302159547801538,-0.001186584970461565
2025-09-10,0.003414548443819842,0.003167082472274995
2025-09-11,0.005369272016882868,0.00037868490366910115
2025-09-12,-0.00028078509492851023,-0.0009599261539423932
2025-09-15,0.005136769623565579,0.0033227851892889473
2025-09-16,0.0015721859547105472,0.0017044730875137107
2025-09-17,-0.002848904170152158,-0.0032504951263316413
2025-09-18,-0.00136349235543075,-0.002394357541137376
2025-09-19,0.000262007787797718,-0.0007845569741321029
2025-09-22,0.0028234288100057667,-0.0007249506035523746
2025-09-23,0.00229919730666587,0.002898754324330539
2025-09-24,-0.0036082111937539322,-0.0015056655379307542
2025-09-25,-0.0010656528301781522,-0.001149586427609104
2025-09-26,0.002573255636772604,0.00011898225018793873
2025-09-29,0.004420765169425059,0.0014900827014672866
2025-09-30,0.0016110617389675948,-0.0005487920361936039
2025-10-01,0.0030128945761896562,0.002773799771933133
2025-10-02,-7.866564951501632e-06,0.0002134596388361392
2025-10-03,0.0009744196897855685,-0.001373912196157083
2025-10-06,0.002518119366205407,-0.00024193891267678585
2025-10-07,3.947586067788527e-05,0.0019702583108825588
2025-10-08,0.004320405995900715,0.0012953800802603674
2025-10-09,-0.0058273072237775385,-0.0019790419563366435
2025-10-10,-0.010242691490169426,-0.0013133265595242738
2025-10-13,0.012381029732784456,0.003938421286186984
2025-10-14,-7.885270848169423e-05,2.0431136813291607e-05
2025-10-15,0.006446697376946444,-0.00035679626885167117
2025-10-16,0.0034349409458093384,0.0035782082478989343
2025-10-17,-0.0009684376968991937,-0.001248342137751012
2025-10-20,0.01127590631636354,0.0027470063634565294
2025-10-21,-0.009574009752838727,0.00036385944334815573
2025-10-22,0.0007798063289497952,0.0016146158589869007
2025-10-23,0.003486319728448298,-0.0004956114419694454
2025-10-24,0.0030538141195824496,0.0012374827242509182
2025-10-27,0.0018766676128153456,0.00042546189236091896
2025-10-28,-0.0024495979926660695,-3.0018014030835233e-06
2025-10-29,-0.0038689804622012857,-0.004655862014408197
2025-10-30,-0.002812327378508942,-0.0017719690276454887
2025-10-31,0.0003589183860677302,0.0013666769095216657
2025-11-03,0.0016983773522607406,0.0006669780478995778
2025-11-04,-0.007566940157827753,-0.0005824926942154855
2025-11-05,0.0009418598274480286,-0.004123276885224746
2025-11-06,-0.0023108262844022984,0.00371985431890827
2025-11-07,0.0015807857139824861,0.0004876057265300797
2025-11-10,0.010087877397547072,0.0010024330199484848
2025-11-11,0.003769342015098935,0.003286510058424085
2025-11-12,-0.0001824197618345764,-0.0011971894630444344
2025-11-13,-0.009899354965066328,-0.004087463365130008
2025-11-14,-0.0026246967534008896,-0.0011016307828185133
2025-11-17,-0.004986637623569045,0.00018968518000067765
2025-11-18,-0.0002895592611437452,0.00180682525414823
2025-11-19,-0.0014566356954316398,-0.0015598043063956403
2025-11-20,-0.006216697928926709,-0.00016454946471531934
2025-11-21,0.003750220404603315,0.0024845987385247762
2025-11-24,0.009217335182239935,0.0027834851591020736
2025-11-25,0.0032953333522546075,0.0020291728517350125
2025-11-26,0.005993564599765792,0.0023424763479345636
2025-11-28,0.003885902285542868,0.00043434303977977974
2025-12-01,-0.003972241631144315,-0.004356563562732329
2025-12-02,-0.0003315438653697331,0.0003169756147602831
2025-12-03,0.0022398477688799602,0.0024521777625850522
2025-12-04,-0.0011082894274136845,-0.002199093062943559
2025-12-05,0.0009190188650874507,-0.0008144506756721491
2025-12-08,-0.004152054519418044,-0.003354583574315125
2025-12-09,-0.0004023863996911329,-0.0014906649260275251
2025-12-10,0.005244092177228945,0.0037851344796430092
2025-12-11,0.0006999100797184389,5.476344930707804e-05
2025-12-12,-0.006929800725019581,-0.0039253594060973335
2025-12-15,-0.0008353854653830781,-0.0001238505159942379
2025-12-16,-0.0014493654379354915,0.0008893854714401438
2025-12-17,-0.0014268357567973234,0.0005779198887327937
2025-12-18,0.003229210828702205,0.001771059622239491
2025-12-19,0.0029004455502948936,-0.00026507004246936283
2025-12-22,0.006008718532861591,0.001413791309259813
2025-12-23,0.0045739355661077695,0.00153377542348608
2025-12-24,0.0024806844173760573,0.002180878409695747
2025-12-26,0.002294712631857071,0.001268553943130554
2025-12-29,-0.006408512714773423,-0.0007918900673759176
2025-12-30,0.0005896451555399578,-6.972301406007585e-05
2025-12-31,-0.0067964395538821325,-0.004786819361143454
2026-01-02,0.0034855353090711867,-0.0003903078399730371
2026-01-05,0.009371832280345174,0.005537009438490963
2026-01-06,0.004029067779936776,-7.699498353305195e-05
2026-01-07,-0.0033294890845105055,5.971294974275077e-05
2026-01-08,0.0012323418935638762,-0.0008045373807356801
2026-01-09,0.004713367223443523,0.0015929569291641007
2026-01-12,0.004982995709983995,0.0009511356896191631
2026-01-13,0.0006877408644348521,0.0018664302904033321
2026-01-14,0.0022020161835851395,0.0014546920967386267
2026-01-15,-6.571138764892036e-05,-0.0023008543088959194
2026-01-16,-0.0014476841409995008,-0.0034886914484368813
2026-01-20,-0.004317426840531674,-0.0036265032672016216
2026-01-21,0.009710100465307472,0.0039009007475779615
2026-01-22,0.0039006594257870314,0.0002332388311683499
2026-01-23,0.00560082109731191,0.0029724203809721175
2026-01-26,0.004129596316568864,0.0019259416715973973
2026-01-27,0.0071021850016721386,0.0004474998660609224
2026-01-28,0.005845466330325315,0.00039989534727859926
2026-01-29,0.002245820672402514,0.0019054918009403859
2026-01-30,-0.021922217664581144,-0.003751069639914232
2026-02-02,-0.009151064483905113,-0.004315693093616322
2026-02-03,0.008438930672510142,0.0022165204800690045
2026-02-04,-0.002650869530838401,-0.0005336295610999038
2026-02-05,-0.006332885184483581,0.002778409809696702
2026-02-06,0.013691517229045852,0.002037495382304434
2026-02-09,0.0067525875580605015,0.001320056443072692
2026-02-10,0.0011159460444858569,0.0031841562157894883
2026-02-11,0.0028232954964700144,-0.0016085222346119315
2026-02-12,-0.009358168221315319,0.002323774373204885
2026-02-13,0.007094408468312193,0.0037032889649497975
2026-02-17,-0.003987539732689657,-0.0008838023095010947
2026-02-18,0.0052474089745480935,-0.0001201590146508232
2026-02-19,0.00048530964434551223,0.0011971639697148165
2026-02-20,0.007427291390363729,0.0007986199352355693
2026-02-23,0.0011003169030169586,0.003097957424774271
2026-02-24,0.0022666202396027847,0.00019640323016578858
2026-02-25,0.0030884462823429115,-9.195905500370135e-05
2026-02-26,-0.00036477642906300656,0.0019418587834816312
2026-02-27,0.0032963305816855045,0.0042556551414459935
2026-03-02,0.0011943127728699411,-0.0037873362747331525
2026-03-03,-0.013020080564608261,-0.0013552903636135528
2026-03-04,0.005066563670414597,-0.000727853600960972
2026-03-05,-0.005275012251838565,-0.0020985611010082444
2026-03-06,0.000868882471211696,0.0011514865876665185
2026-03-09,0.004554518151340807,0.0024826723014419274
2026-03-10,0.0011663144950917227,-0.0017974035660007425
2026-03-11,-0.0017389047798893127,-0.002853867689405133
2026-03-12,-0.007388291808552538,-0.0019414688150166056
2026-03-13,-0.004547983441775812,-0.0015121065438601824
2026-03-16,0.00579134748001934,0.0035859486775243186
2026-03-17,0.004887911580841861,0.0028271156820925576
2026-03-18,-0.010063655164897475,-0.003853175596481249
2026-03-19,-0.005907797011759227,-0.001050999820904218
2026-03-20,-0.017982973897921615,-0.008767810332274193
2026-03-23,0.0010543373888964504,0.0011367746863692745
2026-03-24,-0.002426548899998335,-0.002428315873999121
2026-03-25,0.007854224359946536,0.004919322552430234
2026-03-26,-0.01395077824313429,-0.007897244315906184
2026-03-27,2.8453243270158256e-05,0.0004235629049940445
2026-03-30,0.0021742053527859075,0.006312233899635623
2026-03-31,0.015613924825159813,0.002567725542137531
2026-04-01,0.003987193143888398,-0.0007091551260234382
2026-04-02,0.0024821995565053718,0.0033572532680413375
2026-04-06,0.0017483129134267727,-0.0017868463456631413
2026-04-07,0.001583980808809895,0.0020654903158071206
2026-04-08,0.012111699076197857,0.0018840249513853678
2026-04-09,0.0029250139220627996,0.0003320462958667262
2026-04-10,-0.0009679696341201741,-0.0018248031169275304
2026-04-13,0.005957224446106113,0.0033536916370933935
2026-04-14,0.009680519572245565,0.0035938859975323642
2026-04-15,0.0007288071677319611,-0.0011587193680052251
2026-04-16,0.0015727558238923414,-0.0009325744662015282
2026-04-17,0.006893229804253499,0.002135529483872259
2026-04-20,-0.0005388409884385797,0.00046581324633550975
2026-04-21,-0.007174264953074,-0.0019485424249228779
2026-04-22,0.007088184965046006,0.002728416245752832
2026-04-23,-0.00196710629991683,-0.0001801297183759681
2026-04-24,0.0059830606435275525,0.0023449189678194675
2026-04-27,-0.0015820939571108356,-0.0010365520067700015
2026-04-28,-0.002677768673201736,-0.0003044913629973308
2026-04-29,-0.0009693982947750943,-0.0010242896248359216
2026-04-30,0.007778375722463836,0.0021525009991640916
2026-05-01,0.0006982295607572304,-4.9309938461364377e-05
2026-05-04,-0.0030206461567519943,-0.001301649054941152
2026-05-05,0.006395020989874835,0.001352440347260466
2026-05-06,0.0100228986471162,0.0014841102932153173
2026-05-07,-0.0037601669789516807,-0.002500647078106132
2026-05-08,0.008069924416746995,0.003383649527219821
2026-05-11,0.002386587574465581,0.00012350125544051058
2026-05-12,-0.004005550146908517,-0.0008424154800442899
2026-05-13,0.0012224809707556993,-0.0006843694556970116
2026-05-14,-0.0002847428353682295,-0.000927171718643806
2026-05-15,-0.01389652859486043,-0.0072410358826853205
2026-05-18,0.0011123341182452495,0.00010611969425270009
2026-05-19,-0.0049400046659661915,-0.002996546545091528
2026-05-20,0.007926569924398927,0.004164358277200903
2026-05-21,0.0014930166486597264,0.00013584697757381477
2026-05-22,0.00026049943699729694,0.0005147525966588824
2026-05-26,0.0068371694752825,0.0025085431262690796
2026-05-27,-0.003433349894112036,-0.0012763891790263683
2026-05-28,0.004623783937263459,0.003047867546389817
2026-05-29,0.00021747668970577803,0.00043848747611804743
2026-06-01,0.0016704199044675016,0.0002752364721793951
2026-06-02,0.003250307947614539,0.0011104986965608022
2026-06-03,-0.004074319378140174,-0.0021369395471872374
2026-06-04,0.0005173780464130982,0.00011560094259147578
2026-06-05,-0.022649259092719295,-0.008281778648201066
2026-06-08,0.002588890795474088,-1.010922511096731e-05
2026-06-09,-0.0007303737912683727,0.0009138497611095586
2026-06-10,-0.010342041709475705,-0.0016357022317094714
2026-06-11,0.015267888507351076,0.0060708892055202366
2026-06-12,0.0012411709361736206,-0.0019420930467684222
2026-06-15,0.009561690940968618,0.0011708324619385394
2026-06-16,-0.004078188396955838,0.000745583514677663
2026-06-17,-0.009390303686106416,-0.005632056469233696
2026-06-18,0.007687579571847823,0.0029786337670583245
2026-06-22,-0.0020797441667148903,-0.004275120099510366
2026-06-23,-0.012638440279596245,-0.00030743456684160597
2026-06-24,-0.0035034832570382895,0.002888041167949171
2026-06-25,0.005481714739243236,0.002550193057043142
2026-06-26,-0.0017824040655274576,0.000627649553686598
2026-06-29,0.0030504313109066088,0.00048400096306371195
2026-06-30,-8.577672263319897e-05,-0.003986053314533447
2026-07-01,-0.005908853335207944,-0.00301004818960749
2026-07-02,0.001078040099231643,0.001312502669208775
2026-07-06,0.007448587816908851,0.0024642831040931268
2026-07-07,-0.006493959476954213,-0.003087558819149027
2026-07-08,-0.0007362113429158746,3.929650177093586e-05
2026-07-09,0.004437817514494026,0.001084941622084486
2026-07-10,0.0002665184875609201,-0.0009231585830802172
2026-07-13,-0.006960504739625818,5.560938666776972e-05
2026-07-14,0.006526312336033973,0.0037098130566338783
2026-07-15,0.001965904011022079,0.0028499187425394274
2026-07-16,-0.005613011848799609,-0.0019899284178749688
2026-07-17,-0.0002952585159417386,0.0030903474047042244
2026-07-20,-0.001521650954326317,-0.002301867014844854
2026-07-21,0.009092793955573704,-0.00012073251097416936
2026-07-22,9.602866324181906e-05,-0.0009895263170071403
2026-07-23,-0.006408457292410282,-0.0015016348092561176
2026-07-24,-0.0012691790671327248,0.0009801260276827472
2026-07-27,-0.0023846706107679963,-0.0013904285255318116
2026-07-28,-0.004224055579712791,0.001295093436657498
2026-07-29,-0.005422171665861392,-0.0017014271489846368
2026-07-30,0.0096474480749752,0.001032843276880733
2026-07-31,-0.0005365302287757343,-0.001468611732281387
